BRAND,NAME,ORI,CN CODE,QTY,AED,USD
FATIMA,OUD,ACQUA DI PARMA / OUD,,1,475.00,130.00
FATIMA,COLONIA IL PROFUMO,ACQUA DI PARMA / COLONIA IL PROFUMO,,1,500.00,137.00
FATIMA,LEATHER,ACQUA DI PARMA / LEATHER,S-8942,1,800.00,218.00
FATIMA,BUONGIORNO AL BACIO,ACQUA DI PARMA / BUONGIORNO AL BACIO,PB901,1,1200.00,327.00
FATIMA,OUD & SPICE,ACQUA DI PARMA / OUD & SPICE,,1,800.00,218.00
FATIMA,BUONGIORNO,ACQUA DI PARMA / BUONGIORNO,S400122,1,700.00,191.00
FATIMA,HERSH LAHAB TOP,ALEZZ OUD / HERSH LAHAB TOP,S400545,1,1100.00,301.00
FATIMA,FURUSIYYA-PINK INCENSE,ABDUL SAMAD AL QURASHI / FURUSIYYA-PINK INCENSE,,1,475.00,130.00
FATIMA,KHASHAB AL OUD (TOP),ABDUL SAMAD AL QURASHI / KHASHAB AL OUD (TOP),,1,585.00,160.00
FATIMA,RUH AL OUD,ABDUL SAMAD AL QURASHI / RUH AL OUD,,1,1300.00,355.00
FATIMA,SAFARI EXTREME,ABDUL SAMAD AL QURASHI / SAFARI EXTREME,,1,475.00,130.00
FATIMA,CHARME D' ORIENT,ABDUL SAMAD AL QURASHI / CHARME D' ORIENT,,1,530.00,145.00
FATIMA,ANGEL SCHLESSER HOMME ORIENTAL EDITION,A SCHLESSER / ANGEL SCHLESSER HOMME ORIENTAL EDITION,,1,775.00,212.00
FATIMA,FIRST INSTINCT BLUE,ABERCROMBIE & FITCH / FIRST INSTINCT BLUE,,1,475.00,130.00
FATIMA,FIRST INSTINCT FOR HER,ABERCROMBIE & FITCH / FIRST INSTINCT FOR HER,,1,475.00,130.00
FATIMA,FIERCE,ABERCROMBIE & FITCH / FIERCE,,1,550.00,150.00
FATIMA,HIBISCUS PALM,AERIN / HIBISCUS PALM,,1,550.00,150.00
FATIMA,CRUSH,AKRO / CRUSH,S400116,1,630.00,172.00
FATIMA,GREEN TATERA,AF / GREEN TATERA,,1,420.00,115.00
FATIMA,MUSK TATERA,AF / MUSK TATERA,,1,420.00,115.00
FATIMA,FLOWER OXY,AF / FLOWER OXY,,1,475.00,130.00
FATIMA,CITRON OXY,AF / CITRON OXY,,1,475.00,130.00
FATIMA,TRIUMPH OF BACCHUS,ARGOS / TRIUMPH OF BACCHUS,S400435,1,800.00,218.00
FATIMA,BIRTH OF VENUS TOP,ARGOS / BIRTH OF VENUS TOP,IP44,1,1500.00,409.00
FATIMA,AFNAN 9 PM NIGHT OUT,AFNAN / AFNAN 9 PM NIGHT OUT,,1,1200.00,327.00
FATIMA,9PM REBEL,AFNAN / 9PM REBEL,S400196,1,660.00,180.00
FATIMA,9AM,AFNAN / 9AM,S400208,1,500.00,137.00
FATIMA,SUPERMACY SILVER,AFNAN / SUPERMACY SILVER,PB5967,1,650.00,177.00
FATIMA,9:00 PM,AFNAN / 9:00 PM,,1,475.00,130.00
FATIMA,ALIF LAYLA O LAYLA,AJMAL / ALIF LAYLA O LAYLA,,1,860.00,235.00
FATIMA,SONG OF OUD,AJMAL / SONG OF OUD,PB984,1,1050.00,286.00
FATIMA,AMBER AL OUD,AJMAL / AMBER AL OUD,,1,1520.00,415.00
FATIMA,AMBER MUSK,AJMAL / AMBER MUSK,,1,475.00,130.00
FATIMA,AMBER POIVRE,AJMAL / AMBER POIVRE,,1,475.00,130.00
FATIMA,AMBER SANTAL,AJMAL / AMBER SANTAL,,1,475.00,130.00
FATIMA,AMBER SUPREME,AJMAL / AMBER SUPREME,,1,590.00,161.00
FATIMA,AMBER WOOD TOP,AJMAL / AMBER WOOD TOP,S400364,1,1300.00,355.00
FATIMA,ARISTOCRAT,AJMAL / ARISTOCRAT,,1,530.00,145.00
FATIMA,AURUM,AJMAL / AURUM,,1,1300.00,355.00
FATIMA,CUIR MUSK,AJMAL / CUIR MUSK,,1,475.00,130.00
FATIMA,INCENCE WOOD (TOP),AJMAL / INCENCE WOOD (TOP),,1,1410.00,385.00
FATIMA,INCENSE WOOD (MEDIUM),AJMAL / INCENSE WOOD (MEDIUM),,1,530.00,145.00
FATIMA,MIZYAAN,AJMAL / MIZYAAN,,1,530.00,145.00
FATIMA,MUKHALLAT SHAMS,AJMAL / MUKHALLAT SHAMS,,1,475.00,130.00
FATIMA,MUSK SUPREME,AJMAL / MUSK SUPREME,,1,590.00,161.00
FATIMA,QAFIYA,AJMAL / QAFIYA,,1,510.00,139.00
FATIMA,SILK MUSK (TOP),AJMAL / SILK MUSK (TOP),MI4017,1,900.00,246.00
FATIMA,TANAASUQ (MEDIUM),AJMAL / TANAASUQ (MEDIUM),,1,475.00,130.00
FATIMA,MUSK REJALI TOP,AJMAL / MUSK REJALI TOP,,1,870.00,238.00
FATIMA,VIOLETTE MUSK,AJMAL / VIOLETTE MUSK,,1,475.00,130.00
FATIMA,WISAL (TOP),AJMAL / WISAL (TOP),,1,510.00,139.00
FATIMA,YOUNIQUE,AJMAL / YOUNIQUE,,1,475.00,130.00
FATIMA,AMBRE PIMENTE,AJMAL / AMBRE PIMENTE,,1,860.00,235.00
FATIMA,BLACK ROSE,AJMAL / BLACK ROSE,,1,640.00,175.00
FATIMA,MUSK SILK SUPREME,AJMAL / MUSK SILK SUPREME,,1,650.00,178.00
FATIMA,QIBLATUL WAFA,AJMAL / QIBLATUL WAFA,,1,2200.00,601.00
FATIMA,AL AMEERI,AL AMEERI / AL AMEERI,,1,970.00,265.00
FATIMA,MAGIC TOP,AL JAZEERA PERFUMES / MAGIC TOP,,1,900.00,246.00
FATIMA,DAMASCUS,AL JAZEERA PERFUMES / DAMASCUS,,1,540.00,148.00
FATIMA,BIN SHEIKH,AHMED AL MAGHRIBI / BIN SHEIKH,PB534,1,900.00,245.00
FATIMA,OUD & ROSES TOP,AHMED AL MAGHRIBI / OUD & ROSES TOP,PB0825,1,900.00,245.00
FATIMA,KAAF,AHMED AL MAGHRIBI / KAAF,S400217,1,500.00,137.00
FATIMA,O' CLOCK,AHMED AL MAGHRIBI / O' CLOCK,,1,750.00,205.00
FATIMA,SUMMER OUD,AHMED AL MAGHRIBI / SUMMER OUD,S40004,1,500.00,137.00
FATIMA,OYUNY,AHMED AL MAGHRIBI / OYUNY,S40002,1,350.00,96.00
FATIMA,ROSE NOIR,AHMED AL MAGHRIBI / ROSE NOIR,S40006,1,600.00,164.00
FATIMA,OUD & ROSES,AHMED AL MAGHRIBI / OUD & ROSES,,1,520.00,142.00
FATIMA,MARJ TOP,AHMED AL MAGHRIBI / MARJ TOP,S40003,1,850.00,232.00
FATIMA,OUD LAVENDER,AHMED AL MAGHRIBI / OUD LAVENDER,PB038,1,900.00,246.00
FATIMA,BIDUN ESAM,AHMED AL MAGHRIBI / BIDUN ESAM,PB580,1,900.00,246.00
FATIMA,TIFF TIFF,AHMED AL MAGHRIBI / TIFF TIFF,,1,540.00,148.00
FATIMA,PRESTIGE RUBY,AL MAJED FOR OUD / PRESTIGE RUBY,,1,1250.00,342.00
FATIMA,AL MAMLAKA AL KHAS,AL MAJED FOR OUD / AL MAMLAKA AL KHAS,,1,840.00,230.00
FATIMA,ELBRINCE,AL MAJED OUD / ELBRINCE,PB056,1,1200.00,327.00
FATIMA,CHARISMA,ATYAB AL SHEIKH / CHARISMA,PB068,1,750.00,204.00
FATIMA,4 WHITE,ATYAB AL MARSHOUD / 4 WHITE,PB085,1,1500.00,409.00
FATIMA,CHOCO MUSK,AL REHAB / CHOCO MUSK,,1,420.00,115.00
FATIMA,ASEEL,AL REHAB / ASEEL,,1,475.00,130.00
FATIMA,LORD BY AL REHAB,AL REHAB / LORD BY AL REHAB,,1,475.00,130.00
FATIMA,SABAYA,AL REHAB / SABAYA,,1,475.00,130.00
FATIMA,SOFT,AL REHAB / SOFT,,1,475.00,130.00
FATIMA,SULTAN AL REHAB,AL REHAB / SULTAN AL REHAB,,1,475.00,130.00
FATIMA,MANDARINE SULTANE ( TOP ),ALEXANDRE . J / MANDARINE SULTANE ( TOP ),,1,700.00,191.00
FATIMA,MORNING MUSCS,ALEXANDRE . J / MORNING MUSCS,,1,530.00,145.00
FATIMA,THE COLLECTOR BLACK MUSCS,ALEXANDRE . J / THE COLLECTOR BLACK MUSCS,,1,475.00,130.00
FATIMA,THE COLLECTOR ZAFEER OUD VANILLE,ALEXANDRE . J / THE COLLECTOR ZAFEER OUD VANILLE,,1,475.00,130.00
FATIMA,ROSE OUD,ALEXANDRE. J / ROSE OUD,,1,475.00,130.00
FATIMA,"AMOUAGE, EPIC MAN","AMOUAGE / AMOUAGE, EPIC MAN",,1,530.00,145.00
FATIMA,REMAIN TOP,AMOUAGE / REMAIN TOP,IP-804,1,1400.00,382.00
FATIMA,"AMOUAGE, LYRIC MAN","AMOUAGE / AMOUAGE, LYRIC MAN",,1,530.00,145.00
FATIMA,LOVE HIBISCUS TOP,AMOUAGE / LOVE HIBISCUS TOP,S400490,1,950.00,260.00
FATIMA,"AMOUAGE, OPUS V","AMOUAGE / AMOUAGE, OPUS V",,1,530.00,145.00
FATIMA,"AMOUAGE,JOURNEY WOMAN","AMOUAGE / AMOUAGE,JOURNEY WOMAN",,1,530.00,145.00
FATIMA,BLOSSOM LOVE WOMAN,AMOUAGE / BLOSSOM LOVE WOMAN,,1,700.00,191.00
FATIMA,BRACKEN EAU DE PERFUME MAN,AMOUAGE / BRACKEN EAU DE PERFUME MAN,,1,530.00,145.00
FATIMA,HONOUR MAN,AMOUAGE / HONOUR MAN,,1,640.00,175.00
FATIMA,HONOUR WOMAN,AMOUAGE / HONOUR WOMAN,,1,750.00,205.00
FATIMA,IMITATION FOR WOMAN,AMOUAGE / IMITATION FOR WOMAN,,1,530.00,145.00
FATIMA,INTERLUDE WOMAN,AMOUAGE / INTERLUDE WOMAN,,1,860.00,235.00
FATIMA,INTERUDE MAN,AMOUAGE / INTERUDE MAN,S400254,1,700.00,191.00
FATIMA,JUBILATION EDP MAN,AMOUAGE / JUBILATION EDP MAN,,1,530.00,145.00
FATIMA,MEMOIR MEN,AMOUAGE / MEMOIR MEN,,1,530.00,145.00
FATIMA,OPUS III,AMOUAGE / OPUS III,,1,530.00,145.00
FATIMA,OPUS VI,AMOUAGE / OPUS VI,,1,750.00,205.00
FATIMA,OPUS VII,AMOUAGE / OPUS VII,,1,530.00,145.00
FATIMA,OVERTURE MAN,AMOUAGE / OVERTURE MAN,,1,670.00,183.00
FATIMA,PORTRAYAL MAN,AMOUAGE / PORTRAYAL MAN,,1,730.00,199.00
FATIMA,PORTRAYAL WOMAN,AMOUAGE / PORTRAYAL WOMAN,,1,590.00,161.00
FATIMA,REFLECTION MEN TOP,AMOUAGE / REFLECTION MEN TOP,S400479,1,850.00,232.00
FATIMA,AMOUAGE REFLECTION 45 TOP,AMOUAGE / AMOUAGE REFLECTION 45 TOP,S400517,1,1350.00,369.00
FATIMA,ROSE INCENSE,AMOUAGE / ROSE INCENSE,,1,720.00,197.00
FATIMA,SILVER MEN,AMOUAGE / SILVER MEN,,1,750.00,205.00
FATIMA,SUNSHINE MEN,AMOUAGE / SUNSHINE MEN,,1,530.00,145.00
FATIMA,SUNSHINE WOMEN,AMOUAGE / SUNSHINE WOMEN,,1,530.00,145.00
FATIMA,IMITATION WOMAN,AMOUAGE / IMITATION WOMAN,,1,860.00,235.00
FATIMA,INTERLUDE BLACK IRIS,AMOUAGE / INTERLUDE BLACK IRIS,,1,1025.00,280.00
FATIMA,SILVER OUD,AMOUAGE / SILVER OUD,,1,530.00,145.00
FATIMA,DIA WOMAN,AMOUAGE / DIA WOMAN,,1,670.00,183.00
FATIMA,JUBILATION 40 MAN,AMOUAGE / JUBILATION 40 MAN,,1,830.00,227.00
FATIMA,PURPOSE TOP,AMOUAGE / PURPOSE TOP,S400441,1,1100.00,301.00
FATIMA,LUSTRE TOP,AMOUAGE / LUSTRE TOP,,1,1450.00,396.00
FATIMA,LUSTRE TOP,AMOUAGE / LUSTRE TOP,,1,1200.00,328.00
FATIMA,GUIDANCE 46 TOP,AMOUAGE / GUIDANCE 46 TOP,S40102,1,1400.00,383.00
FATIMA,GUIDANCE 46,AMOUAGE / GUIDANCE 46,S400251,1,580.00,158.00
FATIMA,OUTLANDS TOP,AMOUAGE / OUTLANDS TOP,S400471,1,1300.00,355.00
FATIMA,PURPOSE 50 TOP,AMOUAGE / PURPOSE 50 TOP,,1,1950.00,533.00
FATIMA,GUIDANCE TOP,AMOUAGE / GUIDANCE TOP,S400177,1,700.00,177.00
FATIMA,SINDABAD,AMOUAGE / SINDABAD,S400123,1,850.00,232.00
FATIMA,ENCLAVE,AMOUAGE / ENCLAVE,PB559,1,1700.00,464.00
FATIMA,SEQUENCE,AMOUAGE / SEQUENCE,S400200,1,1050.00,286.00
FATIMA,OPUS XVI TIMBER,AMOUAGE / OPUS XVI TIMBER,PB584,1,1050.00,286.00
FATIMA,LOVE TUBEROSE,AMOUAGE / LOVE TUBEROSE,PB597,1,1300.00,355.00
FATIMA,DECISION,AMOUAGE / DECISION,IP-408,1,1900.00,519.00
FATIMA,EXISTENCE TOP,AMOUAGE / EXISTENCE TOP,IP-475,1,2300.00,628.00
FATIMA,SEARCH,AMOUAGE / SEARCH,PB850,1,1700.00,437.00
FATIMA,LUBAN AL AKHDAR,AMOUAGE / LUBAN AL AKHDAR,IP-584,1,5000.00,1366.00
FATIMA,LINE 618 TOP,AMOUAGE / LINE 618 TOP,S400118,1,1130.00,308.00
FATIMA,RECEPTION,AMOUAGE / RECEPTION,,1,1600.00,437.00
FATIMA,VANILLA BARAKA,AMOUAGE / VANILLA BARAKA,PB64,1,2200.00,601.00
FATIMA,OUD ULYA,AMOUAGE / OUD ULYA,PB66,1,2200.00,601.00
FATIMA,INTERLUDE 53 TOP,AMOUAGE / INTERLUDE 53 TOP,PB657,1,900.00,245.00
FATIMA,LILAC LOVE,AMOUAGE / LILAC LOVE,PB589,1,1200.00,327.00
FATIMA,REFLACTION 45,AMOUAGE / REFLACTION 45,PB567,1,1800.00,491.00
FATIMA,OPUS XIV ROYAL TOBACCO,AMOUAGE / OPUS XIV ROYAL TOBACCO,PB457,1,1250.00,341.00
FATIMA,LOVE DELIGHT,AMOUAGE / LOVE DELIGHT,PB894,1,1100.00,301.00
FATIMA,LUSTRE NO,AMOUAGE / LUSTRE NO,,1,800.00,219.00
FATIMA,OPUS XV - KING BLUE,AMOUAGE / OPUS XV - KING BLUE,,1,550.00,150.00
FATIMA,GUIDANCE,AMOUAGE / GUIDANCE,,1,980.00,268.00
FATIMA,GUIDANCE 46,AMOUAGE / GUIDANCE 46,,1,540.00,148.00
FATIMA,JANUARY,ANFASIC DOKHOON / JANUARY,,1,530.00,145.00
FATIMA,SHAY,ANFASIC DOKHOON / SHAY,,1,530.00,145.00
FATIMA,SHAY SHAY,ANFASIC DOKHOON / SHAY SHAY,PB8467,1,750.00,204.00
FATIMA,SUKAR,ANFASIC DOKHOON / SUKAR,,1,530.00,145.00
FATIMA,WOW,ANFASIC DOKHOON / WOW,,1,530.00,145.00
FATIMA,ONE TIME SHAY #06,ANFASIC DOKHOON / ONE TIME SHAY #06,,1,1120.00,306.00
FATIMA,ANGEL SCHLESSER FEMME,ANGEL SHLESSER / ANGEL SCHLESSER FEMME,,1,475.00,130.00
FATIMA,FANTASIA,ANNA SUI / FANTASIA,,1,590.00,161.00
FATIMA,FLIGHT OF FANCY SPIRIT,ANNA SUI / FLIGHT OF FANCY SPIRIT,,1,610.00,167.00
FATIMA,LUCKY WISH,ANNA SUI / LUCKY WISH,,1,530.00,145.00
FATIMA,MELLOW YELLOW SUNDAY,ANNA SUI / MELLOW YELLOW SUNDAY,,1,560.00,153.00
FATIMA,BLUE SEDUCTION MEN LUZI TOP,ANTONIO BANDERAS / BLUE SEDUCTION MEN LUZI TOP,,1,750.00,205.00
FATIMA,BLUE SEDUCTION FOR MEN BLUE,ANTONIO BANDERAS / BLUE SEDUCTION FOR MEN BLUE,,1,700.00,191.00
FATIMA,BLUE SEDUCTION TOP,ANTONIO BANDERAS / BLUE SEDUCTION TOP,,1,590.00,161.00
FATIMA,BLUE SEDUCTION BLUE,ANTONIO BANDERAS / BLUE SEDUCTION BLUE,,1,500.00,137.00
FATIMA,SEDUCTION IN BLACK,ANTONIO BANDERAS / SEDUCTION IN BLACK,,1,530.00,145.00
FATIMA,THE SECRET,ANTONIO BANDERAS / THE SECRET,,1,500.00,137.00
FATIMA,THE SECRET TEMPTATION,ANTONIO BANDERAS / THE SECRET TEMPTATION,,1,750.00,205.00
FATIMA,THE ICON,ANTONIO BANDERAS / THE ICON,,1,590.00,161.00
FATIMA,PINK SUGAR,AQUOLINA / PINK SUGAR,S400344,1,330.00,90.00
FATIMA,BLACK SUGAR,AQUOLINA / BLACK SUGAR,,1,475.00,130.00
FATIMA,AL FAREED,ARABIAN OUD / AL FAREED,PB587,1,900.00,245.00
FATIMA,RESALAH,ARABIAN OUD / RESALAH,PB584,1,600.00,164.00
FATIMA,MADAWI TOP,ARABIAN OUD / MADAWI TOP,S400537,1,630.00,172.00
FATIMA,SULTANI AMBERWOOD,ARABIAN OUD / SULTANI AMBERWOOD,PB87,1,900.00,286.00
FATIMA,ARABIAN KNIGHT,ARABIAN OUD / ARABIAN KNIGHT,,1,920.00,251.00
FATIMA,ARABIAN OUD,ARABIAN OUD / ARABIAN OUD,,1,810.00,221.00
FATIMA,BAKHOOR DEWAN AL SHARQ,ARABIAN OUD / BAKHOOR DEWAN AL SHARQ,,1,590.00,161.00
FATIMA,KALIMAT TOP,ARABIAN OUD / KALIMAT TOP,S40048,1,740.00,202.00
FATIMA,MABSOOS,ARABIAN OUD / MABSOOS,,1,530.00,145.00
FATIMA,MAJESTIC SPECIAL OUD,ARABIAN OUD / MAJESTIC SPECIAL OUD,,1,475.00,130.00
FATIMA,MAJOON,ARABIAN OUD / MAJOON,,1,590.00,161.00
FATIMA,SULTANI,ARABIAN OUD / SULTANI,PB801,1,900.00,245.00
FATIMA,OUD MOODY,ARABIAN OUD / OUD MOODY,,1,530.00,145.00
FATIMA,MADAWI,ARABIAN OUD / MADAWI,,1,550.00,150.00
FATIMA,MADAWI 40 YEARS GOLD EDITION,ARABIAN OUD / MADAWI 40 YEARS GOLD EDITION,,1,550.00,150.00
FATIMA,HAREEM AL SULTAN,ARD AL ZAAFRAN / HAREEM AL SULTAN,,1,475.00,130.00
FATIMA,DIRHAM,ARD AL ZAAFRAN / DIRHAM,,1,475.00,130.00
FATIMA,THANK U NEXT,ARIANA GRANDE / THANK U NEXT,PB580,1,700.00,191.00
FATIMA,CLOUD,ARIANA GRANDE / CLOUD,PB840,1,750.00,204.00
FATIMA,CLOUD PINK,ARIANA GRANDE / CLOUD PINK,PB5900,1,1300.00,355.00
FATIMA,MOD VANILLA,ARIANA GRANDE / MOD VANILLA,,1,660.00,180.00
FATIMA,THANK U NEXT,ARIANA GRANDE / THANK U NEXT,,1,620.00,169.00
FATIMA,ARI -ARIANE GRANDE,ARIANE GRANDE / ARI -ARIANE GRANDE,,1,730.00,199.00
FATIMA,ARMANI CODE FOR WOMAN,ARIANE GRANDE / ARMANI CODE FOR WOMAN,,1,700.00,191.00
FATIMA,CLUB DE NUIT INTENSE,ARMAF / CLUB DE NUIT INTENSE,PB-849,1,600.00,164.00
FATIMA,CLUB DE NUIT INTENSE TOP,ARMAF / CLUB DE NUIT INTENSE TOP,,1,1050.00,286.00
FATIMA,ODYSSEY DUBAI CHOCOLATE,ARMAF / ODYSSEY DUBAI CHOCOLATE,PB809,1,1050.00,286.00
FATIMA,AL LAYL,ARABIYAT OUD / AL LAYL,PB9805,1,650.00,178.00
FATIMA,IN RED,ARMAND BASI / IN RED,,1,590.00,161.00
FATIMA,STRONGER WITH YOU POWERFULLY,ARMANI / STRONGER WITH YOU POWERFULLY,,1,700.00,191.00
FATIMA,MY WAY SUNNY VANILLA,ARMANI / MY WAY SUNNY VANILLA,PB05050,1,800.00,218.00
FATIMA,PRIVE IRIS BLEU,ARMANI / PRIVE IRIS BLEU,PB0295,1,1300.00,355.00
FATIMA,SI PERFUME,ARMANI / SI PERFUME,PB029,1,900.00,245.00
FATIMA,SI PASSIONE RED MUSK,ARMANI / SI PASSIONE RED MUSK,PB089,1,1100.00,301.00
FATIMA,CODE EAU DE PARFUM,ARMANI / CODE EAU DE PARFUM,PB570,1,1050.00,286.00
FATIMA,THE YULONG,ARMANI / THE YULONG,PB580,1,1500.00,409.00
FATIMA,STRONGER WITH YOU SANDALWOOD TOP,ARMANI / STRONGER WITH YOU SANDALWOOD TOP,S400444,1,1100.00,301.00
FATIMA,STRONGER WITH YOU SPICES,ARMANI / STRONGER WITH YOU SPICES,,1,760.00,207.00
FATIMA,MY WAY YLANG,ARMANI / MY WAY YLANG,PB689,1,1050.00,286.00
FATIMA,PRIVE ROSE D ARABIE,ARMANI / PRIVE ROSE D ARABIE,PB690,1,1150.00,314.00
FATIMA,PRIVE OUD ROYAL,ARMANI / PRIVE OUD ROYAL,PB8005,1,1500.00,409.00
FATIMA,ATTITUDE,ARMANI / ATTITUDE,PB805,1,780.00,213.00
FATIMA,SI INTENSE,ARMANI / SI INTENSE,PB508,1,1200.00,301.00
FATIMA,ACQUA DI GIOIA INTENSE,ARMANI / ACQUA DI GIOIA INTENSE,PB980,1,780.00,213.00
FATIMA,MY WAY NECTAR,ARMANI / MY WAY NECTAR,PB802,1,800.00,218.00
FATIMA,SI EDP INTENSE TOP,ARMANI / SI EDP INTENSE TOP,PB809,1,1050.00,286.00
FATIMA,ROUGE MALACHITE,ARMANI / ROUGE MALACHITE,,1,980.00,267.00
FATIMA,ACQUA DI GIO ELIXIR TOP,ARMANI / ACQUA DI GIO ELIXIR TOP,S400434,1,1100.00,301.00
FATIMA,RONDO ARMANIANO,ARMANI / RONDO ARMANIANO,PB802,1,1700.00,464.00
FATIMA,ACQUA DI GIO ABSOLU TOP,ARMANI / ACQUA DI GIO ABSOLU TOP,S40081,1,630.00,172.00
FATIMA,ACQUA DI GIO POUR HOMME TOP,ARMANI / ACQUA DI GIO POUR HOMME TOP,S400174,1,450.00,123.00
FATIMA,AQUA DI GIOIA LIGHT,ARMANI / AQUA DI GIOIA LIGHT,,1,475.00,130.00
FATIMA,SI NUDE BLOOM,ARMANI / SI NUDE BLOOM,S400402,1,650.00,177.00
FATIMA,ARMANI CALLIGRAPHY ROSE,ARMANI / ARMANI CALLIGRAPHY ROSE,,1,475.00,130.00
FATIMA,SI PASSIONE RED BLOOM (2026),ARMANI / SI PASSIONE RED BLOOM (2026),S400246,1,636.00,173.00
FATIMA,ARMANI CODE,ARMANI / ARMANI CODE,29598-I,1,450.00,123.00
FATIMA,ARMANI CODE ABSOLU,ARMANI / ARMANI CODE ABSOLU,,1,475.00,130.00
FATIMA,ARMANI CODE BLACK,ARMANI / ARMANI CODE BLACK,,1,475.00,130.00
FATIMA,ARMANI CODE CASHMERE,ARMANI / ARMANI CODE CASHMERE,S400398,1,440.00,120.00
FATIMA,OUD NACRE,ARMANI / OUD NACRE,PB4002,1,1700.00,464.00
FATIMA,ARMANI CODE PARFUM,ARMANI / ARMANI CODE PARFUM,,1,447.00,122.00
FATIMA,ARMANI CODE ICE,ARMANI / ARMANI CODE ICE,,1,475.00,130.00
FATIMA,ARMANI PRIVE OUD,ARMANI / ARMANI PRIVE OUD,,1,475.00,130.00
FATIMA,ARMANI PRIVE PIVOINE SUZHOU,ARMANI / ARMANI PRIVE PIVOINE SUZHOU,,1,750.00,205.00
FATIMA,IN LOVE WITH YOU,ARMANI / IN LOVE WITH YOU,,1,475.00,130.00
FATIMA,MUSC SHAMAL PRIVE,ARMANI / MUSC SHAMAL PRIVE,,1,475.00,130.00
FATIMA,PRIVE VERT MALACHITE,ARMANI / PRIVE VERT MALACHITE,,1,475.00,130.00
FATIMA,SI FIORI,ARMANI / SI FIORI,,1,475.00,130.00
FATIMA,SI PASSIONE TOP,ARMANI / SI PASSIONE TOP,S40041,1,600.00,164.00
FATIMA,SI PASSIONE SP,ARMANI / SI PASSIONE SP,S400389,1,460.00,126.00
FATIMA,SI,ARMANI / SI,S400266,1,640.00,175.00
FATIMA,ACQUA DI GIO ABSOLU INSTINCT,ARMANI / ACQUA DI GIO ABSOLU INSTINCT,,1,730.00,199.00
FATIMA,MUSC SHAMAL,ARMANI / MUSC SHAMAL,,1,730.00,199.00
FATIMA,MY WAY TOP,ARMANI / MY WAY TOP,S400324,1,970.00,265.00
FATIMA,SI FIORI,ARMANI / SI FIORI,,1,640.00,175.00
FATIMA,SABLE NUIT,ARMANI / SABLE NUIT,,1,810.00,221.00
FATIMA,AQUA DI GIO PROFONDO LIGHTS 2021,ARMANI / AQUA DI GIO PROFONDO LIGHTS 2021,,1,860.00,235.00
FATIMA,MY WAY INTENSE,ARMANI / MY WAY INTENSE,,1,530.00,145.00
FATIMA,STRONGER WITH YOU INTENSELY,ARMANI / STRONGER WITH YOU INTENSELY,S40057,1,660.00,180.00
FATIMA,STRONGER WITH YOU ABSOLUTELY,ARMANI / STRONGER WITH YOU ABSOLUTELY,S40062,1,640.00,175.00
FATIMA,STRONGER WITH YOU TOBACCO,ARMANI / STRONGER WITH YOU TOBACCO,S40087,1,930.00,255.00
FATIMA,STRONGER WITH YOU TOBACCO TOP,ARMANI / STRONGER WITH YOU TOBACCO TOP,S400436,1,1000.00,273.00
FATIMA,CUIR ZERZURA,ARMANI / CUIR ZERZURA,,1,810.00,221.00
FATIMA,SI PASSIONE INTENSE,ARMANI / SI PASSIONE INTENSE,,1,475.00,130.00
FATIMA,SI PASSIONE ECLAT,ARMANI / SI PASSIONE ECLAT,,1,700.00,191.00
FATIMA,STRONGER WITH YOU LEATHER,ARMANI / STRONGER WITH YOU LEATHER,,1,475.00,130.00
FATIMA,OCEAN DI GIOIA,ARMANI / OCEAN DI GIOIA,,1,475.00,130.00
FATIMA,STRONGER WITH YOU MAN,ARMANI / STRONGER WITH YOU MAN,S400274,1,400.00,109.00
FATIMA,STRONGER WITH YOU ONLY MEN,ARMANI / STRONGER WITH YOU ONLY MEN,,1,700.00,191.00
FATIMA,POWER OF YOU TOP,ARMANI / POWER OF YOU TOP,S400478,1,1100.00,301.00
FATIMA,MY WAY FLORAL,ARMANI / MY WAY FLORAL,,1,550.00,150.00
FATIMA,STRONGER WITH YOU OUD TOP,ARMANI / STRONGER WITH YOU OUD TOP,,1,980.00,268.00
FATIMA,ARMANI CODE PARFUM,ARMANI / ARMANI CODE PARFUM,,1,700.00,191.00
FATIMA,STRONGER WITH YOU TOBACCO,ARMANI / STRONGER WITH YOU TOBACCO,,1,730.00,199.00
FATIMA,ACQUA DI GIO PROFONDO PARFUM,ARMANI / ACQUA DI GIO PROFONDO PARFUM,S400204,1,800.00,219.00
FATIMA,ACQUA DI GIO PROFONDO,ARMANI / ACQUA DI GIO PROFONDO,S40074,1,330.00,90.00
FATIMA,ACQUA DI GIO PROFUMO TOP,ARMANI / ACQUA DI GIO PROFUMO TOP,S40058,1,720.00,196.00
FATIMA,STRONGER WITH YOU PARFUM MEN,ARMANI / STRONGER WITH YOU PARFUM MEN,,1,570.00,156.00
FATIMA,ACQUA DI GIO ELIXIR,ARMANI / ACQUA DI GIO ELIXIR,,1,1090.00,298.00
FATIMA,MY WAY YLANG,ARMANI / MY WAY YLANG,,1,830.00,227.00
FATIMA,ARMANI CODE,ARMANI / ARMANI CODE,S400262,1,440.00,120.00
FATIMA,ARMANI CODE ELIXIR,ARMANI / ARMANI CODE ELIXIR,,1,810.00,221.00
FATIMA,CUIR NU,ARMANI / CUIR NU,,1,1240.00,339.00
FATIMA,MAGENTA TANZANITE,ARMANI / MAGENTA TANZANITE,,1,1080.00,295.00
FATIMA,INDIGO TANZANITE,ARMANI / INDIGO TANZANITE,,1,1080.00,295.00
FATIMA,SI PASSIONE ECLAT DE PARFUM,ARMANI / SI PASSIONE ECLAT DE PARFUM,,1,700.00,191.00
FATIMA,JAWHARA ORIENTAL,ARMANI / JAWHARA ORIENTAL,,1,500.00,137.00
FATIMA,MY WAY PARFUM,ARMANI / MY WAY PARFUM,,1,1020.00,279.00
FATIMA,STRONGER WITH YOU AMBER,ARMANI / STRONGER WITH YOU AMBER,,1,800.00,219.00
FATIMA,SI PASSIONE INTENSE 2024,ARMANI / SI PASSIONE INTENSE 2024,,1,750.00,205.00
FATIMA,OUD SAVE THE KING,ATKINSONS / OUD SAVE THE KING,PB0902,1,1050.00,286.00
FATIMA,CLEMENTINE CALIFORNIA,ATELIER COLONGE / CLEMENTINE CALIFORNIA,PB023,1,900.00,246.00
FATIMA,AMEERAT AL ARAB,ASDAAF / AMEERAT AL ARAB,S400187,1,500.00,137.00
FATIMA,SKIN MUSK,ATTAR AL HASK / SKIN MUSK,PB092,1,750.00,204.00
FATIMA,GOLD LEATHER,ATELIER COLOGNE / GOLD LEATHER,,1,475.00,130.00
FATIMA,OUD SAPHIR,ATELIER COLONGE / OUD SAPHIR,,1,860.00,235.00
FATIMA,ISTANBUL,ATELIER REBUL / ISTANBUL,,1,530.00,145.00
FATIMA,PINK ME UP,ATELIERS DES ORS / PINK ME UP,,1,880.00,240.00
FATIMA,AL RAYHAN,ATTAR COLLECTION / AL RAYHAN,,1,590.00,161.00
FATIMA,HAYATI,ATTAR COLLECTION / HAYATI,,1,475.00,130.00
FATIMA,MUSK KASHMIR,ATTAR COLLECTION / MUSK KASHMIR,S400136,1,430.00,117.00
FATIMA,CRISTAL LOVE FOR HER,ATTAR COLLECTION / CRISTAL LOVE FOR HER,,1,750.00,205.00
FATIMA,AREEJ,ATTAR COLLECTION / AREEJ,,1,1600.00,437.00
FATIMA,FLEUR DE SANTAL,ATTAR COLLECTION / FLEUR DE SANTAL,,1,550.00,150.00
FATIMA,ATYAB AL SHEEKH 2020,ATYAB AL SHEEKH / ATYAB AL SHEEKH 2020,,1,980.00,268.00
FATIMA,TODAY,AVON / TODAY,,1,475.00,130.00
FATIMA,AXE COLLISION,AXE / AXE COLLISION,,1,475.00,130.00
FATIMA,POUR ELLE 2025,AZZARO / POUR ELLE 2025,PB0980,1,800.00,218.00
FATIMA,MOST WANTED INTENSE,AZZARO / MOST WANTED INTENSE,PB809,1,1200.00,327.00
FATIMA,THE MOST WANTED PARFUM,AZZARO / THE MOST WANTED PARFUM,PB064,1,1100.00,301.00
FATIMA,AZZARO CLUB WOMAN,AZZARO / AZZARO CLUB WOMAN,,1,475.00,130.00
FATIMA,CHROME EXTREME TOP,AZZARO / CHROME EXTREME TOP,S400179,1,800.00,219.00
FATIMA,CROME AQUA FOR MEN,AZZARO / CROME AQUA FOR MEN,,1,475.00,130.00
FATIMA,WANTED,AZZARO / WANTED,$164,1,600.00,164.00
FATIMA,WANTED BY NIGHT,AZZARO / WANTED BY NIGHT,,1,810.00,221.00
FATIMA,WANTED GIRL BY NIGHT,AZZARO / WANTED GIRL BY NIGHT,S400282,1,440.00,120.00
FATIMA,THE MOST WANTED,AZZARO / THE MOST WANTED,,1,530.00,145.00
FATIMA,FOREVER WANTED ELIXIR,AZZARO / FOREVER WANTED ELIXIR,,1,530.00,145.00
FATIMA,FARAON RAMSES,BAHRARA / FARAON RAMSES,PB582,1,900.00,245.00
FATIMA,SHAFEER AL BAKHOOR,BAKHOOR / SHAFEER AL BAKHOOR,,1,1500.00,409.00
FATIMA,CREED AVENTUS BAKHOOR,BAKHOOR / CREED AVENTUS BAKHOOR,,1,450.00,123.00
FATIMA,BAKHOOR MOHSIN,BAKHOOR / BAKHOOR MOHSIN,,1,550.00,150.00
FATIMA,BAKHOOR BAIT AL OUDH,BAKHOOR / BAKHOOR BAIT AL OUDH,,1,330.00,90.00
FATIMA,BAKHOOR EXTRA BLACK,BAKHOOR / BAKHOOR EXTRA BLACK,,1,410.00,112.00
FATIMA,BAKHOOR AL AQIB,BAKHOOR / BAKHOOR AL AQIB,,1,600.00,164.00
FATIMA,ANU BAKHOUR,BAKHOOR / ANU BAKHOUR,BK4001,1,330.00,90.00
FATIMA,SUELLEN BAKHOUR,BAKHOOR / SUELLEN BAKHOUR,,1,350.00,96.00
FATIMA,MUKHALLAT EMIRATE,BAKHOOR / MUKHALLAT EMIRATE,,1,380.00,104.00
FATIMA,DENSI,BAKHOOR / DENSI,60014,1,1110.00,304.00
FATIMA,RUKAIYA,BAKHOOR / RUKAIYA,,1,450.00,123.00
FATIMA,BAKHOUR KING VALLEY,BAKHOOR / BAKHOUR KING VALLEY,,1,550.00,150.00
FATIMA,NAFEME,BAKHOOR / NAFEME,,1,600.00,164.00
FATIMA,BAKHOUR FEEL ME,BAKHOOR / BAKHOUR FEEL ME,BK4002,1,380.00,104.00
FATIMA,JAPANESE CHERRY BLOSSOM,BATH & BODY WORKS / JAPANESE CHERRY BLOSSOM,S400495,1,550.00,150.00
FATIMA,CHAMPAGNE TOAST,BATH & BODY WORKS / CHAMPAGNE TOAST,PB0901,1,550.00,150.00
FATIMA,WHIPPED HONEY & VANILL,BATH & BODY WORKS / WHIPPED HONEY & VANILL,IP-108,1,950.00,260.00
FATIMA,GRANDMA FRUITCAKE,BATH & BODY WORKS / GRANDMA FRUITCAKE,IP-109,1,950.00,260.00
FATIMA,RASPBERY HOLIDAY PIE BAR,BATH & BODY WORKS / RASPBERY HOLIDAY PIE BAR,IP-101,1,950.00,260.00
FATIMA,VANILLA NOIR,BATH & BODY WORKS / VANILLA NOIR,,1,475.00,130.00
FATIMA,PINK CHIFFON,BATH & BODY WORKS / PINK CHIFFON,S400272,1,400.00,109.00
FATIMA,PEACH BELLINI,BATH & BODY WORKS / PEACH BELLINI,,1,600.00,164.00
FATIMA,HINOKI,BOTTEGA VENETA / HINOKI,PB012,1,2200.00,601.00
FATIMA,EAU LEGERE,BOTTEGA VENETA / EAU LEGERE,PB013,1,1050.00,286.00
FATIMA,ILLUSIONE FOR HIM,BOTTEGA VENETA / ILLUSIONE FOR HIM,PB014,1,1050.00,286.00
FATIMA,VANILLE CAVIAR TOP,BDK PARFUMES / VANILLE CAVIAR TOP,S400331,1,1200.00,328.00
FATIMA,NECTAR OUD,BDK PARFUMES / NECTAR OUD,S400119,1,1100.00,301.00
FATIMA,312 SAINT-HONORE TOP,BDK PARFUMES / 312 SAINT-HONORE TOP,,1,1360.00,372.00
FATIMA,GRIS CHARNEL,BDK PARFUMS / GRIS CHARNEL,,1,800.00,219.00
FATIMA,VELVET TONKA,BDK PARFUMS / VELVET TONKA,,1,850.00,232.00
FATIMA,TABAC ROSE TOP,BDK PARFUMS / TABAC ROSE TOP,,1,1150.00,314.00
FATIMA,IMPADIA TOP,BDK PARFUMS / IMPADIA TOP,S400347,1,1400.00,383.00
FATIMA,ROUGE SMOKING,BDK PARFUMS / ROUGE SMOKING,,1,590.00,161.00
FATIMA,ROUGE SMOKING EXTRAIT TOP,BDK PARFUMS / ROUGE SMOKING EXTRAIT TOP,S400164,1,1250.00,341.00
FATIMA,PAS CE SOIR TOP,BDK PARFUMS / PAS CE SOIR TOP,S400451,1,1050.00,287.00
FATIMA,PAS CE SOIR EXTRAIT,BDK PARFUMS / PAS CE SOIR EXTRAIT,PB584,1,1700.00,464.00
FATIMA,GRIS CHARNEL EXTRAIT TOP,BDK PARFUMS / GRIS CHARNEL EXTRAIT TOP,PB5080,1,1700.00,464.00
FATIMA,VANILLE CAVIAR,BDK PARFUMS / VANILLE CAVIAR,,1,1640.00,448.00
FATIMA,KING,BHARARA / KING,,1,1050.00,287.00
FATIMA,NUDE TOP,NUDE TOP / NUDE TOP,S400385,1,500.00,137.00
FATIMA,YOUR TURN II,BILLIE EILISH / YOUR TURN II,PB40011,1,750.00,204.00
FATIMA,EILISH,BILLIE EILISH / EILISH,,1,475.00,130.00
FATIMA,BINT AL ARAB,BINT AL ARAB / BINT AL ARAB,,1,475.00,130.00
FATIMA,AGAPE / KHALTAT,BLENDS OF LOVE / AGAPE / KHALTAT,,1,530.00,145.00
FATIMA,ASK / KHALTAT,BLENDS OF LOVE / ASK / KHALTAT,,1,530.00,145.00
FATIMA,DRAGOSTE / KHALTAT,BLENDS OF LOVE / DRAGOSTE / KHALTAT,,1,530.00,145.00
FATIMA,LJUBOVJ / KHALTAT,BLENDS OF LOVE / LJUBOVJ / KHALTAT,,1,530.00,145.00
FATIMA,OPAL,BOADICEA THE VICTORIOUS / OPAL,pb020,1,1700.00,464.00
FATIMA,DEFENDER,BOADICEA THE VICTORIOUS / DEFENDER,pb021,1,1700.00,464.00
FATIMA,TIGER,BOADICEA THE VICTORIOUS / TIGER,pb022,1,1200.00,327.00
FATIMA,VALIANT,BOADICEA THE VICTORIOUS / VALIANT,,1,1300.00,355.00
FATIMA,NEMER,BOADICEA THE VICTORIOUS / NEMER,pb023,1,1500.00,409.00
FATIMA,GREEN SAPPHIRE,BOADICEA THE VICTORIOUS / GREEN SAPPHIRE,pb028,1,1500.00,409.00
FATIMA,ARDENT,BOADICEA THE VICTORIOUS / ARDENT,IP-,1,1150.00,314.00
FATIMA,DRAGON,BOADICEA THE VICTORIOUS / DRAGON,IP-4578,1,1400.00,382.00
FATIMA,GREEN SAPPHIRE,BOADICEA THE VICTORIOUS / GREEN SAPPHIRE,,1,1200.00,328.00
FATIMA,COMPLEX TOP,BOADICEA THE VICTORIOUS / COMPLEX TOP,S40095,1,800.00,219.00
FATIMA,BLUE SAPPHIRE TOP,BOADICEA THE VICTORIOUS / BLUE SAPPHIRE TOP,S400377,1,1650.00,451.00
FATIMA,HEROINE,BOADICEA THE VICTORIOUS / HEROINE,,1,750.00,205.00
FATIMA,AURICA TOP,BOADICEA THE VICTORIOUS / AURICA TOP,S40080,1,1080.00,295.00
FATIMA,AQUA SAPHIRE,BOADICEA THE VICTORIOUS / AQUA SAPHIRE,PB242,1,1700.00,464.00
FATIMA,ANGELIC,BOADICEA THE VICTORIOUS / ANGELIC,,1,920.00,251.00
FATIMA,HANUMAN TOP,BOADICEA THE VICTORIOUS / HANUMAN TOP,S400322,1,800.00,219.00
FATIMA,OUD SAPPHIRE,BOADICEA THE VICTORIOUS / OUD SAPPHIRE,,1,1650.00,451.00
FATIMA,RED WINE BROWN SUGAR,BOHOBOCO / RED WINE BROWN SUGAR,S400429,1,610.00,166.00
FATIMA,JASMINE WHITE LEATHER,BOHOBOCO / JASMINE WHITE LEATHER,pb097,1,1250.00,341.00
FATIMA,LAFAYTEE STREET TOP,BOND NO 9 / LAFAYTEE STREET TOP,S400369,1,1100.00,301.00
FATIMA,ISLAND TOP,BOND NO 9 / ISLAND TOP,IP-4874,1,1500.00,409.00
FATIMA,SHELTER ISLAND,BOND NO 9 / SHELTER ISLAND,IP584,1,900.00,245.00
FATIMA,NEW YORK OUD UNISEX,BOND NO 9 / NEW YORK OUD UNISEX,,1,475.00,130.00
FATIMA,WALL STREET TOP,BOND NO 9 / WALL STREET TOP,S400455,1,1050.00,286.00
FATIMA,BEEKMAN PLACE,BOND NO 9 / BEEKMAN PLACE,IP-03,1,1300.00,355.00
FATIMA,GOVERNORS ISLAND,BOND NO 9 / GOVERNORS ISLAND,IP-101,1,1000.00,273.00
FATIMA,NEW HAARLEM,BOND NO 9 / NEW HAARLEM,IP-102,1,1200.00,327.00
FATIMA,PERFUME BOND NO 9 W,BOND NO 9 / PERFUME BOND NO 9 W,,1,590.00,161.00
FATIMA,NEWYORK AMBER,BOND NO 9 / NEWYORK AMBER,T0022,1,850.00,232.00
FATIMA,DUBAI INDIGO,BOND NO 9 / DUBAI INDIGO,T0023,1,650.00,178.00
FATIMA,NEW YORK GARDENIA,BOND NO 9 / NEW YORK GARDENIA,IP-05,1,1250.00,341.00
FATIMA,NOLITA,BOND NO 9 / NOLITA,P0024,1,1900.00,519.00
FATIMA,MY NEW YORK,BOND NO 9 / MY NEW YORK,P0025,1,1800.00,491.00
FATIMA,NOMAD TOP,BOND NO 9 / NOMAD TOP,S400496,1,1350.00,368.00
FATIMA,THE SCENT OF PEACH FOR WOMEN,BOND NO 9 / THE SCENT OF PEACH FOR WOMEN,P0027,1,1200.00,327.00
FATIMA,MADISON AVENUE TOP,BOND NO 9 / MADISON AVENUE TOP,S400498,1,1000.00,273.00
FATIMA,THE SCENT PEACH FOR MEN TOP,BOND NO 9 / THE SCENT PEACH FOR MEN TOP,S400497,1,1000.00,273.00
FATIMA,SHELTER ISLAND,BOND NO 9 / SHELTER ISLAND,IP804,1,950.00,260.00
FATIMA,DUBAI GOLD,BOND NO 9 / DUBAI GOLD,P0029,1,1200.00,327.00
FATIMA,GREENWICH VILLAGE TOP,BOND NO 9 / GREENWICH VILLAGE TOP,S400474,1,1450.00,396.00
FATIMA,BLEECKER STREET,BOND NO 9 / BLEECKER STREET,S400477,1,900.00,260.00
FATIMA,TRIBECA,BOND NO 9 / TRIBECA,P0032,1,1350.00,368.00
FATIMA,NEW YORK NIGHTS,BOND NO 9 / NEW YORK NIGHTS,P0033,1,1200.00,327.00
FATIMA,WEST SIDE W,BOND NO 9 / WEST SIDE W,,1,810.00,221.00
FATIMA,FREE COCO TOP,BORNTOSTANDOUT / FREE COCO TOP,S400503,1,850.00,232.00
FATIMA,DIRTY RICE,BORNTOSTANDOUT / DIRTY RICE,S400406,1,770.00,210.00
FATIMA,OUD CANDY EXTRAIT DE PARFUM,BORNTOSTANDOUT / OUD CANDY EXTRAIT DE PARFUM,PB0050,1,1050.00,286.00
FATIMA,BLACK KARAK,BORNTOSTANDOUT / BLACK KARAK,IP010,1,1600.00,437.00
FATIMA,BLACK MANGO,BORNTOSTANDOUT / BLACK MANGO,P0043,1,1200.00,328.00
FATIMA,MUSC X,BORNTOSTANDOUT / MUSC X,IP-01,1,1350.00,368.00
FATIMA,BLACK GUAVA,BORNTOSTANDOUT / BLACK GUAVA,P0034,1,1100.00,301.00
FATIMA,MARY JANE,BORNTOSTANDOUT / MARY JANE,N576B,1,850.00,232.00
FATIMA,A CORPS SECRET,BORNTOSTANDOUT / A CORPS SECRET,P0035,1,1700.00,464.00
FATIMA,PURPLE STAIN,BORNTOSTANDOUT / PURPLE STAIN,P0036,1,1700.00,464.00
FATIMA,DGAF,BORNTOSTANDOUT / DGAF,P0037,1,1100.00,301.00
FATIMA,NOT A VANILLE,BORNTOSTANDOUT / NOT A VANILLE,S400449,1,1200.00,327.00
FATIMA,DIRTY MILK,BORNTOSTANDOUT / DIRTY MILK,P0039,1,1000.00,273.00
FATIMA,CANDY DUST,BORNTOSTANDOUT / CANDY DUST,P0040,1,1300.00,355.00
FATIMA,DIRTY HEAVEN,BORNTOSTANDOUT / DIRTY HEAVEN,P0041,1,1100.00,301.00
FATIMA,DRUNK LOVERS TOP,BORNTOSTANDOUT / DRUNK LOVERS TOP,S400546,1,1000.00,273.00
FATIMA,SUGAR ADDICT,BORNTOSTANDOUT / SUGAR ADDICT,P0046,1,1000.00,273.00
FATIMA,FILTHY MUSK,BORNTOSTANDOUT / FILTHY MUSK,S40059,1,1060.00,289.00
FATIMA,L ANIMAL,BORNTOSTANDOUT / L ANIMAL,S40026,1,600.00,164.00
FATIMA,DRUNK SAFFRON,BORNTOSTANDOUT / DRUNK SAFFRON,PB584,1,800.00,218.00
FATIMA,OUD CANDY,BORNTOSTANDOUT / OUD CANDY,P0042,1,1050.00,287.00
FATIMA,BOUCHERON QUATRE,BOUCHERON / BOUCHERON QUATRE,,1,700.00,191.00
FATIMA,ROSE D'ISPARTA,BOUCHERON / ROSE D'ISPARTA,,1,920.00,251.00
FATIMA,FANTACY HM,BRITNEY SPEARS / FANTACY HM,,1,530.00,145.00
FATIMA,FANTASY TOP,BRITNEY SPEARS / FANTASY TOP,,1,590.00,161.00
FATIMA,FANTASY (MEDIUM),BRITNEY SPEARS / FANTASY (MEDIUM),,1,475.00,130.00
FATIMA,FANTASY THE NICE REMIX,BRITNEY SPEARS / FANTASY THE NICE REMIX,,1,475.00,130.00
FATIMA,MIDNIGHT FANTASY LZ,BRITNEY SPEARS / MIDNIGHT FANTASY LZ,,1,475.00,130.00
FATIMA,MIDNIGHT FANTASY,BRITNEY SPEARS / MIDNIGHT FANTASY,,1,475.00,130.00
FATIMA,SUNSET FANTASY,BRITNEY SPEARS / SUNSET FANTASY,,1,475.00,130.00
FATIMA,JUNGLE FANTASY,BRITNEY SPEARS / JUNGLE FANTASY,,1,550.00,150.00
FATIMA,HER INTENSE,BURBERRY / HER INTENSE,PB0.6,1,1050.00,286.00
FATIMA,TOUCH FOR WOMEN,BURBERRY / TOUCH FOR WOMEN,PB02.5,1,680.00,185.00
FATIMA,GODDESS EDP INTENSE,BURBERRY / GODDESS EDP INTENSE,,1,550.00,150.00
FATIMA,BURBERRY BODY,BURBERRY / BURBERRY BODY,S400284,1,350.00,96.00
FATIMA,BURBERRY HER BLOSSOM,BURBERRY / BURBERRY HER BLOSSOM,,1,620.00,169.00
FATIMA,BURBERRY THE BEAT WOMAN,BURBERRY / BURBERRY THE BEAT WOMAN,,1,475.00,130.00
FATIMA,WEEKEND FOR WOMEN TOP,BURBERRY / WEEKEND FOR WOMEN TOP,,1,530.00,145.00
FATIMA,MY BURBERRY,BURBERRY / MY BURBERRY,,1,475.00,130.00
FATIMA,MY BURBERRY BLUSH,BURBERRY / MY BURBERRY BLUSH,,1,530.00,145.00
FATIMA,HERO,BURBERRY / HERO,,1,530.00,145.00
FATIMA,GODDESS PARFUM,BURBERRY / GODDESS PARFUM,PB0548,1,900.00,245.00
FATIMA,GODDESS TOP,BURBERRY / GODDESS TOP,S400329,1,780.00,213.00
FATIMA,BURBERRY HER ELIXIR,BURBERRY / BURBERRY HER ELIXIR,S40020,1,450.00,123.00
FATIMA,BURBERRY HER TOP,BURBERRY / BURBERRY HER TOP,S40040,1,680.00,186.00
FATIMA,BURBERRY HERO PARFUM INTENSE,BURBERRY / BURBERRY HERO PARFUM INTENSE,S400403,1,670.00,183.00
FATIMA,HIGH TEA,BURBERRY / HIGH TEA,,1,800.00,219.00
FATIMA,HERO EAU DE PARFUM,BURBERRY / HERO EAU DE PARFUM,,1,475.00,130.00
FATIMA,AQUA MAN,BVLGARI / AQUA MAN,,1,475.00,130.00
FATIMA,BVLGARI AMARA AQUA,BVLGARI / BVLGARI AMARA AQUA,,1,475.00,130.00
FATIMA,BVLGARI MAN,BVLGARI / BVLGARI MAN,,1,475.00,130.00
FATIMA,EAU PERFUMEE AU THE NOIR,BVLGARI / EAU PERFUMEE AU THE NOIR,,1,810.00,221.00
FATIMA,GYAN,BVLGARI / GYAN,,1,640.00,175.00
FATIMA,OMNIA CRISTALLINE,BVLGARI / OMNIA CRISTALLINE,S400299,1,580.00,158.00
FATIMA,ALLEGRA MAGNIFYING MUSK ESSENCE,BVLGARI / ALLEGRA MAGNIFYING MUSK ESSENCE,PB.68,1,900.00,245.00
FATIMA,POUR HOMME EXTREM,BVLGARI / POUR HOMME EXTREM,S400140,1,510.00,139.00
FATIMA,AMYTHYSTE,BVLGARI / AMYTHYSTE,PB.2,1,1400.00,382.00
FATIMA,YASEEP,BVLGARI / YASEEP,PB0.3,1,3100.00,847.00
FATIMA,POUR HOMME SOIR,BVLGARI / POUR HOMME SOIR,PB.04,1,1200.00,327.00
FATIMA,MAN IN BLACK PARFUM TOP,BVLGARI / MAN IN BLACK PARFUM TOP,S400194,1,1250.00,341.00
FATIMA,EMPYR,BVLGARI / EMPYR,PB.06,1,1700.00,464.00
FATIMA,AQVA AMARA,BVLGARI / AQVA AMARA,PB.07,1,1100.00,301.00
FATIMA,AQVA POUR HOMMEMARINE,BVLGARI / AQVA POUR HOMMEMARINE,PB0.84,1,780.00,213.00
FATIMA,FALKER,BVLGARI / FALKER,PB807,1,900.00,245.00
FATIMA,ONEKH,BVLGARI / ONEKH,PB079,1,900.00,245.00
FATIMA,AQVA POUR HOMME,BVLGARI / AQVA POUR HOMME,PB.98,1,700.00,191.00
FATIMA,KOBRA,BVLGARI / KOBRA,PB.100,1,1200.00,327.00
FATIMA,MAN IN BLACK,BVLGARI / MAN IN BLACK,,1,475.00,130.00
FATIMA,OMANIA PINK SAPPHIRE,BVLGARI / OMANIA PINK SAPPHIRE,,1,475.00,130.00
FATIMA,MAN WOOD ESSENCE PERFUME,BVLGARI / MAN WOOD ESSENCE PERFUME,PB4084,1,1300.00,355.00
FATIMA,ROSE ESSENTIELLE,BVLGARI / ROSE ESSENTIELLE,,1,475.00,130.00
FATIMA,ROSE GOLDEA,BVLGARI / ROSE GOLDEA,,1,750.00,205.00
FATIMA,BVLGARI MAN TERRAE ESSENCE,BVLGARI / BVLGARI MAN TERRAE ESSENCE,,1,970.00,265.00
FATIMA,LE GEMME OROM,BVLGARI / LE GEMME OROM,,1,900.00,246.00
FATIMA,BVLGARI MAN RAIN ESSENCE,BVLGARI / BVLGARI MAN RAIN ESSENCE,,1,475.00,130.00
FATIMA,TYGER TOP,BVLGARI / TYGER TOP,S400306,1,1600.00,437.00
FATIMA,TYGER SP,BVLGARI / TYGER SP,S400298,1,540.00,148.00
FATIMA,TYGER EXTRAIT TOP,BVLGARI / TYGER EXTRAIT TOP,S400332,1,1200.00,327.00
FATIMA,SAHARE,BVLGARI / SAHARE,,1,900.00,246.00
FATIMA,AZARAN,BVLGARI / AZARAN,,1,600.00,164.00
FATIMA,BVLGARI POUR HOMME,BVLGARI / BVLGARI POUR HOMME,,1,650.00,178.00
FATIMA,JASMIN NOIR,BVLGARI / JASMIN NOIR,,1,475.00,130.00
FATIMA,BACIAMI,BVLGARI / BACIAMI,,1,600.00,164.00
FATIMA,LE GEMME AMUNAE,BVLGARI / LE GEMME AMUNAE,,1,950.00,260.00
FATIMA,ACQUA POUR HOMME,BVLGARI / ACQUA POUR HOMME,,1,780.00,213.00
FATIMA,BOIS OBSCUR,BYREDO / BOIS OBSCUR,S400248,1,650.00,178.00
FATIMA,ROUGE CHAOTIQUE,BY REDO / ROUGE CHAOTIQUE,S40092,1,700.00,191.00
FATIMA,GYPSY WATER ABSOLU,BY REDO / GYPSY WATER ABSOLU,PB4003,1,1150.00,314.00
FATIMA,LA TULIPE,BY REDO / LA TULIPE,,1,650.00,178.00
FATIMA,ROSE OF NO MAN'S LAND,BY REDO / ROSE OF NO MAN'S LAND,,1,1000.00,273.00
FATIMA,BAL D AFRIQUE TOP,BYREDO / BAL D AFRIQUE TOP,S400370,1,860.00,235.00
FATIMA,BIBLOTIQUE (MEDIUM),BYREDO / BIBLOTIQUE (MEDIUM),,1,590.00,161.00
FATIMA,IMMORTAL OUD,BYREDO / IMMORTAL OUD,,1,640.00,175.00
FATIMA,GYPSY WATER,BYREDO / GYPSY WATER,,1,530.00,145.00
FATIMA,BLACK SAFFRON TOP,BYREDO / BLACK SAFFRON TOP,,1,810.00,221.00
FATIMA,BLACK SAFRAN ABSOLU,BYREDO / BLACK SAFRAN ABSOLU,S400415,1,650.00,177.00
FATIMA,SUNDAZED,BYREDO / SUNDAZED,,1,700.00,191.00
FATIMA,TABACCO MANDARIN,BYREDO / TABACCO MANDARIN,,1,810.00,221.00
FATIMA,FLOWERHEAD,BYREDO / FLOWERHEAD,,1,920.00,251.00
FATIMA,OPEN SKY,BYREDO / OPEN SKY,,1,920.00,251.00
FATIMA,BLANCHE,BYREDO / BLANCHE,,1,500.00,137.00
FATIMA,BLANCHE ABSOLU,BYREDO / BLANCHE ABSOLU,S400219,1,800.00,218.00
FATIMA,BAL D AFRIQUE ABSOLU TOP,BYREDO / BAL D AFRIQUE ABSOLU TOP,S400411,1,770.00,210.00
FATIMA,ANIMALIQUE TOP,BYREDO / ANIMALIQUE TOP,IP-481,1,1400.00,382.00
FATIMA,SISTER DREAMER,BYREDO / SISTER DREAMER,PB904,1,1700.00,464.00
FATIMA,DE LOS SANTOS,BYREDO / DE LOS SANTOS,,1,1050.00,287.00
FATIMA,CUIR OBSCUR,BYREDO / CUIR OBSCUR,,1,475.00,130.00
FATIMA,BIBLIOTHEQUE TOP,BYREDO / BIBLIOTHEQUE TOP,,1,650.00,178.00
FATIMA,MOJAVE GHOST TOP,BYREDO / MOJAVE GHOST TOP,S400354,1,730.00,199.00
FATIMA,MOJAVE GHOST ABSOLU TOP,BYREDO / MOJAVE GHOST ABSOLU TOP,S400509,1,680.00,185.00
FATIMA,SELLIER,BYREDO / SELLIER,,1,970.00,265.00
FATIMA,MUMBAI NOISE,BYREDO / MUMBAI NOISE,,1,1080.00,295.00
FATIMA,EYES CLOSED,BYREDO / EYES CLOSED,,1,1700.00,464.00
FATIMA,VANILLA ANTIQUE TOP,BYREDO / VANILLA ANTIQUE TOP,S400327,1,1100.00,301.00
FATIMA,MARIJUANA,BYREDO / MARIJUANA,,1,630.00,172.00
FATIMA,DESERT DAWN TOP,BYREDO / DESERT DAWN TOP,S400442,1,1150.00,314.00
FATIMA,ALTO ASTRAL TOP,BYREDO / ALTO ASTRAL TOP,S400325,1,1300.00,355.00
FATIMA,LE DIX (2025) TOP,BALENCIAGA / LE DIX (2025) TOP,IP-199,1,2200.00,601.00
FATIMA,TWENTY FOUR SEVEN TOP,BALENCIAGA / TWENTY FOUR SEVEN TOP,IP-996,1,2000.00,546.00
FATIMA,AMOR AMOR,CACHAREL / AMOR AMOR,,1,475.00,130.00
FATIMA,AMBROXEN (POWER),COMPOUND / AMBROXEN (POWER),PBFHG,1,3300.00,901.00
FATIMA,AMBROXEN OIL,COMPOUND / AMBROXEN OIL,MO8455,1,800.00,218.00
FATIMA,HABANOLIDE,COMPOUND / HABANOLIDE,PB8547,1,900.00,245.00
FATIMA,HEDOINE,COMPOUND / HEDOINE,PB87,1,550.00,150.00
FATIMA,BENZOIN,COMPOUND / BENZOIN,PB878,1,1300.00,355.00
FATIMA,CASHMERAN,COMPOUND / CASHMERAN,PB845,1,1050.00,286.00
FATIMA,CETALOX,COMPOUND / CETALOX,PB5657,1,3100.00,846.00
FATIMA,ISO E SUPER,COMPOUND / ISO E SUPER,PB458,1,475.00,130.00
FATIMA,GLAXOLIDE,COMPOUND / GLAXOLIDE,PB45,1,450.00,123.00
FATIMA,ROSE MILK,COMPOUND / ROSE MILK,PB794,1,400.00,109.00
FATIMA,YES I AM FABULOUS,CACHAREL / YES I AM FABULOUS,,1,650.00,178.00
FATIMA,CR7,CRISTIANO RONALDO / CR7,S40018,1,260.00,71.00
FATIMA,C.K BEAUTY,CALVIN KLEIN / C.K BEAUTY,,1,490.00,134.00
FATIMA,CK ONE,CALVIN KLEIN / CK ONE,,1,475.00,130.00
FATIMA,DEEP EUPHORIA,CALVIN KLEIN / DEEP EUPHORIA,,1,475.00,130.00
FATIMA,COTTON MUSK BODY MIST,CALVIN KLEIN / COTTON MUSK BODY MIST,PB4575,1,550.00,150.00
FATIMA,ESCAPE WOMAN,CALVIN KLEIN / ESCAPE WOMAN,,1,475.00,130.00
FATIMA,ETERNITY AIR MEN,CALVIN KLEIN / ETERNITY AIR MEN,,1,475.00,130.00
FATIMA,ETERNITY AIR WOMAN,CALVIN KLEIN / ETERNITY AIR WOMAN,,1,475.00,130.00
FATIMA,ETERNITY FLAME,CALVIN KLEIN / ETERNITY FLAME,,1,475.00,130.00
FATIMA,ETERNITY MAN,CALVIN KLEIN / ETERNITY MAN,,1,475.00,130.00
FATIMA,ETERNITY WOMAN,CALVIN KLEIN / ETERNITY WOMAN,,1,475.00,130.00
FATIMA,EUPHORIA FORBIDDEN WOMAN,CALVIN KLEIN / EUPHORIA FORBIDDEN WOMAN,,1,500.00,137.00
FATIMA,EUPHORIA PURE GOLD MEN,CALVIN KLEIN / EUPHORIA PURE GOLD MEN,,1,475.00,130.00
FATIMA,EUPHORIA PURE GOLD WOMAN,CALVIN KLEIN / EUPHORIA PURE GOLD WOMAN,,1,475.00,130.00
FATIMA,EUPHORIA WOMAN,CALVIN KLEIN / EUPHORIA WOMAN,,1,475.00,130.00
FATIMA,WOMEN,CALVIN KLEIN / WOMEN,PB874,1,1300.00,355.00
FATIMA,CANALI DAL 1934,CANALI / CANALI DAL 1934,,1,1300.00,355.00
FATIMA,BLACK CALAMUS,CARNER BARCELONA / BLACK CALAMUS,,1,860.00,235.00
FATIMA,VOLCANO,CARNER BARCELONA / VOLCANO,,1,750.00,205.00
FATIMA,STALLION LEATHER SIROCCO,CAROLINA HERRERA / STALLION LEATHER SIROCCO,S400226,1,700.00,191.00
FATIMA,CEDAR CHIC TOP,CAROLINA HERRERA / CEDAR CHIC TOP,S40096,1,1000.00,273.00
FATIMA,STALLION LEATHER SUEDE,CAROLINA HERRERA / STALLION LEATHER SUEDE,S400191,1,840.00,229.00
FATIMA,VERY GOOD GIRL ELIXIR,CAROLINA HERRERA / VERY GOOD GIRL ELIXIR,PB8458,1,1050.00,286.00
FATIMA,GOOD GIRL SPARKLING ICE,CAROLINA HERRERA / GOOD GIRL SPARKLING ICE,PB5448,1,1050.00,286.00
FATIMA,BAD BOY COBALT ABSOLUTE,CAROLINA HERRERA / BAD BOY COBALT ABSOLUTE,S400280,1,660.00,180.00
FATIMA,GOOD GIRL SUPREME,CAROLINA HERRERA / GOOD GIRL SUPREME,PB5745,1,1050.00,286.00
FATIMA,BAD BOY COBALT ELIXIR,CAROLINA HERRERA / BAD BOY COBALT ELIXIR,PB8457,1,1200.00,327.00
FATIMA,BIRDS OF PARADISE FOR HER,CAROLINA HERRERA / BIRDS OF PARADISE FOR HER,PB547,1,900.00,245.00
FATIMA,CHIC FOR MEN,CAROLINA HERRERA / CHIC FOR MEN,PB4578,1,650.00,178.00
FATIMA,212 MAN,CAROLINA HERRERA / 212 MAN,,1,490.00,134.00
FATIMA,212 MEN ACQUA,CAROLINA HERRERA / 212 MEN ACQUA,,1,475.00,130.00
FATIMA,212 MEN ICE,CAROLINA HERRERA / 212 MEN ICE,,1,530.00,145.00
FATIMA,212 SEXY MAN,CAROLINA HERRERA / 212 SEXY MAN,,1,475.00,130.00
FATIMA,212 SEXY WOMAN,CAROLINA HERRERA / 212 SEXY WOMAN,,1,475.00,130.00
FATIMA,212 VIP CLUB,CAROLINA HERRERA / 212 VIP CLUB,,1,475.00,130.00
FATIMA,212 VIP BLACK,CAROLINA HERRERA / 212 VIP BLACK,S400396,1,410.00,112.00
FATIMA,212 VIP BLACK CAB,CAROLINA HERRERA / 212 VIP BLACK CAB,PB801,1,750.00,204.00
FATIMA,212 VIP ROSE CAB,CAROLINA HERRERA / 212 VIP ROSE CAB,S400409,1,690.00,188.00
FATIMA,212 VIP MEN TOP,CAROLINA HERRERA / 212 VIP MEN TOP,,1,750.00,205.00
FATIMA,212 VIP RED ROSE,CAROLINA HERRERA / 212 VIP RED ROSE,,1,475.00,130.00
FATIMA,212 VIP ROSE,CAROLINA HERRERA / 212 VIP ROSE,,1,475.00,130.00
FATIMA,BAD BOY,CAROLINA HERRERA / BAD BOY,,1,475.00,130.00
FATIMA,BRNING ROSE,CAROLINA HERRERA / BRNING ROSE,,1,475.00,130.00
FATIMA,CH CH MAN,CAROLINA HERRERA / CH CH MAN,,1,475.00,130.00
FATIMA,CH CH WOMAN,CAROLINA HERRERA / CH CH WOMAN,,1,475.00,130.00
FATIMA,GOOD GIRL TOP,CAROLINA HERRERA / GOOD GIRL TOP,S400303,1,950.00,260.00
FATIMA,MYSTERY TOBACCO,CAROLINA HERRERA / MYSTERY TOBACCO,,1,530.00,145.00
FATIMA,OUD COUTURE,CAROLINA HERRERA / OUD COUTURE,,1,475.00,130.00
FATIMA,GOOD GIRL JASMINE ABSOLUTE,CAROLINA HERRERA / GOOD GIRL JASMINE ABSOLUTE,S400502,1,640.00,174.00
FATIMA,BAD BOY COBALT PARFUM ELECTRIQUE,CAROLINA HERRERA / BAD BOY COBALT PARFUM ELECTRIQUE,PB0824,1,1050.00,286.00
FATIMA,VERY GOOD GIRL TOP,CAROLINA HERRERA / VERY GOOD GIRL TOP,,1,920.00,251.00
FATIMA,SAFFRON LAZULI,CAROLINA HERRERA / SAFFRON LAZULI,,1,590.00,161.00
FATIMA,212 VIP BLACK ELIXIR,CAROLINA HERRERA / 212 VIP BLACK ELIXIR,S400524,1,670.00,183.00
FATIMA,212 HEROES,CAROLINA HERRERA / 212 HEROES,,1,810.00,221.00
FATIMA,212 MEN HEROES FOREVER YOUNG,CAROLINA HERRERA / 212 MEN HEROES FOREVER YOUNG,,1,475.00,130.00
FATIMA,GOOD GIRL BLUSH,CAROLINA HERRERA / GOOD GIRL BLUSH,S40030,1,450.00,123.00
FATIMA,212 VIP ROSE LOVE NY,CAROLINA HERRERA / 212 VIP ROSE LOVE NY,,1,950.00,260.00
FATIMA,GOOD GIRL BLUSH ELIXIR,CAROLINA HERRERA / GOOD GIRL BLUSH ELIXIR,S40060,1,540.00,148.00
FATIMA,212 VIP BLACK NY RODEO,CAROLINA HERRERA / 212 VIP BLACK NY RODEO,PB4565,1,1050.00,286.00
FATIMA,LA BOMBA,CAROLINA HERRERA / LA BOMBA,,1,650.00,178.00
FATIMA,BAD BOY ELIXIR,CAROLINA HERRERA / BAD BOY ELIXIR,,1,1000.00,273.00
FATIMA,212 MEN,CAROLINA HERRERA / 212 MEN,,1,500.00,137.00
FATIMA,GOOD GIRL MIDNIGHT,CAROLINA HERRERA / GOOD GIRL MIDNIGHT,,1,475.00,130.00
FATIMA,CH BRIDS OF PARADISE FOR HIM,CAROLINA HERRERA / CH BRIDS OF PARADISE FOR HIM,,1,750.00,205.00
FATIMA,GOOD GIRL,CAROLINA HERRERA / GOOD GIRL,,1,475.00,130.00
FATIMA,POUR UN HOMME,CARON / POUR UN HOMME,,1,475.00,130.00
FATIMA,TABAC EXCUIS,CARON / TABAC EXCUIS,PB578.,1,1050.00,286.00
FATIMA,MUSC OLI,CARON / MUSC OLI,,1,590.00,161.00
FATIMA,TABAC EXQUIS,CARON / TABAC EXQUIS,,1,590.00,161.00
FATIMA,BLACK TIE TOP,CELINE / BLACK TIE TOP,IP-546,1,1100.00,301.00
FATIMA,COSMIC KYLE JENNER INTENSE,COSMIC KYLE / COSMIC KYLE JENNER INTENSE,S400511,1,660.00,180.00
FATIMA,KYLIE JENNER,COSMIC KYLE / KYLIE JENNER,PB58,1,1100.00,301.00
FATIMA,CARTIER PASHA,CARTIER / CARTIER PASHA,,1,475.00,130.00
FATIMA,PASHA DE CARTIER,CARTIER / PASHA DE CARTIER,PB487,1,750.00,205.00
FATIMA,CARTIER ROADSTER MAN,CARTIER / CARTIER ROADSTER MAN,,1,475.00,130.00
FATIMA,DECLARATION,CARTIER / DECLARATION,,1,475.00,130.00
FATIMA,LA PANTHERE LUZI TOP,CARTIER / LA PANTHERE LUZI TOP,,1,920.00,251.00
FATIMA,LA PANTHERE (MEDIUM),CARTIER / LA PANTHERE (MEDIUM),,1,475.00,130.00
FATIMA,MUST DE CARTIER GOLD,CARTIER / MUST DE CARTIER GOLD,,1,810.00,221.00
FATIMA,DECLARATION TOP,CARTIER / DECLARATION TOP,,1,700.00,191.00
FATIMA,OUD VANILLE,CARTIER / OUD VANILLE,,1,830.00,227.00
FATIMA,CEDARWOOD SUPER,CEDARWOOD SUPER / CEDARWOOD SUPER,,1,475.00,130.00
FATIMA,BLEU DE CHANEL TOP,CHANEL / BLEU DE CHANEL TOP,S400417,1,1200.00,328.00
FATIMA,BLEU DE CHANEL SUPER,CHANEL / BLEU DE CHANEL SUPER,S400268,1,600.00,164.00
FATIMA,BLEU DE CHANEL PARFUME TOP,CHANEL / BLEU DE CHANEL PARFUME TOP,S400323,1,1000.00,273.00
FATIMA,BOY CHANEL,CHANEL / BOY CHANEL,,1,475.00,130.00
FATIMA,CHANEL NO 5,CHANEL / CHANEL NO 5,S400342,1,750.00,205.00
FATIMA,CHANCE EAU TENDER,CHANEL / CHANCE EAU TENDER,,1,475.00,130.00
FATIMA,CHANCE EAU SPLENDIDE TOP,CHANEL / CHANCE EAU SPLENDIDE TOP,PB57874,1,1200.00,327.00
FATIMA,CHANEL 1957,CHANEL / CHANEL 1957,,1,750.00,205.00
FATIMA,ALLURE HOME SPORT TOP,CHANEL / ALLURE HOME SPORT TOP,S400380,1,750.00,205.00
FATIMA,CHANEL ALLURE POUR FEMME,CHANEL / CHANEL ALLURE POUR FEMME,,1,475.00,130.00
FATIMA,CHANEL CHANCE TOP,CHANEL / CHANEL CHANCE TOP,S400353,1,1000.00,273.00
FATIMA,CHANEL COCO TOP,CHANEL / CHANEL COCO TOP,S400147,1,800.00,219.00
FATIMA,COCO MADEMOISELLE TOP,CHANEL / COCO MADEMOISELLE TOP,S400357,1,750.00,205.00
FATIMA,COCO MADEMOISELL FRAGRANCE PREMIER 2025,CHANEL / COCO MADEMOISELL FRAGRANCE PREMIER 2025,S400165,1,540.00,147.00
FATIMA,CHANEL NO 19,CHANEL / CHANEL NO 19,,1,2180.00,596.00
FATIMA,COROMANDEL,CHANEL / COROMANDEL,,1,475.00,130.00
FATIMA,GABRIELLE,CHANEL / GABRIELLE,,1,475.00,130.00
FATIMA,GABRIELLE EDP 2017,CHANEL / GABRIELLE EDP 2017,PB870,1,900.00,245.00
FATIMA,SYCOMORE PERFUME,CHANEL / SYCOMORE PERFUME,PB497,1,1150.00,314.00
FATIMA,ALLURE HOME SPORT SUPERLEGGERA,CHANEL / ALLURE HOME SPORT SUPERLEGGERA,PB517,1,1050.00,286.00
FATIMA,COCO NOIR,CHANEL / COCO NOIR,PB970,1,800.00,218.00
FATIMA,ALLURE HOMME EDITION BLANCHE,CHANEL / ALLURE HOMME EDITION BLANCHE,pb475,1,900.00,245.00
FATIMA,CHANEL CHANCE VIVIE,CHANEL / CHANEL CHANCE VIVIE,PB248,1,800.00,218.00
FATIMA,GABRIELLE ESSENCE TOP,CHANEL / GABRIELLE ESSENCE TOP,PB587,1,800.00,218.00
FATIMA,GABRIELLE ESSENCE,CHANEL / GABRIELLE ESSENCE,,1,475.00,130.00
FATIMA,LES EXCLUSIVE COROMANDEL,CHANEL / LES EXCLUSIVE COROMANDEL,,1,1300.00,355.00
FATIMA,PARIS-DEAUVILLE,CHANEL / PARIS-DEAUVILLE,,1,920.00,251.00
FATIMA,CHANCE EAU FRAICHE TOP,CHANEL / CHANCE EAU FRAICHE TOP,S400346,1,920.00,251.00
FATIMA,COCO MADEMOISELLE L'EAU PRIVEE,CHANEL / COCO MADEMOISELLE L'EAU PRIVEE,,1,475.00,130.00
FATIMA,SYCOMORE,CHANEL / SYCOMORE,,1,1200.00,328.00
FATIMA,N°1 DE CHANEL L'EAU ROUGE,CHANEL / N°1 DE CHANEL L'EAU ROUGE,,1,800.00,219.00
FATIMA,GABRIELLE PARFUM,CHANEL / GABRIELLE PARFUM,,1,850.00,232.00
FATIMA,PARIS-PARIS,CHANEL / PARIS-PARIS,,1,850.00,232.00
FATIMA,COMETE,CHANEL / COMETE,,1,1350.00,369.00
FATIMA,COCO MADEMOISELLE INTENSE W,CHANEL / COCO MADEMOISELLE INTENSE W,,1,475.00,130.00
FATIMA,ALLURE HOMME SPORT SUPERLEGGERA TOP,CHANEL / ALLURE HOMME SPORT SUPERLEGGERA TOP,,1,1450.00,396.00
FATIMA,CHANCE EAU SPLENDIDE,CHANEL / CHANCE EAU SPLENDIDE,,1,530.00,145.00
FATIMA,BLEU DE CHANEL L'EXCLUSIF TOP,CHANEL / BLEU DE CHANEL L'EXCLUSIF TOP,S400339,1,900.00,246.00
FATIMA,CHANEL CHANCE,CHANEL / CHANEL CHANCE,,1,990.00,270.00
FATIMA,CHANCE EAU TENDRE TOP,CHANEL / CHANCE EAU TENDRE TOP,S400304,1,900.00,246.00
FATIMA,EGOISTE PLATINUM NO,CHANEL / EGOISTE PLATINUM NO,,1,1000.00,273.00
FATIMA,COSMIC POWER,CHARLOTTE TILBURY / COSMIC POWER,,1,670.00,183.00
FATIMA,EAU DE PARFUM,CHLOE / EAU DE PARFUM,PB875,1,900.00,245.00
FATIMA,EAU DE PARFUM INTENSE 2024,CHLOE / EAU DE PARFUM INTENSE 2024,PB.8,1,1400.00,382.00
FATIMA,NOMADE,CHLOE / NOMADE,PB.98,1,1100.00,301.00
FATIMA,"CHLOE , BELLE FOR WOMAN","CHLOE / CHLOE , BELLE FOR WOMAN",,1,475.00,130.00
FATIMA,VETIVER D HAITI AU THE VERT,CHOPARD / VETIVER D HAITI AU THE VERT,PB807,1,1700.00,464.00
FATIMA,MALAKI LEATHER,CHOPARD / MALAKI LEATHER,PB-80,1,1300.00,355.00
FATIMA,OUD MALAKI,CHOPARD / OUD MALAKI,S400255,1,530.00,145.00
FATIMA,1000 MAI CHOPART,CHOPARD / 1000 MAI CHOPART,,1,475.00,130.00
FATIMA,CEDAR MALAKI,CHOPARD / CEDAR MALAKI,,1,830.00,227.00
FATIMA,AROMATICS IN BLACK,CLINIQUE HAPPY / AROMATICS IN BLACK,,1,475.00,130.00
FATIMA,HAPPY FOR MEN TOP,CLINIQUE HAPPY / HAPPY FOR MEN TOP,,1,730.00,199.00
FATIMA,HAPPY FOR MEN (MEDIUM),CLINIQUE HAPPY / HAPPY FOR MEN (MEDIUM),,1,475.00,130.00
FATIMA,HAPPY FOR WOMEN,CLINIQUE HAPPY / HAPPY FOR WOMEN,,1,530.00,145.00
FATIMA,BLONDE AMBER TOP,CLIVE CHRISTIAN / BLONDE AMBER TOP,S400426,1,1050.00,287.00
FATIMA,TIMMELESS,CLIVE CHRISTIAN / TIMMELESS,,1,2000.00,546.00
FATIMA,INOX TOP,CLIVE CHRISTIAN / INOX TOP,IS-107,1,1900.00,519.00
FATIMA,MATSUKITA TOP,CLIVE CHRISTIAN / MATSUKITA TOP,S400130,1,850.00,232.00
FATIMA,ICONIC FEMININE,CLIVE CHRISTIAN / ICONIC FEMININE,PB4848,1,1400.00,382.00
FATIMA,RED TEA VETIVER,CLIVE CHRISTIAN / RED TEA VETIVER,PB57412,1,1300.00,355.00
FATIMA,20 ICONIC MASCULINE,CLIVE CHRISTIAN / 20 ICONIC MASCULINE,PB574,1,1300.00,355.00
FATIMA,CRAB APPLE BLOSSOM,CLIVE CHRISTIAN / CRAB APPLE BLOSSOM,PB5247,1,1300.00,355.00
FATIMA,JUMP UP AND KISS ME HEDONISTIC,CLIVE CHRISTIAN / JUMP UP AND KISS ME HEDONISTIC,IP-487,1,1300.00,355.00
FATIMA,WONDER WOOD TOP,COMME DES GARCONS / WONDER WOOD TOP,PB52745,1,750.00,204.00
FATIMA,STRANGE HEAVENS OUT OF THE BLUE,CLIVE CHRISTIAN / STRANGE HEAVENS OUT OF THE BLUE,S400407,1,680.00,185.00
FATIMA,NO.1 FEM CLIVE CHRISTIN,CLIVE CHRISTIAN / NO.1 FEM CLIVE CHRISTIN,,1,1400.00,383.00
FATIMA,GOURMAND ORIENTAL WITH SWEET CLOVE MEN,CLIVE CHRISTIAN / GOURMAND ORIENTAL WITH SWEET CLOVE MEN,,1,1250.00,342.00
FATIMA,NO 1 FOR MEN,CLIVE CHRISTIAN / NO 1 FOR MEN,S40021,1,600.00,164.00
FATIMA,1872 FOR MEN,CLIVE CHRISTIAN / 1872 FOR MEN,S40037,1,640.00,175.00
FATIMA,X FOR MEN,CLIVE CHRISTIAN / X FOR MEN,S40071,1,1000.00,273.00
FATIMA,TOWN & COUNTRY,CLIVE CHRISTIAN / TOWN & COUNTRY,PB475,1,1300.00,355.00
FATIMA,MATSUKITA,CLIVE CHRISTIAN / MATSUKITA,,1,1050.00,287.00
FATIMA,COACH MAN,COACH / COACH MAN,,1,475.00,130.00
FATIMA,COACH PLATINUM,COACH / COACH PLATINUM,,1,475.00,130.00
FATIMA,COFFEE,COFFEE / COFFEE,,1,420.00,115.00
FATIMA,RAMAGE,COLOGNE / RAMAGE,,1,400.00,109.00
FATIMA,FLEURS D' AMOURE,COLOGNE / FLEURS D' AMOURE,,1,400.00,109.00
FATIMA,COMPOUND AA,COMPOUND AA / COMPOUND AA,,1,1140.00,311.00
FATIMA,SCENT INTENSE,COSTUME NATIONAL / SCENT INTENSE,,1,670.00,183.00
FATIMA,ABEER,CREATION / ABEER,,1,530.00,145.00
FATIMA,GOLDEN DUST TOP,CREATION / GOLDEN DUST TOP,S400371,1,450.00,123.00
FATIMA,COSMEA,CREATION / COSMEA,,1,475.00,130.00
FATIMA,GOLDEN DUST,CREATION / GOLDEN DUST,S400138,1,250.00,68.00
FATIMA,SILVER DUST,CREATION / SILVER DUST,S400146,1,330.00,90.00
FATIMA,EGYPTIAN MUSK,CREATION / EGYPTIAN MUSK,S400144,1,250.00,68.00
FATIMA,ZAMZAM,CREATION / ZAMZAM,,1,500.00,137.00
FATIMA,TIB EL YAMEN,CREATION / TIB EL YAMEN,,1,475.00,130.00
FATIMA,WHITE OUD,CREATION / WHITE OUD,,1,475.00,130.00
FATIMA,ROSE AND MUSK,CREATION / ROSE AND MUSK,,1,510.00,139.00
FATIMA,WHITE MUSK,CREATION / WHITE MUSK,,1,425.00,116.00
FATIMA,SOFT ROSE & OUD,CREATION / SOFT ROSE & OUD,,1,590.00,161.00
FATIMA,GOLDEN PEAK,CREATION / GOLDEN PEAK,,1,810.00,221.00
FATIMA,SHAIKH HAMDAN TOP,CREATION / SHAIKH HAMDAN TOP,,1,1960.00,536.00
FATIMA,SHAIKH HAMDAN (MEDIUM),CREATION / SHAIKH HAMDAN (MEDIUM),,1,1190.00,325.00
FATIMA,DOMINATOR,CREATION / DOMINATOR,,1,530.00,145.00
FATIMA,ESCAFAWA LUZI,CREATION / ESCAFAWA LUZI,,1,475.00,130.00
FATIMA,MAGIC FRUIT,CREATION / MAGIC FRUIT,,1,475.00,130.00
FATIMA,ABEER BAKHOOR,CREATION / ABEER BAKHOOR,,1,475.00,130.00
FATIMA,RASPBERRY IN BLUE,CREATION / RASPBERRY IN BLUE,,1,475.00,130.00
FATIMA,THREE G,CREATION / THREE G,,1,475.00,130.00
FATIMA,SWEET BAKHOOR,CREATION / SWEET BAKHOOR,,1,600.00,163.00
FATIMA,SULTAN,CREATION / SULTAN,,1,590.00,161.00
FATIMA,TOOTSY,CREATION / TOOTSY,,1,475.00,130.00
FATIMA,WARD AL TAIF,CREATION / WARD AL TAIF,,1,860.00,235.00
FATIMA,ORIENTAL BAKHOOR,CREATION / ORIENTAL BAKHOOR,,1,530.00,145.00
FATIMA,NEW ORIENTAL FITNESS,CREATION / NEW ORIENTAL FITNESS,,1,475.00,130.00
FATIMA,SUISSE ESSENCE,CREATION / SUISSE ESSENCE,,1,1300.00,355.00
FATIMA,MUSSABIT,CREATION / MUSSABIT,,1,700.00,191.00
FATIMA,BLUE OUD,CREATION / BLUE OUD,,1,730.00,199.00
FATIMA,DESERT BLOOM,CREATION / DESERT BLOOM,,1,1960.00,536.00
FATIMA,EMBERGRAIN,CREATION / EMBERGRAIN,,1,1780.00,486.00
FATIMA,FUNDAMENT,CREATION / FUNDAMENT,,1,1980.00,541.00
FATIMA,STRATA OF STONE,CREATION / STRATA OF STONE,,1,1920.00,525.00
FATIMA,FRAISE,CREATION / FRAISE,S400216,1,250.00,68.00
FATIMA,SWEET SALINE,CREATION / SWEET SALINE,,1,1720.00,470.00
FATIMA,VERDANT,CREATION / VERDANT,,1,1940.00,530.00
FATIMA,FALAK,CREATION / FALAK,,1,670.00,183.00
FATIMA,MY FIRST ROSE,CREATION / MY FIRST ROSE,,1,475.00,130.00
FATIMA,SMOKE ROSE,CREATION / SMOKE ROSE,,1,550.00,150.00
FATIMA,ROSE WINE,CREATION / ROSE WINE,,1,475.00,130.00
FATIMA,ACQUA FUTURA,CREATION / ACQUA FUTURA,,1,1900.00,519.00
FATIMA,ELUSIVE FOREST,CREATION / ELUSIVE FOREST,,1,1750.00,478.00
FATIMA,INFINITE LIGHT,CREATION / INFINITE LIGHT,,1,1500.00,410.00
FATIMA,SOLAR STONE,CREATION / SOLAR STONE,,1,1400.00,383.00
FATIMA,WOOD REFLECTION,CREATION / WOOD REFLECTION,,1,1650.00,451.00
FATIMA,CHOCOLATE WOOD,CREATION / CHOCOLATE WOOD,,1,400.00,109.00
FATIMA,DARK CHOCOLATE EARTH,CREATION / DARK CHOCOLATE EARTH,,1,400.00,109.00
FATIMA,MANGO CHOCOLATE FIRE,CREATION / MANGO CHOCOLATE FIRE,,1,400.00,109.00
FATIMA,MAGNETIC SEDUCTION,CREATION / MAGNETIC SEDUCTION,,1,1050.00,287.00
FATIMA,OUD PASSION,CREATION / OUD PASSION,,1,475.00,130.00
FATIMA,ORIGINAL SANTAL TOP,CREED / ORIGINAL SANTAL TOP,S40051,1,1200.00,327.00
FATIMA,ROYAL MAYFAIR 2024,CREED / ROYAL MAYFAIR 2024,PB848,1,1400.00,382.00
FATIMA,ROYAL MAYFAIR 2015,CREED / ROYAL MAYFAIR 2015,IF-475,1,1500.00,409.00
FATIMA,FLEURISSIMO,CREED / FLEURISSIMO,PB574,1,1500.00,409.00
FATIMA,FRAGARIA,CREED / FRAGARIA,PB486,1,1200.00,327.00
FATIMA,ROYAL WATER,CREED / ROYAL WATER,PB487,1,1050.00,286.00
FATIMA,SUBLIME VANILLA TOP,CREED / SUBLIME VANILLA TOP,IP8042,1,1200.00,327.00
FATIMA,SPRING FLOWERS,CREED / SPRING FLOWERS,PB847,1,800.00,218.00
FATIMA,SPICE & WOOD,CREED / SPICE & WOOD,PB278,1,1200.00,327.00
FATIMA,AVENTUS COLONGE TOP,CREED / AVENTUS COLONGE TOP,IP-487,1,1400.00,382.00
FATIMA,LOVE IN WHITE,CREED / LOVE IN WHITE,PB854,1,750.00,204.00
FATIMA,ORGINAL VETIVER 2024 TOP,CREED / ORGINAL VETIVER 2024 TOP,S400529,1,1050.00,286.00
FATIMA,ORGINAL VETIVER,CREED / ORGINAL VETIVER,PB4784,1,1100.00,301.00
FATIMA,VIRGIN ISLAND WATER,CREED / VIRGIN ISLAND WATER,PB54778,1,1200.00,327.00
FATIMA,ROYAL OUD TOP,CREED / ROYAL OUD TOP,S400541,1,1600.00,437.00
FATIMA,MILLESIME IMPERIAL TOP,CREED / MILLESIME IMPERIAL TOP,S40050,1,1300.00,355.00
FATIMA,TABAROME MILLESIME,CREED / TABAROME MILLESIME,PB507,1,1050.00,286.00
FATIMA,CREED AVENTUS TOP,CREED / CREED AVENTUS TOP,S400365,1,1600.00,437.00
FATIMA,CREED AVENTUS SUPER,CREED / CREED AVENTUS SUPER,S40017,1,550.00,150.00
FATIMA,CREED BLACK,CREED / CREED BLACK,,1,475.00,130.00
FATIMA,WILD VETIVER TOP,CREED / WILD VETIVER TOP,S400499,1,1200.00,327.00
FATIMA,GREEN IRISH TWEED TOP,CREED / GREEN IRISH TWEED TOP,S400356,1,550.00,150.00
FATIMA,SILVER MOUNTAIN WATER TOP,CREED / SILVER MOUNTAIN WATER TOP,S40082,1,730.00,199.00
FATIMA,SILVER MOUNTAIN WATER SP,CREED / SILVER MOUNTAIN WATER SP,S400321,1,450.00,123.00
FATIMA,PURE WHITE COLOGNE,CREED / PURE WHITE COLOGNE,,1,590.00,161.00
FATIMA,ROYAL OUD CREED,CREED / ROYAL OUD CREED,,1,475.00,130.00
FATIMA,VIKING,CREED / VIKING,,1,475.00,130.00
FATIMA,WHITE AMBER,CREED / WHITE AMBER,,1,475.00,130.00
FATIMA,AVENTUS FOR HER TOP,CREED / AVENTUS FOR HER TOP,S400375,1,1080.00,295.00
FATIMA,VIKING COLOGNE MEN,CREED / VIKING COLOGNE MEN,,1,810.00,221.00
FATIMA,CREED AVENTUS 10TH ANNIVERSARY,CREED / CREED AVENTUS 10TH ANNIVERSARY,,1,1190.00,325.00
FATIMA,WIND FLOWERS,CREED / WIND FLOWERS,,1,800.00,219.00
FATIMA,CARMINA,CREED / CARMINA,,1,550.00,150.00
FATIMA,ABSOLU AVENTUS SP,CREED / ABSOLU AVENTUS SP,S400393,1,300.00,81.00
FATIMA,QUEEN OF SILK,CREED / QUEEN OF SILK,,1,1080.00,295.00
FATIMA,SPRING FLOWER 2023,CREED / SPRING FLOWER 2023,,1,1500.00,410.00
FATIMA,ELADARIA,CREED / ELADARIA,,1,1250.00,342.00
FATIMA,SUBIIME VANILLE,CREED / SUBIIME VANILLE,,1,1050.00,287.00
FATIMA,OUD ZARIAN TOP,CREED / OUD ZARIAN TOP,S400308,1,1450.00,396.00
FATIMA,ABSOLU AVENTUS TOP,CREED / ABSOLU AVENTUS TOP,S400312,1,1150.00,314.00
FATIMA,CENTAURUS,CREED / CENTAURUS,,1,780.00,213.00
FATIMA,DELPHINUS,CREED / DELPHINUS,,1,1000.00,273.00
FATIMA,TONKA LATTE,DUSITA / TONKA LATTE,S400180,1,600.00,164.00
FATIMA,DKNY BE DELICIOUS LATTE VANILLA,DONNA KARAN / DKNY BE DELICIOUS LATTE VANILLA,S400513,1,650.00,177.00
FATIMA,DNKY BE DELICIOUS LATTE MATCHA,DONNA KARAN / DNKY BE DELICIOUS LATTE MATCHA,S400243,1,555.00,151.00
FATIMA,DNKY BE DELICIOUS LATTE PISTACHIO,DONNA KARAN / DNKY BE DELICIOUS LATTE PISTACHIO,S400259,1,680.00,185.00
FATIMA,VELVET PASSION OUD,D & G / VELVET PASSION OUD,,1,1150.00,314.00
FATIMA,FEFE,D & G / FEFE,S400166,1,500.00,137.00
FATIMA,DGVIB3 EAU DE PARFUM,D & G / DGVIB3 EAU DE PARFUM,S400383,1,600.00,164.00
FATIMA,3 L' IMPERATRICE,D & G / 3 L' IMPERATRICE,,1,530.00,145.00
FATIMA,THE ONE WOMAN,D & G / THE ONE WOMAN,,1,475.00,130.00
FATIMA,THE ONE FOR MEN TOP,D & G / THE ONE FOR MEN TOP,S40045,1,650.00,177.00
FATIMA,YOUR DEVOUTION EDP INTENSE TOP,D & G / YOUR DEVOUTION EDP INTENSE TOP,S400510,1,850.00,232.00
FATIMA,DOLCE GARDEN,D & G / DOLCE GARDEN,,1,590.00,161.00
FATIMA,DEVOTION INTENSE TOP,D & G / DEVOTION INTENSE TOP,S400465,1,850.00,232.00
FATIMA,LEMON,D & G / LEMON,S400203,1,700.00,191.00
FATIMA,GREY,D & G / GREY,,1,475.00,130.00
FATIMA,INTENSE WOMAN,D & G / INTENSE WOMAN,,1,475.00,130.00
FATIMA,INTENSO D & G,D & G / INTENSO D & G,,1,475.00,130.00
FATIMA,BY K,D & G / BY K,S400263,1,710.00,194.00
FATIMA,VELVET HONEY SANTAL,D & G / VELVET HONEY SANTAL,S400423,1,700.00,191.00
FATIMA,LIGHT BLUE W TOP,D & G / LIGHT BLUE W TOP,,1,700.00,191.00
FATIMA,LIGHT BLUE LOVE IS LOVE,D & G / LIGHT BLUE LOVE IS LOVE,,1,475.00,130.00
FATIMA,LIGHT BLUE POUR HOMME,D & G / LIGHT BLUE POUR HOMME,,1,750.00,205.00
FATIMA,THE ONE MYSTERIOUS,D & G / THE ONE MYSTERIOUS,,1,810.00,221.00
FATIMA,THE ONLY ONE TOP,D & G / THE ONLY ONE TOP,S400150,1,630.00,172.00
FATIMA,VELVET DESERT OUD TOP,D & G / VELVET DESERT OUD TOP,S400338,1,700.00,191.00
FATIMA,VELVET INCENSO (MEDIUM),D & G / VELVET INCENSO (MEDIUM),,1,530.00,145.00
FATIMA,VELVET ORIENTAL MUSK TOP,D & G / VELVET ORIENTAL MUSK TOP,,1,860.00,235.00
FATIMA,THE ONE POUR HOMME PARFUM,D & G / THE ONE POUR HOMME PARFUM,S400253,1,645.00,176.00
FATIMA,ROSE THE ONE,D & G / ROSE THE ONE,,1,475.00,130.00
FATIMA,THE ONE LUMINOUS NIGHT,D & G / THE ONE LUMINOUS NIGHT,,1,475.00,130.00
FATIMA,LIGHT BLUE FOREVER,D & G / LIGHT BLUE FOREVER,,1,810.00,221.00
FATIMA,VELVET BLACK PATCHOULI TOP,D & G / VELVET BLACK PATCHOULI TOP,,1,750.00,205.00
FATIMA,THE ONLY GREY,D & G / THE ONLY GREY,,1,640.00,175.00
FATIMA,THE ONLY ONE 2,D & G / THE ONLY ONE 2,,1,590.00,161.00
FATIMA,L' IMPERATRICE 2020 LIMITED EDITION,D & G / L' IMPERATRICE 2020 LIMITED EDITION,,1,810.00,221.00
FATIMA,DOLCE,D & G / DOLCE,,1,500.00,137.00
FATIMA,Q BY DOICE & GABBANA,D & G / Q BY DOICE & GABBANA,,1,850.00,232.00
FATIMA,LIGHT BLUE SUMMER VIBES,D & G / LIGHT BLUE SUMMER VIBES,,1,475.00,130.00
FATIMA,DEVOTION,D & G / DEVOTION,,1,600.00,164.00
FATIMA,K BY DOLCE & GABBANA EDP INTENSE,D & G / K BY DOLCE & GABBANA EDP INTENSE,,1,570.00,156.00
FATIMA,VELVET ZAFFERANO TOP,D & G / VELVET ZAFFERANO TOP,,1,1000.00,273.00
FATIMA,DEVOTION EDP INTENSE,D & G / DEVOTION EDP INTENSE,,1,560.00,153.00
FATIMA,DOLCE BLUE JASMINE,D & G / DOLCE BLUE JASMINE,,1,500.00,137.00
FATIMA,DEVOTION FOR MEN,D & G / DEVOTION FOR MEN,,1,790.00,216.00
FATIMA,PINEAPPLE,D&G / PINEAPPLE,S400168,1,860.00,235.00
FATIMA,DALAH AL BANAT,DALAH AL BANAT / DALAH AL BANAT,,1,475.00,130.00
FATIMA,DUNIYA TOP,DANAT AL DUNIYA / DUNIYA TOP,,1,550.00,150.00
FATIMA,DANAT AL DUNIYA (MEDIUM),DANAT AL DUNIYA / DANAT AL DUNIYA (MEDIUM),,1,475.00,130.00
FATIMA,DAVID BECKHAM FOLLOW YOUR INSTINCT 2019,DAVID BECKHAM / DAVID BECKHAM FOLLOW YOUR INSTINCT 2019,,1,530.00,145.00
FATIMA,COOL WATER MEN,DAVIDOFF / COOL WATER MEN,S400381,1,450.00,123.00
FATIMA,COOL WATER WAVE MEN,DAVIDOFF / COOL WATER WAVE MEN,,1,475.00,130.00
FATIMA,COOL WATER WOMAN,DAVIDOFF / COOL WATER WOMAN,S400373,1,300.00,82.00
FATIMA,COOL WATER WOMAN BLUE,DAVIDOFF / COOL WATER WOMAN BLUE,,1,475.00,130.00
FATIMA,DAVIDOFF HOT WATER,DAVIDOFF / DAVIDOFF HOT WATER,,1,475.00,130.00
FATIMA,HORIZON,DAVIDOFF / HORIZON,,1,475.00,130.00
FATIMA,RUN WILD FOR HIM,DAVIDOFF / RUN WILD FOR HIM,,1,475.00,130.00
FATIMA,INDIGO,DAVIDOFF / INDIGO,,1,700.00,191.00
FATIMA,WOOD BLEND,DAVIDOFF / WOOD BLEND,,1,475.00,130.00
FATIMA,COOL ELIXIR,DAVIDOFF / COOL ELIXIR,,1,890.00,243.00
FATIMA,AMBER VANILLA PATCHOULI,DE LA SULTANE DE SABA / AMBER VANILLA PATCHOULI,,1,575.00,157.00
FATIMA,BAD INTENSE,DIESEL / BAD INTENSE,,1,475.00,130.00
FATIMA,DIESEL ONLY TATTOO,DIESEL / DIESEL ONLY TATTOO,,1,475.00,130.00
FATIMA,ONLY THE BRAVE,DIESEL / ONLY THE BRAVE,,1,475.00,130.00
FATIMA,ONLY THE BRAVE STREET,DIESEL / ONLY THE BRAVE STREET,,1,475.00,130.00
FATIMA,ADRESS,DIFFUSER OIL / ADRESS,S40021,1,260.00,71.00
FATIMA,LIMON LIMA,DIFFUSER OIL / LIMON LIMA,S40025,1,185.00,50.00
FATIMA,FEROE,DIFFUSER OIL / FEROE,S40026,1,315.00,86.00
FATIMA,WILD PETAL,DIFFUSER OIL / WILD PETAL,S40018,1,185.00,50.00
FATIMA,ORANGE TATERA,DIFFUSER OIL / ORANGE TATERA,S40020,1,240.00,66.00
FATIMA,HARMONY,DIFFUSER OIL / HARMONY,S40022,1,260.00,71.00
FATIMA,VANILLA,DIFFUSER OIL / VANILLA,S40023,1,200.00,54.00
FATIMA,SENDOA BLUE,DIFFUSER OIL / SENDOA BLUE,S40024,1,400.00,109.00
FATIMA,SENSE ALL,DIFFUSER OIL / SENSE ALL,,1,450.00,123.00
FATIMA,OUD SOLEL,DIFFUSER OIL / OUD SOLEL,F-47855,1,250.00,68.00
FATIMA,TURKISH COFFEE,DIFFUSER OIL / TURKISH COFFEE,,1,475.00,130.00
FATIMA,WONDER HOTEL,DIFFUSER OIL / WONDER HOTEL,,1,450.00,123.00
FATIMA,MAINSAIL,DIFFUSER OIL / MAINSAIL,,1,450.00,123.00
FATIMA,GINGR EARTH,DIFFUSER OIL / GINGR EARTH,,1,450.00,123.00
FATIMA,OUDY HOME,DIFFUSER OIL / OUDY HOME,,1,450.00,123.00
FATIMA,FRANGIPANI,DIFFUSER OIL / FRANGIPANI,,1,450.00,123.00
FATIMA,GINGER BLOSSOM,DIFFUSER OIL / GINGER BLOSSOM,,1,450.00,123.00
FATIMA,FEVE DELICIEUS TOP,DIOR / FEVE DELICIEUS TOP,IP-840,1,1400.00,382.00
FATIMA,CUIR SADDLE,DIOR / CUIR SADDLE,,1,1400.00,382.00
FATIMA,ADDICT PURPLE GLOW DIOR,DIOR / ADDICT PURPLE GLOW DIOR,IP-02,1,1300.00,355.00
FATIMA,NEW LOOK,DIOR / NEW LOOK,,1,1080.00,295.00
FATIMA,AMBRE NUIT,DIOR / AMBRE NUIT,S400260,1,581.00,159.00
FATIMA,DIOR ADDICT TOP,DIOR / DIOR ADDICT TOP,S400163,1,800.00,219.00
FATIMA,EAU SAUVAGE,DIOR / EAU SAUVAGE,PB26,1,1400.00,382.00
FATIMA,BOIS TALISMAN,DIOR / BOIS TALISMAN,S400135,1,800.00,218.00
FATIMA,LUCKY,DIOR / LUCKY,PB025,1,1200.00,327.00
FATIMA,FAHRENHEIT,DIOR / FAHRENHEIT,S40068,1,560.00,153.00
FATIMA,FAHRENHEIT ABSOLUTE,DIOR / FAHRENHEIT ABSOLUTE,IP-09,1,850.00,232.00
FATIMA,GRIS MONTAIGNE,DIOR / GRIS MONTAIGNE,,1,510.00,139.00
FATIMA,HOLY PEONY,DIOR / HOLY PEONY,,1,620.00,169.00
FATIMA,HYPNOTIC POISON,DIOR / HYPNOTIC POISON,,1,500.00,137.00
FATIMA,J ADORE TOP,DIOR / J ADORE TOP,S400328,1,700.00,191.00
FATIMA,J ADORE IOR,DIOR / J ADORE IOR,IP 090,1,1050.00,286.00
FATIMA,J ADORE INTENSE,DIOR / J ADORE INTENSE,S400424,1,630.00,172.00
FATIMA,JOY,DIOR / JOY,,1,475.00,130.00
FATIMA,MISS DIOR TOP,DIOR / MISS DIOR TOP,S400378,1,900.00,245.00
FATIMA,MISS DIOR CHERIE,DIOR / MISS DIOR CHERIE,,1,475.00,130.00
FATIMA,MISS DIOR EDP 2017,DIOR / MISS DIOR EDP 2017,,1,475.00,130.00
FATIMA,MISS DIOR N ROSES,DIOR / MISS DIOR N ROSES,,1,475.00,130.00
FATIMA,OUD ISPHAHAN TOP,DIOR / OUD ISPHAHAN TOP,S400261,1,700.00,191.00
FATIMA,POISON,DIOR / POISON,,1,500.00,137.00
FATIMA,POISON GIRL,DIOR / POISON GIRL,,1,500.00,137.00
FATIMA,POISON GIRL UNEXPECTED,DIOR / POISON GIRL UNEXPECTED,,1,475.00,130.00
FATIMA,PURE POISON,DIOR / PURE POISON,,1,500.00,137.00
FATIMA,PURPLE OUD TOP,DIOR / PURPLE OUD TOP,S400161,1,810.00,221.00
FATIMA,SAUVAGE TOP,DIOR / SAUVAGE TOP,S400358,1,1200.00,328.00
FATIMA,SAUVAGE SUPER,DIOR / SAUVAGE SUPER,S400175,1,700.00,191.00
FATIMA,SAUVAGE VERY COOL SPRAY,DIOR / SAUVAGE VERY COOL SPRAY,,1,640.00,175.00
FATIMA,OUD ROSEWOOD TOP,DIOR / OUD ROSEWOOD TOP,,1,1080.00,295.00
FATIMA,ROUGE TRAFALGAR TOP,DIOR / ROUGE TRAFALGAR TOP,S40105,1,600.00,164.00
FATIMA,ROUGE TRAFALGAR ESPIRIT DE PARFUM TOP,DIOR / ROUGE TRAFALGAR ESPIRIT DE PARFUM TOP,S400427,1,1400.00,383.00
FATIMA,TOBACOLOR TOP,DIOR / TOBACOLOR TOP,,1,920.00,251.00
FATIMA,EDEN ROC,DIOR / EDEN ROC,,1,530.00,145.00
FATIMA,SANTAL NOIR,DIOR / SANTAL NOIR,,1,530.00,145.00
FATIMA,SAUVAGE ELIXIR,DIOR / SAUVAGE ELIXIR,S40046,1,550.00,150.00
FATIMA,VANILLA DIORAMA,DIOR / VANILLA DIORAMA,,1,810.00,221.00
FATIMA,LEATHER OUD,DIOR / LEATHER OUD,,1,475.00,130.00
FATIMA,MISS DIOR BLOOMING BOUQUET TOP,DIOR / MISS DIOR BLOOMING BOUQUET TOP,S40069,1,600.00,164.00
FATIMA,BOIS D' ARGENT,DIOR / BOIS D' ARGENT,,1,475.00,130.00
FATIMA,ADDICT EDP,DIOR / ADDICT EDP,,1,475.00,130.00
FATIMA,DIOR HOMME SPORT 2021 TOP,DIOR / DIOR HOMME SPORT 2021 TOP,S40076,1,750.00,205.00
FATIMA,PATCHOULI ELIXIR PRECIEUX,DIOR / PATCHOULI ELIXIR PRECIEUX,,1,850.00,232.00
FATIMA,MISS DIOR ROSE ESSENCE,DIOR / MISS DIOR ROSE ESSENCE,,1,980.00,268.00
FATIMA,MISS DIOR PARFUM TOP,DIOR / MISS DIOR PARFUM TOP,T-548W0,1,900.00,246.00
FATIMA,MISS DIOR EDP,DIOR / MISS DIOR EDP,,1,800.00,219.00
FATIMA,SAKURA TOP,DIOR / SAKURA TOP,S400145,1,1000.00,273.00
FATIMA,DIOR HOMME PARFUM 2025 TOP,DIOR / DIOR HOMME PARFUM 2025 TOP,S400468,1,1200.00,328.00
FATIMA,ROSE STAR,DIOR / ROSE STAR,,1,1900.00,519.00
FATIMA,MISS DIOR ESSENCE,DIOR / MISS DIOR ESSENCE,,1,1000.00,273.00
FATIMA,DIOR HOMME INTENSE,DIOR / DIOR HOMME INTENSE,S40022,1,620.00,169.00
FATIMA,FOREVER AND EVER,DIOR / FOREVER AND EVER,S40023,1,600.00,164.00
FATIMA,SAUVAGE EAU FORTE,DIOR / SAUVAGE EAU FORTE,,1,700.00,191.00
FATIMA,SPICE BLEND,DIOR / SPICE BLEND,,1,670.00,183.00
FATIMA,VOLUTES EAU DE PARFUM,DIPTIQUE / VOLUTES EAU DE PARFUM,,1,1030.00,281.00
FATIMA,LAZULI,DIPTIQUE / LAZULI,S400198,1,1000.00,273.00
FATIMA,FLUER DE PEAU EDP,DIPTIQUE / FLUER DE PEAU EDP,,1,1050.00,287.00
FATIMA,ORPHEON 2026,DIPTIQUE / ORPHEON 2026,S400230,1,660.00,180.00
FATIMA,ORPHEON EAU DE PARFUM,DIPTIQUE / ORPHEON EAU DE PARFUM,,1,1150.00,314.00
FATIMA,EAU DE MINTHE,DIPTUQUE / EAU DE MINTHE,,1,600.00,164.00
FATIMA,TAM DAO,DIPTYQUE / TAM DAO,S40032,1,550.00,150.00
FATIMA,PHILOASYKOS EUA DE TOILETTE,DIPTYQUE / PHILOASYKOS EUA DE TOILETTE,,1,600.00,164.00
FATIMA,L'EAU PAPIER,DIPTYQUE / L'EAU PAPIER,S400184,1,700.00,191.00
FATIMA,DO SON,DIPTYQUE / DO SON,PB4805,1,1050.00,286.00
FATIMA,L' EAU DE TOILETTE,DIPTYQUE / L' EAU DE TOILETTE,,1,530.00,145.00
FATIMA,EMERAUDE OUD,DKHOUN / EMERAUDE OUD,,1,720.00,197.00
FATIMA,RAVING ROSE,DRIES VAN NOTEN / RAVING ROSE,,1,480.00,131.00
FATIMA,SANTAL GREENERY,DRIES VAN NOTEN / SANTAL GREENERY,IP-048,1,1200.00,327.00
FATIMA,SOIE MALAQUAIS,DRIES VAN NOTEN / SOIE MALAQUAIS,IP-049,1,1100.00,301.00
FATIMA,STEAMED RAINBOW,DS&DURGA / STEAMED RAINBOW,PB24,1,1300.00,355.00
FATIMA,WOOD FOR HIM,DSQUARED / WOOD FOR HIM,,1,810.00,221.00
FATIMA,DUA AL ZANNAH GR,DUA AL ZANNAH / DUA AL ZANNAH GR,,1,475.00,130.00
FATIMA,DESIRE FOR MEN,DUNHILL / DESIRE FOR MEN,S400264,1,600.00,164.00
FATIMA,ICONE ABSOLUTE,DUNHILL / ICONE ABSOLUTE,S40027,1,800.00,219.00
FATIMA,DUNHILL FRESH TOP,DUNHILL / DUNHILL FRESH TOP,,1,530.00,145.00
FATIMA,DUNHILL ICON MAN,DUNHILL / DUNHILL ICON MAN,S40070,1,300.00,82.00
FATIMA,SENTURY BY ALFRED,DUNHILL / SENTURY BY ALFRED,,1,590.00,161.00
FATIMA,EAU DE PARFUM COTON MUSC,DURANCE EN PROVENCE / EAU DE PARFUM COTON MUSC,,1,570.00,156.00
FATIMA,BLACK CAVIAR,ELECTIMUSS / BLACK CAVIAR,,1,1250.00,342.00
FATIMA,ELLIE SAAB,ELIE SAAB / ELLIE SAAB,,1,475.00,130.00
FATIMA,LE PARFUM IN WHITE,ELIE SAAB / LE PARFUM IN WHITE,,1,475.00,130.00
FATIMA,NUIT NOOR,ELIE SAAB / NUIT NOOR,,1,590.00,161.00
FATIMA,5TH AVENUE,ELIZABETH ARDEN / 5TH AVENUE,,1,475.00,130.00
FATIMA,WHITE TEA,ELIZABETH ARDEN / WHITE TEA,,1,860.00,235.00
FATIMA,MUSC K,ELLA K PERFUMES / MUSC K,,1,2650.00,724.00
FATIMA,LE PARFUME ESSENTIEL,ELLIE SAAB / LE PARFUME ESSENTIEL,,1,475.00,130.00
FATIMA,L'HOMME,ELLIE SAAB / L'HOMME,,1,560.00,153.00
FATIMA,RED DOOR,ELIZABETH ARDEN / RED DOOR,,1,455.00,124.00
FATIMA,BEE,ELLIS BROOKLYN / BEE,,1,550.00,150.00
FATIMA,CHERRY IN THE AIR,ESCADA / CHERRY IN THE AIR,,1,475.00,130.00
FATIMA,SORBETTO ROSSO,ESCADA / SORBETTO ROSSO,S400214,1,400.00,109.00
FATIMA,ESCADA CALLECTION,ESCADA / ESCADA CALLECTION,,1,475.00,130.00
FATIMA,ESCADA ISLAND KISS,ESCADA / ESCADA ISLAND KISS,,1,475.00,130.00
FATIMA,ESCADA MOON NEW WO,ESCADA / ESCADA MOON NEW WO,,1,475.00,130.00
FATIMA,ESCADA SPECIALITY ALEKSER,ESCADA / ESCADA SPECIALITY ALEKSER,,1,475.00,130.00
FATIMA,ESCADA SUNSET HEAT( M),ESCADA / ESCADA SUNSET HEAT( M),,1,475.00,130.00
FATIMA,ESCADA TAJ,ESCADA / ESCADA TAJ,,1,475.00,130.00
FATIMA,FIESTA CARIOCA,ESCADA / FIESTA CARIOCA,,1,475.00,130.00
FATIMA,MAGNETISM,ESCADA / MAGNETISM,,1,475.00,130.00
FATIMA,MIAMI BLOSSOM,ESCADA / MIAMI BLOSSOM,,1,475.00,130.00
FATIMA,SEXY GRAFI ESCADA,ESCADA / SEXY GRAFI ESCADA,,1,475.00,130.00
FATIMA,TURQUOISE SUMMER ESCADA,ESCADA / TURQUOISE SUMMER ESCADA,,1,475.00,130.00
FATIMA,TAJ SUNSET,ESCADA / TAJ SUNSET,,1,585.00,160.00
FATIMA,ESCADA S ESCADA,ESCADA / ESCADA S ESCADA,,1,475.00,130.00
FATIMA,MOON SPARKLE,ESCADA / MOON SPARKLE,,1,550.00,150.00
FATIMA,MOLECULE01+MANDARIN TOP,ESCENTRIC / MOLECULE01+MANDARIN TOP,,1,920.00,251.00
FATIMA,MOLECULE 01 + MANDARIN SUPER,ESCENTRIC / MOLECULE 01 + MANDARIN SUPER,,1,860.00,235.00
FATIMA,MOLECULE 01 + IRIS TOP,ESCENTRIC / MOLECULE 01 + IRIS TOP,,1,1850.00,505.00
FATIMA,MOLECULE 01 + IRIS (MEDIUM),ESCENTRIC / MOLECULE 01 + IRIS (MEDIUM),,1,970.00,265.00
FATIMA,MOLECULE 01 + PATCHOULI TOP,ESCENTRIC / MOLECULE 01 + PATCHOULI TOP,,1,810.00,221.00
FATIMA,MOLECULE 01 + PATCHOUL (MEDIUM),ESCENTRIC / MOLECULE 01 + PATCHOUL (MEDIUM),,1,590.00,161.00
FATIMA,MOLECULE 05 TOP,ESCENTRIC MOLECULES / MOLECULE 05 TOP,,1,1135.00,310.00
FATIMA,MOLECULE 05 (MEDIUM),ESCENTRIC MOLECULES / MOLECULE 05 (MEDIUM),,1,475.00,130.00
FATIMA,ESCENTRIC 05 TOP,ESCENTRIC MOLECULES / ESCENTRIC 05 TOP,,1,1300.00,355.00
FATIMA,ESCENTRIC 01 / LUZI,ESCENTRIC MOLECULES / ESCENTRIC 01 / LUZI,,1,750.00,205.00
FATIMA,ESCENTRIC 02 / LUZI,ESCENTRIC MOLECULES / ESCENTRIC 02 / LUZI,,1,1740.00,475.00
FATIMA,ESCENTRIC 03/ LUZI,ESCENTRIC MOLECULES / ESCENTRIC 03/ LUZI,,1,1080.00,295.00
FATIMA,ESCENTRIC 04/ LUZI,ESCENTRIC MOLECULES / ESCENTRIC 04/ LUZI,,1,810.00,221.00
FATIMA,MOLECULES 02 TOP,ESCENTRIC MOLECULES / MOLECULES 02 TOP,PB0145,1,1600.00,437.00
FATIMA,MOLECULE 02 / LUZI,ESCENTRIC MOLECULES / MOLECULE 02 / LUZI,,1,1740.00,475.00
FATIMA,MOLECULES 02 (MEDIUM),ESCENTRIC MOLECULES / MOLECULES 02 (MEDIUM),,1,810.00,221.00
FATIMA,MOLECULES 01,ESCENTRIC MOLECULES / MOLECULES 01,,1,530.00,145.00
FATIMA,MOLECULE 01 / LUZI,ESCENTRIC MOLECULES / MOLECULE 01 / LUZI,,1,530.00,145.00
FATIMA,MOLECULE 03/ LUZI,ESCENTRIC MOLECULES / MOLECULE 03/ LUZI,,1,1080.00,295.00
FATIMA,MOLECULE 05 / LUZI,ESCENTRIC MOLECULES / MOLECULE 05 / LUZI,,1,750.00,205.00
FATIMA,H01,ESCENTRIC MOLECULES / H01,,1,1150.00,314.00
FATIMA,ESCENTRIC 02 EXTRAIT TOP TYPE,ESCENTRIC MOLECULES / ESCENTRIC 02 EXTRAIT TOP TYPE,,1,1700.00,464.00
FATIMA,MARSHMALLOW,ESSENTIAL OIL / MARSHMALLOW,S400391,1,400.00,109.00
FATIMA,CHAMOMILE,ESSENTIAL OIL / CHAMOMILE,,1,450.00,123.00
FATIMA,CINNAMON,ESSENTIAL OIL / CINNAMON,,1,450.00,123.00
FATIMA,EUCALYPTUS 50,ESSENTIAL OIL / EUCALYPTUS 50,,1,450.00,123.00
FATIMA,GRAPEFURIT,ESSENTIAL OIL / GRAPEFURIT,,1,450.00,123.00
FATIMA,NEROLI,ESSENTIAL OIL / NEROLI,,1,450.00,123.00
FATIMA,ORANGE,ESSENTIAL OIL / ORANGE,,1,430.00,117.00
FATIMA,SAUGE SCLAREE,ESSENTIAL OIL / SAUGE SCLAREE,,1,475.00,130.00
FATIMA,ROSEMARY OIL,ESSENTIAL OIL / ROSEMARY OIL,,1,475.00,130.00
FATIMA,EUCALYPTUS,ESSENTIAL OIL / EUCALYPTUS,SN4005,1,250.00,68.00
FATIMA,AMBER GRIS,ESSENTIAL OIL / AMBER GRIS,PB0385,1,475.00,130.00
FATIMA,INCENSO,ESSENTIAL OIL / INCENSO,PB035,1,650.00,178.00
FATIMA,KIWI,ESSENTIAL OIL / KIWI,SN4004,1,300.00,81.00
FATIMA,GREEN APPLE 2,ESSENTIAL OIL / GREEN APPLE 2,PB47,1,400.00,107.00
FATIMA,PINK PEPPER,ESSENTIAL OIL / PINK PEPPER,PB4792,1,650.00,178.00
FATIMA,ALDEHYDIC,ESSENTIAL OIL / ALDEHYDIC,PB475,1,1300.00,355.00
FATIMA,ICE CREAM,ESSENTIAL OIL / ICE CREAM,PB475,1,1300.00,355.00
FATIMA,APPLE,ESSENTIAL OIL / APPLE,PB0978,1,750.00,204.00
FATIMA,TONKA BEAN,ESSENTIAL OIL / TONKA BEAN,PB4878,1,750.00,204.00
FATIMA,MYRRH,ESSENTIAL OIL / MYRRH,PB5687,1,950.00,260.00
FATIMA,APRICOT,ESSENTIAL OIL / APRICOT,PB0789,1,750.00,204.00
FATIMA,GINGER,ESSENTIAL OIL / GINGER,PB45878,1,1200.00,327.00
FATIMA,CARAMEL,ESSENTIAL OIL / CARAMEL,PB0875,1,400.00,109.00
FATIMA,BLACK COFEE,ESSENTIAL OIL / BLACK COFEE,PB457,1,400.00,109.00
FATIMA,LAUNDRY,ESSENTIAL OIL / LAUNDRY,PB068,1,400.00,109.00
FATIMA,FRESH FIG,ESSENTIAL OIL / FRESH FIG,PB079,1,400.00,109.00
FATIMA,GREEN TEA,ESSENTIAL OIL / GREEN TEA,PB0358,1,400.00,109.00
FATIMA,CHAMOMILE OIL,ESSENTIAL OIL / CHAMOMILE OIL,PB5245,1,530.00,144.00
FATIMA,AHMEDLIZA,ESSENTIAL OIL / AHMEDLIZA,PB547,1,500.00,137.00
FATIMA,CAESER,ESSENTIAL OIL / CAESER,PB475,1,550.00,150.00
FATIMA,MAGHRIBHI,ESSENTIAL OIL / MAGHRIBHI,PB554,1,530.00,144.00
FATIMA,MARASIL,ESSENTIAL OIL / MARASIL,PB4555,1,800.00,218.00
FATIMA,NOORA,ESSENTIAL OIL / NOORA,PB5577,1,530.00,144.00
FATIMA,WOOD,ESSENTIAL OIL / WOOD,PB548,1,650.00,177.00
FATIMA,ROSE TOP,ESSENTIAL OIL / ROSE TOP,SN4007,1,930.00,254.00
FATIMA,DOVE,ESSENTIAL OIL / DOVE,PB456,1,400.00,109.00
FATIMA,SANDAL WOOD,ESSENTIAL OIL / SANDAL WOOD,PB457,1,500.00,137.00
FATIMA,AMBER,ESSENTIAL OIL / AMBER,PB457,1,550.00,150.00
FATIMA,TOBACCO,ESSENTIAL OIL / TOBACCO,PB457,1,750.00,204.00
FATIMA,JHONSONS,ESSENTIAL OIL / JHONSONS,PB457,1,550.00,150.00
FATIMA,PATCHOULI OIL TOP,ESSENTIAL OIL / PATCHOULI OIL TOP,PB45,1,900.00,245.00
FATIMA,VETIVER TOP,ESSENTIAL OIL / VETIVER TOP,PB458,1,1100.00,301.00
FATIMA,CHOCOLATE TOP,ESSENTIAL OIL / CHOCOLATE TOP,PB548,1,900.00,245.00
FATIMA,MANDARIN,ESSENTIAL OIL / MANDARIN,PB544,1,900.00,245.00
FATIMA,SAFFRON,ESSENTIAL OIL / SAFFRON,PB457,1,900.00,245.00
FATIMA,SANDAL ROSE,ESSENTIAL OIL / SANDAL ROSE,PB6564,1,550.00,150.00
FATIMA,YLAN YLANG,ESSENTIAL OIL / YLAN YLANG,PB0688,1,700.00,191.00
FATIMA,HONEY,ESSENTIAL OIL / HONEY,PB4688,1,450.00,123.00
FATIMA,TUSCANO LEATHER,ESSENTIAL OIL / TUSCANO LEATHER,PB465,1,530.00,144.00
FATIMA,BLACK OUD,ESSENTIAL OIL / BLACK OUD,PB482,1,750.00,204.00
FATIMA,LILY OF THE VALLEY,ESSENTIAL OIL / LILY OF THE VALLEY,PB488,1,550.00,150.00
FATIMA,FRANCKINSENCE,ESSENTIAL OIL / FRANCKINSENCE,PB064,1,550.00,150.00
FATIMA,ROSEMARY,ESSENTIAL OIL / ROSEMARY,PB457,1,750.00,204.00
FATIMA,EUKALYPTUS,ESSENTIAL OIL / EUKALYPTUS,PB454,1,475.00,130.00
FATIMA,LEATHER,ESSENTIAL OIL / LEATHER,PB457,1,550.00,150.00
FATIMA,LAVENDER OIL TOP GR,ESSENTIAL OIL / LAVENDER OIL TOP GR,,1,860.00,235.00
FATIMA,LAVENDER (MEDIUM),ESSENTIAL OIL / LAVENDER (MEDIUM),,1,420.00,115.00
FATIMA,TEA TREE OIL GR,ESSENTIAL OIL / TEA TREE OIL GR,,1,530.00,145.00
FATIMA,BERGAMOT TOP OIL,ESSENTIAL OIL / BERGAMOT TOP OIL,,1,530.00,145.00
FATIMA,BERGAMOT (MEDIUM),ESSENTIAL OIL / BERGAMOT (MEDIUM),,1,475.00,130.00
FATIMA,STAR ANISE OIL,ESSENTIAL OIL / STAR ANISE OIL,,1,475.00,130.00
FATIMA,CHAMOMILE OIL,ESSENTIAL OIL / CHAMOMILE OIL,,1,475.00,130.00
FATIMA,ORANGE OIL GR,ESSENTIAL OIL / ORANGE OIL GR,,1,420.00,115.00
FATIMA,MAJORAM OIL,ESSENTIAL OIL / MAJORAM OIL,,1,475.00,130.00
FATIMA,GRAPEFRUIT OIL,ESSENTIAL OIL / GRAPEFRUIT OIL,,1,420.00,115.00
FATIMA,CINNAMON OIL,ESSENTIAL OIL / CINNAMON OIL,,1,420.00,115.00
FATIMA,CLOVE OIL GR,ESSENTIAL OIL / CLOVE OIL GR,,1,475.00,130.00
FATIMA,CLARY SAGE,ESSENTIAL OIL / CLARY SAGE,,1,475.00,130.00
FATIMA,MINT OIL GR,ESSENTIAL OIL / MINT OIL GR,,1,475.00,130.00
FATIMA,NEROLI OIL,ESSENTIAL OIL / NEROLI OIL,,1,475.00,130.00
FATIMA,VETIVER OIL,ESSENTIAL OIL / VETIVER OIL,,1,1080.00,295.00
FATIMA,CEDARWOOD OIL,ESSENTIAL OIL / CEDARWOOD OIL,,1,420.00,115.00
FATIMA,BOIS IMPERIAL TOP,ESSENTIAL PARFUMS / BOIS IMPERIAL TOP,S400307,1,1350.00,369.00
FATIMA,BOIS IMPERIAL EXTRAIT,ESSENTIAL PARFUMS / BOIS IMPERIAL EXTRAIT,PB544,1,1300.00,355.00
FATIMA,ORANGE X SANTAL,ESSENTIAL PARFUMS / ORANGE X SANTAL,PB08013,1,1300.00,355.00
FATIMA,OSMANTHUS ABSOLU,ESSENTIAL PARFUMS / OSMANTHUS ABSOLU,S400506,1,640.00,174.00
FATIMA,NICE BERGAMOTE,ESSENTIAL PARFUMS / NICE BERGAMOTE,,1,1105.00,302.00
FATIMA,PLEASURES,ESTEE LAUDER / PLEASURES,S400265,1,440.00,120.00
FATIMA,WHITE LINEN,ESTEE LAUDER / WHITE LINEN,S400292,1,580.00,158.00
FATIMA,PRIVATE COLLECTION,ESTEE LAUDER / PRIVATE COLLECTION,,1,640.00,175.00
FATIMA,AMBER SKY,EX NIHILO / AMBER SKY,,1,750.00,205.00
FATIMA,ATLAS FEVER,EX NIHILO / ATLAS FEVER,,1,475.00,130.00
FATIMA,CITIZEN X,EX NIHILO / CITIZEN X,,1,810.00,221.00
FATIMA,EXPLICITE,EX NIHILO / EXPLICITE,,1,475.00,130.00
FATIMA,FLEUR NARCOTIQUE TOP,EX NIHILO / FLEUR NARCOTIQUE TOP,S400107,1,920.00,251.00
FATIMA,FLEUR NARCOTIQUE LOVE EDITION,EX NIHILO / FLEUR NARCOTIQUE LOVE EDITION,,1,590.00,161.00
FATIMA,FLEUR NARCOTIQUE BLOSSOM,EX NIHILO / FLEUR NARCOTIQUE BLOSSOM,,1,920.00,251.00
FATIMA,FLEUR NARCOTIQUE EXTRAIT DE PAR,EX NIHILO / FLEUR NARCOTIQUE EXTRAIT DE PAR,,1,1500.00,410.00
FATIMA,FRENCH AFFAIR,EX NIHILO / FRENCH AFFAIR,,1,1140.00,311.00
FATIMA,LOVE SHOT,EX NIHILO / LOVE SHOT,,1,640.00,175.00
FATIMA,SUBLIME ESSENCE OUD,EX NIHILO / SUBLIME ESSENCE OUD,,1,810.00,221.00
FATIMA,SWEET MORPHINE,EX NIHILO / SWEET MORPHINE,,1,810.00,221.00
FATIMA,VENENUM KISS,EX NIHILO / VENENUM KISS,,1,810.00,221.00
FATIMA,VETIVER MOLOKO,EX NIHILO / VETIVER MOLOKO,,1,920.00,251.00
FATIMA,GENERATIONS,EX NIHILO / GENERATIONS,PB4857,1,1200.00,327.00
FATIMA,CHANDIGRAH EXPRESS,EX NIHILO / CHANDIGRAH EXPRESS,PB467,1,950.00,245.00
FATIMA,EMERALD ROYALS,EX NIHILO / EMERALD ROYALS,,1,1000.00,273.00
FATIMA,VENENUM KISS TOP,EX NIHILO / VENENUM KISS TOP,,1,1300.00,355.00
FATIMA,IDLE HOUR,EX NIHILO / IDLE HOUR,,1,1250.00,342.00
FATIMA,SANTAL CALLING,EX NIHILO / SANTAL CALLING,,1,1430.00,391.00
FATIMA,BLUE TALISMAN TOP,EX NIHILO / BLUE TALISMAN TOP,S40056,1,930.00,254.00
FATIMA,BLUE TALISMAN EXTRAIT TOP,EX NIHILO / BLUE TALISMAN EXTRAIT TOP,,1,1700.00,464.00
FATIMA,BLUE TALISMAN EXTRAIT,EX NIHILO / BLUE TALISMAN EXTRAIT,PB845,1,1200.00,327.00
FATIMA,THE HEDONIST TOP,EX NIHILO / THE HEDONIST TOP,S400481,1,1300.00,355.00
FATIMA,CHANDIGARH EXPRESS,EX NIHILO / CHANDIGARH EXPRESS,,1,530.00,145.00
FATIMA,SCARLET SANDS,EX NIHILO / SCARLET SANDS,S400209,1,850.00,232.00
FATIMA,LUST IN PARADISE,EX NIHILO / LUST IN PARADISE,,1,850.00,232.00
FATIMA,BRUT ORIGINAL,FABERGE / BRUT ORIGINAL,,1,560.00,153.00
FATIMA,FERRARI RED,FERRARI / FERRARI RED,,1,475.00,130.00
FATIMA,FIDJI TOP,FIDJI / FIDJI TOP,,1,530.00,145.00
FATIMA,FIXATIVE TOP,FIXATIVE / FIXATIVE TOP,S40099,1,550.00,150.00
FATIMA,ONE UMBRELLA FOR TWO,FLORAIKU / ONE UMBRELLA FOR TWO,,1,920.00,251.00
FATIMA,FOGG PARADISE,FOGG / FOGG PARADISE,,1,475.00,130.00
FATIMA,OUD ROUGE INTENSE TOP,FRAGRANCE DU BOIS / OUD ROUGE INTENSE TOP,S400542,1,1200.00,327.00
FATIMA,OUD VERT INTENSE TOP,FRAGRANCE DU BOIS / OUD VERT INTENSE TOP,S400543,1,1200.00,327.00
FATIMA,PARISIAN PARFUM TOP,FRAGRANCE DU BOIS / PARISIAN PARFUM TOP,S400544,1,1050.00,286.00
FATIMA,SANTAL COMPLET,FRAGRANCE DU BOIS / SANTAL COMPLET,,1,650.00,178.00
FATIMA,LONDON OUD TOP,FRAGRANCE DU BOIS / LONDON OUD TOP,S400519,1,900.00,245.00
FATIMA,RUDE CHERRY,FRAGRANCE DU BOIS / RUDE CHERRY,PB455,1,1300.00,355.00
FATIMA,SIRENE TOP,FRAGRANCE DU BOIS / SIRENE TOP,S400469,1,1300.00,355.00
FATIMA,LUCIUS TOP,FRAGRANCE DU BOIS / LUCIUS TOP,S400504,1,1550.00,423.00
FATIMA,RUDE OUD,FRAGRANCE DU BOIS / RUDE OUD,PB576,1,1300.00,355.00
FATIMA,ZEST MARTIN,FRAGRANCE DU BOIS / ZEST MARTIN,,1,475.00,130.00
FATIMA,TROPIQUES TOP,FRAGRANCE DU BOIS / TROPIQUES TOP,S400405,1,930.00,254.00
FATIMA,DATE FOR MEN,FRAGRANCE ONE / DATE FOR MEN,PB548,1,1700.00,464.00
FATIMA,OFFICE FOR MEN,FRAGRANCE ONE / OFFICE FOR MEN,,1,1100.00,301.00
FATIMA,ATLANTIS EXTRAIT,FRENCH AVENUE / ATLANTIS EXTRAIT,PB6,1,1050.00,286.00
FATIMA,VULCAN BLACK FRIDAY,FRENCH AVENUE / VULCAN BLACK FRIDAY,,1,700.00,191.00
FATIMA,COCAINE LUZI,FRANCK BOCLET / COCAINE LUZI,,1,640.00,175.00
FATIMA,SUGAR,FRANCK BOCLET / SUGAR,,1,510.00,139.00
FATIMA,FRANCK OLIVIER,FRANCK OLIVIER / FRANCK OLIVIER,PB0813,1,900.00,245.00
FATIMA,AMBER,FRANCK OLIVIER / AMBER,,1,700.00,191.00
FATIMA,GIORGIA MIDNIGHT,FRANCK OLIVIER / GIORGIA MIDNIGHT,,1,730.00,199.00
FATIMA,GIORGIA WOMEN,FRANCK OLIVIER / GIORGIA WOMEN,,1,620.00,169.00
FATIMA,OUD TOUCH,FRANCK OLIVIER / OUD TOUCH,,1,810.00,221.00
FATIMA,SUN JAVA INTENSE,FRANCK OLIVIER / SUN JAVA INTENSE,,1,620.00,169.00
FATIMA,CARNAL FLOWER TOP,FREDERIC MALLE / CARNAL FLOWER TOP,S40073,1,1280.00,350.00
FATIMA,EAU DE MAGNOLIA,FREDERIC MALLE / EAU DE MAGNOLIA,,1,1030.00,281.00
FATIMA,BIGARADE CONCENTREE,FREDERIC MALLE / BIGARADE CONCENTREE,PB44572,1,900.00,245.00
FATIMA,LIPSTICK ROSE,FREDERIC MALLE / LIPSTICK ROSE,,1,750.00,205.00
FATIMA,PROMISE,FREDERIC MALLE / PROMISE,,1,730.00,199.00
FATIMA,HOPE,FREDERIC MALLE / HOPE,PB547,1,1700.00,464.00
FATIMA,PORTRAIT OF A LADY 15TH ANNIVERSARY,FREDERIC MALLE / PORTRAIT OF A LADY 15TH ANNIVERSARY,PB54788,1,1700.00,464.00
FATIMA,MUSC RAVAGEUR,FREDERIC MALLE / MUSC RAVAGEUR,PB487,1,1300.00,355.00
FATIMA,THE MOON,FREDERIC MALLE / THE MOON,,1,620.00,169.00
FATIMA,THE NIGHT TOP,FREDERIC MALLE / THE NIGHT TOP,,1,2620.00,716.00
FATIMA,THE NIGHT/ ATTAR LAIL SUPER,FREDERIC MALLE / THE NIGHT/ ATTAR LAIL SUPER,,1,2950.00,806.00
FATIMA,PORTRAIT OF A LADY TOP,FREDERIC MALLE / PORTRAIT OF A LADY TOP,,1,1500.00,410.00
FATIMA,ACNE STUDIOS TOP,FREDERIC MALLE / ACNE STUDIOS TOP,S400448,1,1550.00,423.00
FATIMA,UNCUT GEM,FREDERIC MALLE / UNCUT GEM,,1,2170.00,593.00
FATIMA,ROSE TONNERRE TOP,FREDERIC MALLE / ROSE TONNERRE TOP,,1,2100.00,574.00
FATIMA,BANANA,FRUITY / BANANA,,1,400.00,109.00
FATIMA,LYCHE,FRUITY / LYCHE,IP470,1,650.00,177.00
FATIMA,CANTALUPE,FRUITY / CANTALUPE,,1,400.00,109.00
FATIMA,WATERMELON,FRUITY / WATERMELON,PB544,1,500.00,137.00
FATIMA,CARDAMOM,FRUITY / CARDAMOM,PB570,1,650.00,178.00
FATIMA,MASMOOM / FAWAKIE,FRUITY / MASMOOM / FAWAKIE,PB581,1,550.00,150.00
FATIMA,CHERRY,FRUITY / CHERRY,SN4001,1,400.00,109.00
FATIMA,COCONUT,FRUITY / COCONUT,SN4003,1,400.00,109.00
FATIMA,FRESH LEMON,FRUITY / FRESH LEMON,SN4002,1,220.00,60.00
FATIMA,LEMON GR,FRUITY / LEMON GR,,1,400.00,109.00
FATIMA,MANGO/LUZI,FRUITY / MANGO/LUZI,,1,475.00,130.00
FATIMA,MASMOOM / FAWAKIE,FRUITY / MASMOOM / FAWAKIE,,1,475.00,130.00
FATIMA,PEACH,FRUITY / PEACH,,1,400.00,109.00
FATIMA,PINEAPPLE,FRUITY / PINEAPPLE,,1,400.00,109.00
FATIMA,STRAWBERRY,FRUITY / STRAWBERRY,,1,400.00,109.00
FATIMA,STRAWBERRY LUZI,FRUITY / STRAWBERRY LUZI,,1,475.00,130.00
FATIMA,STRAWBERRY ICE CREAM,FRUITY / STRAWBERRY ICE CREAM,,1,400.00,109.00
FATIMA,TUTTI FRUITY,FRUITY / TUTTI FRUITY,,1,400.00,109.00
FATIMA,VANILLA COCONUT,FRUITY / VANILLA COCONUT,,1,400.00,109.00
FATIMA,VANILLA GR,FRUITY / VANILLA GR,,1,450.00,123.00
FATIMA,PASSIONEFROUDH,FUGAZZI / PASSIONEFROUDH,PB4566,1,750.00,204.00
FATIMA,ANGEL DUST,FUGAZZI / ANGEL DUST,IP-02,1,1700.00,464.00
FATIMA,SUGARDADDY TOP,FUGAZZI / SUGARDADDY TOP,,1,1050.00,287.00
FATIMA,VANILLA HAZE BODY MIST,FUGAZZI / VANILLA HAZE BODY MIST,PF0091,1,1100.00,301.00
FATIMA,MAGIC MANGO,FUGAZZI / MAGIC MANGO,S400178,1,700.00,191.00
FATIMA,BORNTOSTANDOUT,FUGAZZI / BORNTOSTANDOUT,,1,530.00,145.00
FATIMA,ATTAR FULL,FULL / ATTAR FULL,,1,450.00,123.00
FATIMA,GERANIUM BST,GERANIUM BST / GERANIUM BST,,1,475.00,130.00
FATIMA,BORABORA,GIARDINI DI TOSCANA / BORABORA,PB5470,1,1400.00,382.00
FATIMA,ORO E MIELE,GIARDINI DI TOSCANA / ORO E MIELE,S400528,1,670.00,183.00
FATIMA,ROSSO RUBINO,GIARDINI DI TOSCANA / ROSSO RUBINO,PB471,1,1050.00,286.00
FATIMA,BIANCO ORO,GIARDINI DI TOSCANA / BIANCO ORO,PB048,1,1300.00,355.00
FATIMA,BIANCO LATTE TOP,GIARDINI DI TOSCANA / BIANCO LATTE TOP,S400483,1,750.00,205.00
FATIMA,AMBASSADOR MEN,GISADA / AMBASSADOR MEN,,1,980.00,268.00
FATIMA,IMPERIAL VELLEY,GISSAH / IMPERIAL VELLEY,S400152,1,700.00,191.00
FATIMA,HUDSON VALLEY,GISSAH / HUDSON VALLEY,S400133,1,640.00,175.00
FATIMA,LIQUID GOLD TOP,GISSAH / LIQUID GOLD TOP,S400463,1,1100.00,301.00
FATIMA,CASTILLA TOP,GISSAH / CASTILLA TOP,S400139,1,1000.00,273.00
FATIMA,MARTINIQUE OSMANTHUS,GISSAH / MARTINIQUE OSMANTHUS,S400257,1,650.00,178.00
FATIMA,LA LUNA VALLY,GISSAH / LA LUNA VALLY,,1,1080.00,295.00
FATIMA,ONE & ONLY,GISSAH / ONE & ONLY,,1,950.00,260.00
FATIMA,CAPRI,GISSAH / CAPRI,,1,520.00,142.00
FATIMA,THE LEGEND OF SKY HORIZON TOP,GISSAH / THE LEGEND OF SKY HORIZON TOP,S400210,1,1000.00,273.00
FATIMA,HELEN EDP,GISSAH / HELEN EDP,S400131,1,500.00,137.00
FATIMA,THE LEGEND OF SKY NEXUS,GISSAH / THE LEGEND OF SKY NEXUS,S400202,1,1000.00,273.00
FATIMA,SAVA TOP,GISSAH / SAVA TOP,S400172,1,1050.00,287.00
FATIMA,MONTANA,GISSAH / MONTANA,S400173,1,680.00,186.00
FATIMA,AKOYA TOP,GISSAH / AKOYA TOP,S400318,1,950.00,260.00
FATIMA,HUDSON II,GISSAH / HUDSON II,S400192,1,580.00,158.00
FATIMA,SANAD,GISSAH / SANAD,S400197,1,750.00,204.00
FATIMA,MAVRO,GISSAH / MAVRO,,1,1065.00,291.00
FATIMA,SIENA VALLEY,GISSAH / SIENA VALLEY,,1,850.00,232.00
FATIMA,TANGO,GISSAH / TANGO,,1,1370.00,374.00
FATIMA,IMPERIAL II,GISSAH / IMPERIAL II,,1,1300.00,355.00
FATIMA,VESTA MUSK,GISSAH / VESTA MUSK,,1,1100.00,301.00
FATIMA,ABDUL MAJEED ABDULLAH,GISSAH / ABDUL MAJEED ABDULLAH,,1,475.00,130.00
FATIMA,BANAFSAY,GIVAUDAN / BANAFSAY,,1,750.00,205.00
FATIMA,GENTLEMAN SOCIETY SPORT,GIVENCHY / GENTLEMAN SOCIETY SPORT,S400414,1,650.00,177.00
FATIMA,GENTLMAN SOCIETY EAU DE PARFUM AMBRE,GIVENCHY / GENTLMAN SOCIETY EAU DE PARFUM AMBRE,PB5857,1,750.00,204.00
FATIMA,EAUDEMOISELLE DE GIVENCHY,GIVENCHY / EAUDEMOISELLE DE GIVENCHY,PB8050,1,950.00,260.00
FATIMA,AMARIGE,GIVENCHY / AMARIGE,,1,920.00,251.00
FATIMA,EAU DE MOISELLE,GIVENCHY / EAU DE MOISELLE,,1,475.00,130.00
FATIMA,IRRESISTABLE NECTER EDP TOP,GIVENCHY / IRRESISTABLE NECTER EDP TOP,S400491,1,850.00,232.00
FATIMA,IRRESISTABLE,GIVENCHY / IRRESISTABLE,PB055,1,1050.00,286.00
FATIMA,FANTASQUE,GIVENCHY / FANTASQUE,PB0055,1,1050.00,286.00
FATIMA,PLAY INTENSE,GIVENCHY / PLAY INTENSE,PB0054,1,900.00,245.00
FATIMA,GARCON MANQUE TOP,GIVENCHY / GARCON MANQUE TOP,S400486,1,1100.00,301.00
FATIMA,GENTLEMAN TOP,GIVENCHY / GENTLEMAN TOP,PB5457,1,1000.00,273.00
FATIMA,GIVENCHY BLUE LEBLE,GIVENCHY / GIVENCHY BLUE LEBLE,,1,475.00,130.00
FATIMA,GIVENCHY PLAY WOMAN,GIVENCHY / GIVENCHY PLAY WOMAN,,1,475.00,130.00
FATIMA,HOT COUTURE,GIVENCHY / HOT COUTURE,,1,475.00,130.00
FATIMA,L' INTERDIT ( 2018 ) TOP,GIVENCHY / L' INTERDIT ( 2018 ) TOP,S400379,1,950.00,260.00
FATIMA,ONLY GENTLEMAN,GIVENCHY / ONLY GENTLEMAN,,1,475.00,130.00
FATIMA,PI GIVENCHY,GIVENCHY / PI GIVENCHY,,1,475.00,130.00
FATIMA,L'INTERDIT LE PARFUM,GIVENCHY / L'INTERDIT LE PARFUM,S400430,1,850.00,232.00
FATIMA,L'INTERDIT ABSOLU TOP,GIVENCHY / L'INTERDIT ABSOLU TOP,S400431,1,990.00,270.00
FATIMA,AMARIGE,GIVENCHY / AMARIGE,,1,475.00,130.00
FATIMA,L'INTERDIT EAU DE PARFUM INTENSE,GIVENCHY / L'INTERDIT EAU DE PARFUM INTENSE,,1,750.00,205.00
FATIMA,L' INTERDIT EDP ROUGE,GIVENCHY / L' INTERDIT EDP ROUGE,,1,900.00,246.00
FATIMA,GENTLEMAN RESERVE PRIVEE,GIVENCHY / GENTLEMAN RESERVE PRIVEE,,1,475.00,130.00
FATIMA,VERY IRRESISTIBLE,GIVENCHY / VERY IRRESISTIBLE,,1,700.00,191.00
FATIMA,PLAY FOR HER,GIVENCHY / PLAY FOR HER,,1,650.00,178.00
FATIMA,ANGE OU DEMON LE SECRET,GIVENCHY / ANGE OU DEMON LE SECRET,,1,670.00,183.00
FATIMA,L'ENFANT TERRIBLE,GIVENCHY / L'ENFANT TERRIBLE,,1,580.00,158.00
FATIMA,GENTLEMEAN SOCIETY,GIVENCHY / GENTLEMEAN SOCIETY,,1,475.00,130.00
FATIMA,GARCON MANQUE,GIVENCHY / GARCON MANQUE,,1,880.00,240.00
FATIMA,BOHEMIAN LIME,GOLDFIELD & BANKS / BOHEMIAN LIME,PB07,1,1200.00,327.00
FATIMA,SILKY WOODS ELIXIR,GOLDFIELD & BANKS / SILKY WOODS ELIXIR,PB024,1,1500.00,409.00
FATIMA,PURPLE SUEDE,GOLDFIELD & BANKS / PURPLE SUEDE,IP-010,1,1400.00,382.00
FATIMA,INGENIOUS GINGER,GOLDFIELD & BANKS / INGENIOUS GINGER,,1,800.00,218.00
FATIMA,PACIFIC ROCK FLOWER,GOLDFIELD & BANKS / PACIFIC ROCK FLOWER,PB48,1,1300.00,355.00
FATIMA,SILKY WOODS,GOLDFIELD & BANKS / SILKY WOODS,,1,650.00,178.00
FATIMA,MANGO AOUD,GRITTI / MANGO AOUD,S40091,1,620.00,169.00
FATIMA,GUILTY ABSOLU DE PARFUM POUR HOMME,GUCCI / GUILTY ABSOLU DE PARFUM POUR HOMME,S400211,1,700.00,191.00
FATIMA,FADING AUTUMN SCENTED WATER TOP,GUCCI / FADING AUTUMN SCENTED WATER TOP,S400269,1,1300.00,355.00
FATIMA,BAMBOO,GUCCI / BAMBOO,,1,475.00,130.00
FATIMA,GUCCI ENVY POUR FEMME,GUCCI / GUCCI ENVY POUR FEMME,,1,475.00,130.00
FATIMA,GUCCI BY GUCCI,GUCCI / GUCCI BY GUCCI,,1,800.00,219.00
FATIMA,GUCCI BY GUCCI SPORT MAN,GUCCI / GUCCI BY GUCCI SPORT MAN,,1,475.00,130.00
FATIMA,GUCCI GUILTY ABSOLUTE MAN,GUCCI / GUCCI GUILTY ABSOLUTE MAN,,1,475.00,130.00
FATIMA,GUCCI GUILTY ABSOLUTE WOMAN,GUCCI / GUCCI GUILTY ABSOLUTE WOMAN,,1,475.00,130.00
FATIMA,OSMANTHUS NECTAR TOP,GUCCI / OSMANTHUS NECTAR TOP,,1,1850.00,505.00
FATIMA,GUCCI GUILTY OUD,GUCCI / GUCCI GUILTY OUD,,1,475.00,130.00
FATIMA,GUCCI GUILTY WOMEN,GUCCI / GUCCI GUILTY WOMEN,S40038,1,270.00,73.00
FATIMA,GUCCI GUILTY POUR HOMME,GUCCI / GUCCI GUILTY POUR HOMME,S40015,1,530.00,145.00
FATIMA,GUCCI OUD,GUCCI / GUCCI OUD,,1,475.00,130.00
FATIMA,GUCCI INTENSE OUD,GUCCI / GUCCI INTENSE OUD,S400267,1,900.00,246.00
FATIMA,GUCCI PREMIER,GUCCI / GUCCI PREMIER,,1,475.00,130.00
FATIMA,RUSH WOMAN,GUCCI / RUSH WOMAN,,1,475.00,130.00
FATIMA,GUCCI MIDNIGHT STROLL,GUCCI / GUCCI MIDNIGHT STROLL,,1,475.00,130.00
FATIMA,GUCCI A CHANT FOR THE NYMPH,GUCCI / GUCCI A CHANT FOR THE NYMPH,,1,475.00,130.00
FATIMA,GUCCI GUILTY LOVE EDITION,GUCCI / GUCCI GUILTY LOVE EDITION,,1,475.00,130.00
FATIMA,FLORA GORGEOUS JASMINE,GUCCI / FLORA GORGEOUS JASMINE,S40014,1,530.00,145.00
FATIMA,FLORA GORGEOUS GARDENIA INTENSE,GUCCI / FLORA GORGEOUS GARDENIA INTENSE,PB0547,1,1050.00,286.00
FATIMA,BLOOM INTENSE,GUCCI / BLOOM INTENSE,PB054,1,750.00,204.00
FATIMA,BY,GUCCI / BY,PB2557,1,900.00,245.00
FATIMA,TEARS FROM THE MOON,GUCCI / TEARS FROM THE MOON,PB024,1,1100.00,301.00
FATIMA,ENVY FOR MEN,GUCCI / ENVY FOR MEN,PB058,1,800.00,218.00
FATIMA,POUR HOMME,GUCCI / POUR HOMME,PB068,1,900.00,245.00
FATIMA,RUSH MAN,GUCCI / RUSH MAN,PB054,1,800.00,218.00
FATIMA,GUILTY ELIXIR POUR HOMME,GUCCI / GUILTY ELIXIR POUR HOMME,PB544,1,1300.00,355.00
FATIMA,GUCCI GUILTY PARFUM POUR HOMME,GUCCI / GUCCI GUILTY PARFUM POUR HOMME,,1,475.00,130.00
FATIMA,GUCCI GUILTY ELIXIR DE PARFUM POUR HOMME,GUCCI / GUCCI GUILTY ELIXIR DE PARFUM POUR HOMME,,1,910.00,249.00
FATIMA,A REASON TO LOVE TOP,GUCCI / A REASON TO LOVE TOP,,1,1060.00,290.00
FATIMA,THE HEART OF LEO,GUCCI / THE HEART OF LEO,,1,1370.00,374.00
FATIMA,GUILTY BLACK,GUCCI / GUILTY BLACK,,1,520.00,142.00
FATIMA,FLORA GORGEOUS GARDENIA INTENSE,GUCCI / FLORA GORGEOUS GARDENIA INTENSE,,1,925.00,253.00
FATIMA,GUCCI OUD,GUCCI / GUCCI OUD,,1,530.00,145.00
FATIMA,GUCCI GUILTY ABSOLU DE PARFUM POUR FEMME,GUCCI / GUCCI GUILTY ABSOLU DE PARFUM POUR FEMME,,1,810.00,221.00
FATIMA,BLOOM TOP,GUCCI / BLOOM TOP,S40012,1,750.00,205.00
FATIMA,FLORA TOP,GUCCI / FLORA TOP,S40013,1,660.00,180.00
FATIMA,THE LAST DAY OF SUMMER EAU DE PARFUM,GUCCI / THE LAST DAY OF SUMMER EAU DE PARFUM,,1,750.00,205.00
FATIMA,THE VOICE OF THE SNAKE EAU DE PARFUM,GUCCI / THE VOICE OF THE SNAKE EAU DE PARFUM,,1,730.00,199.00
FATIMA,A FLORAL VERSE,GUCCI / A FLORAL VERSE,,1,1060.00,290.00
FATIMA,FLORA GORGEOUS GARDENIA,GUCCI / FLORA GORGEOUS GARDENIA,,1,550.00,150.00
FATIMA,FLORA GORGEOUS ORCHID TOP,GUCCI / FLORA GORGEOUS ORCHID TOP,,1,880.00,240.00
FATIMA,GUERLAIN TABAC SAHARA,GUERLAIN / GUERLAIN TABAC SAHARA,S400111,1,800.00,218.00
FATIMA,L'HOMME IDÉAL COLOGNE FORTE,GUERLAIN / L'HOMME IDÉAL COLOGNE FORTE,S400421,1,670.00,183.00
FATIMA,AMBER ETERNEL,GUERLAIN / AMBER ETERNEL,,1,640.00,175.00
FATIMA,FEVE GOURMANDE,GUERLAIN / FEVE GOURMANDE,S400154,1,920.00,251.00
FATIMA,VETIVER FAUVE,GUERLAIN / VETIVER FAUVE,PB0057,1,1400.00,382.00
FATIMA,ABSOLU ALLEGORIA FLORA BLOOM,GUERLAIN / ABSOLU ALLEGORIA FLORA BLOOM,PB0058,1,1200.00,327.00
FATIMA,NEROLI OUTRE NOIR,GUERLAIN / NEROLI OUTRE NOIR,PB0059,1,2200.00,601.00
FATIMA,SHALIMAR L'ESSENCE TOP,GUERLAIN / SHALIMAR L'ESSENCE TOP,S400532,1,830.00,226.00
FATIMA,ROSE CENTIFOLIA EXTRAIT 1,GUERLAIN / ROSE CENTIFOLIA EXTRAIT 1,PB0061,1,2200.00,601.00
FATIMA,PATCHOULI PARIS,GUERLAIN / PATCHOULI PARIS,PB0062,1,1200.00,327.00
FATIMA,AQUA ALLEGORIA FORTE ROSAPALISSANDRO,GUERLAIN / AQUA ALLEGORIA FORTE ROSAPALISSANDRO,PB0063,1,1800.00,491.00
FATIMA,AMBRE SAMAR TOP,GUERLAIN / AMBRE SAMAR TOP,S400466,1,1400.00,382.00
FATIMA,ROSE AMIRA,GUERLAIN / ROSE AMIRA,S40044,1,600.00,163.00
FATIMA,HABIT ROUGE PARFUM TOP,GUERLAIN / HABIT ROUGE PARFUM TOP,IP-5245,1,1400.00,382.00
FATIMA,HABIT ROUGE EDP,GUERLAIN / HABIT ROUGE EDP,PB0065,1,1300.00,355.00
FATIMA,IRIS PALIDA EXTRAIT 6,GUERLAIN / IRIS PALIDA EXTRAIT 6,PB0066,1,1900.00,519.00
FATIMA,SPIRITUEUSE DOUBLE VANILLA,GUERLAIN / SPIRITUEUSE DOUBLE VANILLA,S400480,1,850.00,232.00
FATIMA,LA PETITE ROBE NOIR,GUERLAIN / LA PETITE ROBE NOIR,PB0068,1,1100.00,301.00
FATIMA,BERGAMOTE FANTASTICO EXTRAIT11,GUERLAIN / BERGAMOTE FANTASTICO EXTRAIT11,PB0069,1,2100.00,573.00
FATIMA,ROSE CENTIFOLIA EXTRAIT 1,GUERLAIN / ROSE CENTIFOLIA EXTRAIT 1,PB0070,1,2300.00,628.00
FATIMA,HERBES TROUBLANTES,GUERLAIN / HERBES TROUBLANTES,IP-5804,1,1300.00,355.00
FATIMA,AQUA ALLEGORIA PERA GRANITA,GUERLAIN / AQUA ALLEGORIA PERA GRANITA,,1,750.00,205.00
FATIMA,BOIS MYSTERIEUX,GUERLAIN / BOIS MYSTERIEUX,,1,750.00,205.00
FATIMA,TOBACCO HONEY TOP,GUERLAIN / TOBACCO HONEY TOP,S400450,1,1300.00,355.00
FATIMA,CUIR INTENSE,GUERLAIN / CUIR INTENSE,,1,860.00,235.00
FATIMA,ENCENS MYTHIQUE,GUERLAIN / ENCENS MYTHIQUE,,1,750.00,205.00
FATIMA,MON GUERLAIN,GUERLAIN / MON GUERLAIN,,1,670.00,183.00
FATIMA,MON GUERLAIN EDP INTENSE,GUERLAIN / MON GUERLAIN EDP INTENSE,,1,750.00,205.00
FATIMA,SAMSARA,GUERLAIN / SAMSARA,S40019,1,650.00,178.00
FATIMA,SANTAL ROYAL,GUERLAIN / SANTAL ROYAL,S400283,1,650.00,178.00
FATIMA,MON GUERLAIN BLOOM OF ROSES EDP,GUERLAIN / MON GUERLAIN BLOOM OF ROSES EDP,,1,860.00,235.00
FATIMA,LES ABSOLUS D ORIENT PATCHOULI ARDENT,GUERLAIN / LES ABSOLUS D ORIENT PATCHOULI ARDENT,,1,1190.00,325.00
FATIMA,MUSK NOBLE,GUERLAIN / MUSK NOBLE,,1,475.00,130.00
FATIMA,OUD ESSENTIEL,GUERLAIN / OUD ESSENTIEL,,1,475.00,130.00
FATIMA,PATCHOULI ARDENT,GUERLAIN / PATCHOULI ARDENT,,1,475.00,130.00
FATIMA,AQUA ALLEGORIA FLORA SALVAGGIA,GUERLAIN / AQUA ALLEGORIA FLORA SALVAGGIA,,1,970.00,265.00
FATIMA,PECHE MIRAGE TOP,GUERLAIN / PECHE MIRAGE TOP,S400345,1,1200.00,328.00
FATIMA,VANILLE PLANIFOLIA EXTRAIT 21,GUERLAIN / VANILLE PLANIFOLIA EXTRAIT 21,S400476,1,1300.00,355.00
FATIMA,NEROLI OUTRENOIR,GUERLAIN / NEROLI OUTRENOIR,,1,530.00,145.00
FATIMA,TONKA SARRAPIA EXTRAIT 75,GUERLAIN / TONKA SARRAPIA EXTRAIT 75,BN0-T,1,1200.00,328.00
FATIMA,OUD KHOL,GUERLIAN / OUD KHOL,,1,1600.00,437.00
FATIMA,CHERRY OUD TOP,GUERLIAN / CHERRY OUD TOP,,1,1250.00,342.00
FATIMA,GLOSSIER YOU FLEUR,GLOSSIER / GLOSSIER YOU FLEUR,PB4089,1,1050.00,286.00
FATIMA,GLOSSIER YOU 2017,GLOSSIER / GLOSSIER YOU 2017,PB0578,1,900.00,245.00
FATIMA,PAINTER,GENYM / PAINTER,PB5152,1,1050.00,286.00
FATIMA,HAJAR ASWAD TOP,HAJAR ASWAD / HAJAR ASWAD TOP,,1,500.00,137.00
FATIMA,SHEIKH KNIGHT,HARAMAIN / SHEIKH KNIGHT,S400134,1,650.00,177.00
FATIMA,HAYATI,HARAMAIN / HAYATI,,1,810.00,221.00
FATIMA,WHITE OUD,HARAMAIN / WHITE OUD,S40005,1,450.00,123.00
FATIMA,AMBER OUD GOLD EDITION,HARAMAIN / AMBER OUD GOLD EDITION,S40028,1,440.00,120.00
FATIMA,MUKALLAT EMARATH,HARAMAIN / MUKALLAT EMARATH,S400112,1,400.00,109.00
FATIMA,OUDH AL MAJLIS,HARAMAIN / OUDH AL MAJLIS,,1,530.00,145.00
FATIMA,OUDH MA'AL ATTAR,HARAMAIN / OUDH MA'AL ATTAR,,1,475.00,130.00
FATIMA,OUDH MAAL ATTAR MALIKI,HARAMAIN / OUDH MAAL ATTAR MALIKI,,1,550.00,150.00
FATIMA,OUDH MAJUN MALIKI,HARAMAIN / OUDH MAJUN MALIKI,,1,475.00,130.00
FATIMA,OUDH SHUYOOKHI,HARAMAIN / OUDH SHUYOOKHI,,1,475.00,130.00
FATIMA,RED AFRICAN,HARAMAIN / RED AFRICAN,,1,475.00,130.00
FATIMA,ATTAR AL KABBA,HARAMAIN / ATTAR AL KABBA,,1,590.00,161.00
FATIMA,HAVOC,HAVOC / HAVOC,,1,475.00,130.00
FATIMA,HELL,HELL / HELL,,1,475.00,130.00
FATIMA,HELL TOP,HELL TOP / HELL TOP,,1,750.00,205.00
FATIMA,MINNIE MOUSE THE FRAGRANCE,HOUSE OF SILLAGE / MINNIE MOUSE THE FRAGRANCE,P687S,1,1500.00,409.00
FATIMA,EMERALD REIGN,HOUSE OF SILLAGE / EMERALD REIGN,IP-060,1,1100.00,301.00
FATIMA,PASSION DE L AMOUR,HOUSE OF SILLAGE / PASSION DE L AMOUR,IP-061,1,1300.00,355.00
FATIMA,RUBY FLAME,HOUSE OF SILLAGE / RUBY FLAME,IP-062,1,1050.00,286.00
FATIMA,WEDNESDAY,HOUSE OF SILLAGE / WEDNESDAY,IP-063,1,1150.00,314.00
FATIMA,COSMOS,HOUSE OF BO / COSMOS,,1,550.00,150.00
FATIMA,TERRE D'HERMES,HERMES / TERRE D'HERMES,S400301,1,750.00,205.00
FATIMA,TERRE D HERMES INTENSE,HERMES / TERRE D HERMES INTENSE,IP-478,1,1100.00,301.00
FATIMA,TERRE HERMES EAU GIVREE,HERMES / TERRE HERMES EAU GIVREE,PB054,1,1050.00,286.00
FATIMA,UN JARDIN SOUS LA MER HERMES,HERMES / UN JARDIN SOUS LA MER HERMES,S400508,1,590.00,161.00
FATIMA,L' AMBRE DES MERVEILLES,HERMES / L' AMBRE DES MERVEILLES,,1,750.00,205.00
FATIMA,TWILLY D' HERMES,HERMES / TWILLY D' HERMES,,1,840.00,230.00
FATIMA,VETIVER INTENSE,HERMES / VETIVER INTENSE,,1,970.00,265.00
FATIMA,VOYAGE,HERMES / VOYAGE,,1,1300.00,355.00
FATIMA,H24,HERMES / H24,S400309,1,900.00,246.00
FATIMA,CABRIOLE,HERMES / CABRIOLE,,1,650.00,178.00
FATIMA,BARENIA,HERMES / BARENIA,,1,1100.00,301.00
FATIMA,24 FAUBOURG,HERMES / 24 FAUBOURG,,1,890.00,243.00
FATIMA,AMBRE NARGUILE,HERMES / AMBRE NARGUILE,,1,580.00,158.00
FATIMA,STALLION LEATHER,HERRERA CONFIDENTIAL / STALLION LEATHER,,1,475.00,130.00
FATIMA,NIGHT OWL,HERVE GAMBS / NIGHT OWL,,1,550.00,150.00
FATIMA,DEVIL'S INTRIGUE,HFC / DEVIL'S INTRIGUE,S400352,1,1050.00,287.00
FATIMA,I WANNA BE LOVED BY YOU,HFC / I WANNA BE LOVED BY YOU,PB4688,1,1500.00,409.00
FATIMA,OR NOIR,HFC / OR NOIR,PB40017,1,930.00,254.00
FATIMA,DIAMOND IN THE SKY,HFC / DIAMOND IN THE SKY,,1,1100.00,301.00
FATIMA,DIVINE BLOSSOM,HFC / DIVINE BLOSSOM,,1,1000.00,273.00
FATIMA,GOLDEN FEVER,HFC / GOLDEN FEVER,,1,1500.00,410.00
FATIMA,INDIAN VENUS,HFC / INDIAN VENUS,,1,1610.00,440.00
FATIMA,DIVINE BLOSSOM,HFC / DIVINE BLOSSOM,,1,950.00,260.00
FATIMA,VOODOO CHIC,HFC / VOODOO CHIC,,1,1050.00,287.00
FATIMA,FLY TO MIRACLE,HFC / FLY TO MIRACLE,,1,570.00,156.00
FATIMA,AHOJAS TOP,HIND AL OUD / AHOJAS TOP,S400287,1,919.00,251.00
FATIMA,BARARI,HIND AL OUD / BARARI,,1,640.00,175.00
FATIMA,LA PARLA,HIND AL OUD / LA PARLA,,1,475.00,130.00
FATIMA,MUSK AL EMARAT,HIND AL OUD / MUSK AL EMARAT,,1,530.00,145.00
FATIMA,PINK MUSK,HIND AL OUD / PINK MUSK,,1,530.00,145.00
FATIMA,SHEIKH ABDULLAH TOP,HIND AL OUD / SHEIKH ABDULLAH TOP,,1,1200.00,328.00
FATIMA,SHEIKH ABDULLAH,HIND AL OUD / SHEIKH ABDULLAH,,1,810.00,221.00
FATIMA,EMARATI MUSK,HIND AL OUD / EMARATI MUSK,,1,475.00,130.00
FATIMA,TAHNOUN,HIND AL OUD / TAHNOUN,S400295,1,500.00,137.00
FATIMA,THIS IS NOT GABA,HORMONE PARIS / THIS IS NOT GABA,S400195,1,540.00,148.00
FATIMA,THIS IS NOT CAFFEINE,HORMONE PARIS / THIS IS NOT CAFFEINE,PF0080,1,1700.00,464.00
FATIMA,THIS IS NOT DOPAMINE DRIVE,HORMONE PARIS / THIS IS NOT DOPAMINE DRIVE,PF0081,1,1500.00,409.00
FATIMA,THIS IS NOT TESTOSTERONE,HORMONE PARIS / THIS IS NOT TESTOSTERONE,,1,1470.00,402.00
FATIMA,BOSS BOTTLED BEYOND,HUGO BOSS / BOSS BOTTLED BEYOND,PB2467,1,800.00,218.00
FATIMA,HUGO X SUPERMAN,HUGO BOSS / HUGO X SUPERMAN,S400114,1,750.00,204.00
FATIMA,HUGO BOSS THE SCENT EDP INTENSE,HUGO BOSS / HUGO BOSS THE SCENT EDP INTENSE,S400530,1,680.00,185.00
FATIMA,BOSS BOTTLED OUD,HUGO BOSS / BOSS BOTTLED OUD,,1,530.00,145.00
FATIMA,BOSS BOTTLED OUD SAFFRON TOP,HUGO BOSS / BOSS BOTTLED OUD SAFFRON TOP,,1,810.00,221.00
FATIMA,HUGO BOSS MAN,HUGO BOSS / HUGO BOSS MAN,,1,475.00,130.00
FATIMA,HUGO BOSS NEW WOMAN,HUGO BOSS / HUGO BOSS NEW WOMAN,,1,475.00,130.00
FATIMA,HUGO BOSS RED,HUGO BOSS / HUGO BOSS RED,,1,475.00,130.00
FATIMA,HUGO BOSS SCENT ABSOLUTE,HUGO BOSS / HUGO BOSS SCENT ABSOLUTE,,1,475.00,130.00
FATIMA,HUGO BOSS SCENT FOR WOMAN,HUGO BOSS / HUGO BOSS SCENT FOR WOMAN,,1,475.00,130.00
FATIMA,HUGO ICED,HUGO BOSS / HUGO ICED,,1,475.00,130.00
FATIMA,HUGO REVERSED,HUGO BOSS / HUGO REVERSED,,1,475.00,130.00
FATIMA,HUGO URBAN JOURNEY,HUGO BOSS / HUGO URBAN JOURNEY,,1,475.00,130.00
FATIMA,"HUGO, HUGO BOSS","HUGO BOSS / HUGO, HUGO BOSS",,1,475.00,130.00
FATIMA,BOSS BOTTLED INTENSE,HUGO BOSS / BOSS BOTTLED INTENSE,,1,475.00,130.00
FATIMA,MA VIE POUR FEMME,HUGO BOSS / MA VIE POUR FEMME,PB5687,1,800.00,218.00
FATIMA,BOSS BOTTLED,HUGO BOSS / BOSS BOTTLED,,1,530.00,145.00
FATIMA,BOSS ORANGE WOMEN LZ,HUGO BOSS / BOSS ORANGE WOMEN LZ,,1,475.00,130.00
FATIMA,THE COLLECTION BOLD INCENSE,HUGO BOSS / THE COLLECTION BOLD INCENSE,,1,475.00,130.00
FATIMA,THE COLLECTION NOBLE WOOD,HUGO BOSS / THE COLLECTION NOBLE WOOD,,1,475.00,130.00
FATIMA,BOSS BOTTLED ELIXIR,HUGO BOSS / BOSS BOTTLED ELIXIR,,1,475.00,130.00
FATIMA,BOSS BOTTLED PACIFIC,HUGO BOSS / BOSS BOTTLED PACIFIC,,1,475.00,130.00
FATIMA,HUGO INTENSE,HUGO BOSS / HUGO INTENSE,,1,750.00,205.00
FATIMA,THE SCENT ELIXIR FOR HIM,HUGO BOSS / THE SCENT ELIXIR FOR HIM,PB54,1,1050.00,286.00
FATIMA,BOSS BOTTLED ABSOLU,HUGO BOSS / BOSS BOTTLED ABSOLU,,1,475.00,130.00
FATIMA,BOSS BOTTLED TRIUMPH ELIXIR,HUGO BOSS / BOSS BOTTLED TRIUMPH ELIXIR,,1,880.00,240.00
FATIMA,BOSS BOTTLED BEYOND,HUGO BOSS / BOSS BOTTLED BEYOND,,1,570.00,156.00
FATIMA,BOTTLED UNLIMITED,HUGO BOSS / BOTTLED UNLIMITED,,1,650.00,178.00
FATIMA,THE SCENT MAGNETIC FOR HIM,HUGO BOSS / THE SCENT MAGNETIC FOR HIM,,1,475.00,130.00
FATIMA,BOSS THE SCENT ELIXIR FOR HER,HUGO BOSS / BOSS THE SCENT ELIXIR FOR HER,S400162,1,700.00,191.00
FATIMA,ROI SANS EQUIPAGE,HENRY JACQUES / ROI SANS EQUIPAGE,PB63548,1,2200.00,601.00
FATIMA,INDULT TIHOTA TOP,INDULT / INDULT TIHOTA TOP,IP-5480,1,2400.00,655.00
FATIMA,BRAZILIAN TOBACCO TOP,IBRAHIM AL QURASHI / BRAZILIAN TOBACCO TOP,S40100,1,1150.00,314.00
FATIMA,WHITE REGENT DIAMOND,IBRAHIM AL QURASHI / WHITE REGENT DIAMOND,PB545,1,382.00,1400.00
FATIMA,FRENCH TOBACCO,IBRAHIM AL QURASHI / FRENCH TOBACCO,S40001,1,660.00,180.00
FATIMA,LIFT ME UP,INITIO PARFUMS PRIVE / LIFT ME UP,S400250,1,610.00,167.00
FATIMA,WILD RUSH TOP,INITIO PARFUMS PRIVE / WILD RUSH TOP,S400525,1,1200.00,327.00
FATIMA,CAN'T GET ENOUGH,INITIO PARFUMS PRIVE / CAN'T GET ENOUGH,,1,1030.00,281.00
FATIMA,ATOMIC ROSE,INITIO PARFUMS PRIVE / ATOMIC ROSE,,1,850.00,232.00
FATIMA,MUSK THERAPY TOP,INITIO PARFUMS PRIVES / MUSK THERAPY TOP,S400500,1,950.00,260.00
FATIMA,MUSK THERAPY,INITIO PARFUMS PRIVES / MUSK THERAPY,,1,720.00,197.00
FATIMA,PARAGON,INITIO PARFUMS PRIVES / PARAGON,,1,1440.00,393.00
FATIMA,OUD FOR GREATNESS TOP,INITIO PARFUMS PRIVES / OUD FOR GREATNESS TOP,S400348,1,1200.00,328.00
FATIMA,ADDICTIVE VIBRATION,INITIO PARFUMS PRIVES / ADDICTIVE VIBRATION,,1,920.00,251.00
FATIMA,BLESSED BARAKA,INITIO PARFUMS PRIVES / BLESSED BARAKA,,1,780.00,213.00
FATIMA,HIGH FREQUENCY,INITIO PARFUMS PRIVES / HIGH FREQUENCY,,1,640.00,175.00
FATIMA,PSYCHEDELIC LOVE,INITIO PARFUMS PRIVES / PSYCHEDELIC LOVE,,1,970.00,265.00
FATIMA,OUD FOR GREATNESS NEO,INITIO PARFUMS PRIVES / OUD FOR GREATNESS NEO,PB4647,1,1300.00,355.00
FATIMA,REHAB TOP,INITIO PARFUMS PRIVES / REHAB TOP,,1,810.00,221.00
FATIMA,SIDE EFFECT TOP,INITIO PARFUMS PRIVES / SIDE EFFECT TOP,S400335,1,750.00,205.00
FATIMA,ATOMIC ROSE,INITIO PARFUMS PRIVES / ATOMIC ROSE,,1,590.00,161.00
FATIMA,PRIVES ABSOLUTE APHRODISIAC,INITIO PARFUMS PRIVES / PRIVES ABSOLUTE APHRODISIAC,,1,810.00,221.00
FATIMA,OUD FOR HAPPINESS,INITIO PARFUMS PRIVES / OUD FOR HAPPINESS,,1,1080.00,295.00
FATIMA,NARCOTIC DELIGHT TOP,INITIO PARFUMS PRIVES / NARCOTIC DELIGHT TOP,,1,1150.00,314.00
FATIMA,NARCOTIC DELIGHT,INITIO PARFUMS PRIVES / NARCOTIC DELIGHT,,1,540.00,148.00
FATIMA,OUD FOR GRATENESS NEO,INITIO PARFUMS PRIVES / OUD FOR GRATENESS NEO,,1,1530.00,418.00
FATIMA,"EAU D,ISSEY MIYAKE","ISSEY MIYAKE / EAU D,ISSEY MIYAKE",,1,475.00,130.00
FATIMA,LUMIERE D ISSEY,ISSEY MIYAKE / LUMIERE D ISSEY,S400518,1,630.00,173.00
FATIMA,LE SEL D'ISSEY TOP,ISSEY MIYAKE / LE SEL D'ISSEY TOP,IP-064,1,1000.00,204.00
FATIMA,L'EAU D'ISSY PURE NECTAR DE PERFUM,ISSEY MIYAKE / L'EAU D'ISSY PURE NECTAR DE PERFUM,,1,750.00,205.00
FATIMA,A DROP D ISSEY,ISSEY MIYAKE / A DROP D ISSEY,,1,1080.00,295.00
FATIMA,SILVER SCENT,JACQUES BOGART / SILVER SCENT,S400206,1,350.00,96.00
FATIMA,WAVE OF FREEDOM 2026 TOP,JUSBOX / WAVE OF FREEDOM 2026 TOP,S400522,1,1200.00,327.00
FATIMA,UNUE,JEROBAM / UNUE,PBV4,1,355.00,1300.00
FATIMA,GOZO,JEROBAM / GOZO,PBV5,1,355.00,1300.00
FATIMA,JAGUAR CLASSIC BLACK,JAGUAR / JAGUAR CLASSIC BLACK,,1,475.00,130.00
FATIMA,JAGUAR FOR MEN,JAGUAR / JAGUAR FOR MEN,,1,530.00,145.00
FATIMA,STANCE LZ JAGUAR,JAGUAR / STANCE LZ JAGUAR,,1,645.00,176.00
FATIMA,JASMIN,JASMIN / JASMIN,SN4006,1,400.00,109.00
FATIMA,DARK REBEL,JOHN VARVATOS / DARK REBEL,PBV24,1,900.00,245.00
FATIMA,LA BELLE,JEAN PAUL GAULTIER / LA BELLE,,1,475.00,130.00
FATIMA,LA BELLE FLOWER EDITION,JEAN PAUL GAULTIER / LA BELLE FLOWER EDITION,PV50,1,1050.00,286.00
FATIMA,GUALTIER DIVINE ELIXIR,JEAN PAUL GAULTIER / GUALTIER DIVINE ELIXIR,PV54,1,1050.00,286.00
FATIMA,LE MALE COLLECTOREDITION 2024,JEAN PAUL GAULTIER / LE MALE COLLECTOREDITION 2024,PB457,1,650.00,178.00
FATIMA,LE MALE PRIDE 2024,JEAN PAUL GAULTIER / LE MALE PRIDE 2024,PB457,1,1300.00,355.00
FATIMA,LE MALE PRIDE EDITION,JEAN PAUL GAULTIER / LE MALE PRIDE EDITION,PB457,1,1200.00,327.00
FATIMA,LA BELLE LE PARFUM,JEAN PAUL GAULTIER / LA BELLE LE PARFUM,IP-014,1,1150.00,314.00
FATIMA,LA BELLE FLEUR TERRIBLE,JEAN PAUL GAULTIER / LA BELLE FLEUR TERRIBLE,PBV58,1,900.00,245.00
FATIMA,GAUTILER 2 TOP,JEAN PAUL GAULTIER / GAUTILER 2 TOP,PBV525,1,700.00,191.00
FATIMA,LE MALE LE PARFUM,JEAN PAUL GAULTIER / LE MALE LE PARFUM,IP-065,1,1150.00,314.00
FATIMA,LE MALE ELIXIR,JEAN PAUL GAULTIER / LE MALE ELIXIR,PBV04,1,1150.00,314.00
FATIMA,LA MALE TOP,JEAN PAUL GAULTIER / LA MALE TOP,PV482,1,1150.00,314.00
FATIMA,LE BEAU,JEAN PAUL GAULTIER / LE BEAU,,1,475.00,130.00
FATIMA,SCANDAL,JEAN PAUL GAULTIER / SCANDAL,S400288,1,623.00,170.00
FATIMA,SO SCANDAL,JEAN PAUL GAULTIER / SO SCANDAL,,1,750.00,205.00
FATIMA,SCANDAL POUR HOME,JEAN PAUL GAULTIER / SCANDAL POUR HOME,S40043,1,700.00,191.00
FATIMA,SCANDAL POUR HOME INTENSE,JEAN PAUL GAULTIER / SCANDAL POUR HOME INTENSE,PB246,1,900.00,245.00
FATIMA,SCANDAL LE PARFUM,JEAN PAUL GAULTIER / SCANDAL LE PARFUM,,1,800.00,219.00
FATIMA,SCANDAL INTENSE TOP,JEAN PAUL GAULTIER / SCANDAL INTENSE TOP,S400467,1,1100.00,301.00
FATIMA,DIVINE,JEAN PAUL GAULTIER / DIVINE,,1,550.00,150.00
FATIMA,LE BEAU LE PARFUM,JEAN PAUL GAULTIER / LE BEAU LE PARFUM,S40061,1,540.00,147.00
FATIMA,LE MALE IN BLUE,JEAN PAUL GAULTIER / LE MALE IN BLUE,PB755,1,1050.00,286.00
FATIMA,LE BEAU PARADISE GARDEN TOP,JEAN PAUL GAULTIER / LE BEAU PARADISE GARDEN TOP,S400482,1,1100.00,301.00
FATIMA,LA BELLE PARADISE GARDEN,JEAN PAUL GAULTIER / LA BELLE PARADISE GARDEN,,1,550.00,150.00
FATIMA,SCANDAL POUR HOMME ABSOLU,JEAN PAUL GAULTIER / SCANDAL POUR HOMME ABSOLU,S40101,1,780.00,213.00
FATIMA,SCANDAL POUR HOMME ELIXIR,JEAN PAUL GAULTIER / SCANDAL POUR HOMME ELIXIR,PB4005,1,750.00,204.00
FATIMA,GAULTIER DIVINE LE PARFUM,JEAN PAUL GAULTIER / GAULTIER DIVINE LE PARFUM,,1,500.00,137.00
FATIMA,MA DAME 2024,JEAN PAUL GAULTIER / MA DAME 2024,,1,500.00,137.00
FATIMA,SCANDAL WOMEN ABSOLU,JEAN PAUL GAULTIER / SCANDAL WOMEN ABSOLU,,1,650.00,178.00
FATIMA,LA MALE ELIXIR,JEAN PAUL GAULTIER / LA MALE ELIXIR,,1,900.00,246.00
FATIMA,CLASSIQUE,JEAN PAUL GAULTIER / CLASSIQUE,,1,790.00,216.00
FATIMA,LE MALE ELIXIR ABSOLU TOP,JEAN PAUL GAULTIER / LE MALE ELIXIR ABSOLU TOP,,1,1270.00,347.00
FATIMA,LE BEAU FLOWER EDITION,JEAN PAUL GAULTIER / LE BEAU FLOWER EDITION,,1,750.00,205.00
FATIMA,SCANDAL INTENSE,JEAN PAUL GAULTIER / SCANDAL INTENSE,,1,900.00,246.00
FATIMA,SCANDAL BY NIGHT,JEAN PAUL GAULTIER / SCANDAL BY NIGHT,,1,650.00,178.00
FATIMA,ULTRA MALE,JEAN PAUL GAULTIER / ULTRA MALE,S400374,1,600.00,164.00
FATIMA,GAULTIER DIVINE ELIXIR,JEAN PAUL GAULTIER / GAULTIER DIVINE ELIXIR,,1,840.00,230.00
FATIMA,LE ULTRA MALE,JEAN PAUL GAULTIER / LE ULTRA MALE,,1,500.00,137.00
FATIMA,LE MALE LOVER,JEAN PAUL GAULTIER / LE MALE LOVER,,1,550.00,150.00
FATIMA,GAULTIER DIVINE LE PARFUM,JEAN PAUL GAULTIER / GAULTIER DIVINE LE PARFUM,,1,680.00,186.00
FATIMA,CLASSIC MEN,JEAN PAUL GAULTTER / CLASSIC MEN,,1,475.00,130.00
FATIMA,LA MALE,JEAN PAUL GAULTTER / LA MALE,,1,475.00,130.00
FATIMA,SCANDAL GOLD TOP,JEAN PAUL GAULTTER / SCANDAL GOLD TOP,,1,970.00,265.00
FATIMA,JILD,JOURI / JILD,,1,1400.00,382.00
FATIMA,STILL,JENNFER LOPEZ / STILL,,1,660.00,180.00
FATIMA,GOZO JEROBOAM,JEROBOAM / GOZO JEROBOAM,,1,1100.00,301.00
FATIMA,ORIENTO,JEROBOAM / ORIENTO,,1,1200.00,328.00
FATIMA,SUN MEN,JIL SANDER / SUN MEN,,1,700.00,191.00
FATIMA,I WANT CHOO WITH LOVE,JIMMY CHOO / I WANT CHOO WITH LOVE,PB6458,1,1050.00,286.00
FATIMA,I WANT CHOO,JIMMY CHOO / I WANT CHOO,PB6478,1,1200.00,327.00
FATIMA,BLOSSOM,JIMMY CHOO / BLOSSOM,PB2465,1,900.00,245.00
FATIMA,JIMMY CHOO MAN,JIMMY CHOO / JIMMY CHOO MAN,S400169,1,600.00,164.00
FATIMA,JIMMY CHOO FEVER,JIMMY CHOO / JIMMY CHOO FEVER,,1,475.00,130.00
FATIMA,I WANT CHOO LE PARFUM,JIMMY CHOO / I WANT CHOO LE PARFUM,PB7584,1,900.00,245.00
FATIMA,JIMMY CHOO MAN BLUE,JIMMY CHOO / JIMMY CHOO MAN BLUE,,1,475.00,130.00
FATIMA,URBAN HERO,JIMMY CHOO / URBAN HERO,,1,475.00,130.00
FATIMA,JIMMY CHOO MAN INTENSE,JIMMY CHOO / JIMMY CHOO MAN INTENSE,,1,530.00,145.00
FATIMA,SCARLET POPPY INTENSE,JO MALONE / SCARLET POPPY INTENSE,,1,640.00,175.00
FATIMA,NECTARINE BLOSSOM & HONEY,JO MALONE LONDON / NECTARINE BLOSSOM & HONEY,S40035,1,450.00,123.00
FATIMA,ENGLISH PEAR & FREESIA TOP,JO MALONE LONDON / ENGLISH PEAR & FREESIA TOP,S40090,1,1200.00,327.00
FATIMA,GINGER BEER COLOGNE,JO MALONE LONDON / GINGER BEER COLOGNE,S40089,1,640.00,174.00
FATIMA,MUSK MOMENTO,JO MALONE LONDON / MUSK MOMENTO,,1,550.00,150.00
FATIMA,SANDALWOOD & SPICED APRICOT COLONGE,JO MALONE LONDON / SANDALWOOD & SPICED APRICOT COLONGE,PBV5748,1,750.00,204.00
FATIMA,AMBER LABDANUM COLOGNE INTENSE,JO MALONE LONDON / AMBER LABDANUM COLOGNE INTENSE,PBV567,1,1700.00,464.00
FATIMA,CYPRESS AND GRAPEVINECOLONGE INTENSE,JO MALONE LONDON / CYPRESS AND GRAPEVINECOLONGE INTENSE,PBV548,1,1100.00,301.00
FATIMA,DARK AMBER & GINGER LILY TOP,JO MALONE LONDON / DARK AMBER & GINGER LILY TOP,PBB55,1,850.00,232.00
FATIMA,GINGER BISCUIT TOP TOP,JO MALONE LONDON / GINGER BISCUIT TOP TOP,P-457S,1,1600.00,437.00
FATIMA,ORANGE BLOSSOM,JO MALONE LONDON / ORANGE BLOSSOM,,1,800.00,219.00
FATIMA,BLACKBERRY & BAY,JO MALONE LONDON / BLACKBERRY & BAY,,1,620.00,169.00
FATIMA,MYRRH & TONKA COLOGNE INTENES,JO MALONE LONDON / MYRRH & TONKA COLOGNE INTENES,,1,900.00,246.00
FATIMA,GREEN ALMOND & REDCURRANT,JO MALONE LONDON / GREEN ALMOND & REDCURRANT,,1,475.00,130.00
FATIMA,MYRRH & TONKA,JO MALONE LONDON / MYRRH & TONKA,,1,475.00,130.00
FATIMA,OUD & BERGAMOT,JO MALONE LONDON / OUD & BERGAMOT,,1,920.00,251.00
FATIMA,TUBEROSE ANGELICA,JO MALONE LONDON / TUBEROSE ANGELICA,,1,475.00,130.00
FATIMA,VELVET ROSE & OUD,JO MALONE LONDON / VELVET ROSE & OUD,,1,810.00,221.00
FATIMA,WILD BLUEBLL COLOGNE,JO MALONE LONDON / WILD BLUEBLL COLOGNE,,1,530.00,145.00
FATIMA,154 COLOGNE,JO MALONE LONDON / 154 COLOGNE,,1,590.00,161.00
FATIMA,TANGY RHUBARB COLOGNE,JO MALONE LONDON / TANGY RHUBARB COLOGNE,,1,920.00,251.00
FATIMA,LIME BASIL & MANDARIN,JO MALONE LONDON / LIME BASIL & MANDARIN,,1,700.00,191.00
FATIMA,ELDERFLOWER CORDIAL COLOGNE,JO MALONE LONDON / ELDERFLOWER CORDIAL COLOGNE,,1,600.00,164.00
FATIMA,BITTER MANDARIN,JO MALONE LONDON / BITTER MANDARIN,,1,900.00,246.00
FATIMA,JASMINE SAMBAC & MARIGOLD,JO MALONE LONDON / JASMINE SAMBAC & MARIGOLD,,1,800.00,219.00
FATIMA,ROSE BLUSH COLOGNE (2023),JO MALONE LONDON / ROSE BLUSH COLOGNE (2023),,1,920.00,251.00
FATIMA,ROSE WATER &VANILLA COLOGNE (2023),JO MALONE LONDON / ROSE WATER &VANILLA COLOGNE (2023),,1,590.00,161.00
FATIMA,SUNLIT CHERIMOYA COLOGNE,JO MALONE LONDON / SUNLIT CHERIMOYA COLOGNE,S400149,1,670.00,183.00
FATIMA,ORANGE MARMALADE,JO MALONE LONDON / ORANGE MARMALADE,,1,700.00,191.00
FATIMA,HONEYSUCKLE & DAVANA,JO MALONE LONDON / HONEYSUCKLE & DAVANA,,1,475.00,130.00
FATIMA,BLUE AGAVA AND CACAO,JO MALONE LONDON / BLUE AGAVA AND CACAO,,1,550.00,150.00
FATIMA,ENGLISH PEAR,JO MALONE LONDON / ENGLISH PEAR,,1,655.00,179.00
FATIMA,HINOKI & CEDARWOOD,JO MALONE LONDON / HINOKI & CEDARWOOD,,1,800.00,219.00
FATIMA,RED HIBISCUS,JO MALONE LONDON / RED HIBISCUS,,1,780.00,213.00
FATIMA,POPPY & BARLEY,JO MALONE LONDON / POPPY & BARLEY,,1,880.00,240.00
FATIMA,WOOD SAGE & SEA SALT,JO MALONE LONDON / WOOD SAGE & SEA SALT,,1,550.00,150.00
FATIMA,DARK AMBER & GINGER LILY,JO MALONE LONDON / DARK AMBER & GINGER LILY,,1,475.00,130.00
FATIMA,CHERRY DELICS,JOHAN B / CHERRY DELICS,,1,640.00,175.00
FATIMA,JOHN VARVATOS OUD,JOHN VARVATOS / JOHN VARVATOS OUD,,1,985.00,269.00
FATIMA,CARIOCA HEART TOP,JUSBOX / CARIOCA HEART TOP,IP-4875,1,1700.00,464.00
FATIMA,NIGHT FLIGHT,JOOP / NIGHT FLIGHT,,1,475.00,130.00
FATIMA,JOOP HOMME ABSOLUTE,JOOP / JOOP HOMME ABSOLUTE,,1,475.00,130.00
FATIMA,VIVA LA JUCCI,JUCCI COUTURE / VIVA LA JUCCI,,1,475.00,130.00
FATIMA,ANOTHER OUD,JULIETTE HAS A GUN / ANOTHER OUD,,1,860.00,235.00
FATIMA,BANANNA RUSH,JULIETTE HAS A GUN / BANANNA RUSH,S400413,1,850.00,232.00
FATIMA,NOT A PERFUME,JULIETTE HAS A GUN / NOT A PERFUME,,1,750.00,205.00
FATIMA,Mmmm…,JULIETTE HAS A GUN / Mmmm…,PBV4,1,1200.00,327.00
FATIMA,MUSC INVISIBLE,JULIETTE HAS A GUN / MUSC INVISIBLE,PB47,1,800.00,218.00
FATIMA,POWDER LOVE TOP,JULIETTE HAS A GUN / POWDER LOVE TOP,S400412,1,950.00,286.00
FATIMA,NOT A PERFUME SUPERDOSE,JULIETTE HAS A GUN / NOT A PERFUME SUPERDOSE,,1,1150.00,314.00
FATIMA,MIAMI SHAKE,JULIETTE HAS A GUN / MIAMI SHAKE,S400190,1,850.00,232.00
FATIMA,EGO STRATIS,JULIETTE HAS A GUN / EGO STRATIS,,1,475.00,130.00
FATIMA,MOON FLOWER,JUNIPER LANE PERFUMES / MOON FLOWER,,1,1080.00,295.00
FATIMA,FOLLOWED,KEROSENE / FOLLOWED,PBV4,1,1500.00,409.00
FATIMA,RUBY,KAJAL / RUBY,PB42,1,1200.00,327.00
FATIMA,DAHAB TOP,KAJAL / DAHAB TOP,PB47,1,1200.00,327.00
FATIMA,LAMAR CAVIAR,KAJAL / LAMAR CAVIAR,S400176,1,600.00,164.00
FATIMA,LAMAR TOP,KAJAL / LAMAR TOP,,1,1200.00,328.00
FATIMA,ALMAZ,KAJAL / ALMAZ,,1,530.00,145.00
FATIMA,LAMAR NOIR,KAJAL / LAMAR NOIR,,1,530.00,145.00
FATIMA,KANOOS,KANOOS / KANOOS,,1,590.00,161.00
FATIMA,FREEDOM MUSK BOUQUET | 27 EAU DE PARFUM TOP,KAYALI / FREEDOM MUSK BOUQUET | 27 EAU DE PARFUM TOP,S400515,1,1000.00,273.00
FATIMA,FREEDOM MUSK SANTAL | 34 EAU DE PARFUM,KAYALI / FREEDOM MUSK SANTAL | 34 EAU DE PARFUM,S400534,1,600.00,164.00
FATIMA,KAYALI EDEN SWEET PEACH 35,KAYALI / KAYALI EDEN SWEET PEACH 35,S400419,1,640.00,174.00
FATIMA,FREEDOM MUSK BOUQUET | 27 EAU DE PARFUM,KAYALI / FREEDOM MUSK BOUQUET | 27 EAU DE PARFUM,S400422,1,650.00,177.00
FATIMA,FREEDOM MUSK LATTE | 41 EAU DE PARFUM TOP,KAYALI / FREEDOM MUSK LATTE | 41 EAU DE PARFUM TOP,S400535,1,1000.00,273.00
FATIMA,KAYALI EDEN PLUSH PEAR 23,KAYALI / KAYALI EDEN PLUSH PEAR 23,S400425,1,640.00,174.00
FATIMA,FREEDOM MUSK MATCHA 45 TOP,KAYALI / FREEDOM MUSK MATCHA 45 TOP,S400540,1,1200.00,327.00
FATIMA,KAYALI THE WEDDING SILK SANTAL 36,KAYALI / KAYALI THE WEDDING SILK SANTAL 36,,1,1100.00,301.00
FATIMA,UTOPIA VANILLA COCO 21 TOP,KAYALI / UTOPIA VANILLA COCO 21 TOP,S400443,1,850.00,232.00
FATIMA,OUDGASM VANILLA OUD 36 EAU DE PARFUM INTENSE TOP,KAYALI / OUDGASM VANILLA OUD 36 EAU DE PARFUM INTENSE TOP,S400456,1,950.00,260.00
FATIMA,DEJA VU WHITE FLOWER 57,KAYALI / DEJA VU WHITE FLOWER 57,,1,570.00,156.00
FATIMA,YUM BOUJEE MARSHMALLOW 81 TOP,KAYALI / YUM BOUJEE MARSHMALLOW 81 TOP,S400501,1,750.00,205.00
FATIMA,EDEN JUICY APPLE | 01 EAU DE PARFUM,KAYALI / EDEN JUICY APPLE | 01 EAU DE PARFUM,S40036,1,340.00,93.00
FATIMA,THE WEDDING VELVET SANTAL,KAYALI / THE WEDDING VELVET SANTAL,PB14,1,1050.00,286.00
FATIMA,FRAGRANCES MARRAKESH IN A BOTTLE ORANGE BLOSSOM 24,KAYALI / FRAGRANCES MARRAKESH IN A BOTTLE ORANGE BLOSSOM 24,PB08,1,1050.00,286.00
FATIMA,CAPRI IN A BOTTLE LEMON SUGAR|14 EAU DE PARFUM,KAYALI / CAPRI IN A BOTTLE LEMON SUGAR|14 EAU DE PARFUM,S400539,1,450.00,123.00
FATIMA,OUDGASM ROSE OUD 16 EAU DE PARFUME INTENSE,KAYALI / OUDGASM ROSE OUD 16 EAU DE PARFUME INTENSE,S400160,1,840.00,229.00
FATIMA,SWEET DIAMOND PINK PEPPER 25,KAYALI / SWEET DIAMOND PINK PEPPER 25,S400447,1,1100.00,301.00
FATIMA,VANILLA CANDY ROCK SUGARED TOP,KAYALI / VANILLA CANDY ROCK SUGARED TOP,PB1804,1,1200.00,327.00
FATIMA,FLEUR MAJESTY ROSE ROYALE 31 TOP,KAYALI / FLEUR MAJESTY ROSE ROYALE 31 TOP,S400458,1,900.00,246.00
FATIMA,YUM PISTACHIO GELATO 33,KAYALI / YUM PISTACHIO GELATO 33,S400183,1,550.00,150.00
FATIMA,KAYALI OUDGASM TOBACCO OUD 04,KAYALI / KAYALI OUDGASM TOBACCO OUD 04,S400171,1,840.00,229.00
FATIMA,OUDGASM MILKY MUSK OUD 30,KAYALI / OUDGASM MILKY MUSK OUD 30,S400186,1,600.00,164.00
FATIMA,OUDGASM CHOCOLAT OUD,KAYALI / OUDGASM CHOCOLAT OUD,,1,800.00,219.00
FATIMA,LOVEFEST BURNING CHERRY 48,KAYALI / LOVEFEST BURNING CHERRY 48,S40075,1,300.00,82.00
FATIMA,CITRUS 08,KAYALI / CITRUS 08,PB666,1,1050.00,286.00
FATIMA,MALDIVES IN A BOTTLE YLANG COCO KAYALI,KAYALI / MALDIVES IN A BOTTLE YLANG COCO KAYALI,S400225,1,623.00,170.00
FATIMA,INVITE ONLY AMBER 23 TOP,KAYALI / INVITE ONLY AMBER 23 TOP,S400185,1,1050.00,287.00
FATIMA,ELIXIR 11,KAYALI / ELIXIR 11,,1,500.00,137.00
FATIMA,VANILLE ROYALE SUGARED PATCHOULI 64 INTENSE,KAYALI / VANILLE ROYALE SUGARED PATCHOULI 64 INTENSE,S400113,1,750.00,205.00
FATIMA,MUSK 12,KAYALI / MUSK 12,,1,500.00,137.00
FATIMA,OUDGASM SMOKY OUD 07,KAYALI / OUDGASM SMOKY OUD 07,S400189,1,750.00,204.00
FATIMA,EDEN SPARKLING LYCHEE 39,KAYALI / EDEN SPARKLING LYCHEE 39,S400445,1,800.00,218.00
FATIMA,OUDGASM CAFÉ OUD 19 PARFUM INTENSE,KAYALI / OUDGASM CAFÉ OUD 19 PARFUM INTENSE,S400446,1,1100.00,301.00
FATIMA,VANILLA 28,KAYALI / VANILLA 28,S400507,1,410.00,112.00
FATIMA,DEJA VU WHITE FLOWER 57,KAYALI / DEJA VU WHITE FLOWER 57,,1,550.00,150.00
FATIMA,MAUL IN A BOTTLE SWEET BANANA,KAYALI / MAUL IN A BOTTLE SWEET BANANA,,1,590.00,161.00
FATIMA,AQUA KENZO POUR LUI,KENZO / AQUA KENZO POUR LUI,,1,475.00,130.00
FATIMA,L EAU PURE,KENZO / L EAU PURE,PBB01,1,900.00,245.00
FATIMA,HOMME INDIGO,KENZO / HOMME INDIGO,PBB02,1,1050.00,286.00
FATIMA,FLOWER BY KENZO CHERRY POPPY,KENZO / FLOWER BY KENZO CHERRY POPPY,PBB03,1,1050.00,286.00
FATIMA,L EAU PAR POUR HOMME,KENZO / L EAU PAR POUR HOMME,PBB04,1,700.00,191.00
FATIMA,POUR HOMME,KENZO / POUR HOMME,PBB05,1,700.00,191.00
FATIMA,KENZO AMOUR,KENZO / KENZO AMOUR,,1,510.00,139.00
FATIMA,KENZO FLOWER,KENZO / KENZO FLOWER,,1,475.00,130.00
FATIMA,KENZO JUNGLE,KENZO / KENZO JUNGLE,,1,475.00,130.00
FATIMA,KENZO WORLD INTENSE,KENZO / KENZO WORLD INTENSE,,1,640.00,175.00
FATIMA,PERFUME D'ETE,KENZO / PERFUME D'ETE,,1,475.00,130.00
FATIMA,KENZO HOMME MARINE,KENZO / KENZO HOMME MARINE,,1,550.00,150.00
FATIMA,HARIM AL SULTAN,KHADLAJ / HARIM AL SULTAN,,1,420.00,115.00
FATIMA,AMBER OUD,KILIAN / AMBER OUD,,1,810.00,221.00
FATIMA,FORBIDDEN GAMES (2026),KILIAN / FORBIDDEN GAMES (2026),S400227,1,640.00,174.00
FATIMA,BACK TO BACK,KILIAN / BACK TO BACK,,1,750.00,205.00
FATIMA,BAD BOYS ARE NO GOOD BUT GOOD BOYS ARE NO FUN,KILIAN / BAD BOYS ARE NO GOOD BUT GOOD BOYS ARE NO FUN,,1,810.00,221.00
FATIMA,DARK LORD,KILIAN / DARK LORD,,1,730.00,199.00
FATIMA,HER MAJESTY,KILIAN / HER MAJESTY,S400181,1,600.00,164.00
FATIMA,FORBIDDEN GAMES,KILIAN / FORBIDDEN GAMES,,1,590.00,161.00
FATIMA,GOLD KNIGHT,KILIAN / GOLD KNIGHT,,1,750.00,205.00
FATIMA,GOLD OUD KILIAN,KILIAN / GOLD OUD KILIAN,,1,510.00,139.00
FATIMA,GOOD GIRL GONE BAD (MEDIUM),KILIAN / GOOD GIRL GONE BAD (MEDIUM),,1,700.00,191.00
FATIMA,GOOD GIRL GONE BAD EXTREME,KILIAN / GOOD GIRL GONE BAD EXTREME,,1,750.00,205.00
FATIMA,KILLING ME SLOWLY,KILIAN / KILLING ME SLOWLY,,1,750.00,205.00
FATIMA,ROLLING IN LOVE,KILIAN / ROLLING IN LOVE,,1,750.00,205.00
FATIMA,VODKA ON THE ROCKS,KILIAN / VODKA ON THE ROCKS,,1,920.00,251.00
FATIMA,WOMAN IN GOLD,KILIAN / WOMAN IN GOLD,,1,810.00,221.00
FATIMA,WHITE HEAVEN,KILIAN / WHITE HEAVEN,,1,640.00,175.00
FATIMA,BAMBOO HARMONY,KILIAN / BAMBOO HARMONY,,1,810.00,221.00
FATIMA,KISSES DON'T LIE,KILIAN / KISSES DON'T LIE,,1,700.00,191.00
FATIMA,BLACK PHANTOM MIMENTO MORI,KILIAN / BLACK PHANTOM MIMENTO MORI,,1,750.00,205.00
FATIMA,INTOXICATED,KILIAN / INTOXICATED,,1,750.00,205.00
FATIMA,ANGELS SHARE TOP,KILIAN / ANGELS SHARE TOP,S400326,1,1300.00,355.00
FATIMA,ANGELS SHARE SP,KILIAN / ANGELS SHARE SP,S400290,1,270.00,73.00
FATIMA,ROSES ON ICE,KILIAN / ROSES ON ICE,,1,700.00,191.00
FATIMA,A KISS FROM A ROSE,KILIAN / A KISS FROM A ROSE,,1,810.00,221.00
FATIMA,STRAIGHT TO HEAVEN,KILIAN / STRAIGHT TO HEAVEN,PBB06,1,1050.00,286.00
FATIMA,MOONLIGHT IN HEAVEN,KILIAN / MOONLIGHT IN HEAVEN,PBB07,1,1200.00,301.00
FATIMA,SINGLE MALT,KILIAN / SINGLE MALT,PBB08,1,1050.00,286.00
FATIMA,PRINCESS,KILIAN / PRINCESS,PBB09,1,1050.00,286.00
FATIMA,SMOKE LIKE HOT,KILIAN / SMOKE LIKE HOT,PBB010,1,1050.00,286.00
FATIMA,DANGEROUES IN LOVE,KILIAN / DANGEROUES IN LOVE,PBB011,1,1200.00,327.00
FATIMA,OLD FASHOINED TOP,KILIAN / OLD FASHOINED TOP,PBB012,1,1050.00,286.00
FATIMA,LIGHT MY FIRE,KILIAN / LIGHT MY FIRE,,1,750.00,205.00
FATIMA,STRAIGHT TO HEAVEN OUD & MUSK SPECIAL BLEND 2021,KILIAN / STRAIGHT TO HEAVEN OUD & MUSK SPECIAL BLEND 2021,,1,1140.00,311.00
FATIMA,PERAL OUD,KILIAN / PERAL OUD,,1,810.00,221.00
FATIMA,ROYAL LEATHER,KILIAN / ROYAL LEATHER,,1,810.00,221.00
FATIMA,PLAYING WITH THE DEVIL,KILIAN / PLAYING WITH THE DEVIL,,1,750.00,205.00
FATIMA,ON THE ROCKS,KILIAN / ON THE ROCKS,,1,475.00,130.00
FATIMA,MUSK BUTTERFLY,KILIAN / MUSK BUTTERFLY,,1,950.00,260.00
FATIMA,LOVE DON'T BE SHY -ROSE & OUD,KILIAN / LOVE DON'T BE SHY -ROSE & OUD,,1,1500.00,410.00
FATIMA,CAN'T STOP LOVING YOU,KILIAN / CAN'T STOP LOVING YOU,,1,1150.00,314.00
FATIMA,ANGELS SHARE PARADIS,KILIAN / ANGELS SHARE PARADIS,,1,1350.00,369.00
FATIMA,FIEVRE VERTE,KILIAN / FIEVRE VERTE,,1,640.00,175.00
FATIMA,ANGELS SHARE ON THE ROCKS,KILIAN / ANGELS SHARE ON THE ROCKS,,1,1250.00,342.00
FATIMA,SMOKING HOT TOP,KILIAN / SMOKING HOT TOP,S40079,1,1150.00,314.00
FATIMA,OLD FASHIONED,KILIAN / OLD FASHIONED,,1,550.00,150.00
FATIMA,BLUE MOON GINGER DASH,KILIAN / BLUE MOON GINGER DASH,,1,1130.00,309.00
FATIMA,LOVE DON'T SHY AMBER & OUD SPECIAL BLEND 2023,KILIAN / LOVE DON'T SHY AMBER & OUD SPECIAL BLEND 2023,,1,570.00,156.00
FATIMA,L'HEURE VERTE,KILIAN / L'HEURE VERTE,,1,1200.00,328.00
FATIMA,APPLE BRANDY ON THE ROCKS,KILIAN / APPLE BRANDY ON THE ROCKS,,1,970.00,265.00
FATIMA,GOOD GIRL GONE BAD LUZI TOP,KILIAN / GOOD GIRL GONE BAD LUZI TOP,,1,860.00,235.00
FATIMA,APPLE BRANDY,KILIAN / APPLE BRANDY,,1,590.00,161.00
FATIMA,BAD BOYS ARE NO GOOD BUT GOOD BOYS ARE NO FUN,KILIAN / BAD BOYS ARE NO GOOD BUT GOOD BOYS ARE NO FUN,,1,810.00,221.00
FATIMA,IN THE CITY OF SIN,KILIAN / IN THE CITY OF SIN,,1,750.00,205.00
FATIMA,INTOXICATED,KILIAN / INTOXICATED,,1,590.00,161.00
FATIMA,LOVE DON’T BE SHY TOP,KILIAN / LOVE DON’T BE SHY TOP,S400361,1,750.00,205.00
FATIMA,TO BE A PRINCESS,KILIAN / TO BE A PRINCESS,,1,810.00,221.00
FATIMA,WHITE HEAVEN TOP,KILIAN / WHITE HEAVEN TOP,,1,970.00,265.00
FATIMA,KOLOGNE .SHIELD OF PROTECTION,KILIAN / KOLOGNE .SHIELD OF PROTECTION,,1,800.00,219.00
FATIMA,SUNKISSED GODDESS,KILIAN / SUNKISSED GODDESS,,1,600.00,164.00
FATIMA,KINSKI,KINSKI / KINSKI,,1,1300.00,355.00
FATIMA,PUMPKIN SPICE,LUSH / PUMPKIN SPICE,PBB0123,1,900.00,245.00
FATIMA,CHERRYISH,LUSH / CHERRYISH,PBB013,1,650.00,177.00
FATIMA,STICKY DATES TOP,LUSH / STICKY DATES TOP,IP845,1,1100.00,301.00
FATIMA,EAU DE LACOSTE L12.12 FAICHE POUR ELLE,LACOSTE / EAU DE LACOSTE L12.12 FAICHE POUR ELLE,,1,475.00,130.00
FATIMA,EAU DE LACOSTE L12.12 FAICHE POUR LUI,LACOSTE / EAU DE LACOSTE L12.12 FAICHE POUR LUI,,1,475.00,130.00
FATIMA,L.12.12.ROUGE,LACOSTE / L.12.12.ROUGE,,1,475.00,130.00
FATIMA,LACOSTE CHALLENGE,LACOSTE / LACOSTE CHALLENGE,,1,475.00,130.00
FATIMA,LACOSTE ESSETIAL,LACOSTE / LACOSTE ESSETIAL,,1,475.00,130.00
FATIMA,LACOSTE JOY OF PINK,LACOSTE / LACOSTE JOY OF PINK,,1,475.00,130.00
FATIMA,l.12.12 SILVER GREY,LACOSTE / l.12.12 SILVER GREY,PBB016,1,1200.00,327.00
FATIMA,LACOSTE ESSENTIAL SPORT,LACOSTE / LACOSTE ESSENTIAL SPORT,PBB045,1,900.00,245.00
FATIMA,LACOSTE SENSUAL,LACOSTE / LACOSTE SENSUAL,,1,475.00,130.00
FATIMA,LACOSTE STYLE IN PLAY,LACOSTE / LACOSTE STYLE IN PLAY,,1,475.00,130.00
FATIMA,LACOSTE WHITE,LACOSTE / LACOSTE WHITE,,1,475.00,130.00
FATIMA,TOUCH OF PINK,LACOSTE / TOUCH OF PINK,,1,475.00,130.00
FATIMA,LACOSTE POUR FEMME LZ,LACOSTE / LACOSTE POUR FEMME LZ,,1,475.00,130.00
FATIMA,LACOSTE POUR FEMME,LACOSTE / LACOSTE POUR FEMME,,1,475.00,130.00
FATIMA,EAU DE LACOSTE L.12.12 BLANC,LACOSTE / EAU DE LACOSTE L.12.12 BLANC,,1,475.00,130.00
FATIMA,ENCRE NOIRE,LALIQUE / ENCRE NOIRE,,1,475.00,130.00
FATIMA,"L,AMOUR","LALIQUE / L,AMOUR",,1,475.00,130.00
FATIMA,"LE PARFUM, LALIQUE RED","LALIQUE / LE PARFUM, LALIQUE RED",,1,475.00,130.00
FATIMA,SATINE,LALIQUE / SATINE,,1,475.00,130.00
FATIMA,WHITE,LALIQUE / WHITE,,1,475.00,130.00
FATIMA,L AMOUR LALIQUE,LALIQUE / L AMOUR LALIQUE,,1,935.00,255.00
FATIMA,ENCRE NOIR,LALIQUE / ENCRE NOIR,,1,2150.00,587.00
FATIMA,O COOL MIST,LANCOM / O COOL MIST,S400523,1,670.00,183.00
FATIMA,IDOLE POWER,LANCOM / IDOLE POWER,PB468,1,1700.00,464.00
FATIMA,OFF NOW,LANCOM / OFF NOW,PBB044,1,1200.00,327.00
FATIMA,ABSOLU ROSE FROM THE DARK,LANCOM / ABSOLU ROSE FROM THE DARK,PBB060,1,1300.00,355.00
FATIMA,LA NUIT TRESOR VANILE NOIRE,LANCOM / LA NUIT TRESOR VANILE NOIRE,PBB061,1,1050.00,286.00
FATIMA,ABSOLUE OUD BOUQUET,LANCOM / ABSOLUE OUD BOUQUET,PB05B,1,900.00,245.00
FATIMA,LA VIE EST BELLE VANILLA NUDE,LANCOM / LA VIE EST BELLE VANILLA NUDE,PB0245,1,1050.00,286.00
FATIMA,LA VIE EST BELLE L'ELIXIR,LANCOM / LA VIE EST BELLE L'ELIXIR,PB0154,1,750.00,204.00
FATIMA,POEME,LANCOM / POEME,PB0145,1,1100.00,301.00
FATIMA,IDOLE LE PARFUM,LANCOM / IDOLE LE PARFUM,PB101,1,1300.00,355.00
FATIMA,HYPNOSE,LANCOM / HYPNOSE,,1,590.00,161.00
FATIMA,IDOLE TOP,LANCOM / IDOLE TOP,S400258,1,410.00,112.00
FATIMA,IDOLE L'INTENSE,LANCOM / IDOLE L'INTENSE,,1,590.00,161.00
FATIMA,LA NUIT TRESOR A LA FOLIE,LANCOM / LA NUIT TRESOR A LA FOLIE,,1,475.00,130.00
FATIMA,LA NUIT TRESOR LANCOM,LANCOM / LA NUIT TRESOR LANCOM,,1,475.00,130.00
FATIMA,LA VIE EST BELLE EDP I'ECLAT,LANCOM / LA VIE EST BELLE EDP I'ECLAT,,1,475.00,130.00
FATIMA,LA VIE EST BELLE EN ROSE,LANCOM / LA VIE EST BELLE EN ROSE,,1,475.00,130.00
FATIMA,LA VIE EST BELLE,LANCOM / LA VIE EST BELLE,S400277,1,400.00,109.00
FATIMA,OUD BOUQUET LANCOM,LANCOM / OUD BOUQUET LANCOM,,1,475.00,130.00
FATIMA,TRESOR MIDNIGHT ROSE,LANCOM / TRESOR MIDNIGHT ROSE,,1,475.00,130.00
FATIMA,LA NUIT TRESOR NUDE,LANCOM / LA NUIT TRESOR NUDE,,1,475.00,130.00
FATIMA,IDOLE PEACH N ROSES,LANCOM / IDOLE PEACH N ROSES,,1,1100.00,301.00
FATIMA,IDOLE NOW,LANCOM / IDOLE NOW,,1,475.00,130.00
FATIMA,IDOLE AURA,LANCOM / IDOLE AURA,,1,530.00,145.00
FATIMA,LA VIE EST BELLE INTENSEMENT,LANCOM / LA VIE EST BELLE INTENSEMENT,,1,700.00,191.00
FATIMA,HYPNOSE,LANCOM / HYPNOSE,,1,630.00,172.00
FATIMA,LA VIE EST BELLE VANILLE NUDE,LANCOM / LA VIE EST BELLE VANILLE NUDE,,1,760.00,208.00
FATIMA,MAGNIFIQUE,LANCOME / MAGNIFIQUE,,1,980.00,268.00
FATIMA,MAGIE NOIRE,LANCOME / MAGIE NOIRE,,1,760.00,208.00
FATIMA,LA NUIT TRESOR NUDE,LANCOME / LA NUIT TRESOR NUDE,,1,510.00,139.00
FATIMA,ABSOLUTE FORBIDDEN ROSE,LANCOME / ABSOLUTE FORBIDDEN ROSE,,1,1100.00,301.00
FATIMA,L HOMME,LANVIN / L HOMME,S40067,1,650.00,177.00
FATIMA,ECLAT,LANVIN / ECLAT,S400285,1,500.00,137.00
FATIMA,MARRY ME,LANVIN / MARRY ME,,1,590.00,161.00
FATIMA,MODERN PRINCESS,LANVIN / MODERN PRINCESS,,1,475.00,130.00
FATIMA,ECLAT D ARPEGE,LANVIN / ECLAT D ARPEGE,,1,465.00,127.00
FATIMA,OCYGENE,LANVIN / OCYGENE,,1,550.00,150.00
FATIMA,LE CHANT DE CAMARGUE,L'ARTISAN PARFUMEUR / LE CHANT DE CAMARGUE,,1,810.00,221.00
FATIMA,KHAMRAH WAHA,LATTAFA / KHAMRAH WAHA,S400234,1,640.00,174.00
FATIMA,ASAD ELIXIR,LATTAFA / ASAD ELIXIR,,1,690.00,188.00
FATIMA,YARA ELIXIR,LATTAFA / YARA ELIXIR,,1,650.00,177.00
FATIMA,OUD MOOD,LATTAFA / OUD MOOD,PBB0101,1,1050.00,286.00
FATIMA,NERBAS,LATTAFA / NERBAS,PBB0102,1,750.00,204.00
FATIMA,AFFECTION,LATTAFA / AFFECTION,PBB0140,1,650.00,177.00
FATIMA,ANA ABIYEDH SCARLET,LATTAFA / ANA ABIYEDH SCARLET,PBB201,1,1050.00,286.00
FATIMA,ECLAIRE TOP,LATTAFA / ECLAIRE TOP,S400215,1,500.00,137.00
FATIMA,NOW,LATTAFA / NOW,PB047,1,750.00,204.00
FATIMA,ASAD BOUBORN,LATTAFA / ASAD BOUBORN,S400156,1,550.00,150.00
FATIMA,AMEER AL OUDH,LATTAFA / AMEER AL OUDH,PB05247,1,400.00,109.00
FATIMA,TERIAQ INTENSE,LATTAFA / TERIAQ INTENSE,,1,475.00,130.00
FATIMA,ANA ABIYEDH,LATTAFA / ANA ABIYEDH,,1,530.00,145.00
FATIMA,AZEEZAH,LATTAFA / AZEEZAH,,1,475.00,130.00
FATIMA,ROUAT AL MUSK,LATTAFA / ROUAT AL MUSK,,1,475.00,130.00
FATIMA,YARA YELLOW,LATTAFA / YARA YELLOW,,1,475.00,130.00
FATIMA,YARA PINK TOP,LATTAFA / YARA PINK TOP,S40033,1,450.00,123.00
FATIMA,YARA CANDY,LATTAFA / YARA CANDY,,1,475.00,130.00
FATIMA,ASAD TOP,LATTAFA / ASAD TOP,S400127,1,680.00,186.00
FATIMA,KHAMRAH TOP,LATTAFA / KHAMRAH TOP,S400110,1,550.00,150.00
FATIMA,KHAMRAH QAHWA,LATTAFA / KHAMRAH QAHWA,S40098,1,350.00,96.00
FATIMA,RAMZ GOLD TOP,LATTAFA / RAMZ GOLD TOP,S400207,1,700.00,191.00
FATIMA,HAYATI,LATTAFA / HAYATI,,1,520.00,142.00
FATIMA,BADE E AL OUD OUD FOR GLORY,LATTAFA / BADE E AL OUD OUD FOR GLORY,,1,580.00,158.00
FATIMA,LATTAFA BADE AL OUD AMETHYSTE,LATTAFA / LATTAFA BADE AL OUD AMETHYSTE,S400157,1,550.00,150.00
FATIMA,PEACE & LOVE,LATTFA / PEACE & LOVE,,1,520.00,142.00
FATIMA,AMBRE VANILLE EAU DE PARFUM,LAURA MERCIER / AMBRE VANILLE EAU DE PARFUM,,1,685.00,187.00
FATIMA,L ADORE BAKHUR CLASSIC,LAVERNE / L ADORE BAKHUR CLASSIC,,1,750.00,205.00
FATIMA,BLUE LAVERNE BAKHUR,LAVERNE / BLUE LAVERNE BAKHUR,,1,1300.00,355.00
FATIMA,MISS LAVERNE TOP,LAVERNE / MISS LAVERNE TOP,,1,1000.00,273.00
FATIMA,ROSE 31,LE LABO / ROSE 31,,1,920.00,251.00
FATIMA,SANTAL 33 TOP,LE LABO / SANTAL 33 TOP,S400317,1,950.00,260.00
FATIMA,SANTAL 33 (MEDIUM),LE LABO / SANTAL 33 (MEDIUM),S400397,1,304.00,83.00
FATIMA,THE MATCHA 26,LE LABO / THE MATCHA 26,S400531,1,650.00,177.00
FATIMA,NEROLI 36,LE LABO / NEROLI 36,PBBV1,1,900.00,246.00
FATIMA,VETIVER 46 TOP,LE LABO / VETIVER 46 TOP,,1,1630.00,445.00
FATIMA,VETIVER 46 (MEDIUM),LE LABO / VETIVER 46 (MEDIUM),,1,590.00,161.00
FATIMA,BERGAMOTE 22,LE LABO / BERGAMOTE 22,,1,1300.00,355.00
FATIMA,THE NOIR 29,LE LABO / THE NOIR 29,,1,530.00,145.00
FATIMA,GAIAC 10 TOKYO,LE LABO / GAIAC 10 TOKYO,,1,1100.00,301.00
FATIMA,ANOTHER 13,LE LABO / ANOTHER 13,S400343,1,1350.00,369.00
FATIMA,OUD 27,LE LABO / OUD 27,,1,1120.00,306.00
FATIMA,EUCALYPTUS 20,LE LABO / EUCALYPTUS 20,,1,1180.00,322.00
FATIMA,PATCHOULI 24,LE LABO / PATCHOULI 24,,1,800.00,219.00
FATIMA,SEKUSHI NO. 7,LENGLING / SEKUSHI NO. 7,,1,700.00,191.00
FATIMA,VANILLE SUPERMASSIVE,LES EAUX PRIMORDIALES / VANILLE SUPERMASSIVE,,1,800.00,219.00
FATIMA,AME DE FLEUR,LES LIQUIDES IMAGINAIRES / AME DE FLEUR,S400256,1,700.00,191.00
FATIMA,BUVEUR DE VENT TOP,LES LIQUIDES IMAGINAIRES / BUVEUR DE VENT TOP,S400464,1,1100.00,301.00
FATIMA,L'LLE POURPE TOP,LES LIQUIDES IMAGINAIRES / L'LLE POURPE TOP,,1,1260.00,344.00
FATIMA,DAM ROSA,LES LIQUIDES IMAGINAIRES / DAM ROSA,PBB045,1,1500.00,409.00
FATIMA,LIQUIDE LES,LES LIQUIDES IMAGINAIRES / LIQUIDE LES,PBB046,1,1800.00,491.00
FATIMA,BLANCH BETE,LES LIQUIDES IMAGINAIRES / BLANCH BETE,,1,1400.00,383.00
FATIMA,ROSTED VANILLA,LOEWE / ROSTED VANILLA,S400236,1,600.00,164.00
FATIMA,AGUA DROP,LOEWE / AGUA DROP,,1,600.00,164.00
FATIMA,AIRE SUTILEZA,LOEWE / AIRE SUTILEZA,PBB015,1,700.00,191.00
FATIMA,IRIS ROOT TOP,LOEWE / IRIS ROOT TOP,PB459,1,1400.00,382.00
FATIMA,SOLO VULCAN,LOEWE / SOLO VULCAN,,1,570.00,156.00
FATIMA,"QUIZAS,QUIZAS","LOEWE / QUIZAS,QUIZAS",,1,720.00,197.00
FATIMA,ESENCIA EAU DE TOILETTE POUR HOMME,LOEWE / ESENCIA EAU DE TOILETTE POUR HOMME,,1,475.00,130.00
FATIMA,WIDIAN,LONDON / WIDIAN,,1,935.00,255.00
FATIMA,VAN PY RHUM,LORENZO PAZZAGLIA / VAN PY RHUM,IP-5478,1,1600.00,437.00
FATIMA,SUMMER HAMMER TOP,LORENZO PAZZAGLIA / SUMMER HAMMER TOP,S400368,1,1100.00,301.00
FATIMA,COFFE PASSION TOP,LORENZO PAZZAGLIA / COFFE PASSION TOP,S400418,1,630.00,172.00
FATIMA,SUN GRIA,LORENZO PAZZAGLIA / SUN GRIA,PB4164,1,900.00,245.00
FATIMA,SPEACHLESS,LORENZO PAZZAGLIA / SPEACHLESS,PB487,1,1200.00,327.00
FATIMA,QUE CHIMBA,LORENZO PAZZAGLIA / QUE CHIMBA,S400233,1,800.00,218.00
FATIMA,PINK MILK TOP,LORENZO PAZZAGLIA / PINK MILK TOP,S400222,1,1200.00,327.00
FATIMA,DARK FLORUM,LORENZO PAZZAGLIA / DARK FLORUM,S400382,1,770.00,210.00
FATIMA,BLACK SEA TOP,LORENZO PAZZAGLIA / BLACK SEA TOP,PB457,1,1200.00,327.00
FATIMA,SEX SEA,LORENZO PAZZAGLIA / SEX SEA,T-875B,1,1000.00,273.00
FATIMA,BLACK SEA,LORENZO PAZZAGLIA / BLACK SEA,,1,550.00,150.00
FATIMA,TEINT DE NEIGE,LORENZO VILLORESI / TEINT DE NEIGE,S400297,1,350.00,96.00
FATIMA,PISTACHE EAU DE PARFUME,LAURENT MAZZONE / PISTACHE EAU DE PARFUME,PB457,1,1050.00,286.00
FATIMA,VANAGLORIA,LABORATORIO OLFATTIVO / VANAGLORIA,PBB057,1,2100.00,574.00
FATIMA,LOTUS SAUDI,LOTUS SAUDI / LOTUS SAUDI,,1,475.00,130.00
FATIMA,MYRIAD TOP,LOUIS VUITTON / MYRIAD TOP,,1,5200.00,1421.00
FATIMA,DANCING BLOSSOM TOP,LOUIS VUITTON / DANCING BLOSSOM TOP,S40065,1,1300.00,355.00
FATIMA,ATTRAPE REVES,LOUIS VUITTON / ATTRAPE REVES,,1,810.00,221.00
FATIMA,CCEUR BATTANT TOP,LOUIS VUITTON / CCEUR BATTANT TOP,S40094,1,530.00,145.00
FATIMA,CONTRE MOI,LOUIS VUITTON / CONTRE MOI,,1,750.00,205.00
FATIMA,L IMMENSITE TOP,LOUIS VUITTON / L IMMENSITE TOP,S400320,1,1300.00,355.00
FATIMA,LES SABLES ROSES,LOUIS VUITTON / LES SABLES ROSES,PBV101,1,900.00,245.00
FATIMA,LES SABLES ROSES TOP,LOUIS VUITTON / LES SABLES ROSES TOP,PBV5747,1,2000.00,546.00
FATIMA,NOUVEAU MONDE TOP,LOUIS VUITTON / NOUVEAU MONDE TOP,S40104,1,1500.00,410.00
FATIMA,OMBRE NOMADE TOP,LOUIS VUITTON / OMBRE NOMADE TOP,S40007,1,1000.00,273.00
FATIMA,CALIFORNIA DREAM TOP,LOUIS VUITTON / CALIFORNIA DREAM TOP,S400300,1,1700.00,464.00
FATIMA,IMAGINATION TOP,LOUIS VUITTON / IMAGINATION TOP,S400366,1,1500.00,410.00
FATIMA,IMAGINATION (MEDIUM),LOUIS VUITTON / IMAGINATION (MEDIUM),,1,1000.00,273.00
FATIMA,NUIT DE FEU,LOUIS VUITTON / NUIT DE FEU,,1,970.00,265.00
FATIMA,AU HASARD TOP,LOUIS VUITTON / AU HASARD TOP,,1,1600.00,437.00
FATIMA,AU HASARD,LOUIS VUITTON / AU HASARD,,1,475.00,130.00
FATIMA,AMBRE LEVANT,LOUIS VUITTON / AMBRE LEVANT,PBV1,1,1700.00,464.00
FATIMA,APOGEE TOP,LOUIS VUITTON / APOGEE TOP,PBV47,1,1050.00,286.00
FATIMA,LVERS COPPER EDITION TOP TOP,LOUIS VUITTON / LVERS COPPER EDITION TOP TOP,IP-808,1,2200.00,601.00
FATIMA,APOGEE,LOUIS VUITTON / APOGEE,,1,475.00,130.00
FATIMA,TURBULENCES,LOUIS VUITTON / TURBULENCES,,1,475.00,130.00
FATIMA,MILE FEUX,LOUIS VUITTON / MILE FEUX,,1,475.00,130.00
FATIMA,MATIERE NOIRE FR,LOUIS VUITTON / MATIERE NOIRE FR,,1,475.00,130.00
FATIMA,LE JOUR SE LEVE,LOUIS VUITTON / LE JOUR SE LEVE,,1,970.00,265.00
FATIMA,DANS LA PEAU,LOUIS VUITTON / DANS LA PEAU,,1,810.00,221.00
FATIMA,PUR OUD TOP TOP,LOUIS VUITTON / PUR OUD TOP TOP,,1,7900.00,2158.00
FATIMA,PUR OUD,LOUIS VUITTON / PUR OUD,,1,1100.00,301.00
FATIMA,FLEUR DU DESERT,LOUIS VUITTON / FLEUR DU DESERT,,1,1200.00,328.00
FATIMA,CITY OF STARS TOP,LOUIS VUITTON / CITY OF STARS TOP,,1,1400.00,382.00
FATIMA,CITY OF STARS,LOUIS VUITTON / CITY OF STARS,,1,850.00,232.00
FATIMA,STELLAR TIMES TOP,LOUIS VUITTON / STELLAR TIMES TOP,S-621,1,1700.00,464.00
FATIMA,STELLAR TIMES SUPER,LOUIS VUITTON / STELLAR TIMES SUPER,S40011,1,650.00,178.00
FATIMA,SYMPHONY TOP,LOUIS VUITTON / SYMPHONY TOP,S40029,1,1100.00,301.00
FATIMA,SYMPHONY,LOUIS VUITTON / SYMPHONY,S40008,1,530.00,145.00
FATIMA,PACIFIC CHILL TOP,LOUIS VUITTON / PACIFIC CHILL TOP,S40034,1,1400.00,382.00
FATIMA,PACIFIC CHILL SUPER,LOUIS VUITTON / PACIFIC CHILL SUPER,S40009,1,850.00,232.00
FATIMA,MYRIAD TOP,LOUIS VUITTON / MYRIAD TOP,,1,1600.00,437.00
FATIMA,MYRIAD SUPER,LOUIS VUITTON / MYRIAD SUPER,,1,1200.00,327.00
FATIMA,ELVES,LOUIS VUITTON / ELVES,S40054,1,620.00,169.00
FATIMA,ELVES TOP TOP,LOUIS VUITTON / ELVES TOP TOP,,1,1620.00,443.00
FATIMA,ON THE BEACH,LOUIS VUITTON / ON THE BEACH,S400400,1,470.00,128.00
FATIMA,AFTERNOON SWIM TOP,LOUIS VUITTON / AFTERNOON SWIM TOP,,1,1520.00,415.00
FATIMA,AFTERNOON SWIM SUPER,LOUIS VUITTON / AFTERNOON SWIM SUPER,S40010,1,660.00,180.00
FATIMA,ORAGE TOP,LOUIS VUITTON / ORAGE TOP,S40072,1,1100.00,301.00
FATIMA,ETOILE FILANTE,LOUIS VUITTON / ETOILE FILANTE,,1,970.00,265.00
FATIMA,MATIERE NOIRE,LOUIS VUITTON / MATIERE NOIRE,,1,1850.00,505.00
FATIMA,PUR AMBER TOP,LOUIS VUITTON / PUR AMBER TOP,,1,1730.00,473.00
FATIMA,LOVERS,LOUIS VUITTON / LOVERS,,1,770.00,210.00
FATIMA,LOVERS TOP,LOUIS VUITTON / LOVERS TOP,,1,3000.00,820.00
FATIMA,SUN SONG (2025),LOUIS VUITTON / SUN SONG (2025),PB47510,1,1700.00,464.00
FATIMA,RAIN TEA TOP,LOUIS VUITTON / RAIN TEA TOP,S400454,1,1200.00,327.00
FATIMA,INK MARK TOP,LOUIS VUITTON / INK MARK TOP,S400453,1,1200.00,327.00
FATIMA,MOON TALE,LOUIS VUITTON / MOON TALE,PBV452,1,950.00,260.00
FATIMA,COSMIC CLOUD TOP,LOUIS VUITTON / COSMIC CLOUD TOP,IP-094,1,1600.00,437.00
FATIMA,METEORE,LOUIS VUITTON / METEORE,PVB478,1,1200.00,327.00
FATIMA,SPELL ON YOU TOP,LOUIS VUITTON / SPELL ON YOU TOP,S400129,1,1400.00,382.00
FATIMA,ROSE DES VENTS,LOUIS VUITTON / ROSE DES VENTS,PBB479,1,950.00,245.00
FATIMA,CACTUS GARDEN,LOUIS VUITTON / CACTUS GARDEN,PBBV2,1,1600.00,437.00
FATIMA,SUR LA ROUTE,LOUIS VUITTON / SUR LA ROUTE,PBB3,1,1300.00,355.00
FATIMA,FANTASMAGORY TOP,LOUIS VUITTON / FANTASMAGORY TOP,S400336,1,1300.00,355.00
FATIMA,CONTEMPORRARY ELEGANCE,LOUIS VUITTON / CONTEMPORRARY ELEGANCE,,1,840.00,230.00
FATIMA,ATTAR LUBAN,LUBAN / ATTAR LUBAN,,1,590.00,161.00
FATIMA,LUBAN,LUBAN / LUBAN,,1,750.00,205.00
FATIMA,CRY BABY MILK PERFUME,MELANIE MARTINEZ / CRY BABY MILK PERFUME,S400137,1,540.00,147.00
FATIMA,CLUB BLACK,MERCEDES BENZ / CLUB BLACK,PB0B0,1,900.00,245.00
FATIMA,LE PARFUM,MAX MARA / LE PARFUM,PB05B,1,1050.00,286.00
FATIMA,NOTE VANILLEE,M.MICALLEF / NOTE VANILLEE,,1,540.00,148.00
FATIMA,VANILLE SOMPTUEUSE,MAH / VANILLE SOMPTUEUSE,,1,810.00,221.00
FATIMA,QUEENING,MIND GAMES / QUEENING,N21-BN,1,850.00,232.00
FATIMA,FRENCH DEFENSE,MIND GAMES / FRENCH DEFENSE,B22-BN,1,1200.00,327.00
FATIMA,COUNTERPLAY,MIND GAMES / COUNTERPLAY,PB4004,1,1200.00,327.00
FATIMA,BLOCKADE TOP,MIND GAMES / BLOCKADE TOP,S400438,1,1720.00,470.00
FATIMA,LIONORA,MIND GAMES / LIONORA,,1,1300.00,355.00
FATIMA,CAISSA,MIND GAMES / CAISSA,,1,1200.00,327.00
FATIMA,J ADOUBE,MIND GAMES / J ADOUBE,,1,1200.00,327.00
FATIMA,SISSA,MIND GAMES / SISSA,,1,1200.00,327.00
FATIMA,CHECK PLEASE,MIND GAMES / CHECK PLEASE,,1,1200.00,327.00
FATIMA,EN PRISE,MIND GAMES / EN PRISE,,1,746.00,204.00
FATIMA,HIBISCUS MAHAJAD TOP,MAISON CRIVELLI / HIBISCUS MAHAJAD TOP,,1,2300.00,628.00
FATIMA,HIBISCUS MAHAJAD,MAISON CRIVELLI / HIBISCUS MAHAJAD,PB0145,1,1700.00,464.00
FATIMA,AMBRE CHORMATIQUE,MAISON CRIVELLI / AMBRE CHORMATIQUE,PB0101,1,1700.00,464.00
FATIMA,IRIS MALIKHAN,MAISON CRIVELLI / IRIS MALIKHAN,PB014,1,1600.00,437.00
FATIMA,SANTAL VOLCANIQUE,MAISON CRIVELLI / SANTAL VOLCANIQUE,PB0160,1,1500.00,409.00
FATIMA,CUIR INFRAROUGE EXTRAIT DE PARFUM,MAISON CRIVELLI / CUIR INFRAROUGE EXTRAIT DE PARFUM,PB01614,1,2100.00,573.00
FATIMA,OUD STALLION,MAISON CRIVELLI / OUD STALLION,,1,1850.00,505.00
FATIMA,TUBEREUSE ASTRALE,MAISON CRIVELLI / TUBEREUSE ASTRALE,,1,950.00,260.00
FATIMA,HIBISCUS MAHAJAD,MAISON CRIVELLI / HIBISCUS MAHAJAD,,1,900.00,246.00
FATIMA,MUSC NURASANA,MAISON CRIVELLI / MUSC NURASANA,S400526,1,660.00,180.00
FATIMA,OUD CADENZA,MAISON CRIVELLI / OUD CADENZA,,1,1100.00,301.00
FATIMA,OUD MARACUJA TOP,MAISON CRIVELLI / OUD MARACUJA TOP,S400475,1,1300.00,355.00
FATIMA,OUD MARACUJA SP,MAISON CRIVELLI / OUD MARACUJA SP,S-4846,1,500.00,137.00
FATIMA,SAFRAN SECRET,MAISON CRIVELLI / SAFRAN SECRET,,1,2000.00,546.00
FATIMA,A LA ROSE,MAISON F. KURKDJIA / A LA ROSE,,1,700.00,191.00
FATIMA,AQUA CELESTIA,MAISON F. KURKDJIA / AQUA CELESTIA,,1,960.00,262.00
FATIMA,BACCARAT ROUGE 540 TOP,MAISON F. KURKDJIA / BACCARAT ROUGE 540 TOP,S400367,1,1100.00,301.00
FATIMA,BACCARAT ROUGE 540 SUPER,MAISON F. KURKDJIA / BACCARAT ROUGE 540 SUPER,,1,750.00,205.00
FATIMA,GENTLE FLUDITY GOLD TOP,MAISON F. KURKDJIA / GENTLE FLUDITY GOLD TOP,IP-458,1,1150.00,314.00
FATIMA,GENTLE FLUDITY SILVER TOP,MAISON F. KURKDJIA / GENTLE FLUDITY SILVER TOP,S40083,1,940.00,256.00
FATIMA,OUD SATIN MOOD TOP,MAISON F. KURKDJIA / OUD SATIN MOOD TOP,S400432,1,1100.00,301.00
FATIMA,OUD,MAISON F. KURKDJIA / OUD,,1,810.00,221.00
FATIMA,OUD SATIN MOOD,MAISON F. KURKDJIA / OUD SATIN MOOD,S40241,1,720.00,197.00
FATIMA,PETIT MATIN,MAISON F. KURKDJIA / PETIT MATIN,,1,570.00,156.00
FATIMA,OUD SATIN MOOD EXT DE PARFUM,MAISON F. KURKDJIA / OUD SATIN MOOD EXT DE PARFUM,,1,1140.00,311.00
FATIMA,LE BEAU PARFUME 2025,MAISON F. KURKDJIA / LE BEAU PARFUME 2025,PBB09,1,1300.00,355.00
FATIMA,AMYRIS HOMME,MAISON F. KURKDJIA / AMYRIS HOMME,PB02A,1,1400.00,382.00
FATIMA,AMYRIS FEMME,MAISON F. KURKDJIA / AMYRIS FEMME,IP-5807,1,1050.00,286.00
FATIMA,OUD SILK MOOD,MAISON F. KURKDJIA / OUD SILK MOOD,PB020A,1,1500.00,409.00
FATIMA,A LA ROSE POUR HOMME,MAISON F. KURKDJIA / A LA ROSE POUR HOMME,PB0470,1,1700.00,464.00
FATIMA,AQUA VITAE COLOGNE FORTE,MAISON F. KURKDJIA / AQUA VITAE COLOGNE FORTE,,1,860.00,235.00
FATIMA,AQUA CELESTIA FORTE,MAISON F. KURKDJIA / AQUA CELESTIA FORTE,,1,970.00,265.00
FATIMA,AQUA UNIVERSALS COLOGNE FORTE,MAISON F. KURKDJIA / AQUA UNIVERSALS COLOGNE FORTE,,1,860.00,235.00
FATIMA,FEMININ PLURIEL,MAISON F. KURKDJIA / FEMININ PLURIEL,PB0147,1,1050.00,286.00
FATIMA,MASCULIN PLURIEL,MAISON F. KURKDJIA / MASCULIN PLURIEL,,1,530.00,145.00
FATIMA,AQUA MEDIA FORTE,MAISON F. KURKDJIA / AQUA MEDIA FORTE,,1,1000.00,273.00
FATIMA,BACCARAT ROUGE 540 EXTRAIT DE PARFUM TOP,MAISON F. KURKDJIA / BACCARAT ROUGE 540 EXTRAIT DE PARFUM TOP,S400404,1,1200.00,328.00
FATIMA,724,MAISON F. KURKDJIA / 724,,1,900.00,246.00
FATIMA,GRAND SOIR,MAISON F. KURKDJIA / GRAND SOIR,,1,900.00,246.00
FATIMA,OUD SATIN MOOD EXTRAIT DE PARFUM,MAISON F. KURKDJIA / OUD SATIN MOOD EXTRAIT DE PARFUM,,1,720.00,197.00
FATIMA,APOM,MAISON F.KURKDJIAN / APOM,,1,830.00,227.00
FATIMA,ABSOLUE POUR LE MATIN,MAISON FRANCIS KURKDJIA / ABSOLUE POUR LE MATIN,,1,900.00,246.00
FATIMA,CAFE DES DELICES,MAISON MATAHA / CAFE DES DELICES,PBB014,1,900.00,245.00
FATIMA,ESCAPDE GOURMANDE,MAISON MATAHA / ESCAPDE GOURMANDE,PB012,1,1300.00,355.00
FATIMA,KURKY,MAISON FRANCIS KURKDJIAN / KURKY,,1,1130.00,309.00
FATIMA,UP AT DAWN,MAISON MARTIN MARGIELA / UP AT DAWN,S400516,1,650.00,178.00
FATIMA,BY THE FIRE PLACE,MAISON MARTIN MARGIELA / BY THE FIRE PLACE,S40025,1,720.00,196.00
FATIMA,AT THE BARBER'S REPLICA,MAISON MARTIN MARGIELA / AT THE BARBER'S REPLICA,,1,530.00,145.00
FATIMA,LAZY SUNDAY MORNING,MAISON MARTIN MARGIELA / LAZY SUNDAY MORNING,S40066,1,900.00,246.00
FATIMA,IDEAL ONE,MAISON MARTIN MARGIELA / IDEAL ONE,PB0B0,1,1050.00,286.00
FATIMA,REPLICA NEVER ENDING SUMMER,MAISON MARTIN MARGIELA / REPLICA NEVER ENDING SUMMER,PB0B1,1,1050.00,286.00
FATIMA,WHISPERS IN THE LIBRARY,MAISON MARTIN MARGIELA / WHISPERS IN THE LIBRARY,PB0BA,1,1700.00,464.00
FATIMA,AUTUMN VIBES,MAISON MARTIN MARGIELA / AUTUMN VIBES,PB02B,1,1150.00,314.00
FATIMA,WHEN THE RAIN STOPS,MAISON MARTIN MARGIELA / WHEN THE RAIN STOPS,PB40018,1,1050.00,286.00
FATIMA,MATCHA MEDITATION,MAISON MARTIN MARGIELA / MATCHA MEDITATION,,1,1100.00,301.00
FATIMA,FLOWER MARKET,MAISON MARTIN MARGIELA / FLOWER MARKET,,1,750.00,205.00
FATIMA,JAZZ CLUB,MAISON MARTIN MARGIELA / JAZZ CLUB,,1,550.00,150.00
FATIMA,UNDER THE STARS,MAISON MARTIN MARGIELA / UNDER THE STARS,,1,620.00,169.00
FATIMA,COFFEE BREAK,MAISON MARTIN MARGIELA / COFFEE BREAK,,1,1080.00,295.00
FATIMA,MAKKAH (MEDIUM),MAKKAH / MAKKAH (MEDIUM),,1,750.00,205.00
FATIMA,MAKKAH TOP,MAKKAH TOP / MAKKAH TOP,,1,1850.00,505.00
FATIMA,MOCHI MUSK,MANCERA / MOCHI MUSK,S400521,1,550.00,150.00
FATIMA,AOUD VANILLE,MANCERA / AOUD VANILLE,,1,475.00,130.00
FATIMA,INSTANT CRUSH TOP,MANCERA / INSTANT CRUSH TOP,IP-107,1,1100.00,301.00
FATIMA,OMBRE TONKA,MANCERA / OMBRE TONKA,PB0BA1,1,1050.00,286.00
FATIMA,FRENCH RIVIERE INTENSE,MANCERA / FRENCH RIVIERE INTENSE,PB0B2,1,750.00,204.00
FATIMA,FRENCH RIVIERE,MANCERA / FRENCH RIVIERE,PB0B03,1,1500.00,409.00
FATIMA,HINDU KUSH,MANCERA / HINDU KUSH,PB0B47,1,1400.00,382.00
FATIMA,AMORE CAFFE,MANCERA / AMORE CAFFE,S400439,1,480.00,131.00
FATIMA,CHERRY CHERRY,MANCERA / CHERRY CHERRY,PB0577,1,900.00,245.00
FATIMA,AMBERFULL,MANCERA / AMBERFULL,PB4178,1,1050.00,286.00
FATIMA,CEDRAT BOIS,MANCERA / CEDRAT BOIS,PB454,1,650.00,177.00
FATIMA,MIDNIGHT GOLD,MANCERA / MIDNIGHT GOLD,,1,475.00,130.00
FATIMA,RED TOBACCO TOP,MANCERA / RED TOBACCO TOP,,1,810.00,221.00
FATIMA,ROSE & CHOCOLATE,MANCERA / ROSE & CHOCOLATE,,1,475.00,130.00
FATIMA,ROSES VANILLE TOP,MANCERA / ROSES VANILLE TOP,S400281,1,540.00,148.00
FATIMA,JUICY FLOWERS,MANCERA / JUICY FLOWERS,,1,475.00,130.00
FATIMA,COCO VANILLE,MANCERA / COCO VANILLE,,1,475.00,130.00
FATIMA,BLACK VANILLA,MANCERA / BLACK VANILLA,,1,590.00,161.00
FATIMA,AOUD ORCHID,MANCERA / AOUD ORCHID,,1,750.00,205.00
FATIMA,TONKA COLA,MANCERA / TONKA COLA,,1,900.00,246.00
FATIMA,CHERRY CHERRY,MANCERA / CHERRY CHERRY,,1,650.00,178.00
FATIMA,XPLICIT VANILLA,MANCERA / XPLICIT VANILLA,,1,600.00,164.00
FATIMA,AMBERFUL,MANCERA / AMBERFUL,,1,550.00,150.00
FATIMA,TILIA TOP,MARC ANTOINE BARROIS / TILIA TOP,S400337,1,1500.00,409.00
FATIMA,TILIA SUPER,MARC ANTOINE BARROIS / TILIA SUPER,S40097,1,980.00,268.00
FATIMA,ENCELADE,MARC-ANTOINE BARROIS / ENCELADE,,1,850.00,232.00
FATIMA,B683,MARC-ANTOINE BARROIS / B683,,1,1250.00,342.00
FATIMA,GANYMADE EXTRAIT,MARC-ANTOINE BARROIS / GANYMADE EXTRAIT,,1,1150.00,314.00
FATIMA,GANYMEDE TOP,MARC-ANTOINE BARROIS / GANYMEDE TOP,S400355,1,1400.00,383.00
FATIMA,ALDEBARAN,MARC-ANTOINE BARROIS / ALDEBARAN,,1,1250.00,342.00
FATIMA,DAISY,MARC JACOBS / DAISY,S40052,1,270.00,73.00
FATIMA,LOLA,MARC JACOBS / LOLA,PB00132,1,950.00,260.00
FATIMA,PERFECT ABSOLUTE,MARC JACOBS / PERFECT ABSOLUTE,PB4B,1,1200.00,327.00
FATIMA,PERFECT,MARC JACOBS / PERFECT,PB0131,1,950.00,260.00
FATIMA,MARYAM TOP,MARYAM / MARYAM TOP,,1,700.00,191.00
FATIMA,FRENCH FLOWER,MATIERE PREMIERE / FRENCH FLOWER,S400538,1,630.00,173.00
FATIMA,CRYSTAL SAFFRON EXTRAIT,MATIERE PREMIERE / CRYSTAL SAFFRON EXTRAIT,,1,3000.00,820.00
FATIMA,CRYSTAL SAFFRON TOP,MATIERE PREMIERE / CRYSTAL SAFFRON TOP,S400457,1,1200.00,327.00
FATIMA,VANILLA POWDER TOP,MATIERE PREMIERE / VANILLA POWDER TOP,PBB01,1,1700.00,464.00
FATIMA,VANILLA POWDER SUPER,MATIERE PREMIERE / VANILLA POWDER SUPER,S400484,1,900.00,245.00
FATIMA,VANILLA POWDER EXTRAIT TOP,MATIERE PREMIERE / VANILLA POWDER EXTRAIT TOP,PB450,1,1700.00,464.00
FATIMA,SANTAL AUSTRAL EXTRAIT TOP TOP,MATIERE PREMIERE / SANTAL AUSTRAL EXTRAIT TOP TOP,IP-010,1,3200.00,874.00
FATIMA,SANTAL AUSTRAL,MATIERE PREMIERE / SANTAL AUSTRAL,PB0BA,1,2200.00,601.00
FATIMA,NEROLI ORANGER,MATIERE PREMIERE / NEROLI ORANGER,PB0B,1,1700.00,464.00
FATIMA,RADICAL ROSE,MATIERE PREMIERE / RADICAL ROSE,PBB02,1,2100.00,573.00
FATIMA,RADICAL ROSE EXTRAIT TOP TOP,MATIERE PREMIERE / RADICAL ROSE EXTRAIT TOP TOP,IP-01011,1,2700.00,737.00
FATIMA,FALCON LEATHER TOP,MATIERE PREMIERE / FALCON LEATHER TOP,S400341,1,1520.00,415.00
FATIMA,PARISIAN MUSC,MATIERE PREMIERE / PARISIAN MUSC,,1,1350.00,369.00
FATIMA,MAYCAM AMR,MAYCAM AMR / MAYCAM AMR,,1,450.00,123.00
FATIMA,MAYCAM FR,MAYCAM FR / MAYCAM FR,,1,475.00,130.00
FATIMA,HONEY DRAGON TOP,MEMO / HONEY DRAGON TOP,,1,1210.00,331.00
FATIMA,SHAMS OUD TOP,MEMO / SHAMS OUD TOP,IP0487,1,1400.00,382.00
FATIMA,INDIAN LEATHER,MEMO / INDIAN LEATHER,,1,1330.00,363.00
FATIMA,ABU DHABI 2,MEMO / ABU DHABI 2,,1,1250.00,342.00
FATIMA,ABU DHABI 3,MEMO / ABU DHABI 3,,1,950.00,260.00
FATIMA,AFRICAN LEATHER TOP,MEMO PARIS / AFRICAN LEATHER TOP,,1,1410.00,385.00
FATIMA,INLE,MEMO PARIS / INLE,PB014,1,900.00,245.00
FATIMA,MADURAI,MEMO PARIS / MADURAI,PB021,1,1050.00,286.00
FATIMA,EAU DE MEMO,MEMO PARIS / EAU DE MEMO,,1,860.00,235.00
FATIMA,IRISH LEATHER TOP,MEMO PARIS / IRISH LEATHER TOP,,1,1030.00,281.00
FATIMA,IRISH OUD TOP,MEMO PARIS / IRISH OUD TOP,,1,1630.00,445.00
FATIMA,IRISH OUD (MEDIUM),MEMO PARIS / IRISH OUD (MEDIUM),,1,1140.00,311.00
FATIMA,JANNAT,MEMO PARIS / JANNAT,,1,750.00,205.00
FATIMA,MOROCCAN LEATHER,MEMO PARIS / MOROCCAN LEATHER,,1,1580.00,432.00
FATIMA,RUSSIAN LEATHER,MEMO PARIS / RUSSIAN LEATHER,,1,640.00,175.00
FATIMA,TIGER S NEST,MEMO PARIS / TIGER S NEST,,1,750.00,205.00
FATIMA,MARFA,MEMO PARIS / MARFA,,1,1080.00,295.00
FATIMA,FRENCH LEATHER,MEMO PARIS / FRENCH LEATHER,,1,1190.00,325.00
FATIMA,SICILIAN LEATHER,MEMO PARIS / SICILIAN LEATHER,,1,920.00,251.00
FATIMA,DESERT ORANGE BLOSSOM,MEMO PARIS / DESERT ORANGE BLOSSOM,,1,475.00,130.00
FATIMA,IBERIAN LEATHER,MEMO PARIS / IBERIAN LEATHER,,1,1000.00,273.00
FATIMA,OCEAN LEATHER,MEMO PARIS / OCEAN LEATHER,,1,810.00,221.00
FATIMA,MALLORCAN ALMOND OUD,MEMO PARIS / MALLORCAN ALMOND OUD,,1,970.00,265.00
FATIMA,CORFU MEMO,MEMO PARIS / CORFU MEMO,,1,810.00,221.00
FATIMA,SHERWOOD,MEMO PARIS / SHERWOOD,,1,1150.00,314.00
FATIMA,TAMARINDO,MEMO PARIS / TAMARINDO,,1,810.00,221.00
FATIMA,PORTOBELLO ROAD,MEMO PARIS / PORTOBELLO ROAD,,1,1070.00,292.00
FATIMA,RED ISLAND,MEMO PARIS / RED ISLAND,,1,1000.00,273.00
FATIMA,MIUTINE,MIU MIU / MIUTINE,PB485,1,650.00,177.00
FATIMA,MESSI EAU DE PARFUM,MESSI / MESSI EAU DE PARFUM,,1,630.00,172.00
FATIMA,SEXY AMBER,MICHAEL KORS / SEXY AMBER,,1,475.00,130.00
FATIMA,GLAM JASMINE,MICHAEL KORS / GLAM JASMINE,,1,475.00,130.00
FATIMA,MUKALLAT MIC,MICHAELA / MUKALLAT MIC,,1,475.00,130.00
FATIMA,MIKHALAH,MIKHALAH / MIKHALAH,,1,475.00,130.00
FATIMA,MILKY ISLAND,MILKSHAKE / MILKY ISLAND,,1,475.00,130.00
FATIMA,ORANGE POP,MILKSHAKE / ORANGE POP,,1,475.00,130.00
FATIMA,CREAMY PEACH,MILKSHAKE / CREAMY PEACH,,1,475.00,130.00
FATIMA,SWEETIES,MILKSHAKE / SWEETIES,,1,475.00,130.00
FATIMA,YELLOW SUNSET,MILKSHAKE / YELLOW SUNSET,,1,475.00,130.00
FATIMA,TABACCO ABSOLUTE,MOLTON BROWN / TABACCO ABSOLUTE,,1,640.00,175.00
FATIMA,BOHEA BOHEME,MONA DI ORIO / BOHEA BOHEME,,1,750.00,205.00
FATIMA,DOJIMA,MONO DI ORIO / DOJIMA,,1,860.00,235.00
FATIMA,PATCHOULI LEAVES,MONTALE / PATCHOULI LEAVES,PB9245,1,750.00,204.00
FATIMA,STARRY NIGHTS INTENSE,MONTALE / STARRY NIGHTS INTENSE,PB5741,1,750.00,204.00
FATIMA,MY PLUM,MONTALE / MY PLUM,PB845,1,900.00,245.00
FATIMA,OUD SAPPAROT,MONTALE / OUD SAPPAROT,S400213,1,530.00,144.00
FATIMA,LUCKY CANDY,MONTALE / LUCKY CANDY,PB854,1,1200.00,327.00
FATIMA,DALLACHAI,MONTALE / DALLACHAI,PB245,1,1050.00,286.00
FATIMA,CANDY ROSE,MONTALE / CANDY ROSE,,1,475.00,130.00
FATIMA,BLACK AOUD TOP,MONTALE / BLACK AOUD TOP,,1,750.00,205.00
FATIMA,DARK PURPLE,MONTALE / DARK PURPLE,,1,530.00,145.00
FATIMA,INTENSE CAFÉ,MONTALE / INTENSE CAFÉ,S400151,1,600.00,164.00
FATIMA,KABUL AOUD,MONTALE / KABUL AOUD,,1,590.00,161.00
FATIMA,MUKHALLAT,MONTALE / MUKHALLAT,,1,475.00,130.00
FATIMA,MUSK ROSE TOP,MONTALE / MUSK ROSE TOP,,1,810.00,221.00
FATIMA,SENSUAL INSTINCT,MONTALE / SENSUAL INSTINCT,,1,475.00,130.00
FATIMA,SO AMBER,MONTALE / SO AMBER,,1,810.00,221.00
FATIMA,SPICY AOUD,MONTALE / SPICY AOUD,,1,530.00,145.00
FATIMA,STARRY NIGHTS,MONTALE / STARRY NIGHTS,,1,750.00,205.00
FATIMA,TROPICAL WOOD,MONTALE / TROPICAL WOOD,,1,590.00,161.00
FATIMA,INTENSE CAFE,MONTALE / INTENSE CAFE,,1,640.00,175.00
FATIMA,WILD PEARS,MONTALE / WILD PEARS,,1,475.00,130.00
FATIMA,CHOCOLATE GREEDY,MONTALE / CHOCOLATE GREEDY,,1,475.00,130.00
FATIMA,INTENSE CAFÉ RISTRETTO,MONTALE / INTENSE CAFÉ RISTRETTO,,1,475.00,130.00
FATIMA,ARABIANS TONKA,MONTALE / ARABIANS TONKA,S40063,1,540.00,148.00
FATIMA,DARK VANILLA,MONTALE / DARK VANILLA,PB120,1,1050.00,287.00
FATIMA,BEAST LOVE 2024,MONTALE / BEAST LOVE 2024,PB570,1,1300.00,355.00
FATIMA,ARABIANS MUSK 2024,MONTALE / ARABIANS MUSK 2024,PB0B1,1,650.00,177.00
FATIMA,ROSES MUSK,MONTALE / ROSES MUSK,,1,1200.00,327.00
FATIMA,RENDEZ-VOUS A PARIS,MONTALE / RENDEZ-VOUS A PARIS,,1,850.00,232.00
FATIMA,SWEET VANILLA,MONTALE / SWEET VANILLA,,1,475.00,130.00
FATIMA,OUDYSSEE,MONTALE / OUDYSSEE,,1,1060.00,290.00
FATIMA,INFINITY,MONTALE / INFINITY,,1,1000.00,273.00
FATIMA,ARABIANS ROSE LEATHER,MONTALE / ARABIANS ROSE LEATHER,,1,1900.00,519.00
FATIMA,BUBBLE FOREVER,MONTALE / BUBBLE FOREVER,,1,590.00,161.00
FATIMA,MONTANA PARFUM DE PEAU,MONTANA / MONTANA PARFUM DE PEAU,,1,475.00,130.00
FATIMA,MONTBLANC LEGEND SPIRIT,MONTBLANC / MONTBLANC LEGEND SPIRIT,,1,475.00,130.00
FATIMA,MONTBLANC EXPLORER TOP,MONTBLANC / MONTBLANC EXPLORER TOP,S40088,1,980.00,267.00
FATIMA,MONTBLANC EXPLORER SP,MONTBLANC / MONTBLANC EXPLORER SP,S400273,1,540.00,148.00
FATIMA,SIGNATURE,MONTBLANC / SIGNATURE,,1,750.00,205.00
FATIMA,SIGNATURE ELIXIR,MONTBLANC / SIGNATURE ELIXIR,,1,650.00,177.00
FATIMA,AOUD FOREST,MONTBLANC / AOUD FOREST,,1,640.00,175.00
FATIMA,EXPLORER ULTRA BLUE,MONTBLANC / EXPLORER ULTRA BLUE,,1,475.00,130.00
FATIMA,LEGEND RED,MONTBLANC / LEGEND RED,,1,475.00,130.00
FATIMA,EXPLORER PLATINIUM,MONTBLANC / EXPLORER PLATINIUM,,1,475.00,130.00
FATIMA,LEGEND,MONTBLANC / LEGEND,,1,575.00,157.00
FATIMA,LEGEND BLUE,MONTBLANC / LEGEND BLUE,,1,720.00,197.00
FATIMA,BLACK MEISTERSTUCK,MONTBLANC / BLACK MEISTERSTUCK,,1,960.00,262.00
FATIMA,LEGEND BLUE,MONTBLANC / LEGEND BLUE,,1,490.00,134.00
FATIMA,VETIVER GLACIER,MONTBLANC / VETIVER GLACIER,,1,530.00,145.00
FATIMA,STAR OUD,MONTBLANC / STAR OUD,,1,980.00,268.00
FATIMA,EXPLORER EXTREME,MONTBLANC / EXPLORER EXTREME,,1,1100.00,301.00
FATIMA,TOY 2 BUBBLE GUM,MOSCHINO / TOY 2 BUBBLE GUM,,1,590.00,161.00
FATIMA,MOSCHINO TOY BOY,MOSCHINO / MOSCHINO TOY BOY,,1,750.00,205.00
FATIMA,TOY 2,MOSCHINO / TOY 2,,1,950.00,260.00
FATIMA,I LOVE LOVE CHEAP AND CHIC MOSCHINO,MOSCHINO / I LOVE LOVE CHEAP AND CHIC MOSCHINO,,1,775.00,212.00
FATIMA,BLUE MATCHA,MOTALE / BLUE MATCHA,,1,870.00,238.00
FATIMA,MUKHALAT AL DAHBI,MUKALLAT / MUKHALAT AL DAHBI,,1,860.00,235.00
FATIMA,IBRAHIM TOP,MUKALLAT / IBRAHIM TOP,,1,1400.00,382.00
FATIMA,EMARATH,MUKALLAT / EMARATH,S400112,1,400.00,109.00
FATIMA,MUKHALLAT ALAH,MUKALLAT / MUKHALLAT ALAH,,1,750.00,205.00
FATIMA,MA'AJOON AL ARABIA AL MUTAWAR,MUKALLAT / MA'AJOON AL ARABIA AL MUTAWAR,,1,590.00,161.00
FATIMA,MUKALLAT BMW,MUKALLAT / MUKALLAT BMW,,1,640.00,175.00
FATIMA,CREATION,MUKALLAT / CREATION,,1,530.00,145.00
FATIMA,CREATION,MUKALLAT / CREATION,,1,510.00,139.00
FATIMA,MUKHALLAT ZAYED,MUKALLAT / MUKHALLAT ZAYED,,1,1300.00,355.00
FATIMA,MUKHALLAT KUWAIT,MUKALLAT / MUKHALLAT KUWAIT,,1,590.00,161.00
FATIMA,MUKHALLAT BADAR,MUKALLAT / MUKHALLAT BADAR,,1,475.00,130.00
FATIMA,BAKHOOR ZAYED,MUKALLAT YAS PERFUMES / BAKHOOR ZAYED,,1,475.00,130.00
FATIMA,GOLDEN MUSK,MUSK / GOLDEN MUSK,S339296,1,750.00,204.00
FATIMA,MUSK TAHARA FRUITY,MUSK / MUSK TAHARA FRUITY,MI4014,1,435.00,118.00
FATIMA,MUSK TAHARA CHOCOLATE,MUSK / MUSK TAHARA CHOCOLATE,MI4016,1,480.00,130.00
FATIMA,MUSK TAHARA ROSE,MUSK / MUSK TAHARA ROSE,MI4002,1,300.00,81.00
FATIMA,MUSK TAHARA CANDY,MUSK / MUSK TAHARA CANDY,MI4015,1,435.00,118.00
FATIMA,MUSK TAHARA PINEAPPLE,MUSK / MUSK TAHARA PINEAPPLE,MI4003,1,350.00,96.00
FATIMA,MUSK AL SHOYOUKH,MUSK / MUSK AL SHOYOUKH,S296B,1,750.00,204.00
FATIMA,MISK WITH POMEGRANATE,MUSK / MISK WITH POMEGRANATE,,1,475.00,130.00
FATIMA,MISK WITH PEACH,MUSK / MISK WITH PEACH,MI4010,1,430.00,117.00
FATIMA,WHITE MUSK,MUSK / WHITE MUSK,MI4001,1,430.00,123.00
FATIMA,MISK WITH ROSE,MUSK / MISK WITH ROSE,MI4007,1,400.00,109.00
FATIMA,MISK WITH ORANGE,MUSK / MISK WITH ORANGE,MI4013,1,430.00,117.00
FATIMA,MISK WITH STRAWBERRY,MUSK / MISK WITH STRAWBERRY,PB08,1,475.00,130.00
FATIMA,MISK WITH LAVENDOR,MUSK / MISK WITH LAVENDOR,MI4011,1,400.00,109.00
FATIMA,MISK POWDER,MUSK / MISK POWDER,MI4012,1,400.00,109.00
FATIMA,MISK WITH APPLE,MUSK / MISK WITH APPLE,MI4004,1,400.00,109.00
FATIMA,MISK WITH OUD,MUSK / MISK WITH OUD,MI4009,1,500.00,137.00
FATIMA,MISK WITH MULBERRY,MUSK / MISK WITH MULBERRY,,1,590.00,161.00
FATIMA,MISK WITH KAMUTHRAA,MUSK / MISK WITH KAMUTHRAA,,1,475.00,130.00
FATIMA,MISK WITH CHERRY,MUSK / MISK WITH CHERRY,MI4005,1,400.00,109.00
FATIMA,MISK WITH VANILLA,MUSK / MISK WITH VANILLA,MI4008,1,400.00,109.00
FATIMA,MUKHALLAT MUSK,MUSK / MUKHALLAT MUSK,,1,920.00,251.00
FATIMA,MUSK AL GAZAL BLACK,MUSK / MUSK AL GAZAL BLACK,,1,530.00,145.00
FATIMA,MISK AL TAHARA TOP,MUSK / MISK AL TAHARA TOP,MI4006,1,400.00,109.00
FATIMA,SOFT AND MUSK,MUSK / SOFT AND MUSK,,1,590.00,161.00
FATIMA,SOFT MUSK,MUSK / SOFT MUSK,,1,475.00,130.00
FATIMA,MUSK-C,MUSK / MUSK-C,,1,420.00,115.00
FATIMA,MUSK-C SOFT,MUSK / MUSK-C SOFT,,1,420.00,115.00
FATIMA,RAHEEQ,NUSUK / RAHEEQ,PB054,1,750.00,204.00
FATIMA,NASAEM LZ,NABEEL / NASAEM LZ,,1,475.00,130.00
FATIMA,BAKHOOR TOUCH ME TOP,NABEEL / BAKHOOR TOUCH ME TOP,,1,590.00,161.00
FATIMA,BUKHOOR ETISALBI,NABEEL / BUKHOOR ETISALBI,,1,475.00,130.00
FATIMA,NASAEM TOP,NABEEL / NASAEM TOP,,1,530.00,145.00
FATIMA,NAGARMOTHA TOP,NAGARMOTHA / NAGARMOTHA TOP,,1,4050.00,1107.00
FATIMA,NUIT DE BAKELITE,NAOMI GOODSIR / NUIT DE BAKELITE,,1,750.00,205.00
FATIMA,NEROLI ESSENCE,NARCISO RODRIGUEZ / NEROLI ESSENCE,S400533,1,630.00,172.00
FATIMA,AMBER MUSE FOR HER,NARCISO RODRIGUEZ / AMBER MUSE FOR HER,,1,475.00,130.00
FATIMA,NARCISO RODRIGUEZ FOR HER INTENSE,NARCISO RODRIGUEZ / NARCISO RODRIGUEZ FOR HER INTENSE,S400514,1,580.00,158.00
FATIMA,FOR HIM INTENSE,NARCISO RODRIGUEZ / FOR HIM INTENSE,IP-905,1,850.00,232.00
FATIMA,MUSC NOIR FOR HER,NARCISO RODRIGUEZ / MUSC NOIR FOR HER,PBV10,1,1200.00,327.00
FATIMA,EAU DE PERFUME RADIANTE,NARCISO RODRIGUEZ / EAU DE PERFUME RADIANTE,PBV11,1,1050.00,286.00
FATIMA,RODRIGUEZ BLEU NOIR FOR HIM PERFUME,NARCISO RODRIGUEZ / RODRIGUEZ BLEU NOIR FOR HIM PERFUME,PBV12,1,1050.00,286.00
FATIMA,RODRIGUEZ FOR HER PINK EDITION,NARCISO RODRIGUEZ / RODRIGUEZ FOR HER PINK EDITION,PBBV01,1,1400.00,382.00
FATIMA,RODRIGUEZ FOR HER INTENSE,NARCISO RODRIGUEZ / RODRIGUEZ FOR HER INTENSE,PBBV03,1,1500.00,409.00
FATIMA,SAFFRAN MUSC,NARCISO RODRIGUEZ / SAFFRAN MUSC,PBBV05,1,1400.00,382.00
FATIMA,FOR HER MUSC NUDE,NARCISO RODRIGUEZ / FOR HER MUSC NUDE,PBBV06,1,1200.00,327.00
FATIMA,POUDREE TOP,NARCISO RODRIGUEZ / POUDREE TOP,PBB067,1,1300.00,355.00
FATIMA,PURE MUSC FOR HER TOP,NARCISO RODRIGUEZ / PURE MUSC FOR HER TOP,PBB068,1,1100.00,301.00
FATIMA,FLEUR MUSC FOR HER,NARCISO RODRIGUEZ / FLEUR MUSC FOR HER,,1,530.00,145.00
FATIMA,NARCISO RODRIGUEZ MEN,NARCISO RODRIGUEZ / NARCISO RODRIGUEZ MEN,,1,475.00,130.00
FATIMA,NARCISO ROUGE ( RED ),NARCISO RODRIGUEZ / NARCISO ROUGE ( RED ),,1,475.00,130.00
FATIMA,OUD MUSC,NARCISO RODRIGUEZ / OUD MUSC,,1,530.00,145.00
FATIMA,POUDREE,NARCISO RODRIGUEZ / POUDREE,,1,475.00,130.00
FATIMA,PURE MUSC FOR HER TOP,NARCISO RODRIGUEZ / PURE MUSC FOR HER TOP,,1,750.00,205.00
FATIMA,ALL OF ME,NARCISO RODRIGUEZ / ALL OF ME,,1,1000.00,273.00
FATIMA,ALL OF ME INTENSE,NARCISO RODRIGUEZ / ALL OF ME INTENSE,,1,890.00,243.00
FATIMA,POUDREE W,NARCISO RODRIGUEZ / POUDREE W,,1,700.00,191.00
FATIMA,BARAONDA TOP,NASOMATTO / BARAONDA TOP,,1,1520.00,415.00
FATIMA,BLACK AFGANO TOP,NASOMATTO / BLACK AFGANO TOP,,1,2070.00,566.00
FATIMA,BLACK AFGANO SUPER,NASOMATTO / BLACK AFGANO SUPER,S400276,1,500.00,137.00
FATIMA,CHINA WHITE,NASOMATTO / CHINA WHITE,,1,810.00,221.00
FATIMA,NARCOTIC VENUS WOMAN,NASOMATTO / NARCOTIC VENUS WOMAN,,1,810.00,221.00
FATIMA,NUDIFLORUM,NASOMATTO / NUDIFLORUM,,1,1140.00,311.00
FATIMA,FANTOMAS,NASOMATTO / FANTOMAS,,1,1520.00,415.00
FATIMA,SADONASO,NASOMATTO / SADONASO,,1,1300.00,355.00
FATIMA,BLAMAGE,NASOMATTO / BLAMAGE,,1,475.00,130.00
FATIMA,PATCHOULI INTENSE,NICOLAI / PATCHOULI INTENSE,,1,1190.00,325.00
FATIMA,L'EXTASE,NINA RICCI / L'EXTASE,,1,450.00,123.00
FATIMA,NINA TOP,NINA RICCI / NINA TOP,PB40030,1,750.00,204.00
FATIMA,BELLA,NINA RICCI / BELLA,,1,475.00,130.00
FATIMA,LUNA BLUE APPLE,NINA RICCI / LUNA BLUE APPLE,,1,475.00,130.00
FATIMA,NINA RED APPLE,NINA RICCI / NINA RED APPLE,,1,475.00,130.00
FATIMA,NINA ROUGE,NINA RICCI / NINA ROUGE,,1,475.00,130.00
FATIMA,NINA EXTRA ROUGE,NINA RICCI / NINA EXTRA ROUGE,,1,475.00,130.00
FATIMA,VENUS TOP,NINA RICCI / VENUS TOP,,1,1000.00,273.00
FATIMA,NINA PRECOIUS GOLD,NINA RICCI / NINA PRECOIUS GOLD,,1,820.00,224.00
FATIMA,VENUS EDP INTENSE,NINA RICCI / VENUS EDP INTENSE,,1,580.00,158.00
FATIMA,HACIVAT TOP,NISHANE / HACIVAT TOP,S40055,1,700.00,191.00
FATIMA,HACIVAT EXTRAIT DE PARFUM,NISHANE / HACIVAT EXTRAIT DE PARFUM,PB0B8,1,950.00,260.00
FATIMA,SAFRAN COLOGNISE,NISHANE / SAFRAN COLOGNISE,PB404,1,1700.00,464.00
FATIMA,HUNDRED SILENT WAYS TOP,NISHANE / HUNDRED SILENT WAYS TOP,S400153,1,980.00,268.00
FATIMA,TERO,NISHANE / TERO,PB1048,1,900.00,245.00
FATIMA,SULTAN VETIVER,NISHANE / SULTAN VETIVER,PB0547,1,1200.00,327.00
FATIMA,NEFS,NISHANE / NEFS,PBB58,1,2000.00,546.00
FATIMA,KARAGOZ,NISHANE / KARAGOZ,PBB097,1,1400.00,382.00
FATIMA,NISHANE HACIVAT EXTRAIT DE PARFUM,NISHANE / NISHANE HACIVAT EXTRAIT DE PARFUM,PB154,1,950.00,245.00
FATIMA,MEANT TO BE SEEN,NISHANE / MEANT TO BE SEEN,S400224,1,700.00,191.00
FATIMA,ANI,NISHANE / ANI,S40078,1,920.00,251.00
FATIMA,SHEM TOP,NISHANE / SHEM TOP,,1,1000.00,273.00
FATIMA,AMBRA CALABRIA,NISHANE / AMBRA CALABRIA,,1,1100.00,301.00
FATIMA,WULONG CHA,NISHANE / WULONG CHA,,1,750.00,205.00
FATIMA,WULONG CHA X,NISHANE / WULONG CHA X,PB0050,1,1500.00,409.00
FATIMA,FAVONIUS,NISHANE / FAVONIUS,,1,1700.00,464.00
FATIMA,FAN YOUR FLAMES,NISHANE / FAN YOUR FLAMES,,1,1150.00,314.00
FATIMA,HACIVAT OUD TOP,NISHANE / HACIVAT OUD TOP,S400416,1,1200.00,328.00
FATIMA,ANI X,NISHANE / ANI X,,1,1250.00,342.00
FATIMA,DEZIRO,NISHANE / DEZIRO,,1,770.00,210.00
FATIMA,NIVEA MEN PARIS SAINT GERMAIN,NIVEA / NIVEA MEN PARIS SAINT GERMAIN,,1,475.00,130.00
FATIMA,WONDERLUST,OMAN LUXURY / WONDERLUST,PB405,1,2000.00,546.00
FATIMA,ROYAL INCENSE,OMAN LUXURY / ROYAL INCENSE,PB65,1,1400.00,382.00
FATIMA,OVERDOSE TOP,OMAN LUXURY / OVERDOSE TOP,S400316,1,1300.00,355.00
FATIMA,CADEN TOP,OMAN LUXURY / CADEN TOP,S400462,1,1350.00,368.00
FATIMA,EXCLUSIVE AZURE FANTASY,ORIENTICA PREMIUM / EXCLUSIVE AZURE FANTASY,,1,600.00,164.00
FATIMA,LIVREE NUIT EXTRAIT,ORMAIE / LIVREE NUIT EXTRAIT,PB40020,1,1200.00,327.00
FATIMA,MARQUE-PAGE,ORMAIE / MARQUE-PAGE,,1,1750.00,478.00
FATIMA,MILK & MATCHA,OBVIOUS / MILK & MATCHA,PB40021,1,900.00,245.00
FATIMA,UNE PISTACHE,OBVIOUS / UNE PISTACHE,PB40021,1,1150.00,314.00
FATIMA,AMBRE ROYAL,ORMANDE JAYNE / AMBRE ROYAL,,1,1100.00,301.00
FATIMA,MONTABACCO VERANO,ORMANDE JAYNE / MONTABACCO VERANO,PB40022,1,1700.00,464.00
FATIMA,ZIZAN,ORMANDE JAYNE / ZIZAN,PB40023,1,1100.00,301.00
FATIMA,OSMANTHUS,ORMANDE JAYNE / OSMANTHUS,PB40024,1,1300.00,355.00
FATIMA,MONTABACCO RIO 2025,ORMANDE JAYNE / MONTABACCO RIO 2025,PB40022,1,1700.00,464.00
FATIMA,OUD NAWAF,ORMONDE JAYNE / OUD NAWAF,IP011,1,1700.00,464.00
FATIMA,ARABESQUE,ORMANDE JAYNE / ARABESQUE,,1,550.00,150.00
FATIMA,MONTABACO TOP,ORMONDE JAYNE / MONTABACO TOP,,1,1300.00,355.00
FATIMA,MONTABACO SUPER,ORMONDE JAYNE / MONTABACO SUPER,,1,750.00,205.00
FATIMA,2 NAWAB OF OUDH INTENSIVO,ORMONDE JAYNE / 2 NAWAB OF OUDH INTENSIVO,,1,1190.00,325.00
FATIMA,OUDH FLOR PARFUM (HA EXCLUSIVE),ORMONDE JAYNE / OUDH FLOR PARFUM (HA EXCLUSIVE),,1,1330.00,363.00
FATIMA,4 MONTABACO INTENSIVO,ORMONDE JAYNE / 4 MONTABACO INTENSIVO,,1,1400.00,383.00
FATIMA,MEGAMARE TOP,ORTO PARISI / MEGAMARE TOP,S400487,1,1100.00,301.00
FATIMA,TERRONI,ORTO PARISI / TERRONI,,1,750.00,205.00
FATIMA,CUOIUM,ORTO PARISI / CUOIUM,,1,1800.00,492.00
FATIMA,BERGAMASK TOP,ORTO PARISI / BERGAMASK TOP,,1,1850.00,505.00
FATIMA,BERGAMASK SP,ORTO PARISI / BERGAMASK SP,PB4031,1,1300.00,355.00
FATIMA,BRUTUS,ORTO PARISI / BRUTUS,,1,1200.00,328.00
FATIMA,SEMINALIS,ORTO PARISI / SEMINALIS,,1,1300.00,355.00
FATIMA,STERCUS,ORTO PARISI / STERCUS,,1,1750.00,478.00
FATIMA,VIRIDE,ORTO PARISI / VIRIDE,,1,1200.00,328.00
FATIMA,TERRONI,ORTO PARISI / TERRONI,,1,1125.00,307.00
FATIMA,RISVELIUM,ORTO PARISI / RISVELIUM,,1,3200.00,874.00
FATIMA,ABYAD SUPER,OUD / ABYAD SUPER,,1,1100.00,301.00
FATIMA,DAHNAL OUD ASAMI,OUD / DAHNAL OUD ASAMI,,1,860.00,235.00
FATIMA,DAHNAL OUD BORMI,OUD / DAHNAL OUD BORMI,,1,1850.00,505.00
FATIMA,DAHNAL OUD COMBODI TOP,OUD / DAHNAL OUD COMBODI TOP,,1,1110.00,303.00
FATIMA,DAHNAL OUD,OUD / DAHNAL OUD,S40016,1,830.00,227.00
FATIMA,OUD SAUDI,OUD / OUD SAUDI,,1,810.00,221.00
FATIMA,OUD SHAMS,OUD / OUD SHAMS,,1,1800.00,492.00
FATIMA,DAHNAL OUD KALAKASI,OUD / DAHNAL OUD KALAKASI,,1,620.00,169.00
FATIMA,OUD AL MAS,OUD / OUD AL MAS,,1,700.00,191.00
FATIMA,"OUD AL MUBAKHAR , GR","OUD / OUD AL MUBAKHAR , GR",,1,510.00,139.00
FATIMA,OUD BALLA TOP,OUD / OUD BALLA TOP,,1,750.00,205.00
FATIMA,OUD CAMBODIAN,OUD / OUD CAMBODIAN,,1,2950.00,806.00
FATIMA,OUD COLLECTION,OUD / OUD COLLECTION,,1,475.00,130.00
FATIMA,OUD HAMDDAN,OUD / OUD HAMDDAN,,1,590.00,161.00
FATIMA,OUD LAOSI,OUD / OUD LAOSI,,1,2400.00,656.00
FATIMA,OUD MITALIYA RS GR,OUD / OUD MITALIYA RS GR,,1,530.00,145.00
FATIMA,OUDH BOYA NT ABS,OUD / OUDH BOYA NT ABS,,1,5700.00,1557.00
FATIMA,BOYA BASE,OUD / BOYA BASE,,1,500.00,137.00
FATIMA,OUD ABYAD,OUD / OUD ABYAD,,1,620.00,169.00
FATIMA,1 MILLION NIGHT ELIXIR,PACO RABANNE / 1 MILLION NIGHT ELIXIR,S400249,1,673.00,184.00
FATIMA,1 MILLION TOP,PACO RABANNE / 1 MILLION TOP,S40031,1,450.00,123.00
FATIMA,PHANTOM IN RED,PACO RABANNE / PHANTOM IN RED,PB876,1,800.00,218.00
FATIMA,BLACK XS LA FOR HER,PACO RABANNE / BLACK XS LA FOR HER,,1,475.00,130.00
FATIMA,FAME IN LOVE,PACO RABANNE / FAME IN LOVE,PB40034,1,1700.00,464.00
FATIMA,DANDY ME,PACO RABANNE / DANDY ME,PB40032,1,1050.00,286.00
FATIMA,OLYMPEA ABSOLU,PACO RABANNE / OLYMPEA ABSOLU,PB40036,1,900.00,245.00
FATIMA,PHANTHOM ELIXIR,PACO RABANNE / PHANTHOM ELIXIR,PB40038,1,1100.00,301.00
FATIMA,FAME INTENSE,PACO RABANNE / FAME INTENSE,PB40039,1,900.00,245.00
FATIMA,ONE MILLION ROYAL,PACO RABANNE / ONE MILLION ROYAL,PB40040,1,1100.00,301.00
FATIMA,1 MILLION LUCKY TOP,PACO RABANNE / 1 MILLION LUCKY TOP,PB40041,1,950.00,260.00
FATIMA,PHANTOM PARFUME,PACO RABANNE / PHANTOM PARFUME,PB40042,1,1200.00,327.00
FATIMA,MILLION GOLD FOR HER,PACO RABANNE / MILLION GOLD FOR HER,IP-015,1,1050.00,286.00
FATIMA,BLACK XS POISON MAN,PACO RABANNE / BLACK XS POISON MAN,,1,475.00,130.00
FATIMA,DANGEROUS ME,PACO RABANNE / DANGEROUS ME,,1,475.00,130.00
FATIMA,BLACK XS EXCESS NO,PACO RABANNE / BLACK XS EXCESS NO,,1,700.00,191.00
FATIMA,EBONY ABUNDANCE SUPER,PACO RABANNE / EBONY ABUNDANCE SUPER,,1,500.00,137.00
FATIMA,BLACK XS MAN (MEDIUM) FR,PACO RABANNE / BLACK XS MAN (MEDIUM) FR,,1,475.00,130.00
FATIMA,EROTIC ME,PACO RABANNE / EROTIC ME,,1,475.00,130.00
FATIMA,EXCESS/FRANCE,PACO RABANNE / EXCESS/FRANCE,,1,475.00,130.00
FATIMA,INVICTUS TOP,PACO RABANNE / INVICTUS TOP,S400294,1,700.00,191.00
FATIMA,INVICTUS AQUA,PACO RABANNE / INVICTUS AQUA,,1,530.00,145.00
FATIMA,INVICTUS LEGEND,PACO RABANNE / INVICTUS LEGEND,S400390,1,520.00,142.00
FATIMA,LADY MILLION TOP,PACO RABANNE / LADY MILLION TOP,S400386,1,500.00,137.00
FATIMA,LADY MILLION EMPIRE,PACO RABANNE / LADY MILLION EMPIRE,,1,530.00,145.00
FATIMA,LADY MILLION LUCKY,PACO RABANNE / LADY MILLION LUCKY,,1,475.00,130.00
FATIMA,OLYMPEA,PACO RABANNE / OLYMPEA,,1,475.00,130.00
FATIMA,OLYMPEA LEGEND,PACO RABANNE / OLYMPEA LEGEND,,1,475.00,130.00
FATIMA,STRONG ME,PACO RABANNE / STRONG ME,,1,475.00,130.00
FATIMA,1 MILLION PARFUM TOP,PACO RABANNE / 1 MILLION PARFUM TOP,S400218,1,950.00,260.00
FATIMA,LADY MILLION FABULOUS,PACO RABANNE / LADY MILLION FABULOUS,,1,475.00,130.00
FATIMA,PHANTOM TOP,PACO RABANNE / PHANTOM TOP,S400452,1,1100.00,301.00
FATIMA,INVICTUS VICTORY,PACO RABANNE / INVICTUS VICTORY,,1,475.00,130.00
FATIMA,INVICTUS ONYX,PACO RABANNE / INVICTUS ONYX,,1,475.00,130.00
FATIMA,1 MILLION ELIXIR,PACO RABANNE / 1 MILLION ELIXIR,,1,950.00,260.00
FATIMA,ONE MILLION SP,PACO RABANNE / ONE MILLION SP,S400388,1,300.00,81.00
FATIMA,INVICTUS PLATINUM,PACO RABANNE / INVICTUS PLATINUM,,1,950.00,260.00
FATIMA,FAME IN LOVE,PACO RABANNE / FAME IN LOVE,PB547,1,900.00,245.00
FATIMA,FAME,PACO RABANNE / FAME,,1,850.00,232.00
FATIMA,1 MILLION ROYAL,PACO RABANNE / 1 MILLION ROYAL,,1,475.00,130.00
FATIMA,INVICTUS PARFUM,PACO RABANNE / INVICTUS PARFUM,,1,825.00,225.00
FATIMA,INVICTUS VICTORY ELIXIR,PACO RABANNE / INVICTUS VICTORY ELIXIR,S40042,1,650.00,178.00
FATIMA,PHANTOM ELIXIR,PACO RABANNE / PHANTOM ELIXIR,,1,1100.00,301.00
FATIMA,INVICTUS VICTORY ABSOLU,PACO RABANNE / INVICTUS VICTORY ABSOLU,,1,560.00,153.00
FATIMA,1 MILLION,PACO RABANNE / 1 MILLION,40312,1,350.00,96.00
FATIMA,MILLION GOLD,PACO RABANNE / MILLION GOLD,,1,900.00,246.00
FATIMA,INVICTUS TOP,PACO RABANNE / INVICTUS TOP,,1,650.00,178.00
FATIMA,OLYMPEA TOP,PACO RABANNE / OLYMPEA TOP,,1,700.00,191.00
FATIMA,MILLION GOLD HER,PACO RABANNE / MILLION GOLD HER,,1,550.00,150.00
FATIMA,1 MILLION GOLDEN OUD,PACO RABBANE / 1 MILLION GOLDEN OUD,,1,1060.00,290.00
FATIMA,A PANTHEON ROMA,PANTHEON ROMA / A PANTHEON ROMA,,1,1100.00,301.00
FATIMA,INFUSION DE GINGEMBRE,PARADA / INFUSION DE GINGEMBRE,,1,530.00,145.00
FATIMA,HOTEL,PARIS HILTON / HOTEL,,1,475.00,130.00
FATIMA,PARIS HILTON,PARIS HILTON / PARIS HILTON,,1,475.00,130.00
FATIMA,APPLE GREEN,PERFUME COLOUR / APPLE GREEN,PB001,1,750.00,204.00
FATIMA,GREEN,PERFUME COLOUR / GREEN,PB002,1,750.00,204.00
FATIMA,RED,PERFUME COLOUR / RED,PB003,1,750.00,204.00
FATIMA,BLUE,PERFUME COLOUR / BLUE,PB004,1,750.00,204.00
FATIMA,PINK,PERFUME COLOUR / PINK,PB005,1,750.00,204.00
FATIMA,PURPLE,PERFUME COLOUR / PURPLE,PB006,1,750.00,204.00
FATIMA,ORANGE,PERFUME COLOUR / ORANGE,PB007,1,750.00,204.00
FATIMA,YELLOW,PERFUME COLOUR / YELLOW,PB008,1,750.00,204.00
FATIMA,BLACK,PERFUME COLOUR / BLACK,PB009,1,750.00,204.00
FATIMA,BROWN,PERFUME COLOUR / BROWN,PB55,1,750.00,204.00
FATIMA,GOLDEN BROWN,PERFUME COLOUR / GOLDEN BROWN,PB010,1,750.00,204.00
FATIMA,AQUA /FEROZI,PERFUME COLOUR / AQUA /FEROZI,pb011,1,750.00,204.00
FATIMA,MARON,PERFUME COLOUR / MARON,PB012,1,750.00,204.00
FATIMA,PATCHOULI,PATCHOULI / PATCHOULI,,1,475.00,130.00
FATIMA,PATCHOULI PURE TOP,PATCHOULI / PATCHOULI PURE TOP,,1,860.00,235.00
FATIMA,CLANDESTINE CLARA 2017,PENHALIGON'S / CLANDESTINE CLARA 2017,,1,920.00,251.00
FATIMA,THE CUT,PENHALIGON'S / THE CUT,S400205,1,700.00,191.00
FATIMA,EMPRESSA TOP,PENHALIGON'S / EMPRESSA TOP,S400188,1,950.00,260.00
FATIMA,MR HARROD,PENHALIGON'S / MR HARROD,PB40056,1,1700.00,464.00
FATIMA,VRA VRA VROOM,PENHALIGON'S / VRA VRA VROOM,PB40057,1,900.00,245.00
FATIMA,FORTUITOUS FINLEY,PENHALIGON'S / FORTUITOUS FINLEY,PB40058,1,1400.00,382.00
FATIMA,THE DANDY,PENHALIGON'S / THE DANDY,PB40059,1,1600.00,437.00
FATIMA,CHANGING CONSTANCE,PENHALIGON'S / CHANGING CONSTANCE,PB40060,1,1300.00,355.00
FATIMA,HALFETI CEDAR,PENHALIGON'S / HALFETI CEDAR,PB40061,1,1300.00,355.00
FATIMA,CAIRO,PENHALIGON'S / CAIRO,PB40062,1,1300.00,355.00
FATIMA,HALFETI TOP,PENHALIGON'S / HALFETI TOP,S400148,1,1200.00,327.00
FATIMA,THE TRAGEDY OF LORD GEORGE TOP,PENHALIGON'S / THE TRAGEDY OF LORD GEORGE TOP,S400296,1,700.00,191.00
FATIMA,LUNA,PENHALIGON'S / LUNA,PB9840,1,1200.00,327.00
FATIMA,THE BEWITCHING YASMINE,PENHALIGON'S / THE BEWITCHING YASMINE,S400291,1,600.00,164.00
FATIMA,THE TRAGEDY OF LORD GEORGE,PENHALIGON'S / THE TRAGEDY OF LORD GEORGE,,1,645.00,176.00
FATIMA,HALFETI LEATHER TOP,PENHALIGON'S / HALFETI LEATHER TOP,,1,810.00,221.00
FATIMA,THE WORLD ACCORDING TO ARTHUR,PENHALIGON'S / THE WORLD ACCORDING TO ARTHUR,,1,920.00,251.00
FATIMA,LEGACY OF PETRA,PENHALIGON'S / LEGACY OF PETRA,,1,800.00,219.00
FATIMA,SPORTS CAR CLUB,PENHALIGON'S / SPORTS CAR CLUB,,1,1500.00,410.00
FATIMA,THE OMNISCIENT MR THOMOSON,PENHALIGON'S / THE OMNISCIENT MR THOMOSON,,1,820.00,224.00
FATIMA,HIGHGROVE BOUQUET,PENHALIGON'S / HIGHGROVE BOUQUET,,1,550.00,150.00
FATIMA,ALULA,PENHALIGON'S / ALULA,,1,1200.00,328.00
FATIMA,FORTUITOUS FINLEY,PENHALIGON'S / FORTUITOUS FINLEY,,1,1270.00,347.00
FATIMA,THE BLAZING MR SAM,PENHALIGON'S / THE BLAZING MR SAM,S400351,1,850.00,232.00
FATIMA,VALERO,PERFUMES DE MARLY / VALERO,,1,1100.00,301.00
FATIMA,CASTLEY,PERFUMES DE MARLY / CASTLEY,,1,1470.00,402.00
FATIMA,DELINA TOP,PERFUMES DE MARLY / DELINA TOP,S400126,1,800.00,219.00
FATIMA,PERSEUS,PERFUMES DE MARLY / PERSEUS,,1,1300.00,355.00
FATIMA,ALTHAIR TOP,PERFUMES DE MARLY / ALTHAIR TOP,S400488,1,1000.00,273.00
FATIMA,ATHENIAS TOP,PERFUMES DE MARLY / ATHENIAS TOP,S400492,1,900.00,246.00
FATIMA,PALATINE,PERFUMES DE MARLY / PALATINE,,1,550.00,150.00
FATIMA,VALAYA EXCLUSIF,PERFUMES DE MARLY / VALAYA EXCLUSIF,,1,1200.00,328.00
FATIMA,DELINA EXCLUSIF TOP,PERFUMES DE MARLY / DELINA EXCLUSIF TOP,S400333,1,960.00,262.00
FATIMA,DELINA LA ROSEE,PERFUMES DE MARLY / DELINA LA ROSEE,,1,500.00,137.00
FATIMA,PEGASUS EXCLUSIF,PERFUMES DE MARLY / PEGASUS EXCLUSIF,,1,530.00,145.00
FATIMA,LAYTON TOP,PERFUMES DE MARLY / LAYTON TOP,S400170,1,750.00,205.00
FATIMA,OAJAN,PERFUMES DE MARLY / OAJAN,S233522,1,600.00,164.00
FATIMA,LAYTON EXCLUSIF,PERFUMES DE MARLY / LAYTON EXCLUSIF,,1,550.00,150.00
FATIMA,HALTANE,PERFUMES DE MARLY / HALTANE,,1,930.00,254.00
FATIMA,CARLISLE,PERFUMES DE MARLY / CARLISLE,,1,650.00,178.00
FATIMA,SEDLEY TOP,PERFUMES DE MARLY / SEDLEY TOP,S503864,1,930.00,254.00
FATIMA,ISPAZON,PERFUMES DE MARLY / ISPAZON,,1,750.00,205.00
FATIMA,PEGASUS TOP,PERFUMES DE MARLY / PEGASUS TOP,IP-0190,1,950.00,260.00
FATIMA,ORIANA,PERFUMES DE MARLY / ORIANA,,1,810.00,221.00
FATIMA,CASSILI,PERFUMES DE MARLY / CASSILI,,1,750.00,205.00
FATIMA,VALAYA TOP,PERFUMES DE MARLY / VALAYA TOP,S400302,1,1100.00,301.00
FATIMA,VALAYA,PERFUMES DE MARLY / VALAYA,CP-4774,1,256.00,70.00
FATIMA,GREENLEY TOP,PERFUMES DE MARLY / GREENLEY TOP,S400239,1,950.00,260.00
FATIMA,PALATINE,PERFUMS DE MARLY / PALATINE,,1,1000.00,273.00
FATIMA,PERCIVAL,PERFUMS DE MARLY / PERCIVAL,S400167,1,550.00,150.00
FATIMA,THE SKULL,PHILIPP PLEIN / THE SKULL,,1,1080.00,295.00
FATIMA,NO LIMITS,PHILIPP PLEIN / NO LIMITS,,1,530.00,145.00
FATIMA,HONEY MOON,PHLUR / HONEY MOON,S400279,1,475.00,130.00
FATIMA,MATCHA MILK,PHLUR / MATCHA MILK,S400410,1,350.00,96.00
FATIMA,CHERRY STEM,PHLUR / CHERRY STEM,S400115,1,630.00,172.00
FATIMA,HEAVY CREAM,PHLUR / HEAVY CREAM,IP457S,1,1000.00,273.00
FATIMA,PEACH SKIN,PHLUR / PEACH SKIN,S400193,1,400.00,109.00
FATIMA,MISSING PERSON TOP,PHLUR / MISSING PERSON TOP,S400221,1,850.00,232.00
FATIMA,CASHMERE SKIN,PHLUR / CASHMERE SKIN,S400223,1,475.00,130.00
FATIMA,STRAWBERRY LETTER TOP,PHLUR / STRAWBERRY LETTER TOP,S400228,1,640.00,174.00
FATIMA,SOMEBODY WOOD TOP,PHLUR / SOMEBODY WOOD TOP,S400232,1,500.00,150.00
FATIMA,DRAGON FRUIT TOP,PHLUR / DRAGON FRUIT TOP,S400235,1,578.00,157.00
FATIMA,VANILLA SMOKE TOP,PHLUR / VANILLA SMOKE TOP,S400242,1,625.00,170.00
FATIMA,SOLAR POWER TOP,PHLUR / SOLAR POWER TOP,S400244,1,760.00,207.00
FATIMA,MRS. SMITH,PHLUR / MRS. SMITH,S400245,1,280.00,76.00
FATIMA,VANILLA SKIN,PHLUR / VANILLA SKIN,S400229,1,519.00,141.00
FATIMA,BEACH SKIN,PHLUR / BEACH SKIN,S400155,1,540.00,147.00
FATIMA,VANILLA NECTAR,PHLUR / VANILLA NECTAR,S400220,1,366.00,100.00
FATIMA,FATHER FIGURE,PHLUR / FATHER FIGURE,,1,640.00,175.00
FATIMA,BABY SHOP,POWDERY / BABY SHOP,,1,475.00,130.00
FATIMA,KIDDY,POWDERY / KIDDY,,1,475.00,130.00
FATIMA,BABELION,POWDERY / BABELION,,1,475.00,130.00
FATIMA,INFUSION DE SANTAL CHAI,PRADA / INFUSION DE SANTAL CHAI,S400536,1,660.00,180.00
FATIMA,L. HOMME BLACK,PRADA / L. HOMME BLACK,,1,475.00,130.00
FATIMA,PARADIGME,PRADA / PARADIGME,S400231,1,660.00,180.00
FATIMA,LUNA ROSSA BLACK TOP,PRADA / LUNA ROSSA BLACK TOP,S40084,1,710.00,194.00
FATIMA,MARIENBAD,PRADA / MARIENBAD,PB40067,1,750.00,204.00
FATIMA,LUNA ROSSA EXTREAM,PRADA / LUNA ROSSA EXTREAM,PB40068,1,1050.00,286.00
FATIMA,L HOMME TOP,PRADA / L HOMME TOP,PB40069,1,900.00,286.00
FATIMA,PRADA CANDY NIGHT,PRADA / PRADA CANDY NIGHT,,1,475.00,130.00
FATIMA,LUNA ROSSA OCEAN,PRADA / LUNA ROSSA OCEAN,,1,475.00,130.00
FATIMA,PARADOXE TOP,PRADA / PARADOXE TOP,S400372,1,950.00,260.00
FATIMA,PARADOXE INTENSE TOP,PRADA / PARADOXE INTENSE TOP,S400460,1,1100.00,301.00
FATIMA,INFUSION DE GINGEMBRE,PRADA / INFUSION DE GINGEMBRE,,1,530.00,145.00
FATIMA,PARADOXE RADICAL ESSENCE TOP,PRADA / PARADOXE RADICAL ESSENCE TOP,S400428,1,950.00,260.00
FATIMA,PARADOXE VIRTUAL FLOWER WOMEN,PRADA / PARADOXE VIRTUAL FLOWER WOMEN,,1,650.00,178.00
FATIMA,PRADA CANDY,PRADA CANDY / PRADA CANDY,,1,475.00,130.00
FATIMA,MINTPEPPER,PURE ESSENTIAL OILS / MINTPEPPER,,1,450.00,123.00
FATIMA,BERGAMOT,PURE ESSENTIAL OILS / BERGAMOT,,1,450.00,123.00
FATIMA,TEA TREE,PURE ESSENTIAL OILS / TEA TREE,,1,475.00,130.00
FATIMA,CLARY SAGE,PURE ESSENTIAL OILS / CLARY SAGE,,1,475.00,130.00
FATIMA,STAR ANISE,PURE ESSENTIAL OILS / STAR ANISE,,1,450.00,123.00
FATIMA,LOVE O MATIC TOP,ROOM 1015 / LOVE O MATIC TOP,S400401,1,650.00,177.00
FATIMA,WAVECHILD TOP,ROOM 1015 / WAVECHILD TOP,S400489,1,750.00,204.00
FATIMA,RALPH'S CLUB PARFUM TOP,RALPH LAURAN / RALPH'S CLUB PARFUM TOP,S400141,1,900.00,246.00
FATIMA,RALPH'S CLUB NEW YORK,RALPH LAUREN / RALPH'S CLUB NEW YORK,PB454,1,1300.00,355.00
FATIMA,POLO RED,RALPH LAUREN / POLO RED,S40049,1,440.00,120.00
FATIMA,POLO BLUE,RALPH LAUREN / POLO BLUE,,1,475.00,130.00
FATIMA,POLO SPORT TOP,RALPH LAUREN / POLO SPORT TOP,,1,475.00,130.00
FATIMA,WOMAN,RALPH LAUREN / WOMAN,,1,475.00,130.00
FATIMA,POLO DEEP BLUE,RALPH LAUREN / POLO DEEP BLUE,,1,500.00,137.00
FATIMA,POLO 67,RALPH LAUREN / POLO 67,PB40080,1,1300.00,355.00
FATIMA,POLO EARTH AUSTRALSANDALWOOD,RALPH LAUREN / POLO EARTH AUSTRALSANDALWOOD,PB40081,1,900.00,245.00
FATIMA,POLO OUD,RALPH LAUREN / POLO OUD,,1,475.00,130.00
FATIMA,POLO ULTRA BLUE MAN,RALPH LAUREN / POLO ULTRA BLUE MAN,,1,475.00,130.00
FATIMA,CIGAR,REMY LATOURE / CIGAR,PB40065,1,900.00,245.00
FATIMA,BLACK STONE EXTRAIT DE PARFUM,RAMON BEJAR / BLACK STONE EXTRAIT DE PARFUM,PB40070,1,1700.00,464.00
FATIMA,BLANCO,RAMAN MONEGAL / BLANCO,S400247,1,636.00,174.00
FATIMA,MATADOR,RAMON MONEGAL / MATADOR,PB547,1,900.00,245.00
FATIMA,FLAMENCO,RAMON MONEGAL / FLAMENCO,,1,720.00,197.00
FATIMA,HAWAS FIRE,RASASI / HAWAS FIRE,S400125,1,550.00,150.00
FATIMA,HAWAS FOR HIM,RASASI / HAWAS FOR HIM,S400142,1,400.00,109.00
FATIMA,AFSHAN FR,RASASI / AFSHAN FR,,1,475.00,130.00
FATIMA,BAKHOOR AL DHEKRA,RASASI / BAKHOOR AL DHEKRA,,1,640.00,175.00
FATIMA,BAKHOOR JEBAL ALI TOP,RASASI / BAKHOOR JEBAL ALI TOP,,1,700.00,191.00
FATIMA,BAKHOOR RAQIYA AMBROXAN,RASASI / BAKHOOR RAQIYA AMBROXAN,,1,530.00,145.00
FATIMA,BAKHOOR RAQIYA CASHMERAN,RASASI / BAKHOOR RAQIYA CASHMERAN,,1,590.00,161.00
FATIMA,BLUE LADY,RASASI / BLUE LADY,,1,475.00,130.00
FATIMA,EMOTION MEN,RASASI / EMOTION MEN,,1,475.00,130.00
FATIMA,GHAIR AL NAS,RASASI / GHAIR AL NAS,,1,810.00,221.00
FATIMA,HAREER MUSK COLLECTION,RASASI / HAREER MUSK COLLECTION,,1,475.00,130.00
FATIMA,INSHERAH GOLD BY RASASI,RASASI / INSHERAH GOLD BY RASASI,,1,475.00,130.00
FATIMA,NAQAYA MUSK COLLECTION,RASASI / NAQAYA MUSK COLLECTION,,1,475.00,130.00
FATIMA,NASEEM AL FAJR,RASASI / NASEEM AL FAJR,,1,810.00,221.00
FATIMA,QASAMAT EBHAR,RASASI / QASAMAT EBHAR,,1,475.00,130.00
FATIMA,ROYALE BLUE MEN,RASASI / ROYALE BLUE MEN,PB40090,1,450.00,123.00
FATIMA,BLUE LADY,RASASI / BLUE LADY,PB40091,1,475.00,130.00
FATIMA,HAWAS ICE,RASASI / HAWAS ICE,PB40092,1,500.00,137.00
FATIMA,RAQIYA - D TOP,RASASI / RAQIYA - D TOP,,1,620.00,169.00
FATIMA,RAQIYA -C (MEDIUM),RASASI / RAQIYA -C (MEDIUM),,1,475.00,130.00
FATIMA,ROMANCE WOMEN,RASASI / ROMANCE WOMEN,,1,475.00,130.00
FATIMA,ROYALE BLUE MEN,RASASI / ROYALE BLUE MEN,,1,475.00,130.00
FATIMA,ROYALE MEN,RASASI / ROYALE MEN,,1,475.00,130.00
FATIMA,SAAB AL MARAM,RASASI / SAAB AL MARAM,,1,700.00,191.00
FATIMA,SHARKI MUSK COLLECTION,RASASI / SHARKI MUSK COLLECTION,,1,475.00,130.00
FATIMA,SOTOOR WAAW,RASASI / SOTOOR WAAW,,1,475.00,130.00
FATIMA,WISAL,RASASI / WISAL,,1,475.00,130.00
FATIMA,OUDH ALMETHALI,RASASI / OUDH ALMETHALI,,1,530.00,145.00
FATIMA,ARBA WARDAT,RASSASI / ARBA WARDAT,,1,475.00,130.00
FATIMA,REEF 27,REEF PERFUMES / REEF 27,PB40071,1,1050.00,286.00
FATIMA,REEF 29 TOP,REEF PERFUMES / REEF 29 TOP,S400505,1,750.00,204.00
FATIMA,REEF 19,REEF PERFUMES / REEF 19,PB40072,1,1000.00,273.00
FATIMA,REEF 11,REEF PERFUMES / REEF 11,PB40073,1,1000.00,273.00
FATIMA,REEF ARABS OF DIRIYAH,REEF PERFUMES / REEF ARABS OF DIRIYAH,PB40074,1,1000.00,273.00
FATIMA,REEF 6,REEF PERFUMES / REEF 6,PB40075,1,1050.00,286.00
FATIMA,REEF 33 WHITE,REEF PERFUMES / REEF 33 WHITE,PB40076,1,1000.00,273.00
FATIMA,REEF 33 TOP,REEF PERFUMES / REEF 33 TOP,,1,920.00,251.00
FATIMA,REVEDOR,REVEDOR / REVEDOR,,1,475.00,130.00
FATIMA,RIRI,RIHANA / RIRI,,1,520.00,142.00
FATIMA,NUIT D'AZAR,RITUALS / NUIT D'AZAR,,1,810.00,221.00
FATIMA,POEME D' AZAR,RITUALS / POEME D' AZAR,,1,860.00,235.00
FATIMA,PARADISO ROSA,ROBERTO CAVALLI / PARADISO ROSA,PB4571,1,1050.00,286.00
FATIMA,DEEP DESIRE,ROBERTO CAVALLI / DEEP DESIRE,,1,530.00,145.00
FATIMA,SERPENTINE 2025,ROBERTO CAVALLI / SERPENTINE 2025,PB4567,1,1050.00,286.00
FATIMA,DIVINE OUD TOP,ROBERTO CAVALLI / DIVINE OUD TOP,S400289,1,670.00,183.00
FATIMA,ROBERTO CAVALLI SIGNATURE VERDE ASSOLUTO,ROBERTO CAVALLI / ROBERTO CAVALLI SIGNATURE VERDE ASSOLUTO,PB4007,1,750.00,204.00
FATIMA,FLORENCE,ROBERTO CAVALLI / FLORENCE,,1,510.00,139.00
FATIMA,JUST CAVALLI W,ROBERTO CAVALLI / JUST CAVALLI W,,1,640.00,175.00
FATIMA,PARADISIO ROBERTO CAVALLI,ROBERTO CAVALLI / PARADISIO ROBERTO CAVALLI,,1,475.00,130.00
FATIMA,ROBERTO CAVALLI AQUA,ROBERTO CAVALLI / ROBERTO CAVALLI AQUA,,1,475.00,130.00
FATIMA,ROBERTO CAVALLI GOLD W,ROBERTO CAVALLI / ROBERTO CAVALLI GOLD W,,1,475.00,130.00
FATIMA,SUPREME SANDAL,ROBERTO CAVALLI / SUPREME SANDAL,,1,860.00,235.00
FATIMA,BYZANCE 2019,ROCHAS / BYZANCE 2019,,1,700.00,191.00
FATIMA,AUDACE,ROCHAS / AUDACE,PB40093,1,1050.00,286.00
FATIMA,L'HOMME ROCHAS,ROCHAS / L'HOMME ROCHAS,,1,700.00,191.00
FATIMA,ISOLA SNOW,ROJA DOVE / ISOLA SNOW,S400237,1,651.00,178.00
FATIMA,51 POUR FEMME,ROJA DOVE / 51 POUR FEMME,,1,730.00,199.00
FATIMA,TAIF AOUD,ROJA DOVE / TAIF AOUD,IP-4575,1,1100.00,301.00
FATIMA,MADISON POUR FEMME,ROJA DOVE / MADISON POUR FEMME,,1,750.00,205.00
FATIMA,DANGER POUR HOMME,ROJA DOVE / DANGER POUR HOMME,,1,920.00,251.00
FATIMA,PERFUME DE LA NUIT,ROJA DOVE / PERFUME DE LA NUIT,PB40094,1,1300.00,355.00
FATIMA,ELYSIUM NOIR,ROJA DOVE / ELYSIUM NOIR,PB40095,1,2100.00,573.00
FATIMA,ISOLA SOL,ROJA DOVE / ISOLA SOL,PB40096,1,1700.00,464.00
FATIMA,UNITED ARAB EMIRATES (UAE),ROJA DOVE / UNITED ARAB EMIRATES (UAE),PB40097,1,1200.00,327.00
FATIMA,HAUTE LUXE,ROJA DOVE / HAUTE LUXE,PB40098,1,1050.00,286.00
FATIMA,ENIGMA POUR FEMME,ROJA DOVE / ENIGMA POUR FEMME,PB40099,1,750.00,204.00
FATIMA,A MIDSUMMER DREAM,ROJA DOVE / A MIDSUMMER DREAM,PB501,1,1700.00,464.00
FATIMA,LOST IN PARIS TOP,ROJA DOVE / LOST IN PARIS TOP,IF-457,1,1600.00,437.00
FATIMA,AOUD,ROJA DOVE / AOUD,PB503,1,1050.00,286.00
FATIMA,MUSK AOUD TOP,ROJA DOVE / MUSK AOUD TOP,S400520,1,1650.00,450.00
FATIMA,HAUTE PARFUMERIE 20TH ANNIVERSARY,ROJA DOVE / HAUTE PARFUMERIE 20TH ANNIVERSARY,PB505,1,1600.00,437.00
FATIMA,BURLINGTON 1819,ROJA DOVE / BURLINGTON 1819,PB506,1,1600.00,437.00
FATIMA,BRITANIA,ROJA DOVE / BRITANIA,PB507,1,900.00,245.00
FATIMA,OCENIA,ROJA DOVE / OCENIA,PB508,1,1400.00,382.00
FATIMA,LAKME,ROJA DOVE / LAKME,PB509,1,1800.00,491.00
FATIMA,ELYSIUM POUR FEMME TOP,ROJA DOVE / ELYSIUM POUR FEMME TOP,PB510,1,1500.00,409.00
FATIMA,ELYSIUM EAU INTENSE,ROJA DOVE / ELYSIUM EAU INTENSE,PB511,1,1700.00,464.00
FATIMA,ELYSIUM POUR HOMME COLONGE,ROJA DOVE / ELYSIUM POUR HOMME COLONGE,,1,1450.00,396.00
FATIMA,ELIXIR POUR FEMME ESSENCE DE PARFUM,ROJA DOVE / ELIXIR POUR FEMME ESSENCE DE PARFUM,,1,750.00,205.00
FATIMA,ELYSIUM POUR HOMME PARFUM TOP,ROJA DOVE / ELYSIUM POUR HOMME PARFUM TOP,S400362,1,1410.00,385.00
FATIMA,SCANDAL POUR HOMME,ROJA DOVE / SCANDAL POUR HOMME,,1,860.00,235.00
FATIMA,OLIGARCH ROJA,ROJA DOVE / OLIGARCH ROJA,,1,1300.00,355.00
FATIMA,AMBER AOUD,ROJA DOVE / AMBER AOUD,,1,1190.00,325.00
FATIMA,SWEETIE AOUD,ROJA DOVE / SWEETIE AOUD,,1,1850.00,505.00
FATIMA,TURANDOT,ROJA DOVE / TURANDOT,,1,800.00,219.00
FATIMA,CANDY AOUD,ROJA DOVE / CANDY AOUD,,1,1200.00,328.00
FATIMA,APEX,ROJA DOVE / APEX,S40077,1,1250.00,342.00
FATIMA,ISOLA BLU TOP,ROJA DOVE / ISOLA BLU TOP,S400470,1,1200.00,328.00
FATIMA,MANHATTAN EAU DE PARFUM,ROJA DOVE / MANHATTAN EAU DE PARFUM,,1,730.00,199.00
FATIMA,ROSENDO MATEU NO 5 TOP,ROSENDO MATEU / ROSENDO MATEU NO 5 TOP,,1,1300.00,355.00
FATIMA,ROSENDO MATEU NO 5 (MEDIUM),ROSENDO MATEU / ROSENDO MATEU NO 5 (MEDIUM),S400399,1,352.00,96.00
FATIMA,ROSENDO MATEU NO.06,ROSENDO MATEU / ROSENDO MATEU NO.06,,1,1650.00,451.00
FATIMA,ROSENDO MATEU NO.07,ROSENDO MATEU / ROSENDO MATEU NO.07,,1,1150.00,314.00
FATIMA,"SABAIK,SATCOO","SABAIK / SABAIK,SATCOO",,1,750.00,205.00
FATIMA,JANY,SORA DORA / JANY,PB504,1,650.00,177.00
FATIMA,SWEET TOOTH CHERRY BABY,SABRINA CARPENTER / SWEET TOOTH CHERRY BABY,S400240,1,455.00,124.00
FATIMA,SWEET TOOTH,SABRINA CARPENTER / SWEET TOOTH,S400473,1,450.00,123.00
FATIMA,SADAF TR,SADAF / SADAF TR,,1,475.00,130.00
FATIMA,SANDAL,SANDAL / SANDAL,,1,530.00,145.00
FATIMA,SANDAL TOP,SANDAL / SANDAL TOP,,1,750.00,205.00
FATIMA,SANDAL ROSE GR,SANDAL ROSE / SANDAL ROSE GR,,1,475.00,130.00
FATIMA,SANDALIYA SP,SANDALIYA / SANDALIYA SP,SN4009,1,550.00,150.00
FATIMA,SANDALIYA TOP,SANDALIYA / SANDALIYA TOP,SN4008,1,1050.00,287.00
FATIMA,CROCUS,SANTA EULAILA / CROCUS,,1,670.00,183.00
FATIMA,PEACH'S REVENGE,SARAH BAKER / PEACH'S REVENGE,,1,540.00,148.00
FATIMA,SCULPTURE GR,SCULPTURE / SCULPTURE GR,,1,475.00,130.00
FATIMA,SENSUAL,SENSUAL 1 / SENSUAL,,1,475.00,130.00
FATIMA,CHIC SHAIK NO.70,SHAIK / CHIC SHAIK NO.70,,1,970.00,265.00
FATIMA,SHAIK CLASSIC GOLD EDITION MEN,SHAIK / SHAIK CLASSIC GOLD EDITION MEN,,1,920.00,251.00
FATIMA,SHAIK NO 30,SHAIK / SHAIK NO 30,,1,810.00,221.00
FATIMA,"SHAIK NO,77 MEN TOP","SHAIK / SHAIK NO,77 MEN TOP",,1,530.00,145.00
FATIMA,"SHAIK NO,77 MEN (MEDIUM)","SHAIK / SHAIK NO,77 MEN (MEDIUM)",,1,475.00,130.00
FATIMA,SHEIKH 77 ENGLAND TOP,SHAIK / SHEIKH 77 ENGLAND TOP,,1,530.00,145.00
FATIMA,SHAIK OPULENT NO 33,SHAIK / SHAIK OPULENT NO 33,,1,550.00,150.00
FATIMA,SHAMAMA AMBER,SHAMAMA AMBER / SHAMAMA AMBER,,1,475.00,130.00
FATIMA,SHEIKH AL ARAB,SHEIKH AL ARAB / SHEIKH AL ARAB,,1,475.00,130.00
FATIMA,SHEIKH AL SHUYUKH TOP,SHEIKH AL SHUYUKH / SHEIKH AL SHUYUKH TOP,,1,590.00,161.00
FATIMA,SHEKH AL SYUK,SHEIKH AL SHUYUKH / SHEKH AL SYUK,,1,475.00,130.00
FATIMA,SHEIKHA,SHEIKHA / SHEIKHA,,1,475.00,130.00
FATIMA,SHEKH RASHID,SHEKH RASHID / SHEKH RASHID,,1,2180.00,596.00
FATIMA,EAU DE SOIR SISLEY,SISLEY / EAU DE SOIR SISLEY,,1,475.00,130.00
FATIMA,SO OUD,SO OUD / SO OUD,,1,475.00,130.00
FATIMA,BRAZILIAN CRUSH CHEIROSA 62,SOL DE JANEIRO / BRAZILIAN CRUSH CHEIROSA 62,S40103,1,400.00,109.00
FATIMA,CHEIROSA 59,SOL DE JANEIRO / CHEIROSA 59,PB511,1,650.00,178.00
FATIMA,CHEIROSA 40,SOL DE JANEIRO / CHEIROSA 40,PB512,1,650.00,178.00
FATIMA,RIO RADIANCE MIST,SOL DE JANEIRO / RIO RADIANCE MIST,PB513,1,700.00,191.00
FATIMA,CHEIROSA 48,SOL DE JANEIRO / CHEIROSA 48,PB514,1,650.00,178.00
FATIMA,CHEIROSA 87,SOL DE JANEIRO / CHEIROSA 87,PB515,1,450.00,130.00
FATIMA,DANCA MISTICA,SOL DE JANEIRO / DANCA MISTICA,PB516,1,550.00,150.00
FATIMA,FLOR MISTICA,SOL DE JANEIRO / FLOR MISTICA,PB517,1,500.00,137.00
FATIMA,SUMMER E AMOR,SOL DE JANEIRO / SUMMER E AMOR,PB518,1,475.00,130.00
FATIMA,CHEIROSA 39,SOL DE JANEIRO / CHEIROSA 39,PB519,1,475.00,130.00
FATIMA,CHEIROSA 76,SOL DE JANEIRO / CHEIROSA 76,PB520,1,550.00,150.00
FATIMA,CHEIROSA 71,SOL DE JANEIRO / CHEIROSA 71,PB530,1,475.00,130.00
FATIMA,ACCENTO TOP,SOSPIRO / ACCENTO TOP,,1,1300.00,355.00
FATIMA,CAVATINA SOSPIRO,SOSPIRO / CAVATINA SOSPIRO,IF-06,1,1700.00,464.00
FATIMA,ACCENTO SUPER,SOSPIRO / ACCENTO SUPER,,1,970.00,265.00
FATIMA,VIBRANNA,SOSPIRO / VIBRANNA,,1,550.00,150.00
FATIMA,ENSEMBLE,SOSPIRO / ENSEMBLE,,1,810.00,221.00
FATIMA,ERBA PURA TOP,SOSPIRO / ERBA PURA TOP,,1,1140.00,311.00
FATIMA,ERBA PURA SUPER,SOSPIRO / ERBA PURA SUPER,S40086,1,644.00,175.00
FATIMA,LAYLATI,SOSPIRO / LAYLATI,,1,1575.00,430.00
FATIMA,IL PADRINO,SOSPIRO / IL PADRINO,PB521,1,1050.00,286.00
FATIMA,MARASCHINO TOP,SOSPIRO / MARASCHINO TOP,PB522,1,1700.00,464.00
FATIMA,MUSE,SOSPIRO / MUSE,,1,860.00,235.00
FATIMA,OPERA,SOSPIRO / OPERA,,1,860.00,235.00
FATIMA,OUVERTURE,SOSPIRO / OUVERTURE,,1,750.00,205.00
FATIMA,VIBRATO TOP,SOSPIRO / VIBRATO TOP,S400420,1,730.00,199.00
FATIMA,ERBA PURA MAGICA,SOSPIRO / ERBA PURA MAGICA,,1,1300.00,355.00
FATIMA,PRIMA DONNA,SOSPIRO / PRIMA DONNA,,1,1100.00,301.00
FATIMA,FERRAGAMO EMOZIONE,SALVATORE / FERRAGAMO EMOZIONE,PB520,1,1050.00,286.00
FATIMA,SECOND WIFE,SECOND WIFE / SECOND WIFE,DL-4474,1,400.00,109.00
FATIMA,ROYAL EAGLE GOLD,STEFANO RICCI / ROYAL EAGLE GOLD,PB525,1,900.00,245.00
FATIMA,ROYAL EAGLE SPORT,STEFANO RICCI / ROYAL EAGLE SPORT,PB526,1,1050.00,286.00
FATIMA,DEAD OF KNIGHT,STRANGELOVE NYC / DEAD OF KNIGHT,PB521,1,1300.00,355.00
FATIMA,MORTAL SKIN,STEPHANE HUM LUCAS 777 / MORTAL SKIN,,1,810.00,221.00
FATIMA,SOLEIL DE JEDDAH,STEPHANE HUM LUCAS 777 / SOLEIL DE JEDDAH,,1,860.00,235.00
FATIMA,PINK BOA,STEPHANE HUMBERT LUCAS / PINK BOA,,1,970.00,265.00
FATIMA,THE QUEEN & THE VIPER TOP,STEPHANE HUMBERT LUCAS / THE QUEEN & THE VIPER TOP,S400121,1,950.00,260.00
FATIMA,LE 8,STEPHANE HUMBERT LUCAS / LE 8,PB528,1,1300.00,355.00
FATIMA,SEA MY LOVE TOP,STEPHANE HUMBERT LUCAS / SEA MY LOVE TOP,S400433,1,1460.00,398.00
FATIMA,SOLEIL DE JEDDAH MANGO KISS,STEPHANE HUMBERT LUCAS / SOLEIL DE JEDDAH MANGO KISS,PB530,1,1600.00,437.00
FATIMA,LADY WHITE SNAKE TOP,STEPHANE HUMBERT LUCAS 777 / LADY WHITE SNAKE TOP,,1,1250.00,342.00
FATIMA,GOD OF FIRE TOP,STEPHANE HUMBERT LUCAS 777 / GOD OF FIRE TOP,S400350,1,1250.00,342.00
FATIMA,SAND DANCE,STEPHANE HUMBERT LUCAS 777 / SAND DANCE,,1,1140.00,311.00
FATIMA,VENOM INCARNAT,STEPHANE HUMBERT LUCAS 777 / VENOM INCARNAT,,1,680.00,186.00
FATIMA,SUGAR BABY / SOFT,SUGAR BABY / SOFT / SUGAR BABY / SOFT,,1,475.00,130.00
FATIMA,SUHAILAH,SUHAILAH / SUHAILAH,,1,475.00,130.00
FATIMA,MUKALLAT SHU,SUHALAH / MUKALLAT SHU,,1,475.00,130.00
FATIMA,SULTAN BEST,SULTAN / SULTAN BEST,,1,590.00,161.00
FATIMA,ARAIS,SWISS ARABIAN / ARAIS,,1,475.00,130.00
FATIMA,SHAGHAF AMBER INFUSION,SWISS ARABIAN / SHAGHAF AMBER INFUSION,PB507,1,1000.00,273.00
FATIMA,SGAGHAF VANILLA TOFFEE,SWISS ARABIAN / SGAGHAF VANILLA TOFFEE,PB508,1,700.00,191.00
FATIMA,CHI CHI PINK SAPIL,SWISS ARABIAN / CHI CHI PINK SAPIL,,1,475.00,130.00
FATIMA,DUKHOON AL YAS,SWISS ARABIAN / DUKHOON AL YAS,,1,475.00,130.00
FATIMA,JANNATUL FIRDOUS,SWISS ARABIAN / JANNATUL FIRDOUS,,1,475.00,130.00
FATIMA,KASHKHA,SWISS ARABIAN / KASHKHA,S400159,1,550.00,150.00
FATIMA,LAYALI,SWISS ARABIAN / LAYALI,,1,475.00,130.00
FATIMA,MUKHALAT MALAKI,SWISS ARABIAN / MUKHALAT MALAKI,,1,530.00,145.00
FATIMA,MUKHALLAT ARAIS LUZI,SWISS ARABIAN / MUKHALLAT ARAIS LUZI,,1,475.00,130.00
FATIMA,NOORA,SWISS ARABIAN / NOORA,,1,475.00,130.00
FATIMA,NOORA LUZI,SWISS ARABIAN / NOORA LUZI,,1,475.00,130.00
FATIMA,OUD MANG,SWISS ARABIAN / OUD MANG,,1,475.00,130.00
FATIMA,RAKKAN TOP,SWISS ARABIAN / RAKKAN TOP,,1,590.00,161.00
FATIMA,RASHIKA,SWISS ARABIAN / RASHIKA,,1,475.00,130.00
FATIMA,SEHR AL SHEILA,SWISS ARABIAN / SEHR AL SHEILA,,1,510.00,139.00
FATIMA,SHUMOUKH AL GHUTRA,SWISS ARABIAN / SHUMOUKH AL GHUTRA,,1,510.00,139.00
FATIMA,SHAGHAF OUD AZRAK,SWISS ARABIAN / SHAGHAF OUD AZRAK,,1,780.00,213.00
FATIMA,MUSK 74,SWISS ARABIAN / MUSK 74,,1,550.00,150.00
FATIMA,CHERGUI,SERGE LUTENS / CHERGUI,PB510,1,1200.00,327.00
FATIMA,PUMPKINI,TAMBURINS / PUMPKINI,PB511,1,750.00,204.00
FATIMA,TALZI,TALZI / TALZI,,1,475.00,130.00
FATIMA,AIR DU DESERT MAROCAIN,TAUER PERFUMES / AIR DU DESERT MAROCAIN,,1,590.00,161.00
FATIMA,2 L AIR DU DESERT MAROCAIN TOP,TAUER PERFUMES / 2 L AIR DU DESERT MAROCAIN TOP,PB550,1,2100.00,573.00
FATIMA,TEA ROSE,TEA ROSE / TEA ROSE,,1,475.00,130.00
FATIMA,CULLINAN DIAMOND,THAMEEM / CULLINAN DIAMOND,,1,780.00,213.00
FATIMA,CARVED OUD,THAMEEN / CARVED OUD,,1,750.00,205.00
FATIMA,NOT TELLING,THAMEEN / NOT TELLING,PB532,1,1300.00,355.00
FATIMA,REGENT LEATHER,THAMEEN / REGENT LEATHER,,1,585.00,160.00
FATIMA,RIVIERE,THAMEEN / RIVIERE,,1,750.00,205.00
FATIMA,BLUE HEART,THAMEEN / BLUE HEART,,1,950.00,260.00
FATIMA,ROYAL SAPPHIRE,THAMEEN / ROYAL SAPPHIRE,S400106,1,660.00,180.00
FATIMA,BOUDICCA WODE,THE BEAUTIFUL M. SERIES / BOUDICCA WODE,,1,810.00,221.00
FATIMA,VOL 1 /INTELLIGENCE & FANTASY,THE BEAUTIFUL M. SERIES / VOL 1 /INTELLIGENCE & FANTASY,,1,970.00,265.00
FATIMA,VOLUME 2/ THE BEAUTIFUL MIND,THE BEAUTIFUL M. SERIES / VOLUME 2/ THE BEAUTIFUL MIND,,1,1740.00,475.00
FATIMA,BLACK MUSK,THE BODY SHOP / BLACK MUSK,S400143,1,550.00,150.00
FATIMA,MUSK TAHARA,THE BODY SHOP / MUSK TAHARA,,1,475.00,130.00
FATIMA,BONBON POP TOP,THE HOUSE OF OUD / BONBON POP TOP,IP-5781,1,1800.00,491.00
FATIMA,EMPATHY,THE HOUSE OF OUD / EMPATHY,,1,810.00,221.00
FATIMA,WIND HEAT,THE HOUSE OF OUD / WIND HEAT,,1,950.00,260.00
FATIMA,DUBAI OUD TOP,THE SPRIT OF DUBAI / DUBAI OUD TOP,IP-652,1,1200.00,327.00
FATIMA,MEYDAN TOP,THE SPRIT OF DUBAI / MEYDAN TOP,S40047,1,990.00,270.00
FATIMA,IMPERIAL EMERALD,THE MERCHANT OF VENICE / IMPERIAL EMERALD,,1,810.00,221.00
FATIMA,ALIEN PULP,THIERRY MUGLER / ALIEN PULP,IP-457,1,1150.00,314.00
FATIMA,ALLIEN WOMEN,THIERRY MUGLER / ALLIEN WOMEN,IP-4590,1,800.00,219.00
FATIMA,A*MEN FANTASM,THIERRY MUGLER / A*MEN FANTASM,23625-I,1,587.00,160.00
FATIMA,MUGLER A*MEN STELLAR,THIERRY MUGLER / MUGLER A*MEN STELLAR,PB556,1,1050.00,286.00
FATIMA,A MEN PURE HAVANE,THIERRY MUGLER / A MEN PURE HAVANE,PB557,1,1050.00,286.00
FATIMA,ALIEN EXTRAINTENSE 2025,THIERRY MUGLER / ALIEN EXTRAINTENSE 2025,PB558,1,1300.00,355.00
FATIMA,A* MEN PURE MALT,THIERRY MUGLER / A* MEN PURE MALT,PB559,1,1050.00,286.00
FATIMA,ALIEN FOR MAN,THIERRY MUGLER / ALIEN FOR MAN,,1,475.00,130.00
FATIMA,ANGEL MUSK,THIERRY MUGLER / ANGEL MUSK,,1,475.00,130.00
FATIMA,ANGEL,THIERRY MUGLER / ANGEL,S400387,1,700.00,191.00
FATIMA,ANGEL ELIXIR,THIERRY MUGLER / ANGEL ELIXIR,,1,475.00,130.00
FATIMA,NO.14 COZY MOOD,THOMAS KOSMALA / NO.14 COZY MOOD,,1,680.00,185.00
FATIMA,NO. 9 BUKHOOR TOP,THOMAS KOSMALA / NO. 9 BUKHOOR TOP,,1,2700.00,738.00
FATIMA,NO.09 BUKHOOR SUPER,THOMAS KOSMALA / NO.09 BUKHOOR SUPER,,1,1250.00,342.00
FATIMA,NO.09 BUKHOOR,THOMAS KOSMALA / NO.09 BUKHOOR,,1,475.00,130.00
FATIMA,"NO 4 APRES L"" AMOUR","THOMAS KOSMALA / NO 4 APRES L"" AMOUR",S400310,1,920.00,251.00
FATIMA,A NEVER ENDING LOVE,THOMAS KOSMALA / A NEVER ENDING LOVE,,1,1475.00,403.00
FATIMA,NO 4 NEON,THOMAS KOSMALA / NO 4 NEON,,1,1250.00,342.00
FATIMA,No 5 FRENESIE,THOMAS KOSMALA / No 5 FRENESIE,,1,600.00,164.00
FATIMA,NO.12 OUD DOUZE,THOMAS KOSMALA / NO.12 OUD DOUZE,,1,1340.00,366.00
FATIMA,TONIC BLANC NO 1,THOMAS KOSMALA / TONIC BLANC NO 1,,1,1310.00,358.00
FATIMA,OMICRON,TIZIANA TERENZI / OMICRON,PB825,1,1200.00,327.00
FATIMA,AFRODITE,TIZIANA TERENZI / AFRODITE,,1,730.00,199.00
FATIMA,ANDROMEDA TOP,TIZIANA TERENZI / ANDROMEDA TOP,S400311,1,950.00,260.00
FATIMA,PHIVELE,TIZIANA TERENZI / PHIVELE,PB40010,1,1050.00,286.00
FATIMA,CASANOVA,TIZIANA TERENZI / CASANOVA,,1,810.00,221.00
FATIMA,CASSIOPEA,TIZIANA TERENZI / CASSIOPEA,,1,475.00,130.00
FATIMA,TELEA,TIZIANA TERENZI / TELEA,PB570,1,1050.00,286.00
FATIMA,OSOLA,TIZIANA TERENZI / OSOLA,PB571,1,1050.00,286.00
FATIMA,ILBA,TIZIANA TERENZI / ILBA,PB472,1,650.00,177.00
FATIMA,NOTTEBUIA,TIZIANA TERENZI / NOTTEBUIA,PB473,1,900.00,245.00
FATIMA,URSA,TIZIANA TERENZI / URSA,PB474,1,1400.00,382.00
FATIMA,DRACO,TIZIANA TERENZI / DRACO,,1,860.00,235.00
FATIMA,KIRKE TOP,TIZIANA TERENZI / KIRKE TOP,S400330,1,1200.00,328.00
FATIMA,ORION,TIZIANA TERENZI / ORION,,1,1520.00,415.00
FATIMA,PORPORA,TIZIANA TERENZI / PORPORA,,1,1030.00,281.00
FATIMA,CUBIA,TIZIANA TERENZI / CUBIA,,1,640.00,175.00
FATIMA,MIRACH,TIZIANA TERENZI / MIRACH,,1,810.00,221.00
FATIMA,GUMIN,TIZIANA TERENZI / GUMIN,,1,1080.00,295.00
FATIMA,NERO OUDH,TIZIANA TERENZI / NERO OUDH,,1,1750.00,478.00
FATIMA,DELOX,TIZIANA TERENZI / DELOX,,1,1150.00,314.00
FATIMA,VITTORIALE 2022,TIZIANA TERENZI / VITTORIALE 2022,,1,1450.00,396.00
FATIMA,HALLEY,TIZIANA TERENZI / HALLEY,,1,1160.00,317.00
FATIMA,UXALPHA,TIZIANA TERENZI / UXALPHA,,1,1000.00,273.00
FATIMA,STRUO,TIZIANA TERENZI / STRUO,,1,540.00,148.00
FATIMA,KIRKE OVERDOSE TOP,TIZIANA TERENZI / KIRKE OVERDOSE TOP,,1,1650.00,451.00
FATIMA,FIGUE EROTIQUE TOP,TOM FORD / FIGUE EROTIQUE TOP,S400461,1,1470.00,401.00
FATIMA,NOIR EXTREME PARFUM,TOM FORD / NOIR EXTREME PARFUM,,1,1250.00,342.00
FATIMA,BLACK LACQUER PRIVE BLEND TOP,TOM FORD / BLACK LACQUER PRIVE BLEND TOP,,1,1320.00,361.00
FATIMA,EAU D OMBRE LEATHER TOP,TOM FORD / EAU D OMBRE LEATHER TOP,,1,750.00,205.00
FATIMA,BLACK LACQUEUR,TOM FORD / BLACK LACQUEUR,,1,1300.00,355.00
FATIMA,EAU D OMBRE LEATHER,TOM FORD / EAU D OMBRE LEATHER,,1,550.00,150.00
FATIMA,OMBER LEATHER 2018 TOP,TOMFORD / OMBER LEATHER 2018 TOP,S40064,1,810.00,221.00
FATIMA,LOST CHERRY TOP,TOMFORD / LOST CHERRY TOP,S400359,1,750.00,205.00
FATIMA,LOST CHERRY SUPER,TOMFORD / LOST CHERRY SUPER,S400392,1,400.00,109.00
FATIMA,BLACK ORCHID,TOMFORD / BLACK ORCHID,S400278,1,680.00,186.00
FATIMA,F FABULOUS TOP,TOMFORD / F FABULOUS TOP,S400158,1,860.00,235.00
FATIMA,METALLIQUE,TOMFORD / METALLIQUE,,1,475.00,130.00
FATIMA,NEROLI PROTOFINO,TOMFORD / NEROLI PROTOFINO,,1,590.00,161.00
FATIMA,NOIR ANTHRACITE,TOMFORD / NOIR ANTHRACITE,,1,475.00,130.00
FATIMA,NOIR EXTREME TOP,TOMFORD / NOIR EXTREME TOP,S400340,1,900.00,246.00
FATIMA,OUD MINERALE,TOMFORD / OUD MINERALE,,1,475.00,130.00
FATIMA,OUD WOOD INTENSE,TOMFORD / OUD WOOD INTENSE,,1,590.00,161.00
FATIMA,SOLEIL BLANC TOP,TOMFORD / SOLEIL BLANC TOP,S400363,1,1100.00,301.00
FATIMA,EAU DE SOLEIL BLANC 2025,TOMFORD / EAU DE SOLEIL BLANC 2025,PB580,1,750.00,205.00
FATIMA,VANILLA FATALE 2024 TOP,TOMFORD / VANILLA FATALE 2024 TOP,PB581,1,1700.00,464.00
FATIMA,PLUM JAPONISH,TOMFORD / PLUM JAPONISH,PB582,1,1250.00,341.00
FATIMA,NOIR DE NOIR TOP,TOMFORD / NOIR DE NOIR TOP,PB583,1,1300.00,355.00
FATIMA,SOLEIL NEIGE,TOMFORD / SOLEIL NEIGE,PB584,1,1200.00,327.00
FATIMA,FOUGREE D ARGENT TOP,TOMFORD / FOUGREE D ARGENT TOP,S400212,1,1200.00,327.00
FATIMA,JASMINE ROUGE TOP,TOMFORD / JASMINE ROUGE TOP,PB586,1,1700.00,464.00
FATIMA,AMBER ABSOLUTE TOP,TOMFORD / AMBER ABSOLUTE TOP,PB587,1,1200.00,327.00
FATIMA,WHITE SUEDE TOP,TOMFORD / WHITE SUEDE TOP,IP475,1,1100.00,301.00
FATIMA,SOLEIL DE FEU TOP,TOMFORD / SOLEIL DE FEU TOP,PB589,1,1700.00,464.00
FATIMA,ROSE DE RUSSIE,TOMFORD / ROSE DE RUSSIE,PB591,1,1700.00,464.00
FATIMA,NEROLI PROTOFINO TOP,TOMFORD / NEROLI PROTOFINO TOP,PB592,1,1400.00,382.00
FATIMA,CAFE ROSE TOP,TOMFORD / CAFE ROSE TOP,PB593,1,1200.00,327.00
FATIMA,SANTAL BLUSH TOP,TOMFORD / SANTAL BLUSH TOP,PB594,1,1400.00,382.00
FATIMA,TOBACCO OUD TOP,TOMFORD / TOBACCO OUD TOP,,1,900.00,246.00
FATIMA,TOVACCO VANILLAH TOP,TOMFORD / TOVACCO VANILLAH TOP,,1,750.00,205.00
FATIMA,TOMFORD NOIR TOP,TOMFORD / TOMFORD NOIR TOP,,1,1050.00,286.00
FATIMA,TOMFORD NOIR,TOMFORD / TOMFORD NOIR,,1,475.00,130.00
FATIMA,TUSCAN LEATHER TOP,TOMFORD / TUSCAN LEATHER TOP,,1,810.00,221.00
FATIMA,TUSCAN LEATHER (MEDIUM),TOMFORD / TUSCAN LEATHER (MEDIUM),S400395,1,300.00,82.00
FATIMA,VANILLE FATALE,TOMFORD / VANILLE FATALE,,1,700.00,191.00
FATIMA,VELVET ORCHID,TOMFORD / VELVET ORCHID,,1,590.00,161.00
FATIMA,VENETIAN BERGAMOT,TOMFORD / VENETIAN BERGAMOT,,1,810.00,221.00
FATIMA,WOOD OUD TOP,TOMFORD / WOOD OUD TOP,S400305,1,1200.00,328.00
FATIMA,WOOD OUD SP,TOMFORD / WOOD OUD SP,S400394,1,350.00,96.00
FATIMA,BLACK ORCHID PARFUM,TOMFORD / BLACK ORCHID PARFUM,,1,1140.00,311.00
FATIMA,BITTER PEACH (MEDIUM),TOMFORD / BITTER PEACH (MEDIUM),,1,620.00,169.00
FATIMA,GREY VETIVER,TOMFORD / GREY VETIVER,,1,475.00,130.00
FATIMA,ROSE PRICK,TOMFORD / ROSE PRICK,,1,810.00,221.00
FATIMA,TUBEREUSE NUE,TOMFORD / TUBEREUSE NUE,,1,810.00,221.00
FATIMA,BEAU DE JOUR,TOMFORD / BEAU DE JOUR,,1,1080.00,295.00
FATIMA,SOLEIL BRULANT,TOMFORD / SOLEIL BRULANT,,1,1080.00,295.00
FATIMA,LAVENDER EXTREME,TOMFORD / LAVENDER EXTREME,,1,860.00,235.00
FATIMA,COSTA AZZURRA,TOMFORD / COSTA AZZURRA,S400314,1,810.00,221.00
FATIMA,EBENE FUME,TOMFORD / EBENE FUME,,1,1200.00,328.00
FATIMA,OMBRE LEATHER PARFUM,TOMFORD / OMBRE LEATHER PARFUM,,1,970.00,265.00
FATIMA,ROSE D'AMALFI,TOMFORD / ROSE D'AMALFI,,1,1300.00,355.00
FATIMA,ROSE DE CHINE,TOMFORD / ROSE DE CHINE,,1,1750.00,478.00
FATIMA,ROSE DE RUSSIE,TOMFORD / ROSE DE RUSSIE,,1,1080.00,295.00
FATIMA,METALLIQUE,TOMFORD / METALLIQUE,,1,900.00,246.00
FATIMA,CAFÉ ROSE,TOMFORD / CAFÉ ROSE,,1,640.00,175.00
FATIMA,VANILLA SEX TOP,TOMFORD / VANILLA SEX TOP,S400472,1,1100.00,301.00
FATIMA,MYRRHE MYSTERE,TOMFORD / MYRRHE MYSTERE,,1,1450.00,396.00
FATIMA,BOIS PACIFIQUE,TOMFORD / BOIS PACIFIQUE,,1,1040.00,284.00
FATIMA,ROSE EXPOSED,TOMFORD / ROSE EXPOSED,,1,700.00,191.00
FATIMA,OUD VOYAGER,TOMFORD / OUD VOYAGER,,1,1430.00,391.00
FATIMA,BLACK ORCHID RESERVE,TOMFORD / BLACK ORCHID RESERVE,,1,1330.00,363.00
FATIMA,CHERRY SMOKE TOP,TOMFORD / CHERRY SMOKE TOP,,1,950.00,260.00
FATIMA,CHERRY SMOKE (MEDIUM),TOMFORD / CHERRY SMOKE (MEDIUM),,1,475.00,130.00
FATIMA,ELECTRIC CHERRY TOP,TOMFORD / ELECTRIC CHERRY TOP,,1,1020.00,279.00
FATIMA,VANILLE FATALE 2024,TOMFORD / VANILLE FATALE 2024,,1,850.00,232.00
FATIMA,AMBER INTRIGUE TOP,TOMFORD / AMBER INTRIGUE TOP,,1,930.00,254.00
FATIMA,BITTER PEACH TOP,TOMFORD / BITTER PEACH TOP,,1,860.00,235.00
FATIMA,IMPACT TOGETHER,TOMMY HILFIGER / IMPACT TOGETHER,,1,600.00,164.00
FATIMA,TOT NIKKAR,TOT NIKKAR / TOT NIKKAR,,1,475.00,130.00
FATIMA,VINEGIA 21,THE MERCHANT OF / VINEGIA 21,PB555,1,1300.00,355.00
FATIMA,SEXY 9 BLACKBERRY & VANILLA MUSK,TRISH MC EVOY / SEXY 9 BLACKBERRY & VANILLA MUSK,,1,860.00,235.00
FATIMA,I VICOLI VIA FLORI CHIARI,TRUSSARDI / I VICOLI VIA FLORI CHIARI,,1,700.00,191.00
FATIMA,APERITIVO MILANESE PORTA NUOVA,TRUSSARDI / APERITIVO MILANESE PORTA NUOVA,,1,800.00,219.00
FATIMA,TRUSSARDI DONNA,TRUSSARDI / TRUSSARDI DONNA,,1,670.00,183.00
FATIMA,TURAB AL DAHAB,TURAB AL DAHAB / TURAB AL DAHAB,,1,475.00,130.00
FATIMA,ZENGI,UNIQUE'E LUXURY / ZENGI,PB600,1,1600.00,437.00
FATIMA,KUTAY TOP,UNIQUE'E LUXURY / KUTAY TOP,,1,1300.00,355.00
FATIMA,CRUSH ON ME,UNIQUE'E LUXURY / CRUSH ON ME,,1,2300.00,628.00
FATIMA,CHIMLIKA,VILHELM / CHIMLIKA,PB601,1,1050.00,286.00
FATIMA,SOGNO IN ROSSO,VALENTINO / SOGNO IN ROSSO,PB45,1,1050.00,286.00
FATIMA,ROCKSTUD NOIR,VALENTINO / ROCKSTUD NOIR,PB46,1,1050.00,286.00
FATIMA,UOMO BORN IN ROMA EXTRADOSE,VALENTINO / UOMO BORN IN ROMA EXTRADOSE,PB47,1,1200.00,327.00
FATIMA,DONNA BORN IN ROMA EXTRADOSE TOP,VALENTINO / DONNA BORN IN ROMA EXTRADOSE TOP,S400437,1,1000.00,273.00
FATIMA,DONNA BORN IN ROMA EXTRADOSE,VALENTINO / DONNA BORN IN ROMA EXTRADOSE,S400494,1,850.00,232.00
FATIMA,UOMO BORN IN ROMA CORAL FANTASY,VALENTINO / UOMO BORN IN ROMA CORAL FANTASY,PB498,1,1050.00,286.00
FATIMA,DONNA BORN IN ROMA CORAL FANTASY,VALENTINO / DONNA BORN IN ROMA CORAL FANTASY,S40093,1,610.00,166.00
FATIMA,DONNA BORN IN ROMA THE GOLD,VALENTINO / DONNA BORN IN ROMA THE GOLD,PB49,1,1050.00,286.00
FATIMA,UOMO BORN IN ROMA THE GOLD,VALENTINO / UOMO BORN IN ROMA THE GOLD,S400440,1,1100.00,301.00
FATIMA,DONNA BORN IN ROMA GREEN STRAVAGANZA,VALENTINO / DONNA BORN IN ROMA GREEN STRAVAGANZA,PB51,1,1100.00,301.00
FATIMA,UOMO BORN IN ROMA GREEN STRAVAGANZA,VALENTINO / UOMO BORN IN ROMA GREEN STRAVAGANZA,PB52,1,1100.00,301.00
FATIMA,VALENTINA 2025,VALENTINO / VALENTINA 2025,PB5301,1,1200.00,327.00
FATIMA,UOMO BORN IN ROMA FOR MAN,VALENTINO / UOMO BORN IN ROMA FOR MAN,IP-0167,1,1100.00,301.00
FATIMA,DONNA BORN IN ROMA WOMAN,VALENTINO / DONNA BORN IN ROMA WOMAN,S400275,1,700.00,191.00
FATIMA,DONNA BORN IN ROMA INTENSE,VALENTINO / DONNA BORN IN ROMA INTENSE,IP-458,1,1100.00,301.00
FATIMA,UOMO BORN IN ROMA INTENSE,VALENTINO / UOMO BORN IN ROMA INTENSE,IP-459,1,1050.00,286.00
FATIMA,DONNA BORN IN ROMA IVORY,VALENTINO / DONNA BORN IN ROMA IVORY,S400120,1,650.00,178.00
FATIMA,UOMO BORN IN ROMA IVORY,VALENTINO / UOMO BORN IN ROMA IVORY,S400199,1,840.00,229.00
FATIMA,L'INNOCENCE DE L'AIR,VALENTINO / L'INNOCENCE DE L'AIR,,1,930.00,254.00
FATIMA,VALENTINO UOMO BORN IN ROMA YELLOW DREAM,VALENTINO / VALENTINO UOMO BORN IN ROMA YELLOW DREAM,S400459,1,750.00,205.00
FATIMA,VALENTINO UOMO BORN IN ROMA PURPLE MELANCHOLIA,VALENTINO / VALENTINO UOMO BORN IN ROMA PURPLE MELANCHOLIA,,1,1050.00,286.00
FATIMA,VALENTINO DONNA BORN IN ROMA PURPLE MELANCHOLIA,VALENTINO / VALENTINO DONNA BORN IN ROMA PURPLE MELANCHOLIA,S400124,1,700.00,191.00
FATIMA,COLLECTION EXTRAORDINAIRE ORCHIDEE VANILLE,VAN CLEEF & ARPELS / COLLECTION EXTRAORDINAIRE ORCHIDEE VANILLE,,1,710.00,194.00
FATIMA,MOONLIGHT PATCHOULI,VAN CLEEF & ARPELS / MOONLIGHT PATCHOULI,,1,620.00,169.00
FATIMA,POUR HOMME 2025 TOP,VAN CLEEF & ARPELS / POUR HOMME 2025 TOP,PB603,1,1050.00,286.00
FATIMA,MOONLIGHT CHERRY,VAN CLEEF & ARPELS / MOONLIGHT CHERRY,PB604,1,1500.00,409.00
FATIMA,BOIS D AMANDE,VAN CLEEF & ARPELS / BOIS D AMANDE,PB604,1,1050.00,286.00
FATIMA,ROSE ROUGE,VAN CLEEF & ARPELS / ROSE ROUGE,,1,810.00,221.00
FATIMA,SANTAL BLANC,VAN CLEEF & ARPELS / SANTAL BLANC,,1,750.00,205.00
FATIMA,REVE DE CASHMERE,VAN CLEEF & ARPELS / REVE DE CASHMERE,,1,1080.00,295.00
FATIMA,DYLAN BLUE POUR FEMME,VERSACE / DYLAN BLUE POUR FEMME,,1,475.00,130.00
FATIMA,VERSACE CRYSTAL BLACK,VERSACE / VERSACE CRYSTAL BLACK,,1,606.00,165.00
FATIMA,CRYSTAL EMERALD,VERSACE / CRYSTAL EMERALD,PB4578,1,1050.00,286.00
FATIMA,VERSACE POUR HOMME,VERSACE / VERSACE POUR HOMME,S400286,1,520.00,142.00
FATIMA,DYLAN BLUE POUR HOMME,VERSACE / DYLAN BLUE POUR HOMME,,1,475.00,130.00
FATIMA,EROS FLAME,VERSACE / EROS FLAME,,1,860.00,235.00
FATIMA,EROS MAN TOP,VERSACE / EROS MAN TOP,S400315,1,900.00,246.00
FATIMA,BRIGHT CRYSTAL TOP,VERSACE / BRIGHT CRYSTAL TOP,S400334,1,500.00,137.00
FATIMA,CRYSTAL NOIR TOP,VERSACE / CRYSTAL NOIR TOP,S400293,1,700.00,191.00
FATIMA,MAN EAU FRAÎCHE TOP,VERSACE / MAN EAU FRAÎCHE TOP,,1,590.00,161.00
FATIMA,MAN EAU FRAICHE EXTREME,VERSACE / MAN EAU FRAICHE EXTREME,PB-601,1,1050.00,286.00
FATIMA,GINGEMBRE PETILANT,VERSACE / GINGEMBRE PETILANT,PB0601,1,1050.00,286.00
FATIMA,VANILLA ROUGE,VERSACE / VANILLA ROUGE,PB0602,1,1200.00,327.00
FATIMA,VERSACE YELLOW DIAMOND,VERSACE / VERSACE YELLOW DIAMOND,PB0603,1,500.00,137.00
FATIMA,VERSACE VANITAS,VERSACE / VERSACE VANITAS,,1,475.00,130.00
FATIMA,VERSACE EROS EA DE PARFUM,VERSACE / VERSACE EROS EA DE PARFUM,,1,810.00,221.00
FATIMA,D.TURQUOISE VERSACE POUR FEMME,VERSACE / D.TURQUOISE VERSACE POUR FEMME,,1,475.00,130.00
FATIMA,SAFRAN ROYAL,VERSACE / SAFRAN ROYAL,,1,475.00,130.00
FATIMA,EROS ENERGY,VERSACE / EROS ENERGY,,1,550.00,150.00
FATIMA,CRYSTAL NOIR PARFUM,VERSACE / CRYSTAL NOIR PARFUM,,1,500.00,137.00
FATIMA,EROS NAJIM,VERSACE / EROS NAJIM,,1,830.00,227.00
FATIMA,VERSENCE VERSACE,VERSACE / VERSENCE VERSACE,,1,720.00,197.00
FATIMA,VERSACE POUR FEMME DYLAN PURPLE,VERSACE / VERSACE POUR FEMME DYLAN PURPLE,S400182,1,610.00,167.00
FATIMA,VERSACE POUR FEMME DYLAN BLUSH PINK,VERSACE / VERSACE POUR FEMME DYLAN BLUSH PINK,S400512,1,600.00,164.00
FATIMA,DYLAN BLUE POUR FEMME,VERSACE / DYLAN BLUE POUR FEMME,,1,750.00,205.00
FATIMA,SOLE PATCHOULI,VERTUS / SOLE PATCHOULI,,1,1950.00,533.00
FATIMA,NARCOSIS,VERTUS / NARCOSIS,,1,1190.00,325.00
FATIMA,SPICEBOMB,VICTOR & ROLF / SPICEBOMB,S40053,1,440.00,120.00
FATIMA,FLOWERBOMB,VICTOR & ROLF / FLOWERBOMB,S400132,1,400.00,109.00
FATIMA,FLOWERBOMB MIDNIGHT,VICTOR & ROLF / FLOWERBOMB MIDNIGHT,,1,475.00,130.00
FATIMA,FLOWERBOMB PRETTY PEONY,VICTOR & ROLF / FLOWERBOMB PRETTY PEONY,PB0604,1,1050.00,286.00
FATIMA,SPICEBOMB METALIC MUSK,VICTOR & ROLF / SPICEBOMB METALIC MUSK,PB0605,1,1050.00,286.00
FATIMA,FLOWERBOMB EXTREME 2025,VICTOR & ROLF / FLOWERBOMB EXTREME 2025,PB0606,1,1050.00,286.00
FATIMA,SPICEBOMB DARK LEATHER,VICTOR & ROLF / SPICEBOMB DARK LEATHER,PB0607,1,1300.00,355.00
FATIMA,SPICEBOMB EXTREAM TOP,VICTOR & ROLF / SPICEBOMB EXTREAM TOP,PB 0608,1,1100.00,301.00
FATIMA,FLOWERBOMB NECTAR,VICTOR & ROLF / FLOWERBOMB NECTAR,,1,475.00,130.00
FATIMA,FLOWERBOMB RUBY ORCHID WOMEN,VICTOR & ROLF / FLOWERBOMB RUBY ORCHID WOMEN,,1,590.00,161.00
FATIMA,BOMBSHELL HOLIDAY,VICTORIA SECRET / BOMBSHELL HOLIDAY,,1,475.00,130.00
FATIMA,EAU SO SEXY EAU DE PARFUM,VICTORIA SECRET / EAU SO SEXY EAU DE PARFUM,,1,670.00,183.00
FATIMA,EAU SO SEXY VICTORIA,VICTORIA SECRET / EAU SO SEXY VICTORIA,,1,475.00,130.00
FATIMA,HARDCORE ROSE,VICTORIA SECRET / HARDCORE ROSE,,1,620.00,169.00
FATIMA,JUST A KISS,VICTORIA SECRET / JUST A KISS,,1,530.00,145.00
FATIMA,MANGO TEMPTATION,VICTORIA SECRET / MANGO TEMPTATION,,1,475.00,130.00
FATIMA,TEMPTATION,VICTORIA SECRET / TEMPTATION,,1,475.00,130.00
FATIMA,VERY SEXY NOW,VICTORIA SECRET / VERY SEXY NOW,,1,475.00,130.00
FATIMA,VICTORIA'S SECRET PARIS,VICTORIA SECRET / VICTORIA'S SECRET PARIS,,1,475.00,130.00
FATIMA,BOMBSHELL TOP,VICTORIA SECRET / BOMBSHELL TOP,S400319,1,480.00,131.00
FATIMA,SCANDALOUS,VICTORIA SECRET / SCANDALOUS,,1,590.00,161.00
FATIMA,BOMBSHELL GOLD,VICTORIA SECRET / BOMBSHELL GOLD,,1,810.00,221.00
FATIMA,ANGEL GOLD,VICTORIA SECRET / ANGEL GOLD,,1,475.00,130.00
FATIMA,BOMBSHELL OUD,VICTORIA SECRET / BOMBSHELL OUD,,1,530.00,145.00
FATIMA,VICTORIA'S SECRET BOMBSHELL OUD,VICTORIA SECRET / VICTORIA'S SECRET BOMBSHELL OUD,,1,750.00,205.00
FATIMA,BOMBSHELL PASSION,VICTORIA SECRET / BOMBSHELL PASSION,,1,530.00,145.00
FATIMA,TEASE CREME CLOUD,VICTORIA SECRET / TEASE CREME CLOUD,,1,475.00,130.00
FATIMA,CANDY BABY WOMEN,VICTORIA SECRET / CANDY BABY WOMEN,,1,475.00,130.00
FATIMA,BOMBSHELL MAGIC,VICTORIA SECRET / BOMBSHELL MAGIC,,1,850.00,232.00
FATIMA,TEASE SUGAR FLEUR,VICTORIA SECRET / TEASE SUGAR FLEUR,,1,475.00,130.00
FATIMA,TEASE COCOA SOIREE,VICTORIA SECRET / TEASE COCOA SOIREE,,1,1120.00,306.00
FATIMA,VARY SEXY OASIS,VICTORIA SECRET / VARY SEXY OASIS,,1,750.00,205.00
FATIMA,VERY SEXY NIGHT,VICTORIA SECRET / VERY SEXY NIGHT,PB0610,1,900.00,245.00
FATIMA,XO,VICTORIA SECRET / XO,PB0611,1,700.00,191.00
FATIMA,CEDAR BREEZE,VICTORIA SECRET / CEDAR BREEZE,PB0612,1,550.00,150.00
FATIMA,PURE SEDUCTION CASHMERE,VICTORIA SECRET / PURE SEDUCTION CASHMERE,PB0512,1,475.00,130.00
FATIMA,EAU SO SEXY TOP,VICTORIA SECRET / EAU SO SEXY TOP,PB0613,1,500.00,137.00
FATIMA,VERY SEXY,VICTORIA SECRET / VERY SEXY,PB0614,1,475.00,130.00
FATIMA,PINK BY PINK,VICTORIA SECRET / PINK BY PINK,,1,650.00,178.00
FATIMA,LOVE IS HEAVENLY (2016),VICTORIA SECRET / LOVE IS HEAVENLY (2016),,1,475.00,130.00
FATIMA,TEASE CANDY NOIR,VICTORIA SECRET / TEASE CANDY NOIR,,1,600.00,164.00
FATIMA,BARE VANILLA,VICTORIA SECRET / BARE VANILLA,,1,500.00,137.00
FATIMA,BOMSHEEL CELEBRATION,VICTORIA SECRET / BOMSHEEL CELEBRATION,,1,550.00,150.00
FATIMA,INTENSE,VICTORIA SECRET / INTENSE,,1,450.00,123.00
FATIMA,BARE VANILLA,VICTORIA'S SECRET / BARE VANILLA,,1,475.00,130.00
FATIMA,MOON CARNIVAL,VILHELAM PERFUMERIE / MOON CARNIVAL,,1,900.00,246.00
FATIMA,MANGO SKIN,VILHELM PARFUMERIE / MANGO SKIN,S400109,1,640.00,175.00
FATIMA,DEAR POLLY,VILHELM PARFUMERIE / DEAR POLLY,,1,475.00,130.00
FATIMA,MORNING CHEES,VILHELM PARFUMERIE / MORNING CHEES,,1,1140.00,311.00
FATIMA,PURPLE FIG,VILHELM PARFUMERIE / PURPLE FIG,,1,1050.00,287.00
FATIMA,WARD,WARD / WARD,,1,475.00,130.00
FATIMA,WARD ISPARTA,WARD / WARD ISPARTA,,1,2950.00,806.00
FATIMA,WHITE OUD TOP,WHITE OUD / WHITE OUD TOP,S40024,1,440.00,120.00
FATIMA,WHITE AMBER TOP,WHITE AMBER / WHITE AMBER TOP,,1,1520.00,415.00
FATIMA,WHITE AMBERY SUPER LZ,WHITE AMBER / WHITE AMBERY SUPER LZ,,1,1245.00,340.00
FATIMA,WHITE AMBER M,WHITE AMBER / WHITE AMBER M,,1,750.00,205.00
FATIMA,WHITE ROSE,WHITE ROSE / WHITE ROSE,,1,420.00,115.00
FATIMA,NEW YORK,WIDIAN / NEW YORK,PB6018,1,1700.00,464.00
FATIMA,SAMAR,WIDIAN / SAMAR,PB6019,1,1200.00,327.00
FATIMA,LONDON,WIDIAN / LONDON,PB6020,1,1500.00,409.00
FATIMA,HILI,WIDIAN / HILI,PB6021,1,650.00,178.00
FATIMA,LIMITED 71 EXTREME TOP TOP,WIDIAN / LIMITED 71 EXTREME TOP TOP,,1,2400.00,656.00
FATIMA,DURAN DURAN BLACK MOONLIGHT,XERJOFF / DURAN DURAN BLACK MOONLIGHT,PB864,1,1050.00,286.00
FATIMA,SYMPHONIUM TOP,XERJOFF / SYMPHONIUM TOP,IP-584,1,1150.00,314.00
FATIMA,LOUIS XV 1722 ROSÉ,XERJOFF / LOUIS XV 1722 ROSÉ,PB9848,1,900.00,245.00
FATIMA,ESQUEL TOP,XERJOFF / ESQUEL TOP,IP-0132,1,491.00,1800.00
FATIMA,NIO TOP,XERJOFF / NIO TOP,IP470,1,1400.00,382.00
FATIMA,PURPLE ACCENTO,XERJOFF / PURPLE ACCENTO,S400384,1,780.00,213.00
FATIMA,40 KNOTS,XERJOFF / 40 KNOTS,,1,750.00,205.00
FATIMA,ALEXANDRIA II TOP,XERJOFF / ALEXANDRIA II TOP,S400376,1,850.00,232.00
FATIMA,ALEXANDRIA III,XERJOFF / ALEXANDRIA III,PB6032,1,1050.00,286.00
FATIMA,CASAMORATI 1888 DAMA BIANCA,XERJOFF / CASAMORATI 1888 DAMA BIANCA,IP5475,1,1200.00,327.00
FATIMA,ALEXANDRIA ORIENTALE,XERJOFF / ALEXANDRIA ORIENTALE,,1,810.00,221.00
FATIMA,AMBER GOLD,XERJOFF / AMBER GOLD,,1,810.00,221.00
FATIMA,AMBER STAR,XERJOFF / AMBER STAR,,1,750.00,205.00
FATIMA,ERBA GOLD,XERJOFF / ERBA GOLD,,1,970.00,265.00
FATIMA,GOLDEN DALLAH,XERJOFF / GOLDEN DALLAH,,1,1190.00,325.00
FATIMA,GRAN BALLO,XERJOFF / GRAN BALLO,,1,640.00,175.00
FATIMA,MORE THAN WORDS,XERJOFF / MORE THAN WORDS,,1,860.00,235.00
FATIMA,ROSE GOLD,XERJOFF / ROSE GOLD,,1,750.00,205.00
FATIMA,UDEN,XERJOFF / UDEN,,1,700.00,191.00
FATIMA,CASAMORATI 1888 MEFISTO TOP,XERJOFF / CASAMORATI 1888 MEFISTO TOP,,1,700.00,191.00
FATIMA,ERBA PURA TOP,XERJOFF / ERBA PURA TOP,S400238,1,950.00,260.00
FATIMA,MEFISTO GENTILUOMO,XERJOFF / MEFISTO GENTILUOMO,,1,750.00,205.00
FATIMA,CORALLO,XERJOFF / CORALLO,,1,590.00,161.00
FATIMA,XJ 1861 NAXOS,XERJOFF / XJ 1861 NAXOS,S40085,1,700.00,191.00
FATIMA,1 PARFUME,XERJOFF / 1 PARFUME,PB6030,1,1050.00,286.00
FATIMA,2 PARFUME,XERJOFF / 2 PARFUME,PB6031,1,1300.00,355.00
FATIMA,NEWCLEUS 2024,XERJOFF / NEWCLEUS 2024,PB6032,1,1200.00,327.00
FATIMA,ITALICA,XERJOFF / ITALICA,PB0633,1,1300.00,355.00
FATIMA,ELIXIR PERFUME EXTRAIT,XERJOFF / ELIXIR PERFUME EXTRAIT,PB0634,1,1500.00,409.00
FATIMA,QUATTRO PIZZI TOP TOP,XERJOFF / QUATTRO PIZZI TOP TOP,PB0635,1,1700.00,464.00
FATIMA,RICHWOOD TOP,XERJOFF / RICHWOOD TOP,PB0536,1,1200.00,327.00
FATIMA,TONNY LOMMI DEIFIED PARFUM,XERJOFF / TONNY LOMMI DEIFIED PARFUM,PB0537,1,1200.00,327.00
FATIMA,LIRA,XERJOFF / LIRA,PB0538,1,750.00,204.00
FATIMA,LA TOSCA,XERJOFF / LA TOSCA,PB0539,1,1300.00,355.00
FATIMA,LA CAPITALE,XERJOFF / LA CAPITALE,PB0540,1,1100.00,301.00
FATIMA,TONY LOMMI MONKEY SPECIAL TOP,XERJOFF / TONY LOMMI MONKEY SPECIAL TOP,PB356,1,1200.00,328.00
FATIMA,TORINO 21 TOP,XERJOFF / TORINO 21 TOP,S400527,1,700.00,191.00
FATIMA,TORINO 22 TOP,XERJOFF / TORINO 22 TOP,S400349,1,950.00,260.00
FATIMA,TORINO 23 TOP,XERJOFF / TORINO 23 TOP,PB0541,1,1050.00,286.00
FATIMA,TORINO 24,XERJOFF / TORINO 24,,1,990.00,270.00
FATIMA,TORINO 25,XERJOFF / TORINO 25,S400117,1,700.00,191.00
FATIMA,LEVAR DEL SOLE,XERJOFF / LEVAR DEL SOLE,,1,600.00,164.00
FATIMA,DURAN DURAN BLACK MOONLIGHT,XERJOFF / DURAN DURAN BLACK MOONLIGHT,,1,950.00,260.00
FATIMA,CORO,XERJOFF / CORO,,1,730.00,199.00
FATIMA,ERBA GOLD NO,XERJOFF / ERBA GOLD NO,,1,760.00,208.00
FATIMA,GOETHEPLATZ,XERJOFF / GOETHEPLATZ,,1,940.00,257.00
FATIMA,LIBRE BERRY CRUSH,YSL / LIBRE BERRY CRUSH,S400112,1,650.00,178.00
FATIMA,L HOMME,YSL / L HOMME,IP-540,1,700.00,191.00
FATIMA,BABYCAT RAW BOURBON,YSL / BABYCAT RAW BOURBON,PB957,1,1200.00,327.00
FATIMA,BABY DOLL,YSL / BABY DOLL,,1,475.00,130.00
FATIMA,LA NUIT DE L'HOMME,YSL / LA NUIT DE L'HOMME,S400252,1,580.00,158.00
FATIMA,Y ICED COLONGE TOP,YSL / Y ICED COLONGE TOP,S400493,1,800.00,218.00
FATIMA,BLOUSE IMPERTINENT ROSE,YSL / BLOUSE IMPERTINENT ROSE,PB0701,1,1400.00,382.00
FATIMA,MUSE INSPIRING INK,YSL / MUSE INSPIRING INK,PB0702,1,1200.00,327.00
FATIMA,LIBRE L EAU NUE,YSL / LIBRE L EAU NUE,PB0703,1,1200.00,327.00
FATIMA,MYSELF L ABSOLU,YSL / MYSELF L ABSOLU,PB0704,1,1050.00,286.00
FATIMA,MUSE,YSL / MUSE,PB0705,1,1200.00,327.00
FATIMA,37 RUE DE BELLECHASSE,YSL / 37 RUE DE BELLECHASSE,PB0706,1,1050.00,286.00
FATIMA,GAUCHE,YSL / GAUCHE,PB0707,1,1050.00,286.00
FATIMA,CINEMA,YSL / CINEMA,PB0708,1,750.00,204.00
FATIMA,LA NUIT DE L'HOMME BLEU ELECTRIQUE,YSL / LA NUIT DE L'HOMME BLEU ELECTRIQUE,PB0709,1,950.00,260.00
FATIMA,BLACK OPIUM GLITTER 2025,YSL / BLACK OPIUM GLITTER 2025,PB0710,1,1050.00,286.00
FATIMA,CHAMPAGNE,YSL / CHAMPAGNE,PB0711,1,700.00,191.00
FATIMA,BLACK OPIUM OVER RED,YSL / BLACK OPIUM OVER RED,PB0712,1,1100.00,301.00
FATIMA,LIBRE LE PARFUM,YSL / LIBRE LE PARFUM,PB0713,1,1150.00,314.00
FATIMA,Y ELIXIR,YSL / Y ELIXIR,PB0714,1,700.00,191.00
FATIMA,Y EAU DE PARFUM TOP,YSL / Y EAU DE PARFUM TOP,S400485,1,1000.00,273.00
FATIMA,Y INTENSE,YSL / Y INTENSE,PB0716,1,1200.00,327.00
FATIMA,BLACK OPIUM LE PARFUM,YSL / BLACK OPIUM LE PARFUM,PB0717,1,950.00,245.00
FATIMA,MYSELF LE PARFUM,YSL / MYSELF LE PARFUM,PB0718,1,1080.00,286.00
FATIMA,LIBRE L ABSOLU PLATINE,YSL / LIBRE L ABSOLU PLATINE,PB0719,1,1150.00,314.00
FATIMA,LIBRE INTENSE TOP,YSL / LIBRE INTENSE TOP,PB0720,1,1200.00,327.00
FATIMA,BLACK OPIUM TOP,YSL / BLACK OPIUM TOP,S400270,1,557.00,152.00
FATIMA,BLACK OPIUM INTENSE,YSL / BLACK OPIUM INTENSE,,1,475.00,130.00
FATIMA,BLACK OPIUM EXTREME,YSL / BLACK OPIUM EXTREME,,1,810.00,221.00
FATIMA,BLACK OPIUM ILLICIT GREEN,YSL / BLACK OPIUM ILLICIT GREEN,,1,810.00,221.00
FATIMA,BLACK OPIUM BABY CAT COLLECTOR,YSL / BLACK OPIUM BABY CAT COLLECTOR,,1,750.00,205.00
FATIMA,CAFTAN,YSL / CAFTAN,,1,810.00,221.00
FATIMA,CINAMA YSL,YSL / CINAMA YSL,,1,475.00,130.00
FATIMA,EXQUISITE EMBROIDERY,YSL / EXQUISITE EMBROIDERY,,1,475.00,130.00
FATIMA,EXQUISITE MUSK,YSL / EXQUISITE MUSK,,1,750.00,205.00
FATIMA,INTENSE YSL,YSL / INTENSE YSL,,1,475.00,130.00
FATIMA,KOUROS,YSL / KOUROS,,1,475.00,130.00
FATIMA,LIBRE,YSL / LIBRE,S400128,1,450.00,123.00
FATIMA,LIBRE EDP INTENSE,YSL / LIBRE EDP INTENSE,,1,550.00,150.00
FATIMA,MON PARIS TOP,YSL / MON PARIS TOP,S400360,1,600.00,164.00
FATIMA,Y BY YSL,YSL / Y BY YSL,S400271,1,420.00,115.00
FATIMA,SUPREME BOUQUET TOP,YSL / SUPREME BOUQUET TOP,,1,750.00,205.00
FATIMA,SUPREME BOUQUET,YSL / SUPREME BOUQUET,,1,400.00,109.00
FATIMA,WILD LEATHER,YSL / WILD LEATHER,,1,970.00,265.00
FATIMA,MYSELF TOP,YSL / MYSELF TOP,S400313,1,950.00,260.00
FATIMA,LIBRE L'ABSOLU PLATINE,YSL / LIBRE L'ABSOLU PLATINE,,1,550.00,150.00
FATIMA,LIBRE FLOWERS & FLAMES,YSL / LIBRE FLOWERS & FLAMES,,1,640.00,175.00
FATIMA,LIBRE FLOWES FLAMES,YSL / LIBRE FLOWES FLAMES,,1,475.00,130.00
FATIMA,BABY CAT,YSL / BABY CAT,S40039,1,900.00,246.00
FATIMA,LIBRE L'EAU NUE,YSL / LIBRE L'EAU NUE,,1,530.00,145.00
FATIMA,CUIR SUBLIME OUD,YSL / CUIR SUBLIME OUD,,1,1050.00,287.00
FATIMA,LAVALLIERE,YSL / LAVALLIERE,,1,1010.00,276.00
FATIMA,LIBRE VANILLE COUTURE TOP,YSL / LIBRE VANILLE COUTURE TOP,S400408,1,920.00,251.00
FATIMA,TUXEDO SHARP PATCHOULI,YSL / TUXEDO SHARP PATCHOULI,,1,970.00,265.00
FATIMA,Y LE PARFUM,YSL / Y LE PARFUM,,1,500.00,137.00
FATIMA,TUXEDO,YSL. / TUXEDO,,1,590.00,161.00
FATIMA,ROSE OUD,YVES ROCHER / ROSE OUD,,1,475.00,130.00
FATIMA,ZADIG,ZADIG & VOLTAIRE / ZADIG,,1,900.00,245.00
FATIMA,JUST ROCK FOR HIM,ZADIG & VOLTAIRE / JUST ROCK FOR HIM,,1,750.00,205.00
FATIMA,THIS IS US,ZADIG & VOLTAIRE / THIS IS US,,1,810.00,221.00
FATIMA,THIS IS REALLY HER!,ZADIG & VOLTAIRE / THIS IS REALLY HER!,,1,690.00,189.00
FATIMA,THIS IS REALLY HER,ZADIG & VOLTAIRE / THIS IS REALLY HER,,1,690.00,189.00
FATIMA,THIS IS HER,ZADIG & VOLTAIRE / THIS IS HER,,1,770.00,210.00
FATIMA,ATTAR ZAFRAN,ZAFRAN / ATTAR ZAFRAN,,1,475.00,130.00
FATIMA,ZAFRAN SUPER,ZAFRAN / ZAFRAN SUPER,,1,1140.00,311.00
FATIMA,WHTIE ZAFRAN,ZAFRAN / WHTIE ZAFRAN,,1,475.00,130.00
FATIMA,COZY SERENADE,ZARA / COZY SERENADE,,1,810.00,221.00
FATIMA,SUN KISSED BANANA,ZARA / SUN KISSED BANANA,PB07160,1,750.00,204.00
FATIMA,FRESH RAIN SHOWER,ZARA / FRESH RAIN SHOWER,PB07171,1,800.00,218.00
FATIMA,SECRET INFUSION,ZARA / SECRET INFUSION,,1,600.00,164.00
FATIMA,MOLECULE NO.08,ZARKO PERFUME / MOLECULE NO.08,,1,475.00,130.00
FATIMA,PINK MOLECULE 090.09,ZARKOPERFUME / PINK MOLECULE 090.09,,1,620.00,169.00
FATIMA,PURPLE MOLECULE 070.07,ZARKOPERFUME / PURPLE MOLECULE 070.07,,1,640.00,175.00
FATIMA,QUANTUM MOLECULE,ZARKOPERFUME / QUANTUM MOLECULE,,1,640.00,175.00
FATIMA,MOLECULE C-19 THE BEACH,ZARKOPERFUME / MOLECULE C-19 THE BEACH,,1,550.00,150.00
FATIMA,THE MUSE,ZARKOPERFUME / THE MUSE,,1,475.00,130.00
FATIMA,VANILLA BLEND,ZIELINSKI & ROZEN / VANILLA BLEND,,1,475.00,130.00
FATIMA,"BLACK PEPPER & AMBER ,NEROLI","ZIELINSKI & ROZEN / BLACK PEPPER & AMBER ,NEROLI",,1,810.00,221.00
FATIMA,"ORANGE & JASMINE, VANILLA","ZIELINSKI & ROZEN / ORANGE & JASMINE, VANILLA",,1,650.00,178.00
FATIMA,FICTION,ZIELINSKI & ROZEN / FICTION,,1,950.00,260.00
FATIMA,VETIVER & LEMON.BERGAMOT,ZIELINSKI & ROZEN / VETIVER & LEMON.BERGAMOT,,1,700.00,191.00
FATIMA,"PINK PAPER,ELEMI,CINNAMON,LEATHER","ZIELINSKI & ROZEN / PINK PAPER,ELEMI,CINNAMON,LEATHER",,1,550.00,150.00
