fatima ,,,,
,,,,
ALL PRICE 1 KGS,,,,
BRAND,NAME,CODE,USD $,AED
ACQUA DI PARMA,OUD,,$130,475
ACQUA DI PARMA,COLONIA IL PROFUMO,,$137,500
ACQUA DI PARMA,LEATHER,S-8942,$218,800
ACQUA DI PARMA,BUONGIORNO AL BACIO,PB901,$327,1200
ACQUA DI PARMA,OUD & SPICE,,$218,800
ACQUA DI PARMA,BUONGIORNO,S400122,$191,700
ALEZZ OUD,HERSH LAHAB  TOP,S400545,$301,1100
ABDUL SAMAD AL QURASHI,FURUSIYYA-PINK INCENSE,,$130,475
ABDUL SAMAD AL QURASHI,KHASHAB AL OUD (TOP),,$160,585
ABDUL SAMAD AL QURASHI,RUH AL OUD,,$355,1300
ABDUL SAMAD AL QURASHI,SAFARI EXTREME,,$130,475
ABDUL SAMAD AL QURASHI,CHARME D' ORIENT,,$145,530
A SCHLESSER,ANGEL SCHLESSER HOMME ORIENTAL EDITION,,$212,775
ABERCROMBIE & FITCH,FIRST INSTINCT BLUE,,$130,475
ABERCROMBIE & FITCH,FIRST INSTINCT FOR HER,,$130,475
ABERCROMBIE & FITCH,FIERCE,,$150,550
AERIN,HIBISCUS PALM,,$150,550
AKRO,CRUSH,S400116,$172,630
AF,GREEN TATERA,,$115,420
AF,MUSK TATERA,,$115,420
AF,FLOWER OXY,,$130,475
AF,CITRON OXY,,$130,475
ARGOS,TRIUMPH OF BACCHUS,S400435,$218,800
ALL PRICE 1 KGS,,,,
BRAND,NAME,CODE,USD $,AED
ARGOS,BIRTH OF VENUS TOP,IP44,$409,1500
AFNAN,AFNAN  9 PM NIGHT OUT,,$327,1200
AFNAN,9PM REBEL,S400196,$180,660
AFNAN,9AM,S400208,$137,500
AFNAN,SUPERMACY SILVER,PB5967,$177,650
AFNAN,9:00 PM,,$130,475
AJMAL,ALIF LAYLA O LAYLA,,$235,860
AJMAL,SONG OF OUD,PB984,$286,1050
AJMAL,AMBER AL OUD,,$415,1520
AJMAL,AMBER MUSK,,$130,475
AJMAL,AMBER POIVRE,,$130,475
AJMAL,AMBER SANTAL,,$130,475
AJMAL,AMBER SUPREME,,$161,590
AJMAL,AMBER WOOD TOP,S400364,$355,1300
AJMAL,ARISTOCRAT,,$145,530
AJMAL,AURUM,,$355,1300
AJMAL,CUIR MUSK,,$130,475
AJMAL,INCENCE WOOD (TOP),,$385,1410
AJMAL,INCENSE WOOD (MEDIUM),,$145,530
AJMAL,MIZYAAN,,$145,530
AJMAL,MUKHALLAT SHAMS,,$130,475
AJMAL,MUSK SUPREME,,$161,590
AJMAL,QAFIYA,,$139,510
AJMAL,SILK MUSK (TOP),MI4017,$246,900
AJMAL,TANAASUQ (MEDIUM),,$130,475
AJMAL,MUSK REJALI TOP,,$238,870
AJMAL,VIOLETTE MUSK,,$130,475
AJMAL,WISAL (TOP),,$139,510
AJMAL,YOUNIQUE,,$130,475
AJMAL,AMBRE PIMENTE,,$235,860
AJMAL,BLACK ROSE,,$175,640
AJMAL,MUSK SILK SUPREME,,$178,650
AJMAL,QIBLATUL WAFA,,$601,2200
AL AMEERI,AL AMEERI,,$265,970
ALL PRICE 1 KGS,,,,
BRAND,NAME,CODE,USD $,AED
AL JAZEERA PERFUMES,MAGIC TOP,,$246,900
AL JAZEERA PERFUMES,DAMASCUS,,$148,540
AHMED AL MAGHRIBI,BIN SHEIKH,PB534,$245,900
AHMED AL MAGHRIBI,OUD & ROSES TOP,PB0825,$245,900
AHMED AL MAGHRIBI,KAAF,S400217,$137,500
AHMED AL MAGHRIBI,O' CLOCK,,$205,750
AHMED AL MAGHRIBI,SUMMER OUD,S40004,$137,500
AHMED AL MAGHRIBI,OYUNY,S40002,$96,350
AHMED AL MAGHRIBI,ROSE NOIR,S40006,$164,600
AHMED AL MAGHRIBI,OUD & ROSES,,$142,520
AHMED AL MAGHRIBI,MARJ TOP,S40003,$232,850
AHMED AL MAGHRIBI,OUD LAVENDER,PB038,$246,900
AHMED AL MAGHRIBI,BIDUN ESAM,PB580,$246,900
AHMED AL MAGHRIBI,TIFF TIFF,,$148,540
AL MAJED FOR OUD,PRESTIGE RUBY,,$342,1250
AL MAJED FOR OUD,AL MAMLAKA AL KHAS,,$230,840
AL MAJED OUD,ELBRINCE,PB056,$327,1200
ATYAB AL SHEIKH,CHARISMA,PB068,$204,750
ATYAB AL MARSHOUD,4 WHITE,PB085,$409,1500
AL REHAB,CHOCO MUSK,,$115,420
AL REHAB,ASEEL,,$130,475
AL REHAB,LORD BY AL REHAB,,$130,475
AL REHAB,SABAYA,,$130,475
AL REHAB,SOFT,,$130,475
AL REHAB,SULTAN AL REHAB,,$130,475
ALEXANDRE . J,MANDARINE SULTANE ( TOP ),,$191,700
ALEXANDRE . J,MORNING MUSCS,,$145,530
ALEXANDRE . J,THE COLLECTOR BLACK MUSCS,,$130,475
ALEXANDRE . J,THE COLLECTOR ZAFEER OUD VANILLE,,$130,475
ALEXANDRE. J,ROSE OUD,,$130,475
AMOUAGE,"AMOUAGE, EPIC MAN",,$145,530
AMOUAGE,REMAIN TOP,IP-804,$382,1400
AMOUAGE,"AMOUAGE, LYRIC MAN",,$145,530
AMOUAGE,LOVE HIBISCUS TOP,S400490,$260,950
ALL PRICE 1 KGS,,,,
BRAND,NAME,CODE,USD $,AED
AMOUAGE,"AMOUAGE, OPUS V",,$145,530
AMOUAGE,"AMOUAGE,JOURNEY WOMAN",,$145,530
AMOUAGE,BLOSSOM LOVE WOMAN,,$191,700
AMOUAGE,BRACKEN EAU DE PERFUME MAN,,$145,530
AMOUAGE,HONOUR MAN,,$175,640
AMOUAGE,HONOUR WOMAN,,$205,750
AMOUAGE,IMITATION FOR WOMAN,,$145,530
AMOUAGE,INTERLUDE WOMAN,,$235,860
AMOUAGE,INTERUDE MAN,S400254,$191,700
AMOUAGE,JUBILATION EDP MAN,,$145,530
AMOUAGE,MEMOIR  MEN,,$145,530
AMOUAGE,OPUS III,,$145,530
AMOUAGE,OPUS VI,,$205,750
AMOUAGE,OPUS VII,,$145,530
AMOUAGE,OVERTURE MAN,,$183,670
AMOUAGE,PORTRAYAL MAN,,$199,730
AMOUAGE,PORTRAYAL WOMAN,,$161,590
AMOUAGE,REFLECTION MEN TOP,S400479,$232,850
AMOUAGE,AMOUAGE REFLECTION 45 TOP,S400517,$369,1350
AMOUAGE,ROSE INCENSE,,$197,720
AMOUAGE,SILVER  MEN,,$205,750
AMOUAGE,SUNSHINE MEN,,$145,530
AMOUAGE,SUNSHINE WOMEN,,$145,530
AMOUAGE,IMITATION WOMAN,,$235,860
AMOUAGE,INTERLUDE BLACK IRIS,,$280,1025
AMOUAGE,SILVER OUD,,$145,530
AMOUAGE,DIA WOMAN,,$183,670
AMOUAGE,JUBILATION 40 MAN,,$227,830
AMOUAGE,PURPOSE TOP,S400441,$301,1100
AMOUAGE,LUSTRE TOP,,$396,1450
AMOUAGE,LUSTRE TOP,,$328,1200
AMOUAGE,GUIDANCE 46 TOP,S40102,$383,1400
AMOUAGE,GUIDANCE 46,S400251,$158,580
AMOUAGE,OUTLANDS TOP,S400471,$355,1300
ALL PRICE 1 KGS,,,,
BRAND,NAME,CODE,USD $,AED
AMOUAGE,PURPOSE 50 TOP,,$533,1950
AMOUAGE,GUIDANCE TOP,S400177,$177,700
AMOUAGE,SINDABAD,S400123,$232,850
AMOUAGE,ENCLAVE,PB559,$464,1700
AMOUAGE,SEQUENCE,S400200,$286,1050
AMOUAGE,OPUS XVI TIMBER,PB584,$286,1050
AMOUAGE,LOVE TUBEROSE,PB597,$355,1300
AMOUAGE,DECISION,IP-408,$519,1900
AMOUAGE,EXISTENCE TOP,IP-475,$628,2300
AMOUAGE,SEARCH,PB850,$437,1700
AMOUAGE,LUBAN AL AKHDAR,IP-584,"$1,366",5000
AMOUAGE,LINE 618 TOP,S400118,$308,1130
AMOUAGE,RECEPTION,,$437,1600
AMOUAGE,VANILLA BARAKA,PB64,$601,2200
AMOUAGE,OUD ULYA,PB66,$601,2200
AMOUAGE,INTERLUDE 53 TOP,PB657,$245,900
AMOUAGE,LILAC LOVE,PB589,$327,1200
AMOUAGE,REFLACTION 45,PB567,$491,1800
AMOUAGE,OPUS XIV ROYAL TOBACCO,PB457,$341,1250
AMOUAGE,LOVE DELIGHT,PB894,$301,1100
AMOUAGE,LUSTRE NO,,$219,800
AMOUAGE,OPUS XV - KING BLUE,,$150,550
AMOUAGE,GUIDANCE,,$268,980
AMOUAGE,GUIDANCE 46,,$148,540
ANFASIC DOKHOON,JANUARY,,$145,530
ANFASIC DOKHOON,SHAY,,$145,530
ANFASIC DOKHOON,SHAY SHAY,PB8467,$204,750
ANFASIC DOKHOON,SUKAR,,$145,530
ANFASIC DOKHOON,WOW,,$145,530
ANFASIC DOKHOON,ONE TIME SHAY #06,,$306,1120
ANGEL SHLESSER,ANGEL SCHLESSER FEMME,,$130,475
ANNA SUI,FANTASIA,,$161,590
ANNA SUI,FLIGHT OF FANCY SPIRIT,,$167,610
ANNA SUI,LUCKY WISH,,$145,530
ALL PRICE 1 KGS,,,,
BRAND,NAME,CODE,USD $,AED
ANNA SUI,MELLOW YELLOW SUNDAY,,$153,560
ANTONIO BANDERAS,BLUE SEDUCTION MEN LUZI TOP,,$205,750
ANTONIO BANDERAS,BLUE SEDUCTION FOR MEN BLUE,,$191,700
ANTONIO BANDERAS,BLUE SEDUCTION TOP,,$161,590
ANTONIO BANDERAS,BLUE SEDUCTION BLUE,,$137,500
ANTONIO BANDERAS,SEDUCTION IN BLACK,,$145,530
ANTONIO BANDERAS,THE SECRET,,$137,500
ANTONIO BANDERAS,THE SECRET TEMPTATION,,$205,750
ANTONIO BANDERAS,THE ICON,,$161,590
AQUOLINA,PINK SUGAR,S400344,$90,330
AQUOLINA,BLACK SUGAR,,$130,475
ARABIAN OUD,AL FAREED,PB587,$245,900
ARABIAN OUD,RESALAH,PB584,$164,600
ARABIAN OUD,MADAWI TOP,S400537,$172,630
ARABIAN OUD,SULTANI AMBERWOOD,PB87,$286,900
ARABIAN OUD,ARABIAN KNIGHT,,$251,920
ARABIAN OUD,ARABIAN OUD,,$221,810
ARABIAN OUD,BAKHOOR DEWAN AL SHARQ,,$161,590
ARABIAN OUD,KALIMAT TOP,S40048,$202,740
ARABIAN OUD,MABSOOS,,$145,530
ARABIAN OUD,MAJESTIC SPECIAL OUD,,$130,475
ARABIAN OUD,MAJOON,,$161,590
ARABIAN OUD,SULTANI,PB801,$245,900
ARABIAN OUD,OUD MOODY,,$145,530
ARABIAN OUD,MADAWI,,$150,550
ARABIAN OUD,MADAWI 40 YEARS GOLD EDITION,,$150,550
ARD AL ZAAFRAN,HAREEM AL SULTAN,,$130,475
ARD AL ZAAFRAN,DIRHAM,,$130,475
ARIANA GRANDE,THANK U  NEXT,PB580,$191,700
ARIANA GRANDE,CLOUD,PB840,$204,750
ARIANA GRANDE,CLOUD PINK,PB5900,$355,1300
ARIANA GRANDE,MOD VANILLA,,$180,660
ARIANA GRANDE,THANK U NEXT,,$169,620
ARIANE GRANDE,ARI -ARIANE GRANDE,,$199,730
ALL PRICE 1 KGS,,,,
BRAND,NAME,CODE,USD $,AED
ARIANE GRANDE,ARMANI CODE FOR WOMAN,,$191,700
ARMAF,CLUB DE NUIT INTENSE,PB-849,$164,600
ARMAF,CLUB DE NUIT INTENSE TOP,,$286,1050
ARMAF,ODYSSEY DUBAI CHOCOLATE,PB809,$286,1050
ARABIYAT OUD,AL LAYL,PB9805,$178,650
ARMAND BASI,IN RED,,$161,590
ARMANI,STRONGER WITH YOU POWERFULLY,,$191,700
ARMANI,MY WAY SUNNY VANILLA,PB05050,$218,800
ARMANI,PRIVE IRIS BLEU,PB0295,$355,1300
ARMANI,SI PERFUME,PB029,$245,900
ARMANI,SI PASSIONE RED MUSK,PB089,$301,1100
ARMANI,CODE EAU DE PARFUM,PB570,$286,1050
ARMANI,THE YULONG,PB580,$409,1500
ARMANI,STRONGER WITH YOU SANDALWOOD TOP,S400444,$301,1100
ARMANI,STRONGER WITH YOU SPICES,,$207,760
ARMANI,MY WAY YLANG,PB689,$286,1050
ARMANI,PRIVE ROSE D ARABIE,PB690,$314,1150
ARMANI,PRIVE OUD ROYAL,PB8005,$409,1500
ARMANI,ATTITUDE,PB805,$213,780
ARMANI,SI INTENSE,PB508,$301,1200
ARMANI,ACQUA DI GIOIA INTENSE,PB980,$213,780
ARMANI,MY WAY NECTAR,PB802,$218,800
ARMANI,SI EDP INTENSE TOP,PB809,$286,1050
ARMANI,ROUGE MALACHITE,,$267,980
ARMANI,ACQUA DI GIO ELIXIR TOP,S400434,$301,1100
ARMANI,RONDO ARMANIANO,PB802,$464,1700
ARMANI,ACQUA DI GIO ABSOLU TOP,S40081,$172,630
ARMANI,ACQUA DI GIO POUR  HOMME TOP,S400174,$123,450
ARMANI,AQUA DI GIOIA LIGHT,,$130,475
ARMANI,SI NUDE BLOOM,S400402,$177,650
ARMANI,ARMANI CALLIGRAPHY ROSE,,$130,475
ARMANI,SI PASSIONE RED BLOOM (2026),S400246,$173,636
ARMANI,ARMANI CODE,29598-I,$123,450
ARMANI,ARMANI CODE ABSOLU,,$130,475
ALL PRICE 1 KGS,,,,
BRAND,NAME,CODE,USD $,AED
ARMANI,ARMANI CODE BLACK,,$130,475
ARMANI,ARMANI CODE CASHMERE,S400398,$120,440
ARMANI,OUD NACRE,PB4002,$464,1700
ARMANI,ARMANI CODE PARFUM,,$122,447
ARMANI,ARMANI CODE ICE,,$130,475
ARMANI,ARMANI PRIVE OUD,,$130,475
ARMANI,ARMANI PRIVE PIVOINE SUZHOU,,$205,750
ARMANI,IN LOVE WITH YOU,,$130,475
ARMANI,MUSC SHAMAL PRIVE,,$130,475
ARMANI,PRIVE VERT MALACHITE,,$130,475
ARMANI,SI FIORI,,$130,475
ARMANI,SI PASSIONE TOP,S40041,$164,600
ARMANI,SI PASSIONE SP,S400389,$126,460
ARMANI,SI,S400266,$175,640
ARMANI,ACQUA DI GIO ABSOLU INSTINCT,,$199,730
ARMANI,MUSC SHAMAL,,$199,730
ARMANI,MY WAY TOP,S400324,$265,970
ARMANI,SI FIORI,,$175,640
ARMANI,SABLE NUIT,,$221,810
ARMANI,AQUA DI GIO PROFONDO LIGHTS 2021,,$235,860
ARMANI,MY WAY INTENSE,,$145,530
ARMANI,STRONGER WITH YOU INTENSELY,S40057,$180,660
ARMANI,STRONGER WITH YOU ABSOLUTELY,S40062,$175,640
ARMANI,STRONGER WITH YOU TOBACCO,S40087,$255,930
ARMANI,STRONGER WITH YOU TOBACCO TOP,S400436,$273,1000
ARMANI,CUIR ZERZURA,,$221,810
ARMANI,SI PASSIONE INTENSE,,$130,475
ARMANI,SI PASSIONE ECLAT,,$191,700
ARMANI,STRONGER WITH YOU LEATHER,,$130,475
ARMANI,OCEAN DI GIOIA,,$130,475
ARMANI,STRONGER WITH YOU MAN,S400274,$109,400
ARMANI,STRONGER WITH  YOU ONLY MEN,,$191,700
ARMANI,POWER OF YOU TOP,S400478,$301,1100
ARMANI,MY WAY FLORAL,,$150,550
ALL PRICE 1 KGS,,,,
BRAND,NAME,CODE,USD $,AED
ARMANI,STRONGER WITH YOU OUD TOP,,$268,980
ARMANI,ARMANI CODE PARFUM,,$191,700
ARMANI,STRONGER WITH YOU TOBACCO,,$199,730
ARMANI,ACQUA DI GIO PROFONDO PARFUM,S400204,$219,800
ARMANI,ACQUA DI GIO PROFONDO,S40074,$90,330
ARMANI,ACQUA DI GIO PROFUMO TOP,S40058,$196,720
ARMANI,STRONGER WITH YOU PARFUM MEN,,$156,570
ARMANI,ACQUA DI GIO ELIXIR,,$298,1090
ARMANI,MY WAY YLANG,,$227,830
ARMANI,ARMANI CODE,S400262,$120,440
ARMANI,ARMANI CODE ELIXIR,,$221,810
ARMANI,CUIR NU,,$339,1240
ARMANI,MAGENTA TANZANITE,,$295,1080
ARMANI,INDIGO TANZANITE,,$295,1080
ARMANI,SI PASSIONE ECLAT DE PARFUM,,$191,700
ARMANI,JAWHARA ORIENTAL,,$137,500
ARMANI,MY WAY PARFUM,,$279,1020
ARMANI,STRONGER WITH YOU AMBER,,$219,800
ARMANI,SI PASSIONE INTENSE 2024,,$205,750
ATKINSONS,OUD SAVE THE KING,PB0902,$286,1050
ATELIER COLONGE,CLEMENTINE CALIFORNIA,PB023,$246,900
ASDAAF,AMEERAT AL ARAB,S400187,$137,500
ATTAR AL HASK,SKIN MUSK,PB092,$204,750
ATELIER COLOGNE,GOLD LEATHER,,$130,475
ATELIER COLONGE,OUD SAPHIR,,$235,860
ATELIER REBUL,ISTANBUL,,$145,530
ATELIERS DES ORS,PINK ME UP,,$240,880
ATTAR COLLECTION,AL RAYHAN,,$161,590
ATTAR COLLECTION,HAYATI,,$130,475
ATTAR COLLECTION,MUSK KASHMIR,S400136,$117,430
ATTAR COLLECTION,CRISTAL LOVE FOR HER,,$205,750
ATTAR COLLECTION,AREEJ,,$437,1600
ATTAR COLLECTION,FLEUR DE SANTAL,,$150,550
ATYAB AL SHEEKH,ATYAB AL SHEEKH 2020,,$268,980
ALL PRICE 1 KGS,,,,
BRAND,NAME,CODE,USD $,AED
AVON,TODAY,,$130,475
AXE,AXE COLLISION,,$130,475
AZZARO,POUR ELLE 2025,PB0980,$218,800
AZZARO,MOST WANTED INTENSE,PB809,$327,1200
AZZARO,THE MOST WANTED PARFUM,PB064,$301,1100
AZZARO,AZZARO CLUB WOMAN,,$130,475
AZZARO,CHROME EXTREME TOP,S400179,$219,800
AZZARO,CROME AQUA FOR MEN,,$130,475
AZZARO,WANTED,$164,$164,600
AZZARO,WANTED BY NIGHT,,$221,810
AZZARO,WANTED GIRL  BY NIGHT,S400282,$120,440
AZZARO,THE MOST WANTED,,$145,530
AZZARO,FOREVER WANTED ELIXIR,,$145,530
BAHRARA,FARAON RAMSES,PB582,$245,900
BAKHOOR,SHAFEER AL BAKHOOR,,$409,1500
BAKHOOR,CREED AVENTUS BAKHOOR,,$123,450
BAKHOOR,BAKHOOR MOHSIN,,$150,550
BAKHOOR,BAKHOOR BAIT AL OUDH,,$90,330
BAKHOOR,BAKHOOR EXTRA BLACK,,$112,410
BAKHOOR,BAKHOOR AL AQIB,,$164,600
BAKHOOR,ANU BAKHOUR,BK4001,$90,330
BAKHOOR,SUELLEN BAKHOUR,,$96,350
BAKHOOR,MUKHALLAT EMIRATE,,$104,380
BAKHOOR,DENSI,60014,$304,1110
BAKHOOR,RUKAIYA,,$123,450
BAKHOOR,BAKHOUR KING VALLEY,,$150,550
BAKHOOR,NAFEME,,$164,600
BAKHOOR,BAKHOUR FEEL ME,BK4002,$104,380
BATH & BODY WORKS,JAPANESE CHERRY BLOSSOM,S400495,$150,550
BATH & BODY WORKS,CHAMPAGNE TOAST,PB0901,$150,550
BATH & BODY WORKS,WHIPPED HONEY & VANILL,IP-108,$260,950
BATH & BODY WORKS,GRANDMA FRUITCAKE,IP-109,$260,950
BATH & BODY WORKS,RASPBERY HOLIDAY PIE BAR,IP-101,$260,950
BATH & BODY WORKS,VANILLA NOIR,,$130,475
ALL PRICE 1 KGS,,,,
BRAND,NAME,CODE,USD $,AED
BATH & BODY WORKS,PINK CHIFFON,S400272,$109,400
BATH & BODY WORKS,PEACH BELLINI,,$164,600
BOTTEGA VENETA,HINOKI,PB012,$601,2200
BOTTEGA VENETA,EAU LEGERE,PB013,$286,1050
BOTTEGA VENETA,ILLUSIONE FOR HIM,PB014,$286,1050
BDK PARFUMES,VANILLE CAVIAR TOP,S400331,$328,1200
BDK PARFUMES,NECTAR OUD,S400119,$301,1100
BDK PARFUMES,312 SAINT-HONORE TOP,,$372,1360
BDK PARFUMS,GRIS CHARNEL,,$219,800
BDK PARFUMS,VELVET TONKA,,$232,850
BDK PARFUMS,TABAC ROSE TOP,,$314,1150
BDK PARFUMS,IMPADIA TOP,S400347,$383,1400
BDK PARFUMS,ROUGE SMOKING,,$161,590
BDK PARFUMS,ROUGE SMOKING EXTRAIT TOP,S400164,$341,1250
BDK PARFUMS,PAS CE SOIR TOP,S400451,$287,1050
BDK PARFUMS,PAS CE SOIR EXTRAIT,PB584,$464,1700
BDK PARFUMS,GRIS CHARNEL EXTRAIT TOP,PB5080,$464,1700
BDK PARFUMS,VANILLE CAVIAR,,$448,1640
BHARARA,KING,,$287,1050
NUDE TOP,NUDE TOP,S400385,$137,500
BILLIE EILISH,YOUR TURN II,PB40011,$204,750
BILLIE EILISH,EILISH,,$130,475
BINT AL ARAB,BINT AL ARAB,,$130,475
BLENDS OF LOVE,AGAPE / KHALTAT,,$145,530
BLENDS OF LOVE,ASK / KHALTAT,,$145,530
BLENDS OF LOVE,DRAGOSTE / KHALTAT,,$145,530
BLENDS OF LOVE,LJUBOVJ / KHALTAT,,$145,530
BOADICEA THE VICTORIOUS,OPAL,pb020,$464,1700
BOADICEA THE VICTORIOUS,DEFENDER,pb021,$464,1700
BOADICEA THE VICTORIOUS,TIGER,pb022,$327,1200
BOADICEA THE VICTORIOUS,VALIANT,,$355,1300
BOADICEA THE VICTORIOUS,NEMER,pb023,$409,1500
BOADICEA THE VICTORIOUS,GREEN SAPPHIRE,pb028,$409,1500
BOADICEA THE VICTORIOUS,ARDENT,IP-,$314,1150
ALL PRICE 1 KGS,,,,
BRAND,NAME,CODE,USD $,AED
BOADICEA THE VICTORIOUS,DRAGON,IP-4578,$382,1400
BOADICEA THE VICTORIOUS,GREEN SAPPHIRE,,$328,1200
BOADICEA THE VICTORIOUS,COMPLEX TOP,S40095,$219,800
BOADICEA THE VICTORIOUS,BLUE SAPPHIRE TOP,S400377,$451,1650
BOADICEA THE VICTORIOUS,HEROINE,,$205,750
BOADICEA THE VICTORIOUS,AURICA TOP,S40080,$295,1080
BOADICEA THE VICTORIOUS,AQUA SAPHIRE,PB242,$464,1700
BOADICEA THE VICTORIOUS,ANGELIC,,$251,920
BOADICEA THE VICTORIOUS,HANUMAN TOP,S400322,$219,800
BOADICEA THE VICTORIOUS,OUD SAPPHIRE,,$451,1650
BOHOBOCO,RED WINE BROWN SUGAR,S400429,$166,610
BOHOBOCO,JASMINE WHITE LEATHER,pb097,$341,1250
BOND NO 9,LAFAYTEE STREET TOP,S400369,$301,1100
BOND NO 9,ISLAND TOP,IP-4874,$409,1500
BOND NO 9,SHELTER ISLAND,IP584,$245,900
BOND NO 9,NEW YORK OUD UNISEX,,$130,475
BOND NO 9,WALL STREET TOP,S400455,$286,1050
BOND NO 9,BEEKMAN PLACE,IP-03,$355,1300
BOND NO 9,GOVERNORS ISLAND,IP-101,$273,1000
BOND NO 9,NEW HAARLEM,IP-102,$327,1200
BOND NO 9,PERFUME BOND NO 9 W,,$161,590
BOND NO 9,NEWYORK AMBER,T0022,$232,850
BOND NO 9,DUBAI INDIGO,T0023,$178,650
BOND NO 9,NEW YORK GARDENIA,IP-05,$341,1250
BOND NO 9,NOLITA,P0024,$519,1900
BOND NO 9,MY NEW YORK,P0025,$491,1800
BOND NO 9,NOMAD TOP,S400496,$368,1350
BOND NO 9,THE SCENT OF PEACH FOR WOMEN,P0027,$327,1200
BOND NO 9,MADISON AVENUE TOP,S400498,$273,1000
BOND NO 9,THE SCENT PEACH FOR MEN TOP,S400497,$273,1000
BOND NO 9,SHELTER ISLAND,IP804,$260,950
BOND NO 9,DUBAI GOLD,P0029,$327,1200
BOND NO 9,GREENWICH VILLAGE TOP,S400474,$396,1450
BOND NO 9,BLEECKER STREET,S400477,$260,900
ALL PRICE 1 KGS,,,,
BRAND,NAME,CODE,USD $,AED
BOND NO 9,TRIBECA,P0032,$368,1350
BOND NO 9,NEW YORK NIGHTS,P0033,$327,1200
BOND NO 9,WEST SIDE W,,$221,810
BORNTOSTANDOUT,FREE COCO TOP,S400503,$232,850
BORNTOSTANDOUT,DIRTY RICE,S400406,$210,770
BORNTOSTANDOUT,OUD CANDY EXTRAIT DE PARFUM,PB0050,$286,1050
BORNTOSTANDOUT,BLACK  KARAK,IP010,$437,1600
BORNTOSTANDOUT,BLACK MANGO,P0043,$328,1200
BORNTOSTANDOUT,MUSC X,IP-01,$368,1350
BORNTOSTANDOUT,BLACK GUAVA,P0034,$301,1100
BORNTOSTANDOUT,MARY JANE,N576B,$232,850
BORNTOSTANDOUT,A CORPS SECRET,P0035,$464,1700
BORNTOSTANDOUT,PURPLE STAIN,P0036,$464,1700
BORNTOSTANDOUT,DGAF,P0037,$301,1100
BORNTOSTANDOUT,NOT A VANILLE,S400449,$327,1200
BORNTOSTANDOUT,DIRTY MILK,P0039,$273,1000
BORNTOSTANDOUT,CANDY DUST,P0040,$355,1300
BORNTOSTANDOUT,DIRTY HEAVEN,P0041,$301,1100
BORNTOSTANDOUT,DRUNK LOVERS TOP,S400546,$273,1000
BORNTOSTANDOUT,SUGAR ADDICT,P0046,$273,1000
BORNTOSTANDOUT,FILTHY MUSK,S40059,$289,1060
BORNTOSTANDOUT,L ANIMAL,S40026,$164,600
BORNTOSTANDOUT,DRUNK SAFFRON,PB584,$218,800
BORNTOSTANDOUT,OUD CANDY,P0042,$287,1050
BOUCHERON,BOUCHERON QUATRE,,$191,700
BOUCHERON,ROSE D'ISPARTA,,$251,920
BRITNEY SPEARS,FANTACY  HM,,$145,530
BRITNEY SPEARS,FANTASY  TOP,,$161,590
BRITNEY SPEARS,FANTASY  (MEDIUM),,$130,475
BRITNEY SPEARS,FANTASY THE NICE REMIX,,$130,475
BRITNEY SPEARS,MIDNIGHT FANTASY LZ,,$130,475
BRITNEY SPEARS,MIDNIGHT FANTASY,,$130,475
BRITNEY SPEARS,SUNSET FANTASY,,$130,475
BRITNEY SPEARS,JUNGLE FANTASY,,$150,550
ALL PRICE 1 KGS,,,,
BRAND,NAME,CODE,USD $,AED
BURBERRY,HER INTENSE,PB0.6,$286,1050
BURBERRY,TOUCH FOR WOMEN,PB02.5,$185,680
BURBERRY,GODDESS EDP INTENSE,,$150,550
BURBERRY,BURBERRY BODY,S400284,$96,350
BURBERRY,BURBERRY HER BLOSSOM,,$169,620
BURBERRY,BURBERRY THE BEAT WOMAN,,$130,475
BURBERRY,WEEKEND FOR WOMEN TOP,,$145,530
BURBERRY,MY BURBERRY,,$130,475
BURBERRY,MY BURBERRY BLUSH,,$145,530
BURBERRY,HERO,,$145,530
BURBERRY,GODDESS PARFUM,PB0548,$245,900
BURBERRY,GODDESS TOP,S400329,$213,780
BURBERRY,BURBERRY HER ELIXIR,S40020,$123,450
BURBERRY,BURBERRY HER TOP,S40040,$186,680
BURBERRY,BURBERRY HERO PARFUM INTENSE,S400403,$183,670
BURBERRY,HIGH TEA,,$219,800
BURBERRY,HERO EAU DE PARFUM,,$130,475
BVLGARI,AQUA MAN,,$130,475
BVLGARI,BVLGARI AMARA AQUA,,$130,475
BVLGARI,BVLGARI MAN,,$130,475
BVLGARI,EAU PERFUMEE AU THE NOIR,,$221,810
BVLGARI,GYAN,,$175,640
BVLGARI,OMNIA CRISTALLINE,S400299,$158,580
BVLGARI,ALLEGRA MAGNIFYING MUSK ESSENCE,PB.68,$245,900
BVLGARI,POUR HOMME EXTREM,S400140,$139,510
BVLGARI,AMYTHYSTE,PB.2,$382,1400
BVLGARI,YASEEP,PB0.3,$847,3100
BVLGARI,POUR HOMME SOIR,PB.04,$327,1200
BVLGARI,MAN IN BLACK PARFUM TOP,S400194,$341,1250
BVLGARI,EMPYR,PB.06,$464,1700
BVLGARI,AQVA AMARA,PB.07,$301,1100
BVLGARI,AQVA POUR HOMMEMARINE,PB0.84,$213,780
BVLGARI,FALKER,PB807,$245,900
BVLGARI,ONEKH,PB079,$245,900
ALL PRICE 1 KGS,,,,
BRAND,NAME,CODE,USD $,AED
BVLGARI,AQVA POUR HOMME,PB.98,$191,700
BVLGARI,KOBRA,PB.100,$327,1200
BVLGARI,MAN IN BLACK,,$130,475
BVLGARI,OMANIA PINK SAPPHIRE,,$130,475
BVLGARI,MAN WOOD ESSENCE PERFUME,PB4084,$355,1300
BVLGARI,ROSE ESSENTIELLE,,$130,475
BVLGARI,ROSE GOLDEA,,$205,750
BVLGARI,BVLGARI MAN TERRAE ESSENCE,,$265,970
BVLGARI,LE GEMME OROM,,$246,900
BVLGARI,BVLGARI MAN RAIN ESSENCE,,$130,475
BVLGARI,TYGER TOP,S400306,$437,1600
BVLGARI,TYGER  SP,S400298,$148,540
BVLGARI,TYGER EXTRAIT TOP,S400332,$327,1200
BVLGARI,SAHARE,,$246,900
BVLGARI,AZARAN,,$164,600
BVLGARI,BVLGARI POUR HOMME,,$178,650
BVLGARI,JASMIN NOIR,,$130,475
BVLGARI,BACIAMI,,$164,600
BVLGARI,LE GEMME AMUNAE,,$260,950
BVLGARI,ACQUA POUR HOMME,,$213,780
BYREDO,BOIS OBSCUR,S400248,$178,650
BY REDO,ROUGE CHAOTIQUE,S40092,$191,700
BY REDO,GYPSY WATER ABSOLU,PB4003,$314,1150
BY REDO,LA TULIPE,,$178,650
BY REDO,ROSE OF NO MAN'S LAND,,$273,1000
BYREDO,BAL D AFRIQUE TOP,S400370,$235,860
BYREDO,BIBLOTIQUE  (MEDIUM),,$161,590
BYREDO,IMMORTAL OUD,,$175,640
BYREDO,GYPSY WATER,,$145,530
BYREDO,BLACK SAFFRON TOP,,$221,810
BYREDO,BLACK SAFRAN ABSOLU,S400415,$177,650
BYREDO,SUNDAZED,,$191,700
BYREDO,TABACCO MANDARIN,,$221,810
BYREDO,FLOWERHEAD,,$251,920
ALL PRICE 1 KGS,,,,
BRAND,NAME,CODE,USD $,AED
BYREDO,OPEN SKY,,$251,920
BYREDO,BLANCHE,,$137,500
BYREDO,BLANCHE ABSOLU,S400219,$218,800
BYREDO,BAL D AFRIQUE ABSOLU TOP,S400411,$210,770
BYREDO,ANIMALIQUE TOP,IP-481,$382,1400
BYREDO,SISTER DREAMER,PB904,$464,1700
BYREDO,DE LOS SANTOS,,$287,1050
BYREDO,CUIR OBSCUR,,$130,475
BYREDO,BIBLIOTHEQUE TOP,,$178,650
BYREDO,MOJAVE GHOST TOP,S400354,$199,730
BYREDO,MOJAVE GHOST ABSOLU TOP,S400509,$185,680
BYREDO,SELLIER,,$265,970
BYREDO,MUMBAI NOISE,,$295,1080
BYREDO,EYES CLOSED,,$464,1700
BYREDO,VANILLA ANTIQUE TOP,S400327,$301,1100
BYREDO,MARIJUANA,,$172,630
BYREDO,DESERT DAWN TOP,S400442,$314,1150
BYREDO,ALTO ASTRAL TOP,S400325,$355,1300
BALENCIAGA,LE DIX (2025) TOP,IP-199,$601,2200
BALENCIAGA,TWENTY FOUR SEVEN TOP,IP-996,$546,2000
CACHAREL,AMOR AMOR,,$130,475
COMPOUND,AMBROXEN (POWER),PBFHG,$901,3300
COMPOUND,AMBROXEN OIL,MO8455,$218,800
COMPOUND,HABANOLIDE,PB8547,$245,900
COMPOUND,HEDOINE,PB87,$150,550
COMPOUND,BENZOIN,PB878,$355,1300
COMPOUND,CASHMERAN,PB845,$286,1050
COMPOUND,CETALOX,PB5657,$846,3100
COMPOUND,ISO E SUPER,PB458,$130,475
COMPOUND,GLAXOLIDE,PB45,$123,450
COMPOUND,ROSE MILK,PB794,$109,400
CACHAREL,YES I AM FABULOUS,,$178,650
CRISTIANO RONALDO,CR7,S40018,$71,260
CALVIN KLEIN,C.K BEAUTY,,$134,490
ALL PRICE 1 KGS,,,,
BRAND,NAME,CODE,USD $,AED
CALVIN KLEIN,CK ONE,,$130,475
CALVIN KLEIN,DEEP  EUPHORIA,,$130,475
CALVIN KLEIN,COTTON MUSK BODY MIST,PB4575,$150,550
CALVIN KLEIN,ESCAPE WOMAN,,$130,475
CALVIN KLEIN,ETERNITY AIR MEN,,$130,475
CALVIN KLEIN,ETERNITY AIR WOMAN,,$130,475
CALVIN KLEIN,ETERNITY FLAME,,$130,475
CALVIN KLEIN,ETERNITY MAN,,$130,475
CALVIN KLEIN,ETERNITY WOMAN,,$130,475
CALVIN KLEIN,EUPHORIA FORBIDDEN  WOMAN,,$137,500
CALVIN KLEIN,EUPHORIA PURE GOLD MEN,,$130,475
CALVIN KLEIN,EUPHORIA PURE GOLD WOMAN,,$130,475
CALVIN KLEIN,EUPHORIA WOMAN,,$130,475
CALVIN KLEIN,WOMEN,PB874,$355,1300
CANALI,CANALI DAL 1934,,$355,1300
CARNER BARCELONA,BLACK CALAMUS,,$235,860
CARNER BARCELONA,VOLCANO,,$205,750
CAROLINA HERRERA,STALLION LEATHER SIROCCO,S400226,$191,700
CAROLINA HERRERA,CEDAR CHIC TOP,S40096,$273,1000
CAROLINA HERRERA,STALLION LEATHER SUEDE,S400191,$229,840
CAROLINA HERRERA,VERY GOOD GIRL ELIXIR,PB8458,$286,1050
CAROLINA HERRERA,GOOD GIRL SPARKLING ICE,PB5448,$286,1050
CAROLINA HERRERA,BAD BOY COBALT ABSOLUTE,S400280,$180,660
CAROLINA HERRERA,GOOD GIRL SUPREME,PB5745,$286,1050
CAROLINA HERRERA,BAD BOY COBALT ELIXIR,PB8457,$327,1200
CAROLINA HERRERA,BIRDS OF PARADISE FOR HER,PB547,$245,900
CAROLINA HERRERA,CHIC FOR MEN,PB4578,$178,650
CAROLINA HERRERA,212 MAN,,$134,490
CAROLINA HERRERA,212 MEN ACQUA,,$130,475
CAROLINA HERRERA,212 MEN ICE,,$145,530
CAROLINA HERRERA,212 SEXY MAN,,$130,475
CAROLINA HERRERA,212 SEXY WOMAN,,$130,475
CAROLINA HERRERA,212 VIP CLUB,,$130,475
CAROLINA HERRERA,212 VIP BLACK,S400396,$112,410
ALL PRICE 1 KGS,,,,
BRAND,NAME,CODE,USD $,AED
CAROLINA HERRERA,212 VIP BLACK CAB,PB801,$204,750
CAROLINA HERRERA,212 VIP ROSE CAB,S400409,$188,690
CAROLINA HERRERA,212 VIP MEN TOP,,$205,750
CAROLINA HERRERA,212 VIP RED ROSE,,$130,475
CAROLINA HERRERA,212 VIP ROSE,,$130,475
CAROLINA HERRERA,BAD BOY,,$130,475
CAROLINA HERRERA,BRNING ROSE,,$130,475
CAROLINA HERRERA,CH CH MAN,,$130,475
CAROLINA HERRERA,CH CH WOMAN,,$130,475
CAROLINA HERRERA,GOOD GIRL  TOP,S400303,$260,950
CAROLINA HERRERA,MYSTERY TOBACCO,,$145,530
CAROLINA HERRERA,OUD COUTURE,,$130,475
CAROLINA HERRERA,GOOD GIRL JASMINE ABSOLUTE,S400502,$174,640
CAROLINA HERRERA,BAD BOY COBALT PARFUM ELECTRIQUE,PB0824,$286,1050
CAROLINA HERRERA,VERY GOOD GIRL TOP,,$251,920
CAROLINA HERRERA,SAFFRON LAZULI,,$161,590
CAROLINA HERRERA,212 VIP BLACK ELIXIR,S400524,$183,670
CAROLINA HERRERA,212 HEROES,,$221,810
CAROLINA HERRERA,212 MEN HEROES FOREVER YOUNG,,$130,475
CAROLINA HERRERA,GOOD GIRL BLUSH,S40030,$123,450
CAROLINA HERRERA,212 VIP ROSE LOVE NY,,$260,950
CAROLINA HERRERA,GOOD GIRL BLUSH ELIXIR,S40060,$148,540
CAROLINA HERRERA,212 VIP BLACK NY RODEO,PB4565,$286,1050
CAROLINA HERRERA,LA BOMBA,,$178,650
CAROLINA HERRERA,BAD BOY ELIXIR,,$273,1000
CAROLINA HERRERA,212 MEN,,$137,500
CAROLINA HERRERA,GOOD GIRL MIDNIGHT,,$130,475
CAROLINA HERRERA,CH BRIDS OF PARADISE FOR HIM,,$205,750
CAROLINA HERRERA,GOOD GIRL,,$130,475
CARON,POUR UN HOMME,,$130,475
CARON,TABAC EXCUIS,PB578.,$286,1050
CARON,MUSC OLI,,$161,590
CARON,TABAC EXQUIS,,$161,590
CELINE,BLACK TIE TOP,IP-546,$301,1100
ALL PRICE 1 KGS,,,,
BRAND,NAME,CODE,USD $,AED
COSMIC KYLE,COSMIC KYLE JENNER INTENSE,S400511,$180,660
COSMIC KYLE,KYLIE JENNER,PB58,$301,1100
CARTIER,CARTIER PASHA,,$130,475
CARTIER,PASHA DE CARTIER,PB487,$205,750
CARTIER,CARTIER ROADSTER MAN,,$130,475
CARTIER,DECLARATION,,$130,475
CARTIER,LA PANTHERE LUZI TOP,,$251,920
CARTIER,LA PANTHERE  (MEDIUM),,$130,475
CARTIER,MUST DE CARTIER GOLD,,$221,810
CARTIER,DECLARATION TOP,,$191,700
CARTIER,OUD VANILLE,,$227,830
CEDARWOOD SUPER,CEDARWOOD SUPER,,$130,475
CHANEL,BLEU DE CHANEL TOP,S400417,$328,1200
CHANEL,BLEU DE CHANEL SUPER,S400268,$164,600
CHANEL,BLEU DE CHANEL PARFUME TOP,S400323,$273,1000
CHANEL,BOY CHANEL,,$130,475
CHANEL,CHANEL NO 5,S400342,$205,750
CHANEL,CHANCE EAU TENDER,,$130,475
CHANEL,CHANCE EAU SPLENDIDE TOP,PB57874,$327,1200
CHANEL,CHANEL 1957,,$205,750
CHANEL,ALLURE HOME SPORT TOP,S400380,$205,750
CHANEL,CHANEL ALLURE POUR FEMME,,$130,475
CHANEL,CHANEL CHANCE TOP,S400353,$273,1000
CHANEL,CHANEL COCO TOP,S400147,$219,800
CHANEL,COCO MADEMOISELLE TOP,S400357,$205,750
CHANEL,COCO MADEMOISELL FRAGRANCE PREMIER 2025,S400165,$147,540
CHANEL,CHANEL NO 19,,$596,2180
CHANEL,COROMANDEL,,$130,475
CHANEL,GABRIELLE,,$130,475
CHANEL,GABRIELLE EDP 2017,PB870,$245,900
CHANEL,SYCOMORE PERFUME,PB497,$314,1150
CHANEL,ALLURE HOME SPORT SUPERLEGGERA,PB517,$286,1050
CHANEL,COCO NOIR,PB970,$218,800
CHANEL,ALLURE HOMME EDITION BLANCHE,pb475,$245,900
ALL PRICE 1 KGS,,,,
BRAND,NAME,CODE,USD $,AED
CHANEL,CHANEL CHANCE VIVIE,PB248,$218,800
CHANEL,GABRIELLE ESSENCE TOP,PB587,$218,800
CHANEL,GABRIELLE ESSENCE,,$130,475
CHANEL,LES EXCLUSIVE COROMANDEL,,$355,1300
CHANEL,PARIS-DEAUVILLE,,$251,920
CHANEL,CHANCE EAU FRAICHE TOP,S400346,$251,920
CHANEL,COCO MADEMOISELLE L'EAU PRIVEE,,$130,475
CHANEL,SYCOMORE,,$328,1200
CHANEL,N°1 DE CHANEL L'EAU ROUGE,,$219,800
CHANEL,GABRIELLE PARFUM,,$232,850
CHANEL,PARIS-PARIS,,$232,850
CHANEL,COMETE,,$369,1350
CHANEL,COCO MADEMOISELLE INTENSE W,,$130,475
CHANEL,ALLURE HOMME SPORT SUPERLEGGERA TOP,,$396,1450
CHANEL,CHANCE EAU SPLENDIDE,,$145,530
CHANEL,BLEU DE CHANEL L'EXCLUSIF TOP,S400339,$246,900
CHANEL,CHANEL CHANCE,,$270,990
CHANEL,CHANCE EAU TENDRE TOP,S400304,$246,900
CHANEL,EGOISTE PLATINUM NO,,$273,1000
CHARLOTTE TILBURY,COSMIC POWER,,$183,670
CHLOE,EAU DE PARFUM,PB875,$245,900
CHLOE,EAU DE PARFUM INTENSE 2024,PB.8,$382,1400
CHLOE,NOMADE,PB.98,$301,1100
CHLOE,"CHLOE , BELLE FOR WOMAN",,$130,475
CHOPARD,VETIVER D HAITI AU THE VERT,PB807,$464,1700
CHOPARD,MALAKI LEATHER,PB-80,$355,1300
CHOPARD,OUD MALAKI,S400255,$145,530
CHOPARD,1000 MAI CHOPART,,$130,475
CHOPARD,CEDAR MALAKI,,$227,830
CLINIQUE HAPPY,AROMATICS IN BLACK,,$130,475
CLINIQUE HAPPY,HAPPY FOR MEN TOP,,$199,730
CLINIQUE HAPPY,HAPPY FOR MEN  (MEDIUM),,$130,475
CLINIQUE HAPPY,HAPPY FOR WOMEN,,$145,530
CLIVE CHRISTIAN,BLONDE AMBER TOP,S400426,$287,1050
ALL PRICE 1 KGS,,,,
BRAND,NAME,CODE,USD $,AED
CLIVE CHRISTIAN,TIMMELESS,,$546,2000
CLIVE CHRISTIAN,INOX TOP,IS-107,$519,1900
CLIVE CHRISTIAN,MATSUKITA TOP,S400130,$232,850
CLIVE CHRISTIAN,ICONIC FEMININE,PB4848,$382,1400
CLIVE CHRISTIAN,RED TEA VETIVER,PB57412,$355,1300
CLIVE CHRISTIAN,20 ICONIC MASCULINE,PB574,$355,1300
CLIVE CHRISTIAN,CRAB APPLE BLOSSOM,PB5247,$355,1300
CLIVE CHRISTIAN,JUMP UP AND KISS ME HEDONISTIC,IP-487,$355,1300
COMME DES GARCONS,WONDER WOOD TOP,PB52745,$204,750
CLIVE CHRISTIAN,STRANGE HEAVENS OUT OF THE BLUE,S400407,$185,680
CLIVE CHRISTIAN,NO.1 FEM CLIVE CHRISTIN,,$383,1400
CLIVE CHRISTIAN,GOURMAND ORIENTAL WITH SWEET CLOVE MEN,,$342,1250
CLIVE CHRISTIAN,NO 1 FOR MEN,S40021,$164,600
CLIVE CHRISTIAN,1872 FOR MEN,S40037,$175,640
CLIVE CHRISTIAN,X FOR MEN,S40071,$273,1000
CLIVE CHRISTIAN,TOWN  & COUNTRY,PB475,$355,1300
CLIVE CHRISTIAN,MATSUKITA,,$287,1050
COACH,COACH MAN,,$130,475
COACH,COACH PLATINUM,,$130,475
COFFEE,COFFEE,,$115,420
COLOGNE,RAMAGE,,$109,400
COLOGNE,FLEURS D' AMOURE,,$109,400
COMPOUND AA,COMPOUND AA,,$311,1140
COSTUME NATIONAL,SCENT INTENSE,,$183,670
CREATION,ABEER,,$145,530
CREATION,GOLDEN DUST TOP,S400371,$123,450
CREATION,COSMEA,,$130,475
CREATION,GOLDEN DUST,S400138,$68,250
CREATION,SILVER DUST,S400146,$90,330
CREATION,EGYPTIAN MUSK,S400144,$68,250
CREATION,ZAMZAM,,$137,500
CREATION,TIB EL YAMEN,,$130,475
CREATION,WHITE OUD,,$130,475
CREATION,ROSE AND MUSK,,$139,510
ALL PRICE 1 KGS,,,,
BRAND,NAME,CODE,USD $,AED
CREATION,WHITE MUSK,,$116,425
CREATION,SOFT ROSE & OUD,,$161,590
CREATION,GOLDEN PEAK,,$221,810
CREATION,SHAIKH HAMDAN TOP,,$536,1960
CREATION,SHAIKH HAMDAN  (MEDIUM),,$325,1190
CREATION,DOMINATOR,,$145,530
CREATION,ESCAFAWA LUZI,,$130,475
CREATION,MAGIC FRUIT,,$130,475
CREATION,ABEER BAKHOOR,,$130,475
CREATION,RASPBERRY IN BLUE,,$130,475
CREATION,THREE G,,$130,475
CREATION,SWEET BAKHOOR,,$163,600
CREATION,SULTAN,,$161,590
CREATION,TOOTSY,,$130,475
CREATION,WARD AL TAIF,,$235,860
CREATION,ORIENTAL BAKHOOR,,$145,530
CREATION,NEW ORIENTAL FITNESS,,$130,475
CREATION,SUISSE ESSENCE,,$355,1300
CREATION,MUSSABIT,,$191,700
CREATION,BLUE OUD,,$199,730
CREATION,DESERT BLOOM,,$536,1960
CREATION,EMBERGRAIN,,$486,1780
CREATION,FUNDAMENT,,$541,1980
CREATION,STRATA OF STONE,,$525,1920
CREATION,FRAISE,S400216,$68,250
CREATION,SWEET SALINE,,$470,1720
CREATION,VERDANT,,$530,1940
CREATION,FALAK,,$183,670
CREATION,MY FIRST ROSE,,$130,475
CREATION,SMOKE ROSE,,$150,550
CREATION,ROSE WINE,,$130,475
CREATION,ACQUA FUTURA,,$519,1900
CREATION,ELUSIVE FOREST,,$478,1750
CREATION,INFINITE LIGHT,,$410,1500
ALL PRICE 1 KGS,,,,
BRAND,NAME,CODE,USD $,AED
CREATION,SOLAR STONE,,$383,1400
CREATION,WOOD REFLECTION,,$451,1650
CREATION,CHOCOLATE WOOD,,$109,400
CREATION,DARK CHOCOLATE EARTH,,$109,400
CREATION,MANGO CHOCOLATE FIRE,,$109,400
CREATION,MAGNETIC SEDUCTION,,$287,1050
CREATION,OUD PASSION,,$130,475
CREED,ORIGINAL SANTAL TOP,S40051,$327,1200
CREED,ROYAL MAYFAIR 2024,PB848,$382,1400
CREED,ROYAL MAYFAIR 2015,IF-475,$409,1500
CREED,FLEURISSIMO,PB574,$409,1500
CREED,FRAGARIA,PB486,$327,1200
CREED,ROYAL WATER,PB487,$286,1050
CREED,SUBLIME VANILLA TOP,IP8042,$327,1200
CREED,SPRING FLOWERS,PB847,$218,800
CREED,SPICE & WOOD,PB278,$327,1200
CREED,AVENTUS COLONGE TOP,IP-487,$382,1400
CREED,LOVE IN WHITE,PB854,$204,750
CREED,ORGINAL VETIVER 2024 TOP,S400529,$286,1050
CREED,ORGINAL VETIVER,PB4784,$301,1100
CREED,VIRGIN ISLAND WATER,PB54778,$327,1200
CREED,ROYAL OUD TOP,S400541,$437,1600
CREED,MILLESIME IMPERIAL TOP,S40050,$355,1300
CREED,TABAROME MILLESIME,PB507,$286,1050
CREED,CREED AVENTUS TOP,S400365,$437,1600
CREED,CREED AVENTUS SUPER,S40017,$150,550
CREED,CREED BLACK,,$130,475
CREED,WILD VETIVER TOP,S400499,$327,1200
CREED,GREEN IRISH TWEED TOP,S400356,$150,550
CREED,SILVER MOUNTAIN WATER TOP,S40082,$199,730
CREED,SILVER MOUNTAIN WATER SP,S400321,$123,450
CREED,PURE  WHITE COLOGNE,,$161,590
CREED,ROYAL OUD CREED,,$130,475
CREED,VIKING,,$130,475
ALL PRICE 1 KGS,,,,
BRAND,NAME,CODE,USD $,AED
CREED,WHITE AMBER,,$130,475
CREED,AVENTUS FOR HER TOP,S400375,$295,1080
CREED,VIKING COLOGNE MEN,,$221,810
CREED,CREED AVENTUS 10TH ANNIVERSARY,,$325,1190
CREED,WIND FLOWERS,,$219,800
CREED,CARMINA,,$150,550
CREED,ABSOLU AVENTUS SP,S400393,$81,300
CREED,QUEEN OF SILK,,$295,1080
CREED,SPRING FLOWER 2023,,$410,1500
CREED,ELADARIA,,$342,1250
CREED,SUBIIME VANILLE,,$287,1050
CREED,OUD ZARIAN TOP,S400308,$396,1450
CREED,ABSOLU AVENTUS TOP,S400312,$314,1150
CREED,CENTAURUS,,$213,780
CREED,DELPHINUS,,$273,1000
DUSITA,TONKA LATTE,S400180,$164,600
DONNA KARAN,DKNY BE DELICIOUS LATTE VANILLA,S400513,$177,650
DONNA KARAN,DNKY BE DELICIOUS LATTE MATCHA,S400243,$151,555
DONNA KARAN,DNKY BE DELICIOUS LATTE PISTACHIO,S400259,$185,680
D & G,VELVET PASSION OUD,,$314,1150
D & G,FEFE,S400166,$137,500
D & G,DGVIB3 EAU DE PARFUM,S400383,$164,600
D & G,3 L' IMPERATRICE,,$145,530
D & G,THE ONE WOMAN,,$130,475
D & G,THE ONE FOR MEN TOP,S40045,$177,650
D & G,YOUR DEVOUTION EDP INTENSE TOP,S400510,$232,850
D & G,DOLCE GARDEN,,$161,590
D & G,DEVOTION INTENSE TOP,S400465,$232,850
D & G,LEMON,S400203,$191,700
D & G,GREY,,$130,475
D & G,INTENSE WOMAN,,$130,475
D & G,INTENSO D & G,,$130,475
D & G,BY K,S400263,$194,710
D & G,VELVET HONEY SANTAL,S400423,$191,700
ALL PRICE 1 KGS,,,,
BRAND,NAME,CODE,USD $,AED
D & G,LIGHT BLUE W TOP,,$191,700
D & G,LIGHT BLUE LOVE IS LOVE,,$130,475
D & G,LIGHT BLUE POUR HOMME,,$205,750
D & G,THE ONE MYSTERIOUS,,$221,810
D & G,THE ONLY ONE TOP,S400150,$172,630
D & G,VELVET DESERT OUD TOP,S400338,$191,700
D & G,VELVET INCENSO  (MEDIUM),,$145,530
D & G,VELVET ORIENTAL MUSK TOP,,$235,860
D & G,THE ONE POUR HOMME PARFUM,S400253,$176,645
D & G,ROSE THE ONE,,$130,475
D & G,THE ONE LUMINOUS NIGHT,,$130,475
D & G,LIGHT BLUE FOREVER,,$221,810
D & G,VELVET BLACK PATCHOULI TOP,,$205,750
D & G,THE ONLY GREY,,$175,640
D & G,THE ONLY ONE 2,,$161,590
D & G,L' IMPERATRICE 2020 LIMITED EDITION,,$221,810
D & G,DOLCE,,$137,500
D & G,Q BY DOICE & GABBANA,,$232,850
D & G,LIGHT BLUE SUMMER VIBES,,$130,475
D & G,DEVOTION,,$164,600
D & G,K BY DOLCE & GABBANA EDP INTENSE,,$156,570
D & G,VELVET ZAFFERANO TOP,,$273,1000
D & G,DEVOTION EDP INTENSE,,$153,560
D & G,DOLCE BLUE JASMINE,,$137,500
D & G,DEVOTION FOR MEN,,$216,790
D&G,PINEAPPLE,S400168,$235,860
DALAH AL BANAT,DALAH AL BANAT,,$130,475
DANAT AL DUNIYA,DUNIYA TOP,,$150,550
DANAT AL DUNIYA,DANAT AL DUNIYA  (MEDIUM),,$130,475
DAVID BECKHAM,DAVID BECKHAM FOLLOW YOUR INSTINCT 2019,,$145,530
DAVIDOFF,COOL WATER MEN,S400381,$123,450
DAVIDOFF,COOL WATER WAVE MEN,,$130,475
DAVIDOFF,COOL WATER WOMAN,S400373,$82,300
DAVIDOFF,COOL WATER WOMAN BLUE,,$130,475
ALL PRICE 1 KGS,,,,
BRAND,NAME,CODE,USD $,AED
DAVIDOFF,DAVIDOFF HOT WATER,,$130,475
DAVIDOFF,HORIZON,,$130,475
DAVIDOFF,RUN WILD FOR HIM,,$130,475
DAVIDOFF,INDIGO,,$191,700
DAVIDOFF,WOOD BLEND,,$130,475
DAVIDOFF,COOL ELIXIR,,$243,890
DE LA SULTANE DE SABA,AMBER VANILLA PATCHOULI,,$157,575
DIESEL,BAD INTENSE,,$130,475
DIESEL,DIESEL ONLY TATTOO,,$130,475
DIESEL,ONLY THE BRAVE,,$130,475
DIESEL,ONLY THE BRAVE STREET,,$130,475
DIFFUSER OIL,ADRESS,S40021,$71,260
DIFFUSER OIL,LIMON LIMA,S40025,$50,185
DIFFUSER OIL,FEROE,S40026,$86,315
DIFFUSER OIL,WILD PETAL,S40018,$50,185
DIFFUSER OIL,ORANGE TATERA,S40020,$66,240
DIFFUSER OIL,HARMONY,S40022,$71,260
DIFFUSER OIL,VANILLA,S40023,$54,200
DIFFUSER OIL,SENDOA BLUE,S40024,$109,400
DIFFUSER OIL,SENSE ALL,,$123,450
DIFFUSER OIL,OUD SOLEL,F-47855,$68,250
DIFFUSER OIL,TURKISH COFFEE,,$130,475
DIFFUSER OIL,WONDER HOTEL,,$123,450
DIFFUSER OIL,MAINSAIL,,$123,450
DIFFUSER OIL,GINGR EARTH,,$123,450
DIFFUSER OIL,OUDY HOME,,$123,450
DIFFUSER OIL,FRANGIPANI,,$123,450
DIFFUSER OIL,GINGER BLOSSOM,,$123,450
DIOR,FEVE DELICIEUS TOP,IP-840,$382,1400
DIOR,CUIR SADDLE,,$382,1400
DIOR,ADDICT PURPLE GLOW DIOR,IP-02,$355,1300
DIOR,NEW LOOK,,$295,1080
DIOR,AMBRE NUIT,S400260,$159,581
DIOR,DIOR ADDICT TOP,S400163,$219,800
ALL PRICE 1 KGS,,,,
BRAND,NAME,CODE,USD $,AED
DIOR,EAU SAUVAGE,PB26,$382,1400
DIOR,BOIS TALISMAN,S400135,$218,800
DIOR,LUCKY,PB025,$327,1200
DIOR,FAHRENHEIT,S40068,$153,560
DIOR,FAHRENHEIT ABSOLUTE,IP-09,$232,850
DIOR,GRIS MONTAIGNE,,$139,510
DIOR,HOLY PEONY,,$169,620
DIOR,HYPNOTIC POISON,,$137,500
DIOR,J ADORE TOP,S400328,$191,700
DIOR,J ADORE IOR,IP 090,$286,1050
DIOR,J ADORE INTENSE,S400424,$172,630
DIOR,JOY,,$130,475
DIOR,MISS DIOR TOP,S400378,$245,900
DIOR,MISS DIOR CHERIE,,$130,475
DIOR,MISS DIOR EDP 2017,,$130,475
DIOR,MISS DIOR N ROSES,,$130,475
DIOR,OUD ISPHAHAN TOP,S400261,$191,700
DIOR,POISON,,$137,500
DIOR,POISON GIRL,,$137,500
DIOR,POISON GIRL UNEXPECTED,,$130,475
DIOR,PURE POISON,,$137,500
DIOR,PURPLE OUD  TOP,S400161,$221,810
DIOR,SAUVAGE TOP,S400358,$328,1200
DIOR,SAUVAGE SUPER,S400175,$191,700
DIOR,SAUVAGE VERY COOL SPRAY,,$175,640
DIOR,OUD ROSEWOOD TOP,,$295,1080
DIOR,ROUGE TRAFALGAR TOP,S40105,$164,600
DIOR,ROUGE TRAFALGAR ESPIRIT DE PARFUM TOP,S400427,$383,1400
DIOR,TOBACOLOR TOP,,$251,920
DIOR,EDEN ROC,,$145,530
DIOR,SANTAL NOIR,,$145,530
DIOR,SAUVAGE ELIXIR,S40046,$150,550
DIOR,VANILLA DIORAMA,,$221,810
DIOR,LEATHER OUD,,$130,475
ALL PRICE 1 KGS,,,,
BRAND,NAME,CODE,USD $,AED
DIOR,MISS DIOR BLOOMING BOUQUET TOP,S40069,$164,600
DIOR,BOIS D' ARGENT,,$130,475
DIOR,ADDICT EDP,,$130,475
DIOR,DIOR HOMME SPORT 2021 TOP,S40076,$205,750
DIOR,PATCHOULI ELIXIR PRECIEUX,,$232,850
DIOR,MISS DIOR ROSE ESSENCE,,$268,980
DIOR,MISS DIOR PARFUM TOP,T-548W0,$246,900
DIOR,MISS DIOR EDP,,$219,800
DIOR,SAKURA TOP,S400145,$273,1000
DIOR,DIOR HOMME PARFUM 2025 TOP,S400468,$328,1200
DIOR,ROSE STAR,,$519,1900
DIOR,MISS DIOR ESSENCE,,$273,1000
DIOR,DIOR HOMME INTENSE,S40022,$169,620
DIOR,FOREVER AND EVER,S40023,$164,600
DIOR,SAUVAGE EAU FORTE,,$191,700
DIOR,SPICE BLEND,,$183,670
DIPTIQUE,VOLUTES EAU DE PARFUM,,$281,1030
DIPTIQUE,LAZULI,S400198,$273,1000
DIPTIQUE,FLUER DE PEAU EDP,,$287,1050
DIPTIQUE,ORPHEON 2026,S400230,$180,660
DIPTIQUE,ORPHEON EAU DE PARFUM,,$314,1150
DIPTUQUE,EAU DE MINTHE,,$164,600
DIPTYQUE,TAM DAO,S40032,$150,550
DIPTYQUE,PHILOASYKOS EUA DE TOILETTE,,$164,600
DIPTYQUE,L'EAU PAPIER,S400184,$191,700
DIPTYQUE,DO SON,PB4805,$286,1050
DIPTYQUE,L' EAU DE TOILETTE,,$145,530
DKHOUN,EMERAUDE OUD,,$197,720
DRIES VAN NOTEN,RAVING ROSE,,$131,480
DRIES VAN NOTEN,SANTAL GREENERY,IP-048,$327,1200
DRIES VAN NOTEN,SOIE MALAQUAIS,IP-049,$301,1100
DS&DURGA,STEAMED RAINBOW,PB24,$355,1300
DSQUARED,WOOD FOR HIM,,$221,810
DUA AL ZANNAH,DUA AL ZANNAH GR,,$130,475
ALL PRICE 1 KGS,,,,
BRAND,NAME,CODE,USD $,AED
DUNHILL,DESIRE FOR MEN,S400264,$164,600
DUNHILL,ICONE ABSOLUTE,S40027,$219,800
DUNHILL,DUNHILL FRESH TOP,,$145,530
DUNHILL,DUNHILL ICON MAN,S40070,$82,300
DUNHILL,SENTURY BY ALFRED,,$161,590
DURANCE EN PROVENCE,EAU DE PARFUM COTON MUSC,,$156,570
ELECTIMUSS,BLACK CAVIAR,,$342,1250
ELIE SAAB,ELLIE SAAB,,$130,475
ELIE SAAB,LE PARFUM IN WHITE,,$130,475
ELIE SAAB,NUIT NOOR,,$161,590
ELIZABETH ARDEN,5TH AVENUE,,$130,475
ELIZABETH ARDEN,WHITE TEA,,$235,860
ELLA K PERFUMES,MUSC K,,$724,2650
ELLIE SAAB,LE PARFUME ESSENTIEL,,$130,475
ELLIE SAAB,L'HOMME,,$153,560
ELIZABETH ARDEN,RED DOOR,,$124,455
ELLIS BROOKLYN,BEE,,$150,550
ESCADA,CHERRY IN THE AIR,,$130,475
ESCADA,SORBETTO ROSSO,S400214,$109,400
ESCADA,ESCADA CALLECTION,,$130,475
ESCADA,ESCADA ISLAND KISS,,$130,475
ESCADA,ESCADA MOON NEW WO,,$130,475
ESCADA,ESCADA SPECIALITY ALEKSER,,$130,475
ESCADA,ESCADA SUNSET HEAT( M),,$130,475
ESCADA,ESCADA TAJ,,$130,475
ESCADA,FIESTA CARIOCA,,$130,475
ESCADA,MAGNETISM,,$130,475
ESCADA,MIAMI BLOSSOM,,$130,475
ESCADA,SEXY GRAFI ESCADA,,$130,475
ESCADA,TURQUOISE SUMMER ESCADA,,$130,475
ESCADA,TAJ SUNSET,,$160,585
ESCADA,ESCADA S ESCADA,,$130,475
ESCADA,MOON SPARKLE,,$150,550
ESCENTRIC,MOLECULE01+MANDARIN TOP,,$251,920
ALL PRICE 1 KGS,,,,
BRAND,NAME,CODE,USD $,AED
ESCENTRIC,MOLECULE 01 + MANDARIN SUPER,,$235,860
ESCENTRIC,MOLECULE 01 + IRIS TOP,,$505,1850
ESCENTRIC,MOLECULE 01 + IRIS (MEDIUM),,$265,970
ESCENTRIC,MOLECULE 01 + PATCHOULI TOP,,$221,810
ESCENTRIC,MOLECULE 01 + PATCHOUL (MEDIUM),,$161,590
ESCENTRIC MOLECULES,MOLECULE 05 TOP,,$310,1135
ESCENTRIC MOLECULES,MOLECULE 05 (MEDIUM),,$130,475
ESCENTRIC MOLECULES,ESCENTRIC  05 TOP,,$355,1300
ESCENTRIC MOLECULES,ESCENTRIC 01 / LUZI,,$205,750
ESCENTRIC MOLECULES,ESCENTRIC 02 / LUZI,,$475,1740
ESCENTRIC MOLECULES,ESCENTRIC 03/ LUZI,,$295,1080
ESCENTRIC MOLECULES,ESCENTRIC 04/ LUZI,,$221,810
ESCENTRIC MOLECULES,MOLECULES 02  TOP,PB0145,$437,1600
ESCENTRIC MOLECULES,MOLECULE 02 / LUZI,,$475,1740
ESCENTRIC MOLECULES,MOLECULES 02 (MEDIUM),,$221,810
ESCENTRIC MOLECULES,MOLECULES 01,,$145,530
ESCENTRIC MOLECULES,MOLECULE 01 / LUZI,,$145,530
ESCENTRIC MOLECULES,MOLECULE 03/ LUZI,,$295,1080
ESCENTRIC MOLECULES,MOLECULE 05 / LUZI,,$205,750
ESCENTRIC MOLECULES,H01,,$314,1150
ESCENTRIC MOLECULES,ESCENTRIC 02 EXTRAIT TOP TYPE,,$464,1700
ESSENTIAL OIL,MARSHMALLOW,S400391,$109,400
ESSENTIAL OIL,CHAMOMILE,,$123,450
ESSENTIAL OIL,CINNAMON,,$123,450
ESSENTIAL OIL,EUCALYPTUS 50,,$123,450
ESSENTIAL OIL,GRAPEFURIT,,$123,450
ESSENTIAL OIL,NEROLI,,$123,450
ESSENTIAL OIL,ORANGE,,$117,430
ESSENTIAL OIL,SAUGE SCLAREE,,$130,475
ESSENTIAL OIL,ROSEMARY OIL,,$130,475
ESSENTIAL OIL,EUCALYPTUS,SN4005,$68,250
ESSENTIAL OIL,AMBER GRIS,PB0385,$130,475
ESSENTIAL OIL,INCENSO,PB035,$178,650
ESSENTIAL OIL,KIWI,SN4004,$81,300
ALL PRICE 1 KGS,,,,
BRAND,NAME,CODE,USD $,AED
ESSENTIAL OIL,GREEN APPLE 2,PB47,$107,400
ESSENTIAL OIL,PINK PEPPER,PB4792,$178,650
ESSENTIAL OIL,ALDEHYDIC,PB475,$355,1300
ESSENTIAL OIL,ICE CREAM,PB475,$355,1300
ESSENTIAL OIL,APPLE,PB0978,$204,750
ESSENTIAL OIL,TONKA BEAN,PB4878,$204,750
ESSENTIAL OIL,MYRRH,PB5687,$260,950
ESSENTIAL OIL,APRICOT,PB0789,$204,750
ESSENTIAL OIL,GINGER,PB45878,$327,1200
ESSENTIAL OIL,CARAMEL,PB0875,$109,400
ESSENTIAL OIL,BLACK COFEE,PB457,$109,400
ESSENTIAL OIL,LAUNDRY,PB068,$109,400
ESSENTIAL OIL,FRESH FIG,PB079,$109,400
ESSENTIAL OIL,GREEN TEA,PB0358,$109,400
ESSENTIAL OIL,CHAMOMILE OIL,PB5245,$144,530
ESSENTIAL OIL,AHMEDLIZA,PB547,$137,500
ESSENTIAL OIL,CAESER,PB475,$150,550
ESSENTIAL OIL,MAGHRIBHI,PB554,$144,530
ESSENTIAL OIL,MARASIL,PB4555,$218,800
ESSENTIAL OIL,NOORA,PB5577,$144,530
ESSENTIAL OIL,WOOD,PB548,$177,650
ESSENTIAL OIL,ROSE TOP,SN4007,$254,930
ESSENTIAL OIL,DOVE,PB456,$109,400
ESSENTIAL OIL,SANDAL WOOD,PB457,$137,500
ESSENTIAL OIL,AMBER,PB457,$150,550
ESSENTIAL OIL,TOBACCO,PB457,$204,750
ESSENTIAL OIL,JHONSONS,PB457,$150,550
ESSENTIAL OIL,PATCHOULI OIL TOP,PB45,$245,900
ESSENTIAL OIL,VETIVER TOP,PB458,$301,1100
ESSENTIAL OIL,CHOCOLATE TOP,PB548,$245,900
ESSENTIAL OIL,MANDARIN,PB544,$245,900
ESSENTIAL OIL,SAFFRON,PB457,$245,900
ESSENTIAL OIL,SANDAL ROSE,PB6564,$150,550
ESSENTIAL OIL,YLAN YLANG,PB0688,$191,700
ALL PRICE 1 KGS,,,,
BRAND,NAME,CODE,USD $,AED
ESSENTIAL OIL,HONEY,PB4688,$123,450
ESSENTIAL OIL,TUSCANO LEATHER,PB465,$144,530
ESSENTIAL OIL,BLACK OUD,PB482,$204,750
ESSENTIAL OIL,LILY OF THE VALLEY,PB488,$150,550
ESSENTIAL OIL,FRANCKINSENCE,PB064,$150,550
ESSENTIAL OIL,ROSEMARY,PB457,$204,750
ESSENTIAL OIL,EUKALYPTUS,PB454,$130,475
ESSENTIAL OIL,LEATHER,PB457,$150,550
ESSENTIAL OIL,LAVENDER OIL TOP GR,,$235,860
ESSENTIAL OIL,LAVENDER  (MEDIUM),,$115,420
ESSENTIAL OIL,TEA TREE OIL GR,,$145,530
ESSENTIAL OIL,BERGAMOT TOP OIL,,$145,530
ESSENTIAL OIL,BERGAMOT (MEDIUM),,$130,475
ESSENTIAL OIL,STAR ANISE OIL,,$130,475
ESSENTIAL OIL,CHAMOMILE OIL,,$130,475
ESSENTIAL OIL,ORANGE OIL GR,,$115,420
ESSENTIAL OIL,MAJORAM OIL,,$130,475
ESSENTIAL OIL,GRAPEFRUIT OIL,,$115,420
ESSENTIAL OIL,CINNAMON OIL,,$115,420
ESSENTIAL OIL,CLOVE OIL GR,,$130,475
ESSENTIAL OIL,CLARY SAGE,,$130,475
ESSENTIAL OIL,MINT OIL GR,,$130,475
ESSENTIAL OIL,NEROLI OIL,,$130,475
ESSENTIAL OIL,VETIVER OIL,,$295,1080
ESSENTIAL OIL,CEDARWOOD OIL,,$115,420
ESSENTIAL PARFUMS,BOIS IMPERIAL TOP,S400307,$369,1350
ESSENTIAL PARFUMS,BOIS IMPERIAL EXTRAIT,PB544,$355,1300
ESSENTIAL PARFUMS,ORANGE X SANTAL,PB08013,$355,1300
ESSENTIAL PARFUMS,OSMANTHUS ABSOLU,S400506,$174,640
ESSENTIAL PARFUMS,NICE BERGAMOTE,,$302,1105
ESTEE LAUDER,PLEASURES,S400265,$120,440
ESTEE LAUDER,WHITE LINEN,S400292,$158,580
ESTEE LAUDER,PRIVATE COLLECTION,,$175,640
EX NIHILO,AMBER SKY,,$205,750
ALL PRICE 1 KGS,,,,
BRAND,NAME,CODE,USD $,AED
EX NIHILO,ATLAS FEVER,,$130,475
EX NIHILO,CITIZEN X,,$221,810
EX NIHILO,EXPLICITE,,$130,475
EX NIHILO,FLEUR NARCOTIQUE TOP,S400107,$251,920
EX NIHILO,FLEUR NARCOTIQUE LOVE EDITION,,$161,590
EX NIHILO,FLEUR NARCOTIQUE BLOSSOM,,$251,920
EX NIHILO,FLEUR NARCOTIQUE EXTRAIT DE PAR,,$410,1500
EX NIHILO,FRENCH AFFAIR,,$311,1140
EX NIHILO,LOVE SHOT,,$175,640
EX NIHILO,SUBLIME ESSENCE OUD,,$221,810
EX NIHILO,SWEET MORPHINE,,$221,810
EX NIHILO,VENENUM KISS,,$221,810
EX NIHILO,VETIVER MOLOKO,,$251,920
EX NIHILO,GENERATIONS,PB4857,$327,1200
EX NIHILO,CHANDIGRAH EXPRESS,PB467,$245,950
EX NIHILO,EMERALD ROYALS,,$273,1000
EX NIHILO,VENENUM KISS TOP,,$355,1300
EX NIHILO,IDLE HOUR,,$342,1250
EX NIHILO,SANTAL CALLING,,$391,1430
EX NIHILO,BLUE TALISMAN TOP,S40056,$254,930
EX NIHILO,BLUE TALISMAN EXTRAIT TOP,,$464,1700
EX NIHILO,BLUE TALISMAN EXTRAIT,PB845,$327,1200
EX NIHILO,THE HEDONIST TOP,S400481,$355,1300
EX NIHILO,CHANDIGARH EXPRESS,,$145,530
EX NIHILO,SCARLET SANDS,S400209,$232,850
EX NIHILO,LUST IN PARADISE,,$232,850
FABERGE,BRUT ORIGINAL,,$153,560
FERRARI,FERRARI RED,,$130,475
FIDJI,FIDJI TOP,,$145,530
FIXATIVE,FIXATIVE TOP,S40099,$150,550
FLORAIKU,ONE UMBRELLA FOR TWO,,$251,920
FOGG,FOGG PARADISE,,$130,475
FRAGRANCE DU BOIS,OUD ROUGE INTENSE TOP,S400542,$327,1200
FRAGRANCE DU BOIS,OUD VERT INTENSE  TOP,S400543,$327,1200
ALL PRICE 1 KGS,,,,
BRAND,NAME,CODE,USD $,AED
FRAGRANCE DU BOIS,PARISIAN PARFUM TOP,S400544,$286,1050
FRAGRANCE DU BOIS,SANTAL COMPLET,,$178,650
FRAGRANCE DU BOIS,LONDON OUD TOP,S400519,$245,900
FRAGRANCE DU BOIS,RUDE CHERRY,PB455,$355,1300
FRAGRANCE DU BOIS,SIRENE TOP,S400469,$355,1300
FRAGRANCE DU BOIS,LUCIUS TOP,S400504,$423,1550
FRAGRANCE DU BOIS,RUDE OUD,PB576,$355,1300
FRAGRANCE DU BOIS,ZEST MARTIN,,$130,475
FRAGRANCE DU BOIS,TROPIQUES TOP,S400405,$254,930
FRAGRANCE ONE,DATE FOR MEN,PB548,$464,1700
FRAGRANCE ONE,OFFICE FOR MEN,,$301,1100
FRENCH AVENUE,ATLANTIS EXTRAIT,PB6,$286,1050
FRENCH AVENUE,VULCAN BLACK FRIDAY,,$191,700
FRANCK BOCLET,COCAINE LUZI,,$175,640
FRANCK BOCLET,SUGAR,,$139,510
FRANCK OLIVIER,FRANCK OLIVIER,PB0813,$245,900
FRANCK OLIVIER,AMBER,,$191,700
FRANCK OLIVIER,GIORGIA MIDNIGHT,,$199,730
FRANCK OLIVIER,GIORGIA WOMEN,,$169,620
FRANCK OLIVIER,OUD TOUCH,,$221,810
FRANCK OLIVIER,SUN JAVA INTENSE,,$169,620
FREDERIC MALLE,CARNAL FLOWER TOP,S40073,$350,1280
FREDERIC MALLE,EAU DE MAGNOLIA,,$281,1030
FREDERIC MALLE,BIGARADE CONCENTREE,PB44572,$245,900
FREDERIC MALLE,LIPSTICK ROSE,,$205,750
FREDERIC MALLE,PROMISE,,$199,730
FREDERIC MALLE,HOPE,PB547,$464,1700
FREDERIC MALLE,PORTRAIT OF A LADY 15TH ANNIVERSARY,PB54788,$464,1700
FREDERIC MALLE,MUSC RAVAGEUR,PB487,$355,1300
FREDERIC MALLE,THE MOON,,$169,620
FREDERIC MALLE,THE NIGHT TOP,,$716,2620
FREDERIC MALLE,THE NIGHT/ ATTAR LAIL SUPER,,$806,2950
FREDERIC MALLE,PORTRAIT OF A LADY TOP,,$410,1500
FREDERIC MALLE,ACNE STUDIOS TOP,S400448,$423,1550
ALL PRICE 1 KGS,,,,
BRAND,NAME,CODE,USD $,AED
FREDERIC MALLE,UNCUT GEM,,$593,2170
FREDERIC MALLE,ROSE TONNERRE TOP,,$574,2100
FRUITY,BANANA,,$109,400
FRUITY,LYCHE,IP470,$177,650
FRUITY,CANTALUPE,,$109,400
FRUITY,WATERMELON,PB544,$137,500
FRUITY,CARDAMOM,PB570,$178,650
FRUITY,MASMOOM / FAWAKIE,PB581,$150,550
FRUITY,CHERRY,SN4001,$109,400
FRUITY,COCONUT,SN4003,$109,400
FRUITY,FRESH LEMON,SN4002,$60,220
FRUITY,LEMON GR,,$109,400
FRUITY,MANGO/LUZI,,$130,475
FRUITY,MASMOOM / FAWAKIE,,$130,475
FRUITY,PEACH,,$109,400
FRUITY,PINEAPPLE,,$109,400
FRUITY,STRAWBERRY,,$109,400
FRUITY,STRAWBERRY LUZI,,$130,475
FRUITY,STRAWBERRY ICE CREAM,,$109,400
FRUITY,TUTTI FRUITY,,$109,400
FRUITY,VANILLA COCONUT,,$109,400
FRUITY,VANILLA GR,,$123,450
FUGAZZI,PASSIONEFROUDH,PB4566,$204,750
FUGAZZI,ANGEL DUST,IP-02,$464,1700
FUGAZZI,SUGARDADDY TOP,,$287,1050
FUGAZZI,VANILLA HAZE BODY MIST,PF0091,$301,1100
FUGAZZI,MAGIC MANGO,S400178,$191,700
FUGAZZI,BORNTOSTANDOUT,,$145,530
FULL,ATTAR FULL,,$123,450
GERANIUM BST,GERANIUM BST,,$130,475
GIARDINI DI TOSCANA,BORABORA,PB5470,$382,1400
GIARDINI DI TOSCANA,ORO E MIELE,S400528,$183,670
GIARDINI DI TOSCANA,ROSSO RUBINO,PB471,$286,1050
GIARDINI DI TOSCANA,BIANCO ORO,PB048,$355,1300
ALL PRICE 1 KGS,,,,
BRAND,NAME,CODE,USD $,AED
GIARDINI DI TOSCANA,BIANCO LATTE TOP,S400483,$205,750
GISADA,AMBASSADOR MEN,,$268,980
GISSAH,IMPERIAL VELLEY,S400152,$191,700
GISSAH,HUDSON VALLEY,S400133,$175,640
GISSAH,LIQUID GOLD TOP,S400463,$301,1100
GISSAH,CASTILLA TOP,S400139,$273,1000
GISSAH,MARTINIQUE OSMANTHUS,S400257,$178,650
GISSAH,LA LUNA VALLY,,$295,1080
GISSAH,ONE & ONLY,,$260,950
GISSAH,CAPRI,,$142,520
GISSAH,THE LEGEND OF SKY HORIZON TOP,S400210,$273,1000
GISSAH,HELEN EDP,S400131,$137,500
GISSAH,THE LEGEND OF SKY NEXUS,S400202,$273,1000
GISSAH,SAVA TOP,S400172,$287,1050
GISSAH,MONTANA,S400173,$186,680
GISSAH,AKOYA TOP,S400318,$260,950
GISSAH,HUDSON II,S400192,$158,580
GISSAH,SANAD,S400197,$204,750
GISSAH,MAVRO,,$291,1065
GISSAH,SIENA VALLEY,,$232,850
GISSAH,TANGO,,$374,1370
GISSAH,IMPERIAL II,,$355,1300
GISSAH,VESTA MUSK,,$301,1100
GISSAH,ABDUL MAJEED ABDULLAH,,$130,475
GIVAUDAN,BANAFSAY,,$205,750
GIVENCHY,GENTLEMAN SOCIETY SPORT,S400414,$177,650
GIVENCHY,GENTLMAN SOCIETY EAU DE PARFUM AMBRE,PB5857,$204,750
GIVENCHY,EAUDEMOISELLE DE GIVENCHY,PB8050,$260,950
GIVENCHY,AMARIGE,,$251,920
GIVENCHY,EAU DE MOISELLE,,$130,475
GIVENCHY,IRRESISTABLE NECTER EDP TOP,S400491,$232,850
GIVENCHY,IRRESISTABLE,PB055,$286,1050
GIVENCHY,FANTASQUE,PB0055,$286,1050
GIVENCHY,PLAY INTENSE,PB0054,$245,900
ALL PRICE 1 KGS,,,,
BRAND,NAME,CODE,USD $,AED
GIVENCHY,GARCON MANQUE TOP,S400486,$301,1100
GIVENCHY,GENTLEMAN TOP,PB5457,$273,1000
GIVENCHY,GIVENCHY BLUE LEBLE,,$130,475
GIVENCHY,GIVENCHY PLAY WOMAN,,$130,475
GIVENCHY,HOT COUTURE,,$130,475
GIVENCHY,L' INTERDIT ( 2018 ) TOP,S400379,$260,950
GIVENCHY,ONLY GENTLEMAN,,$130,475
GIVENCHY,PI GIVENCHY,,$130,475
GIVENCHY,L'INTERDIT LE PARFUM,S400430,$232,850
GIVENCHY,L'INTERDIT ABSOLU  TOP,S400431,$270,990
GIVENCHY,AMARIGE,,$130,475
GIVENCHY,L'INTERDIT EAU DE PARFUM INTENSE,,$205,750
GIVENCHY,L' INTERDIT EDP ROUGE,,$246,900
GIVENCHY,GENTLEMAN RESERVE PRIVEE,,$130,475
GIVENCHY,VERY IRRESISTIBLE,,$191,700
GIVENCHY,PLAY FOR HER,,$178,650
GIVENCHY,ANGE OU DEMON LE SECRET,,$183,670
GIVENCHY,L'ENFANT TERRIBLE,,$158,580
GIVENCHY,GENTLEMEAN SOCIETY,,$130,475
GIVENCHY,GARCON MANQUE,,$240,880
GOLDFIELD & BANKS,BOHEMIAN LIME,PB07,$327,1200
GOLDFIELD & BANKS,SILKY WOODS ELIXIR,PB024,$409,1500
GOLDFIELD & BANKS,PURPLE SUEDE,IP-010,$382,1400
GOLDFIELD & BANKS,INGENIOUS GINGER,,$218,800
GOLDFIELD & BANKS,PACIFIC ROCK FLOWER,PB48,$355,1300
GOLDFIELD & BANKS,SILKY WOODS,,$178,650
GRITTI,MANGO AOUD,S40091,$169,620
GUCCI,GUILTY ABSOLU DE PARFUM POUR HOMME,S400211,$191,700
GUCCI,FADING AUTUMN SCENTED WATER TOP,S400269,$355,1300
GUCCI,BAMBOO,,$130,475
GUCCI,GUCCI  ENVY  POUR FEMME,,$130,475
GUCCI,GUCCI BY GUCCI,,$219,800
GUCCI,GUCCI BY GUCCI SPORT MAN,,$130,475
GUCCI,GUCCI GUILTY ABSOLUTE MAN,,$130,475
ALL PRICE 1 KGS,,,,
BRAND,NAME,CODE,USD $,AED
GUCCI,GUCCI GUILTY ABSOLUTE WOMAN,,$130,475
GUCCI,OSMANTHUS NECTAR TOP,,$505,1850
GUCCI,GUCCI GUILTY OUD,,$130,475
GUCCI,GUCCI GUILTY WOMEN,S40038,$73,270
GUCCI,GUCCI GUILTY POUR HOMME,S40015,$145,530
GUCCI,GUCCI OUD,,$130,475
GUCCI,GUCCI INTENSE OUD,S400267,$246,900
GUCCI,GUCCI PREMIER,,$130,475
GUCCI,RUSH WOMAN,,$130,475
GUCCI,GUCCI MIDNIGHT STROLL,,$130,475
GUCCI,GUCCI A CHANT FOR THE NYMPH,,$130,475
GUCCI,GUCCI GUILTY LOVE EDITION,,$130,475
GUCCI,FLORA  GORGEOUS  JASMINE,S40014,$145,530
GUCCI,FLORA GORGEOUS GARDENIA INTENSE,PB0547,$286,1050
GUCCI,BLOOM INTENSE,PB054,$204,750
GUCCI,BY,PB2557,$245,900
GUCCI,TEARS FROM THE MOON,PB024,$301,1100
GUCCI,ENVY FOR MEN,PB058,$218,800
GUCCI,POUR HOMME,PB068,$245,900
GUCCI,RUSH MAN,PB054,$218,800
GUCCI,GUILTY ELIXIR POUR HOMME,PB544,$355,1300
GUCCI,GUCCI GUILTY PARFUM POUR HOMME,,$130,475
GUCCI,GUCCI GUILTY ELIXIR DE PARFUM POUR HOMME,,$249,910
GUCCI,A REASON TO LOVE TOP,,$290,1060
GUCCI,THE HEART OF LEO,,$374,1370
GUCCI,GUILTY BLACK,,$142,520
GUCCI,FLORA GORGEOUS GARDENIA INTENSE,,$253,925
GUCCI,GUCCI OUD,,$145,530
GUCCI,GUCCI GUILTY ABSOLU DE PARFUM POUR FEMME,,$221,810
GUCCI,BLOOM TOP,S40012,$205,750
GUCCI,FLORA TOP,S40013,$180,660
GUCCI,THE LAST DAY OF SUMMER EAU DE PARFUM,,$205,750
GUCCI,THE VOICE OF THE SNAKE EAU DE PARFUM,,$199,730
GUCCI,A FLORAL VERSE,,$290,1060
ALL PRICE 1 KGS,,,,
BRAND,NAME,CODE,USD $,AED
GUCCI,FLORA GORGEOUS GARDENIA,,$150,550
GUCCI,FLORA GORGEOUS ORCHID TOP,,$240,880
GUERLAIN,GUERLAIN TABAC SAHARA,S400111,$218,800
GUERLAIN,L'HOMME IDÉAL COLOGNE FORTE,S400421,$183,670
GUERLAIN,AMBER ETERNEL,,$175,640
GUERLAIN,FEVE GOURMANDE,S400154,$251,920
GUERLAIN,VETIVER FAUVE,PB0057,$382,1400
GUERLAIN,ABSOLU ALLEGORIA FLORA BLOOM,PB0058,$327,1200
GUERLAIN,NEROLI OUTRE NOIR,PB0059,$601,2200
GUERLAIN,SHALIMAR L'ESSENCE TOP,S400532,$226,830
GUERLAIN,ROSE CENTIFOLIA EXTRAIT 1,PB0061,$601,2200
GUERLAIN,PATCHOULI PARIS,PB0062,$327,1200
GUERLAIN,AQUA ALLEGORIA FORTE ROSAPALISSANDRO,PB0063,$491,1800
GUERLAIN,AMBRE SAMAR TOP,S400466,$382,1400
GUERLAIN,ROSE AMIRA,S40044,$163,600
GUERLAIN,HABIT ROUGE PARFUM TOP,IP-5245,$382,1400
GUERLAIN,HABIT ROUGE EDP,PB0065,$355,1300
GUERLAIN,IRIS PALIDA EXTRAIT 6,PB0066,$519,1900
GUERLAIN,SPIRITUEUSE DOUBLE VANILLA,S400480,$232,850
GUERLAIN,LA PETITE ROBE NOIR,PB0068,$301,1100
GUERLAIN,BERGAMOTE FANTASTICO EXTRAIT11,PB0069,$573,2100
GUERLAIN,ROSE CENTIFOLIA EXTRAIT 1,PB0070,$628,2300
GUERLAIN,HERBES TROUBLANTES,IP-5804,$355,1300
GUERLAIN,AQUA ALLEGORIA PERA GRANITA,,$205,750
GUERLAIN,BOIS MYSTERIEUX,,$205,750
GUERLAIN,TOBACCO HONEY TOP,S400450,$355,1300
GUERLAIN,CUIR INTENSE,,$235,860
GUERLAIN,ENCENS MYTHIQUE,,$205,750
GUERLAIN,MON GUERLAIN,,$183,670
GUERLAIN,MON GUERLAIN EDP INTENSE,,$205,750
GUERLAIN,SAMSARA,S40019,$178,650
GUERLAIN,SANTAL ROYAL,S400283,$178,650
GUERLAIN,MON GUERLAIN BLOOM OF ROSES EDP,,$235,860
GUERLAIN,LES ABSOLUS D ORIENT PATCHOULI ARDENT,,$325,1190
ALL PRICE 1 KGS,,,,
BRAND,NAME,CODE,USD $,AED
GUERLAIN,MUSK NOBLE,,$130,475
GUERLAIN,OUD ESSENTIEL,,$130,475
GUERLAIN,PATCHOULI ARDENT,,$130,475
GUERLAIN,AQUA ALLEGORIA FLORA SALVAGGIA,,$265,970
GUERLAIN,PECHE MIRAGE TOP,S400345,$328,1200
GUERLAIN,VANILLE PLANIFOLIA EXTRAIT 21,S400476,$355,1300
GUERLAIN,NEROLI OUTRENOIR,,$145,530
GUERLAIN,TONKA SARRAPIA EXTRAIT 75,BN0-T,$328,1200
GUERLIAN,OUD KHOL,,$437,1600
GUERLIAN,CHERRY OUD  TOP,,$342,1250
GLOSSIER,GLOSSIER YOU FLEUR,PB4089,$286,1050
GLOSSIER,GLOSSIER YOU 2017,PB0578,$245,900
GENYM,PAINTER,PB5152,$286,1050
HAJAR ASWAD,HAJAR ASWAD TOP,,$137,500
HARAMAIN,SHEIKH KNIGHT,S400134,$177,650
HARAMAIN,HAYATI,,$221,810
HARAMAIN,WHITE OUD,S40005,$123,450
HARAMAIN,AMBER OUD GOLD EDITION,S40028,$120,440
HARAMAIN,MUKALLAT EMARATH,S400112,$109,400
HARAMAIN,OUDH AL MAJLIS,,$145,530
HARAMAIN,OUDH MA'AL ATTAR,,$130,475
HARAMAIN,OUDH MAAL ATTAR MALIKI,,$150,550
HARAMAIN,OUDH MAJUN MALIKI,,$130,475
HARAMAIN,OUDH SHUYOOKHI,,$130,475
HARAMAIN,RED AFRICAN,,$130,475
HARAMAIN,ATTAR AL KABBA,,$161,590
HAVOC,HAVOC,,$130,475
HELL,HELL,,$130,475
HELL TOP,HELL TOP,,$205,750
HOUSE OF SILLAGE,MINNIE MOUSE THE FRAGRANCE,P687S,$409,1500
HOUSE OF SILLAGE,EMERALD REIGN,IP-060,$301,1100
HOUSE OF SILLAGE,PASSION DE L AMOUR,IP-061,$355,1300
HOUSE OF SILLAGE,RUBY FLAME,IP-062,$286,1050
HOUSE OF SILLAGE,WEDNESDAY,IP-063,$314,1150
ALL PRICE 1 KGS,,,,
BRAND,NAME,CODE,USD $,AED
HOUSE OF BO,COSMOS,,$150,550
HERMES,TERRE D'HERMES,S400301,$205,750
HERMES,TERRE D HERMES INTENSE,IP-478,$301,1100
HERMES,TERRE HERMES EAU GIVREE,PB054,$286,1050
HERMES,UN JARDIN SOUS LA MER HERMES,S400508,$161,590
HERMES,L' AMBRE DES MERVEILLES,,$205,750
HERMES,TWILLY D' HERMES,,$230,840
HERMES,VETIVER INTENSE,,$265,970
HERMES,VOYAGE,,$355,1300
HERMES,H24,S400309,$246,900
HERMES,CABRIOLE,,$178,650
HERMES,BARENIA,,$301,1100
HERMES,24 FAUBOURG,,$243,890
HERMES,AMBRE NARGUILE,,$158,580
HERRERA CONFIDENTIAL,STALLION LEATHER,,$130,475
HERVE GAMBS,NIGHT OWL,,$150,550
HFC,DEVIL'S INTRIGUE,S400352,$287,1050
HFC,I WANNA BE LOVED BY YOU,PB4688,$409,1500
HFC,OR NOIR,PB40017,$254,930
HFC,DIAMOND IN THE SKY,,$301,1100
HFC,DIVINE BLOSSOM,,$273,1000
HFC,GOLDEN FEVER,,$410,1500
HFC,INDIAN VENUS,,$440,1610
HFC,DIVINE BLOSSOM,,$260,950
HFC,VOODOO CHIC,,$287,1050
HFC,FLY TO MIRACLE,,$156,570
HIND AL OUD,AHOJAS TOP,S400287,$251,919
HIND AL OUD,BARARI,,$175,640
HIND AL OUD,LA PARLA,,$130,475
HIND AL OUD,MUSK AL EMARAT,,$145,530
HIND AL OUD,PINK MUSK,,$145,530
HIND AL OUD,SHEIKH ABDULLAH  TOP,,$328,1200
HIND AL OUD,SHEIKH ABDULLAH,,$221,810
HIND AL OUD,EMARATI MUSK,,$130,475
ALL PRICE 1 KGS,,,,
BRAND,NAME,CODE,USD $,AED
HIND AL OUD,TAHNOUN,S400295,$137,500
HORMONE PARIS,THIS IS NOT GABA,S400195,$148,540
HORMONE PARIS,THIS IS NOT CAFFEINE,PF0080,$464,1700
HORMONE PARIS,THIS IS NOT DOPAMINE DRIVE,PF0081,$409,1500
HORMONE PARIS,THIS IS NOT TESTOSTERONE,,$402,1470
HUGO BOSS,BOSS BOTTLED BEYOND,PB2467,$218,800
HUGO BOSS,HUGO X SUPERMAN,S400114,$204,750
HUGO BOSS,HUGO BOSS THE SCENT EDP INTENSE,S400530,$185,680
HUGO BOSS,BOSS BOTTLED OUD,,$145,530
HUGO BOSS,BOSS BOTTLED OUD SAFFRON TOP,,$221,810
HUGO BOSS,HUGO BOSS MAN,,$130,475
HUGO BOSS,HUGO BOSS NEW WOMAN,,$130,475
HUGO BOSS,HUGO BOSS RED,,$130,475
HUGO BOSS,HUGO BOSS SCENT ABSOLUTE,,$130,475
HUGO BOSS,HUGO BOSS SCENT FOR WOMAN,,$130,475
HUGO BOSS,HUGO ICED,,$130,475
HUGO BOSS,HUGO REVERSED,,$130,475
HUGO BOSS,HUGO URBAN JOURNEY,,$130,475
HUGO BOSS,"HUGO, HUGO BOSS",,$130,475
HUGO BOSS,BOSS BOTTLED INTENSE,,$130,475
HUGO BOSS,MA VIE POUR FEMME,PB5687,$218,800
HUGO BOSS,BOSS BOTTLED,,$145,530
HUGO BOSS,BOSS ORANGE WOMEN LZ,,$130,475
HUGO BOSS,THE COLLECTION BOLD INCENSE,,$130,475
HUGO BOSS,THE COLLECTION NOBLE WOOD,,$130,475
HUGO BOSS,BOSS BOTTLED ELIXIR,,$130,475
HUGO BOSS,BOSS BOTTLED PACIFIC,,$130,475
HUGO BOSS,HUGO INTENSE,,$205,750
HUGO BOSS,THE SCENT ELIXIR FOR HIM,PB54,$286,1050
HUGO BOSS,BOSS BOTTLED ABSOLU,,$130,475
HUGO BOSS,BOSS BOTTLED TRIUMPH ELIXIR,,$240,880
HUGO BOSS,BOSS BOTTLED BEYOND,,$156,570
HUGO BOSS,BOTTLED UNLIMITED,,$178,650
HUGO BOSS,THE SCENT MAGNETIC FOR HIM,,$130,475
ALL PRICE 1 KGS,,,,
BRAND,NAME,CODE,USD $,AED
HUGO BOSS,BOSS THE SCENT ELIXIR FOR HER,S400162,$191,700
HENRY JACQUES,ROI SANS EQUIPAGE,PB63548,$601,2200
INDULT,INDULT TIHOTA TOP,IP-5480,$655,2400
IBRAHIM AL QURASHI,BRAZILIAN TOBACCO TOP,S40100,$314,1150
IBRAHIM AL QURASHI,WHITE REGENT DIAMOND,PB545,1400,$382
IBRAHIM AL QURASHI,FRENCH TOBACCO,S40001,$180,660
INITIO PARFUMS PRIVE,LIFT ME UP,S400250,$167,610
INITIO PARFUMS PRIVE,WILD RUSH TOP,S400525,$327,1200
INITIO PARFUMS PRIVE,CAN'T GET ENOUGH,,$281,1030
INITIO PARFUMS PRIVE,ATOMIC ROSE,,$232,850
INITIO PARFUMS PRIVES,MUSK THERAPY TOP,S400500,$260,950
INITIO PARFUMS PRIVES,MUSK THERAPY,,$197,720
INITIO PARFUMS PRIVES,PARAGON,,$393,1440
INITIO PARFUMS PRIVES,OUD FOR GREATNESS TOP,S400348,$328,1200
INITIO PARFUMS PRIVES,ADDICTIVE VIBRATION,,$251,920
INITIO PARFUMS PRIVES,BLESSED BARAKA,,$213,780
INITIO PARFUMS PRIVES,HIGH FREQUENCY,,$175,640
INITIO PARFUMS PRIVES,PSYCHEDELIC LOVE,,$265,970
INITIO PARFUMS PRIVES,OUD FOR GREATNESS NEO,PB4647,$355,1300
INITIO PARFUMS PRIVES,REHAB TOP,,$221,810
INITIO PARFUMS PRIVES,SIDE EFFECT TOP,S400335,$205,750
INITIO PARFUMS PRIVES,ATOMIC ROSE,,$161,590
INITIO PARFUMS PRIVES,PRIVES ABSOLUTE APHRODISIAC,,$221,810
INITIO PARFUMS PRIVES,OUD FOR HAPPINESS,,$295,1080
INITIO PARFUMS PRIVES,NARCOTIC DELIGHT TOP,,$314,1150
INITIO PARFUMS PRIVES,NARCOTIC DELIGHT,,$148,540
INITIO PARFUMS PRIVES,OUD FOR GRATENESS NEO,,$418,1530
ISSEY MIYAKE,"EAU D,ISSEY MIYAKE",,$130,475
ISSEY MIYAKE,LUMIERE D ISSEY,S400518,$173,630
ISSEY MIYAKE,LE SEL D'ISSEY TOP,IP-064,$204,1000
ISSEY MIYAKE,L'EAU D'ISSY PURE NECTAR DE PERFUM,,$205,750
ISSEY MIYAKE,A DROP D ISSEY,,$295,1080
JACQUES BOGART,SILVER SCENT,S400206,$96,350
JUSBOX,WAVE OF FREEDOM 2026 TOP,S400522,$327,1200
ALL PRICE 1 KGS,,,,
BRAND,NAME,CODE,USD $,AED
JEROBAM,UNUE,PBV4,1300,$355
JEROBAM,GOZO,PBV5,1300,$355
JAGUAR,JAGUAR CLASSIC BLACK,,$130,475
JAGUAR,JAGUAR FOR MEN,,$145,530
JAGUAR,STANCE LZ JAGUAR,,$176,645
JASMIN,JASMIN,SN4006,$109,400
JOHN VARVATOS,DARK REBEL,PBV24,$245,900
JEAN PAUL GAULTIER,LA BELLE,,$130,475
JEAN PAUL GAULTIER,LA BELLE FLOWER EDITION,PV50,$286,1050
JEAN PAUL GAULTIER,GUALTIER DIVINE ELIXIR,PV54,$286,1050
JEAN PAUL GAULTIER,LE MALE COLLECTOREDITION 2024,PB457,$178,650
JEAN PAUL GAULTIER,LE MALE PRIDE 2024,PB457,$355,1300
JEAN PAUL GAULTIER,LE MALE PRIDE EDITION,PB457,$327,1200
JEAN PAUL GAULTIER,LA BELLE LE PARFUM,IP-014,$$314,1150
JEAN PAUL GAULTIER,LA BELLE FLEUR TERRIBLE,PBV58,$245,900
JEAN PAUL GAULTIER,GAUTILER 2 TOP,PBV525,$191,700
JEAN PAUL GAULTIER,LE MALE LE PARFUM,IP-065,$314,1150
JEAN PAUL GAULTIER,LE MALE ELIXIR,PBV04,$314,1150
JEAN PAUL GAULTIER,LA MALE TOP,PV482,$314,1150
JEAN PAUL GAULTIER,LE BEAU,,$130,475
JEAN PAUL GAULTIER,SCANDAL,S400288,$170,623
JEAN PAUL GAULTIER,SO SCANDAL,,$205,750
JEAN PAUL GAULTIER,SCANDAL POUR HOME,S40043,$191,700
JEAN PAUL GAULTIER,SCANDAL POUR HOME INTENSE,PB246,$245,900
JEAN PAUL GAULTIER,SCANDAL LE PARFUM,,$219,800
JEAN PAUL GAULTIER,SCANDAL INTENSE TOP,S400467,$301,1100
JEAN PAUL GAULTIER,DIVINE,,$150,550
JEAN PAUL GAULTIER,LE BEAU LE PARFUM,S40061,$147,540
JEAN PAUL GAULTIER,LE MALE IN BLUE,PB755,$286,1050
JEAN PAUL GAULTIER,LE BEAU PARADISE GARDEN TOP,S400482,$301,1100
JEAN PAUL GAULTIER,LA BELLE PARADISE GARDEN,,$150,550
JEAN PAUL GAULTIER,SCANDAL POUR HOMME ABSOLU,S40101,$213,780
JEAN PAUL GAULTIER,SCANDAL POUR HOMME ELIXIR,PB4005,$204,750
JEAN PAUL GAULTIER,GAULTIER DIVINE LE PARFUM,,$137,500
ALL PRICE 1 KGS,,,,
BRAND,NAME,CODE,USD $,AED
JEAN PAUL GAULTIER,MA DAME 2024,,$137,500
JEAN PAUL GAULTIER,SCANDAL WOMEN ABSOLU,,$178,650
JEAN PAUL GAULTIER,LA MALE ELIXIR,,$246,900
JEAN PAUL GAULTIER,CLASSIQUE,,$216,790
JEAN PAUL GAULTIER,LE MALE ELIXIR ABSOLU TOP,,$347,1270
JEAN PAUL GAULTIER,LE BEAU FLOWER EDITION,,$205,750
JEAN PAUL GAULTIER,SCANDAL INTENSE,,$246,900
JEAN PAUL GAULTIER,SCANDAL BY NIGHT,,$178,650
JEAN PAUL GAULTIER,ULTRA MALE,S400374,$164,600
JEAN PAUL GAULTIER,GAULTIER DIVINE ELIXIR,,$230,840
JEAN PAUL GAULTIER,LE ULTRA MALE,,$137,500
JEAN PAUL GAULTIER,LE MALE LOVER,,$150,550
JEAN PAUL GAULTIER,GAULTIER DIVINE LE PARFUM,,$186,680
JEAN PAUL GAULTTER,CLASSIC MEN,,$130,475
JEAN PAUL GAULTTER,LA MALE,,$130,475
JEAN PAUL GAULTTER,SCANDAL GOLD TOP,,$265,970
JOURI,JILD,,$382,1400
JENNFER LOPEZ,STILL,,$180,660
JEROBOAM,GOZO JEROBOAM,,$301,1100
JEROBOAM,ORIENTO,,$328,1200
JIL SANDER,SUN MEN,,$191,700
JIMMY CHOO,I WANT CHOO WITH LOVE,PB6458,$286,1050
JIMMY CHOO,I WANT CHOO,PB6478,$327,1200
JIMMY CHOO,BLOSSOM,PB2465,$245,900
JIMMY CHOO,JIMMY CHOO MAN,S400169,$164,600
JIMMY CHOO,JIMMY CHOO FEVER,,$130,475
JIMMY CHOO,I WANT CHOO LE PARFUM,PB7584,$245,900
JIMMY CHOO,JIMMY CHOO MAN BLUE,,$130,475
JIMMY CHOO,URBAN HERO,,$130,475
JIMMY CHOO,JIMMY CHOO MAN INTENSE,,$145,530
JO  MALONE,SCARLET POPPY INTENSE,,$175,640
JO MALONE LONDON,NECTARINE BLOSSOM & HONEY,S40035,$123,450
JO MALONE LONDON,ENGLISH PEAR & FREESIA TOP,S40090,$327,1200
JO MALONE LONDON,GINGER BEER COLOGNE,S40089,$174,640
ALL PRICE 1 KGS,,,,
BRAND,NAME,CODE,USD $,AED
JO MALONE LONDON,MUSK MOMENTO,,$150,550
JO MALONE LONDON,SANDALWOOD & SPICED APRICOT COLONGE,PBV5748,$204,750
JO MALONE LONDON,AMBER LABDANUM COLOGNE INTENSE,PBV567,$464,1700
JO MALONE LONDON,CYPRESS AND GRAPEVINECOLONGE INTENSE,PBV548,$301,1100
JO MALONE LONDON,DARK AMBER & GINGER LILY TOP,PBB55,$232,850
JO MALONE LONDON,GINGER BISCUIT TOP TOP,P-457S,$437,1600
JO MALONE LONDON,ORANGE BLOSSOM,,$219,800
JO MALONE LONDON,BLACKBERRY & BAY,,$169,620
JO MALONE LONDON,MYRRH & TONKA COLOGNE INTENES,,$246,900
JO MALONE LONDON,GREEN ALMOND & REDCURRANT,,$130,475
JO MALONE LONDON,MYRRH & TONKA,,$130,475
JO MALONE LONDON,OUD & BERGAMOT,,$251,920
JO MALONE LONDON,TUBEROSE ANGELICA,,$130,475
JO MALONE LONDON,VELVET ROSE & OUD,,$221,810
JO MALONE LONDON,WILD BLUEBLL COLOGNE,,$145,530
JO MALONE LONDON,154 COLOGNE,,$161,590
JO MALONE LONDON,TANGY RHUBARB COLOGNE,,$251,920
JO MALONE LONDON,LIME BASIL & MANDARIN,,$191,700
JO MALONE LONDON,ELDERFLOWER CORDIAL COLOGNE,,$164,600
JO MALONE LONDON,BITTER MANDARIN,,$246,900
JO MALONE LONDON,JASMINE SAMBAC & MARIGOLD,,$219,800
JO MALONE LONDON,ROSE BLUSH COLOGNE (2023),,$251,920
JO MALONE LONDON,ROSE WATER &VANILLA COLOGNE (2023),,$161,590
JO MALONE LONDON,SUNLIT CHERIMOYA COLOGNE,S400149,$183,670
JO MALONE LONDON,ORANGE MARMALADE,,$191,700
JO MALONE LONDON,HONEYSUCKLE & DAVANA,,$130,475
JO MALONE LONDON,BLUE AGAVA AND CACAO,,$150,550
JO MALONE LONDON,ENGLISH PEAR,,$179,655
JO MALONE LONDON,HINOKI & CEDARWOOD,,$219,800
JO MALONE LONDON,RED HIBISCUS,,$213,780
JO MALONE LONDON,POPPY & BARLEY,,$240,880
JO MALONE LONDON,WOOD SAGE & SEA SALT,,$150,550
JO MALONE LONDON,DARK AMBER & GINGER LILY,,$130,475
JOHAN B,CHERRY DELICS,,$175,640
ALL PRICE 1 KGS,,,,
BRAND,NAME,CODE,USD $,AED
JOHN VARVATOS,JOHN VARVATOS OUD,,$269,985
JUSBOX,CARIOCA HEART TOP,IP-4875,$464,1700
JOOP,NIGHT FLIGHT,,$130,475
JOOP,JOOP HOMME ABSOLUTE,,$130,475
JUCCI COUTURE,VIVA LA JUCCI,,$130,475
JULIETTE HAS A GUN,ANOTHER OUD,,$235,860
JULIETTE HAS A GUN,BANANNA RUSH,S400413,$232,850
JULIETTE HAS A GUN,NOT A PERFUME,,$205,750
JULIETTE HAS A GUN,Mmmm…,PBV4,$327,1200
JULIETTE HAS A GUN,MUSC INVISIBLE,PB47,$218,800
JULIETTE HAS A GUN,POWDER LOVE TOP,S400412,$286,950
JULIETTE HAS A GUN,NOT A PERFUME SUPERDOSE,,$314,1150
JULIETTE HAS A GUN,MIAMI SHAKE,S400190,$232,850
JULIETTE HAS A GUN,EGO STRATIS,,$130,475
JUNIPER LANE PERFUMES,MOON FLOWER,,$295,1080
KEROSENE,FOLLOWED,PBV4,$409,1500
KAJAL,RUBY,PB42,$327,1200
KAJAL,DAHAB TOP,PB47,$327,1200
KAJAL,LAMAR CAVIAR,S400176,$164,600
KAJAL,LAMAR TOP,,$328,1200
KAJAL,ALMAZ,,$145,530
KAJAL,LAMAR NOIR,,$145,530
KANOOS,KANOOS,,$161,590
KAYALI,FREEDOM MUSK BOUQUET | 27 EAU DE PARFUM TOP,S400515,$273,1000
KAYALI,FREEDOM MUSK SANTAL | 34 EAU DE PARFUM,S400534,$164,600
KAYALI,KAYALI EDEN SWEET PEACH 35,S400419,$174,640
KAYALI,FREEDOM MUSK BOUQUET | 27 EAU DE PARFUM,S400422,$177,650
KAYALI,FREEDOM MUSK LATTE | 41 EAU DE PARFUM TOP,S400535,$273,1000
KAYALI,KAYALI EDEN PLUSH PEAR 23,S400425,$174,640
KAYALI,FREEDOM MUSK MATCHA 45 TOP,S400540,$327,1200
KAYALI,KAYALI THE WEDDING SILK SANTAL 36,,$301,1100
KAYALI,UTOPIA VANILLA COCO 21 TOP,S400443,$232,850
KAYALI,OUDGASM VANILLA OUD 36 EAU DE PARFUM INTENSE TOP,S400456,$260,950
KAYALI,DEJA VU WHITE FLOWER 57,,$156,570
ALL PRICE 1 KGS,,,,
BRAND,NAME,CODE,USD $,AED
KAYALI,YUM BOUJEE MARSHMALLOW 81 TOP,S400501,$205,750
KAYALI,EDEN JUICY APPLE | 01 EAU DE PARFUM,S40036,$93,340
KAYALI,THE WEDDING VELVET SANTAL,PB14,$286,1050
KAYALI,FRAGRANCES MARRAKESH IN A BOTTLE  ORANGE BLOSSOM 24,PB08,$286,1050
KAYALI,CAPRI IN A BOTTLE LEMON SUGAR|14 EAU DE PARFUM,S400539,$123,450
KAYALI,OUDGASM ROSE OUD 16 EAU DE PARFUME INTENSE,S400160,$229,840
KAYALI,SWEET DIAMOND PINK PEPPER 25,S400447,$301,1100
KAYALI,VANILLA CANDY ROCK SUGARED TOP,PB1804,$327,1200
KAYALI,FLEUR MAJESTY ROSE ROYALE 31 TOP,S400458,$246,900
KAYALI,YUM PISTACHIO GELATO 33,S400183,$150,550
KAYALI,KAYALI OUDGASM TOBACCO OUD 04,S400171,$229,840
KAYALI,OUDGASM MILKY MUSK OUD 30,S400186,$164,600
KAYALI,OUDGASM CHOCOLAT OUD,,$219,800
KAYALI,LOVEFEST BURNING CHERRY 48,S40075,$82,300
KAYALI,CITRUS 08,PB666,$286,1050
KAYALI,MALDIVES IN A BOTTLE YLANG COCO KAYALI,S400225,$170,623
KAYALI,INVITE ONLY AMBER 23 TOP,S400185,$287,1050
KAYALI,ELIXIR 11,,$137,500
KAYALI,VANILLE ROYALE SUGARED PATCHOULI 64 INTENSE,S400113,$205,750
KAYALI,MUSK 12,,$137,500
KAYALI,OUDGASM SMOKY OUD 07,S400189,$204,750
KAYALI,EDEN SPARKLING LYCHEE 39,S400445,$218,800
KAYALI,OUDGASM CAFÉ OUD 19 PARFUM INTENSE,S400446,$301,1100
KAYALI,VANILLA 28,S400507,$112,410
KAYALI,DEJA VU WHITE FLOWER 57,,$150,550
KAYALI,MAUL IN A BOTTLE SWEET BANANA,,$161,590
KENZO,AQUA KENZO POUR LUI,,$130,475
KENZO,L EAU PURE,PBB01,$245,900
KENZO,HOMME INDIGO,PBB02,$286,1050
KENZO,FLOWER BY KENZO CHERRY POPPY,PBB03,$286,1050
KENZO,L EAU PAR POUR HOMME,PBB04,$191,700
KENZO,POUR HOMME,PBB05,$191,700
KENZO,KENZO AMOUR,,$139,510
KENZO,KENZO FLOWER,,$130,475
ALL PRICE 1 KGS,,,,
BRAND,NAME,CODE,USD $,AED
KENZO,KENZO JUNGLE,,$130,475
KENZO,KENZO WORLD INTENSE,,$175,640
KENZO,PERFUME D'ETE,,$130,475
KENZO,KENZO HOMME MARINE,,$150,550
KHADLAJ,HARIM AL SULTAN,,$115,420
KILIAN,AMBER OUD,,$221,810
KILIAN,FORBIDDEN GAMES (2026),S400227,$174,640
KILIAN,BACK TO BACK,,$205,750
KILIAN,BAD BOYS ARE NO GOOD BUT GOOD BOYS ARE NO FUN,,$221,810
KILIAN,DARK LORD,,$199,730
KILIAN,HER MAJESTY,S400181,$164,600
KILIAN,FORBIDDEN GAMES,,$161,590
KILIAN,GOLD KNIGHT,,$205,750
KILIAN,GOLD OUD KILIAN,,$139,510
KILIAN,GOOD GIRL GONE BAD  (MEDIUM),,$191,700
KILIAN,GOOD GIRL GONE BAD EXTREME,,$205,750
KILIAN,KILLING ME SLOWLY,,$205,750
KILIAN,ROLLING IN LOVE,,$205,750
KILIAN,VODKA ON THE ROCKS,,$251,920
KILIAN,WOMAN IN GOLD,,$221,810
KILIAN,WHITE HEAVEN,,$175,640
KILIAN,BAMBOO HARMONY,,$221,810
KILIAN,KISSES DON'T LIE,,$191,700
KILIAN,BLACK PHANTOM MIMENTO MORI,,$205,750
KILIAN,INTOXICATED,,$205,750
KILIAN,ANGELS SHARE TOP,S400326,$355,1300
KILIAN,ANGELS SHARE SP,S400290,$73,270
KILIAN,ROSES ON ICE,,$191,700
KILIAN,A KISS FROM A ROSE,,$221,810
KILIAN,STRAIGHT TO HEAVEN,PBB06,$286,1050
KILIAN,MOONLIGHT IN HEAVEN,PBB07,$301,1200
KILIAN,SINGLE MALT,PBB08,$286,1050
KILIAN,PRINCESS,PBB09,$286,1050
KILIAN,SMOKE LIKE HOT,PBB010,$286,1050
ALL PRICE 1 KGS,,,,
BRAND,NAME,CODE,USD $,AED
KILIAN,DANGEROUES IN LOVE,PBB011,$327,1200
KILIAN,OLD FASHOINED TOP,PBB012,$286,1050
KILIAN,LIGHT MY FIRE,,$205,750
KILIAN,STRAIGHT TO HEAVEN OUD & MUSK SPECIAL BLEND 2021,,$311,1140
KILIAN,PERAL OUD,,$221,810
KILIAN,ROYAL LEATHER,,$221,810
KILIAN,PLAYING WITH THE DEVIL,,$205,750
KILIAN,ON THE ROCKS,,$130,475
KILIAN,MUSK BUTTERFLY,,$260,950
KILIAN,LOVE DON'T BE SHY -ROSE & OUD,,$410,1500
KILIAN,CAN'T STOP LOVING YOU,,$314,1150
KILIAN,ANGELS SHARE PARADIS,,$369,1350
KILIAN,FIEVRE VERTE,,$175,640
KILIAN,ANGELS SHARE ON THE ROCKS,,$342,1250
KILIAN,SMOKING HOT TOP,S40079,$314,1150
KILIAN,OLD FASHIONED,,$150,550
KILIAN,BLUE MOON GINGER DASH,,$309,1130
KILIAN,LOVE DON'T SHY AMBER & OUD SPECIAL BLEND 2023,,$156,570
KILIAN,L'HEURE VERTE,,$328,1200
KILIAN,APPLE BRANDY ON THE ROCKS,,$265,970
KILIAN,GOOD GIRL GONE BAD LUZI TOP,,$235,860
KILIAN,APPLE BRANDY,,$161,590
KILIAN,BAD BOYS ARE NO GOOD BUT GOOD BOYS ARE NO FUN,,$221,810
KILIAN,IN THE CITY OF SIN,,$205,750
KILIAN,INTOXICATED,,$161,590
KILIAN,LOVE DON’T BE SHY TOP,S400361,$205,750
KILIAN,TO BE A PRINCESS,,$221,810
KILIAN,WHITE HEAVEN TOP,,$265,970
KILIAN,KOLOGNE .SHIELD OF PROTECTION,,$219,800
KILIAN,SUNKISSED GODDESS,,$164,600
KINSKI,KINSKI,,$355,1300
LUSH,PUMPKIN SPICE,PBB0123,$245,900
LUSH,CHERRYISH,PBB013,$177,650
LUSH,STICKY DATES TOP,IP845,$301,1100
ALL PRICE 1 KGS,,,,
BRAND,NAME,CODE,USD $,AED
LACOSTE,EAU DE LACOSTE L12.12 FAICHE POUR ELLE,,$130,475
LACOSTE,EAU DE LACOSTE L12.12 FAICHE POUR LUI,,$130,475
LACOSTE,L.12.12.ROUGE,,$130,475
LACOSTE,LACOSTE CHALLENGE,,$130,475
LACOSTE,LACOSTE ESSETIAL,,$130,475
LACOSTE,LACOSTE JOY OF PINK,,$130,475
LACOSTE,l.12.12 SILVER GREY,PBB016,$327,1200
LACOSTE,LACOSTE ESSENTIAL SPORT,PBB045,$245,900
LACOSTE,LACOSTE SENSUAL,,$130,475
LACOSTE,LACOSTE STYLE IN PLAY,,$130,475
LACOSTE,LACOSTE WHITE,,$130,475
LACOSTE,TOUCH OF PINK,,$130,475
LACOSTE,LACOSTE POUR FEMME LZ,,$130,475
LACOSTE,LACOSTE POUR FEMME,,$130,475
LACOSTE,EAU DE LACOSTE L.12.12 BLANC,,$130,475
LALIQUE,ENCRE NOIRE,,$130,475
LALIQUE,"L,AMOUR",,$130,475
LALIQUE,"LE PARFUM, LALIQUE RED",,$130,475
LALIQUE,SATINE,,$130,475
LALIQUE,WHITE,,$130,475
LALIQUE,L AMOUR LALIQUE,,$255,935
LALIQUE,ENCRE NOIR,,$587,2150
LANCOM,O COOL MIST,S400523,$183,670
LANCOM,IDOLE POWER,PB468,$464,1700
LANCOM,OFF NOW,PBB044,$327,1200
LANCOM,ABSOLU ROSE FROM THE DARK,PBB060,$355,1300
LANCOM,LA NUIT TRESOR VANILE NOIRE,PBB061,$286,1050
LANCOM,ABSOLUE OUD BOUQUET,PB05B,$245,900
LANCOM,LA VIE EST BELLE VANILLA NUDE,PB0245,$286,1050
LANCOM,LA VIE EST BELLE L'ELIXIR,PB0154,$204,750
LANCOM,POEME,PB0145,$301,1100
LANCOM,IDOLE LE PARFUM,PB101,$355,1300
LANCOM,HYPNOSE,,$161,590
LANCOM,IDOLE TOP,S400258,$112,410
ALL PRICE 1 KGS,,,,
BRAND,NAME,CODE,USD $,AED
LANCOM,IDOLE L'INTENSE,,$161,590
LANCOM,LA NUIT TRESOR A LA FOLIE,,$130,475
LANCOM,LA NUIT TRESOR LANCOM,,$130,475
LANCOM,LA VIE EST BELLE EDP I'ECLAT,,$130,475
LANCOM,LA VIE EST BELLE EN ROSE,,$130,475
LANCOM,LA VIE EST BELLE,S400277,$109,400
LANCOM,OUD BOUQUET LANCOM,,$130,475
LANCOM,TRESOR MIDNIGHT ROSE,,$130,475
LANCOM,LA NUIT TRESOR NUDE,,$130,475
LANCOM,IDOLE PEACH N ROSES,,$301,1100
LANCOM,IDOLE NOW,,$130,475
LANCOM,IDOLE AURA,,$145,530
LANCOM,LA VIE EST BELLE INTENSEMENT,,$191,700
LANCOM,HYPNOSE,,$172,630
LANCOM,LA VIE EST BELLE VANILLE NUDE,,$208,760
LANCOME,MAGNIFIQUE,,$268,980
LANCOME,MAGIE NOIRE,,$208,760
LANCOME,LA NUIT TRESOR NUDE,,$139,510
LANCOME,ABSOLUTE FORBIDDEN ROSE,,$301,1100
LANVIN,L HOMME,S40067,$177,650
LANVIN,ECLAT,S400285,$137,500
LANVIN,MARRY ME,,$161,590
LANVIN,MODERN PRINCESS,,$130,475
LANVIN,ECLAT D ARPEGE,,$127,465
LANVIN,OCYGENE,,$150,550
L'ARTISAN PARFUMEUR,LE CHANT DE CAMARGUE,,$221,810
LATTAFA,KHAMRAH WAHA,S400234,$174,640
LATTAFA,ASAD ELIXIR,,$188,690
LATTAFA,YARA ELIXIR,,$177,650
LATTAFA,OUD MOOD,PBB0101,$286,1050
LATTAFA,NERBAS,PBB0102,$204,750
LATTAFA,AFFECTION,PBB0140,$177,650
LATTAFA,ANA ABIYEDH SCARLET,PBB201,$286,1050
LATTAFA,ECLAIRE TOP,S400215,$137,500
ALL PRICE 1 KGS,,,,
BRAND,NAME,CODE,USD $,AED
LATTAFA,NOW,PB047,$204,750
LATTAFA,ASAD BOUBORN,S400156,$150,550
LATTAFA,AMEER AL OUDH,PB05247,$109,400
LATTAFA,TERIAQ INTENSE,,$130,475
LATTAFA,ANA ABIYEDH,,$145,530
LATTAFA,AZEEZAH,,$130,475
LATTAFA,ROUAT AL MUSK,,$130,475
LATTAFA,YARA YELLOW,,$130,475
LATTAFA,YARA PINK TOP,S40033,$123,450
LATTAFA,YARA CANDY,,$130,475
LATTAFA,ASAD TOP,S400127,$186,680
LATTAFA,KHAMRAH TOP,S400110,$150,550
LATTAFA,KHAMRAH QAHWA,S40098,$96,350
LATTAFA,RAMZ  GOLD TOP,S400207,$191,700
LATTAFA,HAYATI,,$142,520
LATTAFA,BADE E AL OUD OUD FOR GLORY,,$158,580
LATTAFA,LATTAFA BADE AL OUD AMETHYSTE,S400157,$150,550
LATTFA,PEACE & LOVE,,$142,520
LAURA MERCIER,AMBRE VANILLE EAU DE PARFUM,,$187,685
LAVERNE,L ADORE BAKHUR CLASSIC,,$205,750
LAVERNE,BLUE LAVERNE BAKHUR,,$355,1300
LAVERNE,MISS LAVERNE TOP,,$273,1000
LE LABO,ROSE 31,,$251,920
LE LABO,SANTAL 33 TOP,S400317,$260,950
LE LABO,SANTAL 33  (MEDIUM),S400397,$83,304
LE LABO,THE MATCHA 26,S400531,$177,650
LE LABO,NEROLI 36,PBBV1,$246,900
LE LABO,VETIVER 46 TOP,,$445,1630
LE LABO,VETIVER 46 (MEDIUM),,$161,590
LE LABO,BERGAMOTE 22,,$355,1300
LE LABO,THE NOIR 29,,$145,530
LE LABO,GAIAC 10 TOKYO,,$301,1100
LE LABO,ANOTHER 13,S400343,$369,1350
LE LABO,OUD 27,,$306,1120
ALL PRICE 1 KGS,,,,
BRAND,NAME,CODE,USD $,AED
LE LABO,EUCALYPTUS 20,,$322,1180
LE LABO,PATCHOULI 24,,$219,800
LENGLING,SEKUSHI NO. 7,,$191,700
LES EAUX PRIMORDIALES,VANILLE SUPERMASSIVE,,$219,800
LES LIQUIDES IMAGINAIRES,AME DE FLEUR,S400256,$191,700
LES LIQUIDES IMAGINAIRES,BUVEUR DE VENT TOP,S400464,$301,1100
LES LIQUIDES IMAGINAIRES,L'LLE POURPE  TOP,,$344,1260
LES LIQUIDES IMAGINAIRES,DAM ROSA,PBB045,$409,1500
LES LIQUIDES IMAGINAIRES,LIQUIDE LES,PBB046,$491,1800
LES LIQUIDES IMAGINAIRES,BLANCH BETE,,$383,1400
LOEWE,ROSTED VANILLA,S400236,$164,600
LOEWE,AGUA DROP,,$164,600
LOEWE,AIRE SUTILEZA,PBB015,$191,700
LOEWE,IRIS ROOT TOP,PB459,$382,1400
LOEWE,SOLO VULCAN,,$156,570
LOEWE,"QUIZAS,QUIZAS",,$197,720
LOEWE,ESENCIA EAU DE TOILETTE POUR HOMME,,$130,475
LONDON,WIDIAN,,$255,935
LORENZO PAZZAGLIA,VAN PY RHUM,IP-5478,$437,1600
LORENZO PAZZAGLIA,SUMMER HAMMER TOP,S400368,$301,1100
LORENZO PAZZAGLIA,COFFE PASSION TOP,S400418,$172,630
LORENZO PAZZAGLIA,SUN GRIA,PB4164,$245,900
LORENZO PAZZAGLIA,SPEACHLESS,PB487,$327,1200
LORENZO PAZZAGLIA,QUE CHIMBA,S400233,$218,800
LORENZO PAZZAGLIA,PINK MILK TOP,S400222,$327,1200
LORENZO PAZZAGLIA,DARK FLORUM,S400382,$210,770
LORENZO PAZZAGLIA,BLACK SEA TOP,PB457,$327,1200
LORENZO PAZZAGLIA,SEX SEA,T-875B,$273,1000
LORENZO PAZZAGLIA,BLACK SEA,,$150,550
LORENZO VILLORESI,TEINT DE NEIGE,S400297,$96,350
LAURENT MAZZONE,PISTACHE EAU DE PARFUME,PB457,$286,1050
LABORATORIO OLFATTIVO,VANAGLORIA,PBB057,$574,2100
LOTUS SAUDI,LOTUS SAUDI,,$130,475
LOUIS VUITTON,MYRIAD TOP,,"$1,421",5200
ALL PRICE 1 KGS,,,,
BRAND,NAME,CODE,USD $,AED
LOUIS VUITTON,DANCING BLOSSOM TOP,S40065,$355,1300
LOUIS VUITTON,ATTRAPE REVES,,$221,810
LOUIS VUITTON,CCEUR BATTANT TOP,S40094,$145,530
LOUIS VUITTON,CONTRE MOI,,$205,750
LOUIS VUITTON,L IMMENSITE TOP,S400320,$355,1300
LOUIS VUITTON,LES SABLES ROSES,PBV101,$245,900
LOUIS VUITTON,LES SABLES ROSES TOP,PBV5747,$546,2000
LOUIS VUITTON,NOUVEAU MONDE TOP,S40104,$410,1500
LOUIS VUITTON,OMBRE NOMADE TOP,S40007,$273,1000
LOUIS VUITTON,CALIFORNIA DREAM TOP,S400300,$464,1700
LOUIS VUITTON,IMAGINATION TOP,S400366,$410,1500
LOUIS VUITTON,IMAGINATION (MEDIUM),,$273,1000
LOUIS VUITTON,NUIT DE FEU,,$265,970
LOUIS VUITTON,AU HASARD TOP,,$437,1600
LOUIS VUITTON,AU HASARD,,$130,475
LOUIS VUITTON,AMBRE LEVANT,PBV1,$464,1700
LOUIS VUITTON,APOGEE TOP,PBV47,$286,1050
LOUIS VUITTON,LVERS COPPER EDITION TOP TOP,IP-808,$601,2200
LOUIS VUITTON,APOGEE,,$130,475
LOUIS VUITTON,TURBULENCES,,$130,475
LOUIS VUITTON,MILE FEUX,,$130,475
LOUIS VUITTON,MATIERE NOIRE FR,,$130,475
LOUIS VUITTON,LE JOUR SE LEVE,,$265,970
LOUIS VUITTON,DANS LA PEAU,,$221,810
LOUIS VUITTON,PUR OUD TOP TOP,,"$2,158",7900
LOUIS VUITTON,PUR OUD,,$301,1100
LOUIS VUITTON,FLEUR DU DESERT,,$328,1200
LOUIS VUITTON,CITY OF STARS TOP,,$382,1400
LOUIS VUITTON,CITY OF STARS,,$232,850
LOUIS VUITTON,STELLAR TIMES TOP,S-621,$464,1700
LOUIS VUITTON,STELLAR TIMES SUPER,S40011,$178,650
LOUIS VUITTON,SYMPHONY TOP,S40029,$301,1100
LOUIS VUITTON,SYMPHONY,S40008,$145,530
LOUIS VUITTON,PACIFIC CHILL TOP,S40034,$382,1400
ALL PRICE 1 KGS,,,,
BRAND,NAME,CODE,USD $,AED
LOUIS VUITTON,PACIFIC CHILL SUPER,S40009,$232,850
LOUIS VUITTON,MYRIAD TOP,,$437,1600
LOUIS VUITTON,MYRIAD SUPER,,$327,1200
LOUIS VUITTON,ELVES,S40054,$169,620
LOUIS VUITTON,ELVES TOP TOP,,$443,1620
LOUIS VUITTON,ON THE BEACH,S400400,$128,470
LOUIS VUITTON,AFTERNOON SWIM TOP,,$415,1520
LOUIS VUITTON,AFTERNOON SWIM SUPER,S40010,$180,660
LOUIS VUITTON,ORAGE TOP,S40072,$301,1100
LOUIS VUITTON,ETOILE FILANTE,,$265,970
LOUIS VUITTON,MATIERE NOIRE,,$505,1850
LOUIS VUITTON,PUR AMBER TOP,,$473,1730
LOUIS VUITTON,LOVERS,,$210,770
LOUIS VUITTON,LOVERS TOP,,$820,3000
LOUIS VUITTON,SUN SONG (2025),PB47510,$464,1700
LOUIS VUITTON,RAIN TEA TOP,S400454,$327,1200
LOUIS VUITTON,INK MARK TOP,S400453,$327,1200
LOUIS VUITTON,MOON TALE,PBV452,$260,950
LOUIS VUITTON,COSMIC CLOUD TOP,IP-094,$437,1600
LOUIS VUITTON,METEORE,PVB478,$327,1200
LOUIS VUITTON,SPELL ON YOU TOP,S400129,$382,1400
LOUIS VUITTON,ROSE DES VENTS,PBB479,$245,950
LOUIS VUITTON,CACTUS GARDEN,PBBV2,$437,1600
LOUIS VUITTON,SUR LA ROUTE,PBB3,$355,1300
LOUIS VUITTON,FANTASMAGORY TOP,S400336,$355,1300
LOUIS VUITTON,CONTEMPORRARY ELEGANCE,,$230,840
LUBAN,ATTAR LUBAN,,$161,590
LUBAN,LUBAN,,$205,750
MELANIE MARTINEZ,CRY BABY MILK PERFUME,S400137,$147,540
MERCEDES BENZ,CLUB BLACK,PB0B0,$245,900
MAX MARA,LE PARFUM,PB05B,$286,1050
M.MICALLEF,NOTE VANILLEE,,$148,540
MAH,VANILLE SOMPTUEUSE,,$221,810
MIND GAMES,QUEENING,N21-BN,$232,850
ALL PRICE 1 KGS,,,,
BRAND,NAME,CODE,USD $,AED
MIND GAMES,FRENCH DEFENSE,B22-BN,$327,1200
MIND GAMES,COUNTERPLAY,PB4004,$327,1200
MIND GAMES,BLOCKADE  TOP,S400438,$470,1720
MIND GAMES,LIONORA,,$355,1300
MIND GAMES,CAISSA,,$327,1200
MIND GAMES,J ADOUBE,,$327,1200
MIND GAMES,SISSA,,$327,1200
MIND GAMES,CHECK PLEASE,,$327,1200
MIND GAMES,EN PRISE,,$204,746
MAISON CRIVELLI,HIBISCUS MAHAJAD TOP,,$628,2300
MAISON CRIVELLI,HIBISCUS MAHAJAD,PB0145,$464,1700
MAISON CRIVELLI,AMBRE CHORMATIQUE,PB0101,$464,1700
MAISON CRIVELLI,IRIS MALIKHAN,PB014,$437,1600
MAISON CRIVELLI,SANTAL VOLCANIQUE,PB0160,$409,1500
MAISON CRIVELLI,CUIR INFRAROUGE EXTRAIT DE PARFUM,PB01614,$573,2100
MAISON CRIVELLI,OUD STALLION,,$505,1850
MAISON CRIVELLI,TUBEREUSE ASTRALE,,$260,950
MAISON CRIVELLI,HIBISCUS MAHAJAD,,$246,900
MAISON CRIVELLI,MUSC NURASANA,S400526,$180,660
MAISON CRIVELLI,OUD  CADENZA,,$301,1100
MAISON CRIVELLI,OUD MARACUJA TOP,S400475,$355,1300
MAISON CRIVELLI,OUD MARACUJA SP,S-4846,$137,500
MAISON CRIVELLI,SAFRAN SECRET,,$546,2000
MAISON F. KURKDJIA,A LA ROSE,,$191,700
MAISON F. KURKDJIA,AQUA CELESTIA,,$262,960
MAISON F. KURKDJIA,BACCARAT ROUGE 540  TOP,S400367,$301,1100
MAISON F. KURKDJIA,BACCARAT ROUGE 540 SUPER,,$205,750
MAISON F. KURKDJIA,GENTLE FLUDITY GOLD TOP,IP-458,$314,1150
MAISON F. KURKDJIA,GENTLE FLUDITY SILVER TOP,S40083,$256,940
MAISON F. KURKDJIA,OUD SATIN MOOD TOP,S400432,$301,1100
MAISON F. KURKDJIA,OUD,,$221,810
MAISON F. KURKDJIA,OUD SATIN MOOD,S40241,$197,720
MAISON F. KURKDJIA,PETIT MATIN,,$156,570
MAISON F. KURKDJIA,OUD SATIN MOOD EXT DE PARFUM,,$311,1140
ALL PRICE 1 KGS,,,,
BRAND,NAME,CODE,USD $,AED
MAISON F. KURKDJIA,LE BEAU PARFUME 2025,PBB09,$355,1300
MAISON F. KURKDJIA,AMYRIS HOMME,PB02A,$382,1400
MAISON F. KURKDJIA,AMYRIS FEMME,IP-5807,$286,1050
MAISON F. KURKDJIA,OUD SILK MOOD,PB020A,$409,1500
MAISON F. KURKDJIA,A LA ROSE POUR HOMME,PB0470,$464,1700
MAISON F. KURKDJIA,AQUA VITAE COLOGNE FORTE,,$235,860
MAISON F. KURKDJIA,AQUA CELESTIA FORTE,,$265,970
MAISON F. KURKDJIA,AQUA UNIVERSALS COLOGNE FORTE,,$235,860
MAISON F. KURKDJIA,FEMININ PLURIEL,PB0147,$286,1050
MAISON F. KURKDJIA,MASCULIN PLURIEL,,$145,530
MAISON F. KURKDJIA,AQUA MEDIA FORTE,,$273,1000
MAISON F. KURKDJIA,BACCARAT ROUGE  540 EXTRAIT  DE PARFUM TOP,S400404,$328,1200
MAISON F. KURKDJIA,724,,$246,900
MAISON F. KURKDJIA,GRAND SOIR,,$246,900
MAISON F. KURKDJIA,OUD SATIN MOOD EXTRAIT DE PARFUM,,$197,720
MAISON F.KURKDJIAN,APOM,,$227,830
MAISON FRANCIS KURKDJIA,ABSOLUE POUR LE MATIN,,$246,900
MAISON MATAHA,CAFE DES DELICES,PBB014,$245,900
MAISON MATAHA,ESCAPDE GOURMANDE,PB012,$355,1300
MAISON FRANCIS KURKDJIAN,KURKY,,$309,1130
MAISON MARTIN MARGIELA,UP AT DAWN,S400516,$178,650
MAISON MARTIN MARGIELA,BY THE FIRE PLACE,S40025,$196,720
MAISON MARTIN MARGIELA,AT THE BARBER'S REPLICA,,$145,530
MAISON MARTIN MARGIELA,LAZY SUNDAY MORNING,S40066,$246,900
MAISON MARTIN MARGIELA,IDEAL ONE,PB0B0,$286,1050
MAISON MARTIN MARGIELA,REPLICA NEVER ENDING SUMMER,PB0B1,$286,1050
MAISON MARTIN MARGIELA,WHISPERS IN THE LIBRARY,PB0BA,$464,1700
MAISON MARTIN MARGIELA,AUTUMN VIBES,PB02B,$314,1150
MAISON MARTIN MARGIELA,WHEN THE RAIN STOPS,PB40018,$286,1050
MAISON MARTIN MARGIELA,MATCHA MEDITATION,,$301,1100
MAISON MARTIN MARGIELA,FLOWER MARKET,,$205,750
MAISON MARTIN MARGIELA,JAZZ CLUB,,$150,550
MAISON MARTIN MARGIELA,UNDER THE STARS,,$169,620
MAISON MARTIN MARGIELA,COFFEE BREAK,,$295,1080
ALL PRICE 1 KGS,,,,
BRAND,NAME,CODE,USD $,AED
MAKKAH,MAKKAH  (MEDIUM),,$205,750
MAKKAH TOP,MAKKAH TOP,,$505,1850
MANCERA,MOCHI MUSK,S400521,$150,550
MANCERA,AOUD VANILLE,,$130,475
MANCERA,INSTANT CRUSH TOP,IP-107,$301,1100
MANCERA,OMBRE TONKA,PB0BA1,$286,1050
MANCERA,FRENCH RIVIERE INTENSE,PB0B2,$204,750
MANCERA,FRENCH RIVIERE,PB0B03,$409,1500
MANCERA,HINDU KUSH,PB0B47,$382,1400
MANCERA,AMORE CAFFE,S400439,$131,480
MANCERA,CHERRY CHERRY,PB0577,$245,900
MANCERA,AMBERFULL,PB4178,$286,1050
MANCERA,CEDRAT BOIS,PB454,$177,650
MANCERA,MIDNIGHT GOLD,,$130,475
MANCERA,RED TOBACCO  TOP,,$221,810
MANCERA,ROSE & CHOCOLATE,,$130,475
MANCERA,ROSES VANILLE TOP,S400281,$148,540
MANCERA,JUICY FLOWERS,,$130,475
MANCERA,COCO VANILLE,,$130,475
MANCERA,BLACK VANILLA,,$161,590
MANCERA,AOUD ORCHID,,$205,750
MANCERA,TONKA COLA,,$246,900
MANCERA,CHERRY CHERRY,,$178,650
MANCERA,XPLICIT VANILLA,,$164,600
MANCERA,AMBERFUL,,$150,550
MARC ANTOINE BARROIS,TILIA TOP,S400337,$409,1500
MARC ANTOINE BARROIS,TILIA SUPER,S40097,$268,980
MARC-ANTOINE BARROIS,ENCELADE,,$232,850
MARC-ANTOINE BARROIS,B683,,$342,1250
MARC-ANTOINE BARROIS,GANYMADE EXTRAIT,,$314,1150
MARC-ANTOINE BARROIS,GANYMEDE TOP,S400355,$383,1400
MARC-ANTOINE BARROIS,ALDEBARAN,,$342,1250
MARC JACOBS,DAISY,S40052,$73,270
MARC JACOBS,LOLA,PB00132,$260,950
ALL PRICE 1 KGS,,,,
BRAND,NAME,CODE,USD $,AED
MARC JACOBS,PERFECT ABSOLUTE,PB4B,$327,1200
MARC JACOBS,PERFECT,PB0131,$260,950
MARYAM,MARYAM TOP,,$191,700
MATIERE PREMIERE,FRENCH FLOWER,S400538,$173,630
MATIERE PREMIERE,CRYSTAL SAFFRON EXTRAIT,,$820,3000
MATIERE PREMIERE,CRYSTAL SAFFRON TOP,S400457,$327,1200
MATIERE PREMIERE,VANILLA POWDER TOP,PBB01,$464,1700
MATIERE PREMIERE,VANILLA POWDER SUPER,S400484,$245,900
MATIERE PREMIERE,VANILLA POWDER EXTRAIT TOP,PB450,$464,1700
MATIERE PREMIERE,SANTAL AUSTRAL EXTRAIT TOP TOP,IP-010,$874,3200
MATIERE PREMIERE,SANTAL AUSTRAL,PB0BA,$601,2200
MATIERE PREMIERE,NEROLI ORANGER,PB0B,$464,1700
MATIERE PREMIERE,RADICAL ROSE,PBB02,$573,2100
MATIERE PREMIERE,RADICAL ROSE EXTRAIT TOP TOP,IP-01011,$737,2700
MATIERE PREMIERE,FALCON LEATHER TOP,S400341,$415,1520
MATIERE PREMIERE,PARISIAN MUSC,,$369,1350
MAYCAM AMR,MAYCAM AMR,,$123,450
MAYCAM FR,MAYCAM FR,,$130,475
MEMO,HONEY DRAGON TOP,,$331,1210
MEMO,SHAMS OUD TOP,IP0487,$382,1400
MEMO,INDIAN LEATHER,,$363,1330
MEMO,ABU DHABI 2,,$342,1250
MEMO,ABU DHABI 3,,$260,950
MEMO PARIS,AFRICAN LEATHER TOP,,$385,1410
MEMO PARIS,INLE,PB014,$245,900
MEMO PARIS,MADURAI,PB021,$286,1050
MEMO PARIS,EAU DE MEMO,,$235,860
MEMO PARIS,IRISH LEATHER TOP,,$281,1030
MEMO PARIS,IRISH OUD TOP,,$445,1630
MEMO PARIS,IRISH OUD (MEDIUM),,$311,1140
MEMO PARIS,JANNAT,,$205,750
MEMO PARIS,MOROCCAN LEATHER,,$432,1580
MEMO PARIS,RUSSIAN LEATHER,,$175,640
MEMO PARIS,TIGER S NEST,,$205,750
ALL PRICE 1 KGS,,,,
BRAND,NAME,CODE,USD $,AED
MEMO PARIS,MARFA,,$295,1080
MEMO PARIS,FRENCH LEATHER,,$325,1190
MEMO PARIS,SICILIAN LEATHER,,$251,920
MEMO PARIS,DESERT ORANGE BLOSSOM,,$130,475
MEMO PARIS,IBERIAN LEATHER,,$273,1000
MEMO PARIS,OCEAN LEATHER,,$221,810
MEMO PARIS,MALLORCAN ALMOND OUD,,$265,970
MEMO PARIS,CORFU MEMO,,$221,810
MEMO PARIS,SHERWOOD,,$314,1150
MEMO PARIS,TAMARINDO,,$221,810
MEMO PARIS,PORTOBELLO ROAD,,$292,1070
MEMO PARIS,RED ISLAND,,$273,1000
MIU MIU,MIUTINE,PB485,$177,650
MESSI,MESSI EAU DE PARFUM,,$172,630
MICHAEL KORS,SEXY AMBER,,$130,475
MICHAEL KORS,GLAM JASMINE,,$130,475
MICHAELA,MUKALLAT  MIC,,$130,475
MIKHALAH,MIKHALAH,,$130,475
MILKSHAKE,MILKY ISLAND,,$130,475
MILKSHAKE,ORANGE POP,,$130,475
MILKSHAKE,CREAMY PEACH,,$130,475
MILKSHAKE,SWEETIES,,$130,475
MILKSHAKE,YELLOW SUNSET,,$130,475
MOLTON BROWN,TABACCO ABSOLUTE,,$175,640
MONA DI ORIO,BOHEA BOHEME,,$205,750
MONO DI ORIO,DOJIMA,,$235,860
MONTALE,PATCHOULI LEAVES,PB9245,$204,750
MONTALE,STARRY NIGHTS INTENSE,PB5741,$204,750
MONTALE,MY PLUM,PB845,$245,900
MONTALE,OUD SAPPAROT,S400213,$144,530
MONTALE,LUCKY CANDY,PB854,$327,1200
MONTALE,DALLACHAI,PB245,$286,1050
MONTALE,CANDY ROSE,,$130,475
MONTALE,BLACK AOUD TOP,,$205,750
ALL PRICE 1 KGS,,,,
BRAND,NAME,CODE,USD $,AED
MONTALE,DARK PURPLE,,$145,530
MONTALE,INTENSE CAFÉ,S400151,$164,600
MONTALE,KABUL AOUD,,$161,590
MONTALE,MUKHALLAT,,$130,475
MONTALE,MUSK ROSE TOP,,$221,810
MONTALE,SENSUAL INSTINCT,,$130,475
MONTALE,SO AMBER,,$221,810
MONTALE,SPICY AOUD,,$145,530
MONTALE,STARRY NIGHTS,,$205,750
MONTALE,TROPICAL WOOD,,$161,590
MONTALE,INTENSE CAFE,,$175,640
MONTALE,WILD PEARS,,$130,475
MONTALE,CHOCOLATE GREEDY,,$130,475
MONTALE,INTENSE CAFÉ RISTRETTO,,$130,475
MONTALE,ARABIANS TONKA,S40063,$148,540
MONTALE,DARK VANILLA,PB120,$287,1050
MONTALE,BEAST LOVE 2024,PB570,$355,1300
MONTALE,ARABIANS MUSK 2024,PB0B1,$177,650
MONTALE,ROSES MUSK,,$327,1200
MONTALE,RENDEZ-VOUS A PARIS,,$232,850
MONTALE,SWEET VANILLA,,$130,475
MONTALE,OUDYSSEE,,$290,1060
MONTALE,INFINITY,,$273,1000
MONTALE,ARABIANS ROSE LEATHER,,$519,1900
MONTALE,BUBBLE FOREVER,,$161,590
MONTANA,MONTANA PARFUM DE PEAU,,$130,475
MONTBLANC,MONTBLANC LEGEND SPIRIT,,$130,475
MONTBLANC,MONTBLANC EXPLORER TOP,S40088,$267,980
MONTBLANC,MONTBLANC EXPLORER SP,S400273,$148,540
MONTBLANC,SIGNATURE,,$205,750
MONTBLANC,SIGNATURE ELIXIR,,$177,650
MONTBLANC,AOUD FOREST,,$175,640
MONTBLANC,EXPLORER ULTRA BLUE,,$130,475
MONTBLANC,LEGEND RED,,$130,475
ALL PRICE 1 KGS,,,,
BRAND,NAME,CODE,USD $,AED
MONTBLANC,EXPLORER PLATINIUM,,$130,475
MONTBLANC,LEGEND,,$157,575
MONTBLANC,LEGEND BLUE,,$197,720
MONTBLANC,BLACK MEISTERSTUCK,,$262,960
MONTBLANC,LEGEND BLUE,,$134,490
MONTBLANC,VETIVER GLACIER,,$145,530
MONTBLANC,STAR OUD,,$268,980
MONTBLANC,EXPLORER EXTREME,,$301,1100
MOSCHINO,TOY 2 BUBBLE GUM,,$161,590
MOSCHINO,MOSCHINO TOY BOY,,$205,750
MOSCHINO,TOY 2,,$260,950
MOSCHINO,I LOVE LOVE CHEAP AND CHIC MOSCHINO,,$212,775
MOTALE,BLUE MATCHA,,$238,870
MUKALLAT,MUKHALAT AL DAHBI,,$235,860
MUKALLAT,IBRAHIM TOP,,$382,1400
MUKALLAT,EMARATH,S400112,$109,400
MUKALLAT,MUKHALLAT ALAH,,$205,750
MUKALLAT,MA'AJOON AL ARABIA AL MUTAWAR,,$161,590
MUKALLAT,MUKALLAT BMW,,$175,640
MUKALLAT,CREATION,,$145,530
MUKALLAT,CREATION,,$139,510
MUKALLAT,MUKHALLAT ZAYED,,$355,1300
MUKALLAT,MUKHALLAT KUWAIT,,$161,590
MUKALLAT,MUKHALLAT BADAR,,$130,475
MUKALLAT YAS PERFUMES,BAKHOOR ZAYED,,$130,475
MUSK,GOLDEN MUSK,S339296,$204,750
MUSK,MUSK TAHARA FRUITY,MI4014,$118,435
MUSK,MUSK TAHARA CHOCOLATE,MI4016,$130,480
MUSK,MUSK TAHARA ROSE,MI4002,$81,300
MUSK,MUSK TAHARA CANDY,MI4015,$118,435
MUSK,MUSK TAHARA PINEAPPLE,MI4003,$96,350
MUSK,MUSK AL SHOYOUKH,S296B,$204,750
MUSK,MISK WITH POMEGRANATE,,$130,475
MUSK,MISK WITH PEACH,MI4010,$117,430
ALL PRICE 1 KGS,,,,
BRAND,NAME,CODE,USD $,AED
MUSK,WHITE MUSK,MI4001,$123,430
MUSK,MISK WITH ROSE,MI4007,$109,400
MUSK,MISK WITH ORANGE,MI4013,$117,430
MUSK,MISK WITH STRAWBERRY,PB08,$130,475
MUSK,MISK WITH LAVENDOR,MI4011,$109,400
MUSK,MISK POWDER,MI4012,$109,400
MUSK,MISK WITH  APPLE,MI4004,$109,400
MUSK,MISK WITH OUD,MI4009,$137,500
MUSK,MISK WITH  MULBERRY,,$161,590
MUSK,MISK WITH KAMUTHRAA,,$130,475
MUSK,MISK WITH CHERRY,MI4005,$109,400
MUSK,MISK WITH VANILLA,MI4008,$109,400
MUSK,MUKHALLAT MUSK,,$251,920
MUSK,MUSK AL GAZAL BLACK,,$145,530
MUSK,MISK AL TAHARA TOP,MI4006,$109,400
MUSK,SOFT AND MUSK,,$161,590
MUSK,SOFT MUSK,,$130,475
MUSK,MUSK-C,,$115,420
MUSK,MUSK-C SOFT,,$115,420
NUSUK,RAHEEQ,PB054,$204,750
NABEEL,NASAEM LZ,,$130,475
NABEEL,BAKHOOR TOUCH ME TOP,,$161,590
NABEEL,BUKHOOR ETISALBI,,$130,475
NABEEL,NASAEM  TOP,,$145,530
NAGARMOTHA,NAGARMOTHA TOP,,"$1,107",4050
NAOMI GOODSIR,NUIT DE BAKELITE,,$205,750
NARCISO RODRIGUEZ,NEROLI ESSENCE,S400533,$172,630
NARCISO RODRIGUEZ,AMBER MUSE FOR HER,,$130,475
NARCISO RODRIGUEZ,NARCISO RODRIGUEZ FOR HER INTENSE,S400514,$158,580
NARCISO RODRIGUEZ,FOR HIM  INTENSE,IP-905,$232,850
NARCISO RODRIGUEZ,MUSC NOIR FOR HER,PBV10,$327,1200
NARCISO RODRIGUEZ,EAU DE PERFUME RADIANTE,PBV11,$286,1050
NARCISO RODRIGUEZ,RODRIGUEZ BLEU NOIR FOR HIM PERFUME,PBV12,$286,1050
NARCISO RODRIGUEZ,RODRIGUEZ FOR HER PINK EDITION,PBBV01,$382,1400
ALL PRICE 1 KGS,,,,
BRAND,NAME,CODE,USD $,AED
NARCISO RODRIGUEZ,RODRIGUEZ FOR HER INTENSE,PBBV03,$409,1500
NARCISO RODRIGUEZ,SAFFRAN MUSC,PBBV05,$382,1400
NARCISO RODRIGUEZ,FOR HER MUSC NUDE,PBBV06,$327,1200
NARCISO RODRIGUEZ,POUDREE TOP,PBB067,$355,1300
NARCISO RODRIGUEZ,PURE MUSC FOR HER TOP,PBB068,$301,1100
NARCISO RODRIGUEZ,FLEUR MUSC FOR HER,,$145,530
NARCISO RODRIGUEZ,NARCISO RODRIGUEZ MEN,,$130,475
NARCISO RODRIGUEZ,NARCISO ROUGE ( RED ),,$130,475
NARCISO RODRIGUEZ,OUD MUSC,,$145,530
NARCISO RODRIGUEZ,POUDREE,,$130,475
NARCISO RODRIGUEZ,PURE MUSC FOR HER TOP,,$205,750
NARCISO RODRIGUEZ,ALL OF ME,,$273,1000
NARCISO RODRIGUEZ,ALL OF ME INTENSE,,$243,890
NARCISO RODRIGUEZ,POUDREE W,,$191,700
NASOMATTO,BARAONDA TOP,,$415,1520
NASOMATTO,BLACK AFGANO TOP,,$566,2070
NASOMATTO,BLACK AFGANO SUPER,S400276,$137,500
NASOMATTO,CHINA WHITE,,$221,810
NASOMATTO,NARCOTIC VENUS WOMAN,,$221,810
NASOMATTO,NUDIFLORUM,,$311,1140
NASOMATTO,FANTOMAS,,$415,1520
NASOMATTO,SADONASO,,$355,1300
NASOMATTO,BLAMAGE,,$130,475
NICOLAI,PATCHOULI INTENSE,,$325,1190
NINA RICCI,L'EXTASE,,$123,450
NINA RICCI,NINA TOP,PB40030,$204,750
NINA RICCI,BELLA,,$130,475
NINA RICCI,LUNA BLUE APPLE,,$130,475
NINA RICCI,NINA RED APPLE,,$130,475
NINA RICCI,NINA ROUGE,,$130,475
NINA RICCI,NINA EXTRA ROUGE,,$130,475
NINA RICCI,VENUS  TOP,,$273,1000
NINA RICCI,NINA PRECOIUS GOLD,,$224,820
NINA RICCI,VENUS EDP INTENSE,,$158,580
ALL PRICE 1 KGS,,,,
BRAND,NAME,CODE,USD $,AED
NISHANE,HACIVAT TOP,S40055,$191,700
NISHANE,HACIVAT EXTRAIT DE PARFUM,PB0B8,$260,950
NISHANE,SAFRAN COLOGNISE,PB404,464,1700
NISHANE,HUNDRED SILENT WAYS TOP,S400153,$268,980
NISHANE,TERO,PB1048,$245,900
NISHANE,SULTAN VETIVER,PB0547,$327,1200
NISHANE,NEFS,PBB58,$546,2000
NISHANE,KARAGOZ,PBB097,$382,1400
NISHANE,NISHANE HACIVAT EXTRAIT DE PARFUM,PB154,$245,950
NISHANE,MEANT TO BE SEEN,S400224,$191,700
NISHANE,ANI,S40078,$251,920
NISHANE,SHEM TOP,,$273,1000
NISHANE,AMBRA CALABRIA,,$301,1100
NISHANE,WULONG CHA,,$205,750
NISHANE,WULONG CHA X,PB0050,$409,1500
NISHANE,FAVONIUS,,$464,1700
NISHANE,FAN YOUR FLAMES,,$314,1150
NISHANE,HACIVAT OUD TOP,S400416,$328,1200
NISHANE,ANI X,,$342,1250
NISHANE,DEZIRO,,$210,770
NIVEA,NIVEA MEN PARIS SAINT GERMAIN,,$130,475
OMAN LUXURY,WONDERLUST,PB405,$546,2000
OMAN LUXURY,ROYAL INCENSE,PB65,$382,1400
OMAN LUXURY,OVERDOSE TOP,S400316,$355,1300
OMAN LUXURY,CADEN TOP,S400462,$368,1350
ORIENTICA PREMIUM,EXCLUSIVE AZURE FANTASY,,$164,600
ORMAIE,LIVREE NUIT EXTRAIT,PB40020,$327,1200
ORMAIE,MARQUE-PAGE,,$478,1750
OBVIOUS,MILK & MATCHA,PB40021,$245,900
OBVIOUS,UNE PISTACHE,PB40021,$314,1150
ORMANDE JAYNE,AMBRE ROYAL,,$301,1100
ORMANDE JAYNE,MONTABACCO VERANO,PB40022,$464,1700
ORMANDE JAYNE,ZIZAN,PB40023,$301,1100
ORMANDE JAYNE,OSMANTHUS,PB40024,$355,1300
ALL PRICE 1 KGS,,,,
BRAND,NAME,CODE,USD $,AED
ORMANDE JAYNE,MONTABACCO RIO 2025,PB40022,$464,1700
ORMONDE JAYNE,OUD NAWAF,IP011,$464,1700
ORMANDE JAYNE,ARABESQUE,,$150,550
ORMONDE JAYNE,MONTABACO TOP,,$355,1300
ORMONDE JAYNE,MONTABACO SUPER,,$205,750
ORMONDE JAYNE,2 NAWAB OF OUDH INTENSIVO,,$325,1190
ORMONDE JAYNE,OUDH FLOR PARFUM (HA EXCLUSIVE),,$363,1330
ORMONDE JAYNE,4 MONTABACO INTENSIVO,,$383,1400
ORTO PARISI,MEGAMARE  TOP,S400487,$301,1100
ORTO PARISI,TERRONI,,$205,750
ORTO PARISI,CUOIUM,,$492,1800
ORTO PARISI,BERGAMASK TOP,,$505,1850
ORTO PARISI,BERGAMASK  SP,PB4031,$355,1300
ORTO PARISI,BRUTUS,,$328,1200
ORTO PARISI,SEMINALIS,,$355,1300
ORTO PARISI,STERCUS,,$478,1750
ORTO PARISI,VIRIDE,,$328,1200
ORTO PARISI,TERRONI,,$307,1125
ORTO PARISI,RISVELIUM,,$874,3200
OUD,ABYAD SUPER,,$301,1100
OUD,DAHNAL OUD ASAMI,,$235,860
OUD,DAHNAL OUD BORMI,,$505,1850
OUD,DAHNAL OUD COMBODI TOP,,$303,1110
OUD,DAHNAL OUD,S40016,$227,830
OUD,OUD SAUDI,,$221,810
OUD,OUD SHAMS,,$492,1800
OUD,DAHNAL OUD KALAKASI,,$169,620
OUD,OUD AL MAS,,$191,700
OUD,"OUD AL MUBAKHAR , GR",,$139,510
OUD,OUD BALLA TOP,,$205,750
OUD,OUD CAMBODIAN,,$806,2950
OUD,OUD COLLECTION,,$130,475
OUD,OUD HAMDDAN,,$161,590
OUD,OUD LAOSI,,$656,2400
ALL PRICE 1 KGS,,,,
BRAND,NAME,CODE,USD $,AED
OUD,OUD MITALIYA RS GR,,$145,530
OUD,OUDH BOYA NT ABS,,"$1,557",5700
OUD,BOYA BASE,,$137,500
OUD,OUD ABYAD,,$169,620
PACO RABANNE,1 MILLION NIGHT ELIXIR,S400249,$184,673
PACO RABANNE,1 MILLION TOP,S40031,$123,450
PACO RABANNE,PHANTOM IN RED,PB876,$218,800
PACO RABANNE,BLACK XS LA FOR HER,,$130,475
PACO RABANNE,FAME IN LOVE,PB40034,$464,1700
PACO RABANNE,DANDY ME,PB40032,$286,1050
PACO RABANNE,OLYMPEA ABSOLU,PB40036,$245,900
PACO RABANNE,PHANTHOM ELIXIR,PB40038,$301,1100
PACO RABANNE,FAME INTENSE,PB40039,$245,900
PACO RABANNE,ONE MILLION ROYAL,PB40040,$301,1100
PACO RABANNE,1 MILLION LUCKY TOP,PB40041,$260,950
PACO RABANNE,PHANTOM PARFUME,PB40042,$327,1200
PACO RABANNE,MILLION GOLD FOR HER,IP-015,$286,1050
PACO RABANNE,BLACK XS POISON MAN,,$130,475
PACO RABANNE,DANGEROUS ME,,$130,475
PACO RABANNE,BLACK XS EXCESS NO,,$191,700
PACO RABANNE,EBONY ABUNDANCE SUPER,,$137,500
PACO RABANNE,BLACK XS MAN (MEDIUM) FR,,$130,475
PACO RABANNE,EROTIC ME,,$130,475
PACO RABANNE,EXCESS/FRANCE,,$130,475
PACO RABANNE,INVICTUS TOP,S400294,$191,700
PACO RABANNE,INVICTUS AQUA,,$145,530
PACO RABANNE,INVICTUS LEGEND,S400390,$142,520
PACO RABANNE,LADY MILLION TOP,S400386,$137,500
PACO RABANNE,LADY MILLION EMPIRE,,$145,530
PACO RABANNE,LADY MILLION LUCKY,,$130,475
PACO RABANNE,OLYMPEA,,$130,475
PACO RABANNE,OLYMPEA LEGEND,,$130,475
PACO RABANNE,STRONG ME,,$130,475
PACO RABANNE,1 MILLION PARFUM TOP,S400218,$260,950
ALL PRICE 1 KGS,,,,
BRAND,NAME,CODE,USD $,AED
PACO RABANNE,LADY MILLION FABULOUS,,$130,475
PACO RABANNE,PHANTOM TOP,S400452,$301,1100
PACO RABANNE,INVICTUS VICTORY,,$130,475
PACO RABANNE,INVICTUS ONYX,,$130,475
PACO RABANNE,1 MILLION ELIXIR,,$260,950
PACO RABANNE,ONE MILLION SP,S400388,$81,300
PACO RABANNE,INVICTUS PLATINUM,,$260,950
PACO RABANNE,FAME IN LOVE,PB547,$245,900
PACO RABANNE,FAME,,$232,850
PACO RABANNE,1 MILLION ROYAL,,$130,475
PACO RABANNE,INVICTUS PARFUM,,$225,825
PACO RABANNE,INVICTUS VICTORY ELIXIR,S40042,$178,650
PACO RABANNE,PHANTOM ELIXIR,,$301,1100
PACO RABANNE,INVICTUS VICTORY ABSOLU,,$153,560
PACO RABANNE,1 MILLION,40312,$96,350
PACO RABANNE,MILLION GOLD,,$246,900
PACO RABANNE,INVICTUS TOP,,$178,650
PACO RABANNE,OLYMPEA TOP,,$191,700
PACO RABANNE,MILLION GOLD HER,,$150,550
PACO RABBANE,1 MILLION GOLDEN OUD,,$290,1060
PANTHEON ROMA,A PANTHEON ROMA,,$301,1100
PARADA,INFUSION DE GINGEMBRE,,$145,530
PARIS HILTON,HOTEL,,$130,475
PARIS HILTON,PARIS HILTON,,$130,475
PERFUME COLOUR,APPLE GREEN,PB001,$204,750
PERFUME COLOUR,GREEN,PB002,$204,750
PERFUME COLOUR,RED,PB003,$204,750
PERFUME COLOUR,BLUE,PB004,$204,750
PERFUME COLOUR,PINK,PB005,$204,750
PERFUME COLOUR,PURPLE,PB006,$204,750
PERFUME COLOUR,ORANGE,PB007,$204,750
PERFUME COLOUR,YELLOW,PB008,$204,750
PERFUME COLOUR,BLACK,PB009,$204,750
PERFUME COLOUR,BROWN,PB55,$204,750
ALL PRICE 1 KGS,,,,
BRAND,NAME,CODE,USD $,AED
PERFUME COLOUR,GOLDEN BROWN,PB010,$204,750
PERFUME COLOUR,AQUA /FEROZI,pb011,$204,750
PERFUME COLOUR,MARON,PB012,$204,750
PATCHOULI,PATCHOULI,,$130,475
PATCHOULI,PATCHOULI PURE TOP,,$235,860
PENHALIGON'S,CLANDESTINE CLARA 2017,,$251,920
PENHALIGON'S,THE CUT,S400205,$191,700
PENHALIGON'S,EMPRESSA TOP,S400188,$260,950
PENHALIGON'S,MR HARROD,PB40056,$464,1700
PENHALIGON'S,VRA VRA VROOM,PB40057,$245,900
PENHALIGON'S,FORTUITOUS FINLEY,PB40058,$382,1400
PENHALIGON'S,THE DANDY,PB40059,$437,1600
PENHALIGON'S,CHANGING CONSTANCE,PB40060,$355,1300
PENHALIGON'S,HALFETI CEDAR,PB40061,$355,1300
PENHALIGON'S,CAIRO,PB40062,$355,1300
PENHALIGON'S,HALFETI TOP,S400148,$327,1200
PENHALIGON'S,THE TRAGEDY OF LORD GEORGE TOP,S400296,$191,700
PENHALIGON'S,LUNA,PB9840,$327,1200
PENHALIGON'S,THE BEWITCHING YASMINE,S400291,$164,600
PENHALIGON'S,THE TRAGEDY OF LORD GEORGE,,$176,645
PENHALIGON'S,HALFETI LEATHER TOP,,$221,810
PENHALIGON'S,THE WORLD ACCORDING TO ARTHUR,,$251,920
PENHALIGON'S,LEGACY OF PETRA,,$219,800
PENHALIGON'S,SPORTS CAR CLUB,,$410,1500
PENHALIGON'S,THE OMNISCIENT MR THOMOSON,,$224,820
PENHALIGON'S,HIGHGROVE BOUQUET,,$150,550
PENHALIGON'S,ALULA,,$328,1200
PENHALIGON'S,FORTUITOUS FINLEY,,$347,1270
PENHALIGON'S,THE BLAZING MR SAM,S400351,$232,850
PERFUMES DE MARLY,VALERO,,$301,1100
PERFUMES DE MARLY,CASTLEY,,$402,1470
PERFUMES DE MARLY,DELINA TOP,S400126,$219,800
PERFUMES DE MARLY,PERSEUS,,$355,1300
PERFUMES DE MARLY,ALTHAIR TOP,S400488,$273,1000
ALL PRICE 1 KGS,,,,
BRAND,NAME,CODE,USD $,AED
PERFUMES DE MARLY,ATHENIAS TOP,S400492,$246,900
PERFUMES DE MARLY,PALATINE,,$150,550
PERFUMES DE MARLY,VALAYA EXCLUSIF,,$328,1200
PERFUMES DE MARLY,DELINA EXCLUSIF TOP,S400333,$262,960
PERFUMES DE MARLY,DELINA LA ROSEE,,$137,500
PERFUMES DE MARLY,PEGASUS EXCLUSIF,,$145,530
PERFUMES DE MARLY,LAYTON TOP,S400170,$205,750
PERFUMES DE MARLY,OAJAN,S233522,$164,600
PERFUMES DE MARLY,LAYTON EXCLUSIF,,$150,550
PERFUMES DE MARLY,HALTANE,,$254,930
PERFUMES DE MARLY,CARLISLE,,$178,650
PERFUMES DE MARLY,SEDLEY TOP,S503864,$254,930
PERFUMES DE MARLY,ISPAZON,,$205,750
PERFUMES DE MARLY,PEGASUS TOP,IP-0190,$260,950
PERFUMES DE MARLY,ORIANA,,$221,810
PERFUMES DE MARLY,CASSILI,,$205,750
PERFUMES DE MARLY,VALAYA TOP,S400302,$301,1100
PERFUMES DE MARLY,VALAYA,CP-4774,$70,256
PERFUMES DE MARLY,GREENLEY TOP,S400239,$260,950
PERFUMS DE MARLY,PALATINE,,$273,1000
PERFUMS DE MARLY,PERCIVAL,S400167,$150,550
PHILIPP PLEIN,THE SKULL,,$295,1080
PHILIPP PLEIN,NO LIMITS,,$145,530
PHLUR,HONEY MOON,S400279,$130,475
PHLUR,MATCHA MILK,S400410,$96,350
PHLUR,CHERRY STEM,S400115,$172,630
PHLUR,HEAVY CREAM,IP457S,$273,1000
PHLUR,PEACH SKIN,S400193,$109,400
PHLUR,MISSING PERSON TOP,S400221,$232,850
PHLUR,CASHMERE SKIN,S400223,$130,475
PHLUR,STRAWBERRY LETTER TOP,S400228,$174,640
PHLUR,SOMEBODY WOOD TOP,S400232,$150,500
PHLUR,DRAGON FRUIT TOP,S400235,$157,578
PHLUR,VANILLA SMOKE TOP,S400242,$170,625
ALL PRICE 1 KGS,,,,
BRAND,NAME,CODE,USD $,AED
PHLUR,SOLAR POWER TOP,S400244,$207,760
PHLUR,MRS. SMITH,S400245,$76,280
PHLUR,VANILLA SKIN,S400229,$141,519
PHLUR,BEACH SKIN,S400155,$147,540
PHLUR,VANILLA NECTAR,S400220,$100,366
PHLUR,FATHER FIGURE,,$175,640
POWDERY,BABY SHOP,,$130,475
POWDERY,KIDDY,,$130,475
POWDERY,BABELION,,$130,475
PRADA,INFUSION DE SANTAL CHAI,S400536,$180,660
PRADA,L. HOMME BLACK,,$130,475
PRADA,PARADIGME,S400231,$180,660
PRADA,LUNA ROSSA BLACK TOP,S40084,$194,710
PRADA,MARIENBAD,PB40067,$204,750
PRADA,LUNA ROSSA EXTREAM,PB40068,$286,1050
PRADA,L HOMME TOP,PB40069,$286,900
PRADA,PRADA CANDY NIGHT,,$130,475
PRADA,LUNA ROSSA OCEAN,,$130,475
PRADA,PARADOXE TOP,S400372,$260,950
PRADA,PARADOXE INTENSE TOP,S400460,$301,1100
PRADA,INFUSION DE GINGEMBRE,,$145,530
PRADA,PARADOXE RADICAL ESSENCE TOP,S400428,$260,950
PRADA,PARADOXE VIRTUAL FLOWER WOMEN,,$178,650
PRADA CANDY,PRADA CANDY,,$130,475
PURE ESSENTIAL OILS,MINTPEPPER,,$123,450
PURE ESSENTIAL OILS,BERGAMOT,,$123,450
PURE ESSENTIAL OILS,TEA TREE,,$130,475
PURE ESSENTIAL OILS,CLARY SAGE,,$130,475
PURE ESSENTIAL OILS,STAR ANISE,,$123,450
ROOM 1015,LOVE O MATIC TOP,S400401,$177,650
ROOM 1015,WAVECHILD TOP,S400489,$204,750
RALPH LAURAN,RALPH'S CLUB PARFUM TOP,S400141,$246,900
RALPH LAUREN,RALPH'S CLUB NEW YORK,PB454,$355,1300
RALPH LAUREN,POLO RED,S40049,$120,440
ALL PRICE 1 KGS,,,,
BRAND,NAME,CODE,USD $,AED
RALPH LAUREN,POLO BLUE,,$130,475
RALPH LAUREN,POLO SPORT TOP,,$130,475
RALPH LAUREN,WOMAN,,$130,475
RALPH LAUREN,POLO DEEP BLUE,,$137,500
RALPH LAUREN,POLO 67,PB40080,$355,1300
RALPH LAUREN,POLO EARTH AUSTRALSANDALWOOD,PB40081,$245,900
RALPH LAUREN,POLO OUD,,$130,475
RALPH LAUREN,POLO ULTRA BLUE MAN,,$130,475
REMY LATOURE,CIGAR,PB40065,$245,900
RAMON BEJAR,BLACK STONE EXTRAIT DE PARFUM,PB40070,$464,1700
RAMAN MONEGAL,BLANCO,S400247,$174,636
RAMON  MONEGAL,MATADOR,PB547,$245,900
RAMON  MONEGAL,FLAMENCO,,$197,720
RASASI,HAWAS FIRE,S400125,$150,550
RASASI,HAWAS FOR HIM,S400142,$109,400
RASASI,AFSHAN FR,,$130,475
RASASI,BAKHOOR AL DHEKRA,,$175,640
RASASI,BAKHOOR JEBAL ALI TOP,,$191,700
RASASI,BAKHOOR RAQIYA AMBROXAN,,$145,530
RASASI,BAKHOOR RAQIYA CASHMERAN,,$161,590
RASASI,BLUE LADY,,$130,475
RASASI,EMOTION MEN,,$130,475
RASASI,GHAIR AL NAS,,$221,810
RASASI,HAREER MUSK COLLECTION,,$130,475
RASASI,INSHERAH GOLD BY RASASI,,$130,475
RASASI,NAQAYA MUSK COLLECTION,,$130,475
RASASI,NASEEM AL FAJR,,$221,810
RASASI,QASAMAT EBHAR,,$130,475
RASASI,ROYALE BLUE MEN,PB40090,$123,450
RASASI,BLUE LADY,PB40091,$130,475
RASASI,HAWAS ICE,PB40092,$137,500
RASASI,RAQIYA - D TOP,,$169,620
RASASI,RAQIYA -C (MEDIUM),,$130,475
RASASI,ROMANCE WOMEN,,$130,475
ALL PRICE 1 KGS,,,,
BRAND,NAME,CODE,USD $,AED
RASASI,ROYALE BLUE MEN,,$130,475
RASASI,ROYALE MEN,,$130,475
RASASI,SAAB AL MARAM,,$191,700
RASASI,SHARKI MUSK COLLECTION,,$130,475
RASASI,SOTOOR WAAW,,$130,475
RASASI,WISAL,,$130,475
RASASI,OUDH ALMETHALI,,$145,530
RASSASI,ARBA WARDAT,,$130,475
REEF PERFUMES,REEF 27,PB40071,$286,1050
REEF PERFUMES,REEF 29 TOP,S400505,$204,750
REEF PERFUMES,REEF 19,PB40072,$273,1000
REEF PERFUMES,REEF 11,PB40073,$273,1000
REEF PERFUMES,REEF ARABS OF DIRIYAH,PB40074,$273,1000
REEF PERFUMES,REEF 6,PB40075,$286,1050
REEF PERFUMES,REEF 33 WHITE,PB40076,$273,1000
REEF PERFUMES,REEF 33 TOP,,$251,920
REVEDOR,REVEDOR,,$130,475
RIHANA,RIRI,,$142,520
RITUALS,NUIT D'AZAR,,$221,810
RITUALS,POEME D' AZAR,,$235,860
ROBERTO CAVALLI,PARADISO ROSA,PB4571,$286,1050
ROBERTO CAVALLI,DEEP DESIRE,,$145,530
ROBERTO CAVALLI,SERPENTINE 2025,PB4567,$286,1050
ROBERTO CAVALLI,DIVINE OUD TOP,S400289,$183,670
ROBERTO CAVALLI,ROBERTO CAVALLI SIGNATURE VERDE ASSOLUTO,PB4007,$204,750
ROBERTO CAVALLI,FLORENCE,,$139,510
ROBERTO CAVALLI,JUST CAVALLI W,,$175,640
ROBERTO CAVALLI,PARADISIO ROBERTO CAVALLI,,$130,475
ROBERTO CAVALLI,ROBERTO CAVALLI AQUA,,$130,475
ROBERTO CAVALLI,ROBERTO CAVALLI GOLD W,,$130,475
ROBERTO CAVALLI,SUPREME SANDAL,,$235,860
ROCHAS,BYZANCE 2019,,$191,700
ROCHAS,AUDACE,PB40093,$286,1050
ROCHAS,L'HOMME ROCHAS,,$191,700
ALL PRICE 1 KGS,,,,
BRAND,NAME,CODE,USD $,AED
ROJA DOVE,ISOLA SNOW,S400237,$178,651
ROJA DOVE,51 POUR FEMME,,$199,730
ROJA DOVE,TAIF AOUD,IP-4575,$301,1100
ROJA DOVE,MADISON POUR FEMME,,$205,750
ROJA DOVE,DANGER POUR HOMME,,$251,920
ROJA DOVE,PERFUME DE LA NUIT,PB40094,$355,1300
ROJA DOVE,ELYSIUM NOIR,PB40095,$573,2100
ROJA DOVE,ISOLA SOL,PB40096,$464,1700
ROJA DOVE,UNITED ARAB EMIRATES (UAE),PB40097,$327,1200
ROJA DOVE,HAUTE LUXE,PB40098,$286,1050
ROJA DOVE,ENIGMA POUR FEMME,PB40099,$204,750
ROJA DOVE,A MIDSUMMER DREAM,PB501,$464,1700
ROJA DOVE,LOST IN PARIS TOP,IF-457,$437,1600
ROJA DOVE,AOUD,PB503,$286,1050
ROJA DOVE,MUSK AOUD TOP,S400520,$450,1650
ROJA DOVE,HAUTE PARFUMERIE 20TH ANNIVERSARY,PB505,$437,1600
ROJA DOVE,BURLINGTON 1819,PB506,$437,1600
ROJA DOVE,BRITANIA,PB507,$245,900
ROJA DOVE,OCENIA,PB508,$382,1400
ROJA DOVE,LAKME,PB509,$491,1800
ROJA DOVE,ELYSIUM POUR FEMME TOP,PB510,$409,1500
ROJA DOVE,ELYSIUM EAU INTENSE,PB511,$464,1700
ROJA DOVE,ELYSIUM POUR HOMME COLONGE,,$396,1450
ROJA DOVE,ELIXIR POUR FEMME ESSENCE DE PARFUM,,$205,750
ROJA DOVE,ELYSIUM POUR HOMME PARFUM TOP,S400362,$385,1410
ROJA DOVE,SCANDAL POUR HOMME,,$235,860
ROJA DOVE,OLIGARCH ROJA,,$355,1300
ROJA DOVE,AMBER AOUD,,$325,1190
ROJA DOVE,SWEETIE AOUD,,$505,1850
ROJA DOVE,TURANDOT,,$219,800
ROJA DOVE,CANDY AOUD,,$328,1200
ROJA DOVE,APEX,S40077,$342,1250
ROJA DOVE,ISOLA BLU TOP,S400470,$328,1200
ROJA DOVE,MANHATTAN EAU DE PARFUM,,$199,730
ALL PRICE 1 KGS,,,,
BRAND,NAME,CODE,USD $,AED
ROSENDO MATEU,ROSENDO MATEU NO 5 TOP,,$355,1300
ROSENDO MATEU,ROSENDO MATEU NO 5 (MEDIUM),S400399,$96,352
ROSENDO MATEU,ROSENDO MATEU NO.06,,$451,1650
ROSENDO MATEU,ROSENDO MATEU NO.07,,$314,1150
SABAIK,"SABAIK,SATCOO",,$205,750
SORA DORA,JANY,PB504,$177,650
SABRINA CARPENTER,SWEET TOOTH CHERRY BABY,S400240,$124,455
SABRINA CARPENTER,SWEET TOOTH,S400473,$123,450
SADAF,SADAF TR,,$130,475
SANDAL,SANDAL,,$145,530
SANDAL,SANDAL TOP,,$205,750
SANDAL ROSE,SANDAL ROSE GR,,$130,475
SANDALIYA,SANDALIYA SP,SN4009,$150,550
SANDALIYA,SANDALIYA TOP,SN4008,$287,1050
SANTA EULAILA,CROCUS,,$183,670
SARAH BAKER,PEACH'S REVENGE,,$148,540
SCULPTURE,SCULPTURE GR,,$130,475
SENSUAL 1,SENSUAL,,$130,475
SHAIK,CHIC SHAIK NO.70,,$265,970
SHAIK,SHAIK CLASSIC GOLD EDITION MEN,,$251,920
SHAIK,SHAIK NO 30,,$221,810
SHAIK,"SHAIK NO,77 MEN TOP",,$145,530
SHAIK,"SHAIK NO,77 MEN (MEDIUM)",,$130,475
SHAIK,SHEIKH 77 ENGLAND TOP,,$145,530
SHAIK,SHAIK OPULENT NO 33,,$150,550
SHAMAMA AMBER,SHAMAMA AMBER,,$130,475
SHEIKH AL ARAB,SHEIKH AL ARAB,,$130,475
SHEIKH AL SHUYUKH,SHEIKH AL SHUYUKH TOP,,$161,590
SHEIKH AL SHUYUKH,SHEKH AL SYUK,,$130,475
SHEIKHA,SHEIKHA,,$130,475
SHEKH RASHID,SHEKH RASHID,,$596,2180
SISLEY,EAU DE SOIR SISLEY,,$130,475
SO OUD,SO OUD,,$130,475
SOL DE JANEIRO,BRAZILIAN CRUSH CHEIROSA 62,S40103,$109,400
ALL PRICE 1 KGS,,,,
BRAND,NAME,CODE,USD $,AED
SOL DE JANEIRO,CHEIROSA 59,PB511,$178,650
SOL DE JANEIRO,CHEIROSA 40,PB512,$178,650
SOL DE JANEIRO,RIO RADIANCE MIST,PB513,$191,700
SOL DE JANEIRO,CHEIROSA 48,PB514,$178,650
SOL DE JANEIRO,CHEIROSA 87,PB515,$130,450
SOL DE JANEIRO,DANCA MISTICA,PB516,$150,550
SOL DE JANEIRO,FLOR MISTICA,PB517,$137,500
SOL DE JANEIRO,SUMMER E AMOR,PB518,$130,475
SOL DE JANEIRO,CHEIROSA 39,PB519,$130,475
SOL DE JANEIRO,CHEIROSA 76,PB520,$150,550
SOL DE JANEIRO,CHEIROSA 71,PB530,$130,475
SOSPIRO,ACCENTO TOP,,$355,1300
SOSPIRO,CAVATINA SOSPIRO,IF-06,$464,1700
SOSPIRO,ACCENTO SUPER,,$265,970
SOSPIRO,VIBRANNA,,$150,550
SOSPIRO,ENSEMBLE,,$221,810
SOSPIRO,ERBA PURA TOP,,$311,1140
SOSPIRO,ERBA PURA SUPER,S40086,$175,644
SOSPIRO,LAYLATI,,$430,1575
SOSPIRO,IL PADRINO,PB521,$286,1050
SOSPIRO,MARASCHINO TOP,PB522,$464,1700
SOSPIRO,MUSE,,$235,860
SOSPIRO,OPERA,,$235,860
SOSPIRO,OUVERTURE,,$205,750
SOSPIRO,VIBRATO TOP,S400420,$199,730
SOSPIRO,ERBA PURA MAGICA,,$355,1300
SOSPIRO,PRIMA DONNA,,$301,1100
SALVATORE,FERRAGAMO EMOZIONE,PB520,$286,1050
SECOND WIFE,SECOND WIFE,DL-4474,$109,400
STEFANO RICCI,ROYAL EAGLE GOLD,PB525,$245,900
STEFANO RICCI,ROYAL EAGLE SPORT,PB526,$286,1050
STRANGELOVE NYC,DEAD OF KNIGHT,PB521,$355,1300
STEPHANE HUM LUCAS 777,MORTAL SKIN,,$221,810
STEPHANE HUM LUCAS 777,SOLEIL DE JEDDAH,,$235,860
ALL PRICE 1 KGS,,,,
BRAND,NAME,CODE,USD $,AED
STEPHANE HUMBERT LUCAS,PINK BOA,,$265,970
STEPHANE HUMBERT LUCAS,THE QUEEN & THE VIPER TOP,S400121,$260,950
STEPHANE HUMBERT LUCAS,LE 8,PB528,$355,1300
STEPHANE HUMBERT LUCAS,SEA MY LOVE TOP,S400433,$398,1460
STEPHANE HUMBERT LUCAS,SOLEIL DE JEDDAH MANGO KISS,PB530,$437,1600
STEPHANE HUMBERT LUCAS 777,LADY WHITE SNAKE  TOP,,$342,1250
STEPHANE HUMBERT LUCAS 777,GOD OF FIRE TOP,S400350,$342,1250
STEPHANE HUMBERT LUCAS 777,SAND DANCE,,$311,1140
STEPHANE HUMBERT LUCAS 777,VENOM INCARNAT,,$186,680
SUGAR BABY / SOFT,SUGAR BABY / SOFT,,$130,475
SUHAILAH,SUHAILAH,,$130,475
SUHALAH,MUKALLAT  SHU,,$130,475
SULTAN,SULTAN BEST,,$161,590
SWISS ARABIAN,ARAIS,,$130,475
SWISS ARABIAN,SHAGHAF AMBER INFUSION,PB507,$273,1000
SWISS ARABIAN,SGAGHAF VANILLA TOFFEE,PB508,$191,700
SWISS ARABIAN,CHI CHI PINK SAPIL,,$130,475
SWISS ARABIAN,DUKHOON AL YAS,,$130,475
SWISS ARABIAN,JANNATUL FIRDOUS,,$130,475
SWISS ARABIAN,KASHKHA,S400159,$150,550
SWISS ARABIAN,LAYALI,,$130,475
SWISS ARABIAN,MUKHALAT MALAKI,,$145,530
SWISS ARABIAN,MUKHALLAT ARAIS LUZI,,$130,475
SWISS ARABIAN,NOORA,,$130,475
SWISS ARABIAN,NOORA LUZI,,$130,475
SWISS ARABIAN,OUD MANG,,$130,475
SWISS ARABIAN,RAKKAN TOP,,$161,590
SWISS ARABIAN,RASHIKA,,$130,475
SWISS ARABIAN,SEHR AL SHEILA,,$139,510
SWISS ARABIAN,SHUMOUKH AL GHUTRA,,$139,510
SWISS ARABIAN,SHAGHAF OUD AZRAK,,$213,780
SWISS ARABIAN,MUSK 74,,$150,550
SERGE LUTENS,CHERGUI,PB510,$327,1200
TAMBURINS,PUMPKINI,PB511,$204,750
ALL PRICE 1 KGS,,,,
BRAND,NAME,CODE,USD $,AED
TALZI,TALZI,,$130,475
TAUER PERFUMES,AIR DU DESERT MAROCAIN,,$161,590
TAUER PERFUMES,2 L AIR DU DESERT MAROCAIN TOP,PB550,$573,2100
TEA ROSE,TEA ROSE,,$130,475
THAMEEM,CULLINAN DIAMOND,,$213,780
THAMEEN,CARVED OUD,,$205,750
THAMEEN,NOT TELLING,PB532,$355,1300
THAMEEN,REGENT LEATHER,,$160,585
THAMEEN,RIVIERE,,$205,750
THAMEEN,BLUE HEART,,$260,950
THAMEEN,ROYAL SAPPHIRE,S400106,$180,660
THE BEAUTIFUL M. SERIES,BOUDICCA WODE,,$221,810
THE BEAUTIFUL M. SERIES,VOL 1 /INTELLIGENCE & FANTASY,,$265,970
THE BEAUTIFUL M. SERIES,VOLUME 2/ THE BEAUTIFUL MIND,,$475,1740
THE BODY SHOP,BLACK MUSK,S400143,$150,550
THE BODY SHOP,MUSK TAHARA,,$130,475
THE HOUSE OF OUD,BONBON POP TOP,IP-5781,$491,1800
THE HOUSE OF OUD,EMPATHY,,$221,810
THE HOUSE OF OUD,WIND HEAT,,$260,950
THE SPRIT OF DUBAI,DUBAI OUD TOP,IP-652,$327,1200
THE SPRIT OF DUBAI,MEYDAN TOP,S40047,$270,990
THE MERCHANT OF VENICE,IMPERIAL EMERALD,,$221,810
THIERRY MUGLER,ALIEN PULP,IP-457,$314,1150
THIERRY MUGLER,ALLIEN WOMEN,IP-4590,$219,800
THIERRY MUGLER,A*MEN FANTASM,23625-I,$160,587
THIERRY MUGLER,MUGLER A*MEN STELLAR,PB556,$286,1050
THIERRY MUGLER,A MEN PURE HAVANE,PB557,$286,1050
THIERRY MUGLER,ALIEN EXTRAINTENSE 2025,PB558,$355,1300
THIERRY MUGLER,A* MEN PURE MALT,PB559,$286,1050
THIERRY MUGLER,ALIEN FOR MAN,,$130,475
THIERRY MUGLER,ANGEL MUSK,,$130,475
THIERRY MUGLER,ANGEL,S400387,$191,700
THIERRY MUGLER,ANGEL ELIXIR,,$130,475
THOMAS KOSMALA,NO.14 COZY MOOD,,$185,680
ALL PRICE 1 KGS,,,,
BRAND,NAME,CODE,USD $,AED
THOMAS KOSMALA,NO. 9 BUKHOOR TOP,,$738,2700
THOMAS KOSMALA,NO.09 BUKHOOR SUPER,,$342,1250
THOMAS KOSMALA,NO.09 BUKHOOR,,$130,475
THOMAS KOSMALA,"NO 4 APRES L"" AMOUR",S400310,$251,920
THOMAS KOSMALA,A NEVER ENDING LOVE,,$403,1475
THOMAS KOSMALA,NO 4 NEON,,$342,1250
THOMAS KOSMALA,No 5 FRENESIE,,$164,600
THOMAS KOSMALA,NO.12 OUD DOUZE,,$366,1340
THOMAS KOSMALA,TONIC BLANC NO 1,,$358,1310
TIZIANA TERENZI,OMICRON,PB825,$327,1200
TIZIANA TERENZI,AFRODITE,,$199,730
TIZIANA TERENZI,ANDROMEDA TOP,S400311,$260,950
TIZIANA TERENZI,PHIVELE,PB40010,$286,1050
TIZIANA TERENZI,CASANOVA,,$221,810
TIZIANA TERENZI,CASSIOPEA,,$130,475
TIZIANA TERENZI,TELEA,PB570,$286,1050
TIZIANA TERENZI,OSOLA,PB571,$286,1050
TIZIANA TERENZI,ILBA,PB472,$177,650
TIZIANA TERENZI,NOTTEBUIA,PB473,$245,900
TIZIANA TERENZI,URSA,PB474,$382,1400
TIZIANA TERENZI,DRACO,,$235,860
TIZIANA TERENZI,KIRKE TOP,S400330,$328,1200
TIZIANA TERENZI,ORION,,$415,1520
TIZIANA TERENZI,PORPORA,,$281,1030
TIZIANA TERENZI,CUBIA,,$175,640
TIZIANA TERENZI,MIRACH,,$221,810
TIZIANA TERENZI,GUMIN,,$295,1080
TIZIANA TERENZI,NERO OUDH,,$478,1750
TIZIANA TERENZI,DELOX,,$314,1150
TIZIANA TERENZI,VITTORIALE 2022,,$396,1450
TIZIANA TERENZI,HALLEY,,$317,1160
TIZIANA TERENZI,UXALPHA,,$273,1000
TIZIANA TERENZI,STRUO,,$148,540
TIZIANA TERENZI,KIRKE OVERDOSE TOP,,$451,1650
ALL PRICE 1 KGS,,,,
BRAND,NAME,CODE,USD $,AED
TOM FORD,FIGUE EROTIQUE TOP,S400461,$401,1470
TOM FORD,NOIR EXTREME PARFUM,,$342,1250
TOM FORD,BLACK LACQUER PRIVE BLEND TOP,,$361,1320
TOM FORD,EAU D OMBRE LEATHER TOP,,$205,750
TOM FORD,BLACK LACQUEUR,,$355,1300
TOM FORD,EAU D OMBRE LEATHER,,$150,550
TOMFORD,OMBER LEATHER 2018 TOP,S40064,$221,810
TOMFORD,LOST CHERRY TOP,S400359,$205,750
TOMFORD,LOST CHERRY SUPER,S400392,$109,400
TOMFORD,BLACK ORCHID,S400278,$186,680
TOMFORD,F FABULOUS TOP,S400158,$235,860
TOMFORD,METALLIQUE,,$130,475
TOMFORD,NEROLI PROTOFINO,,$161,590
TOMFORD,NOIR ANTHRACITE,,$130,475
TOMFORD,NOIR EXTREME TOP,S400340,$246,900
TOMFORD,OUD MINERALE,,$130,475
TOMFORD,OUD WOOD INTENSE,,$161,590
TOMFORD,SOLEIL BLANC TOP,S400363,$301,1100
TOMFORD,EAU DE SOLEIL BLANC 2025,PB580,$205,750
TOMFORD,VANILLA FATALE 2024 TOP,PB581,$464,1700
TOMFORD,PLUM JAPONISH,PB582,$341,1250
TOMFORD,NOIR DE NOIR TOP,PB583,$355,1300
TOMFORD,SOLEIL NEIGE,PB584,$327,1200
TOMFORD,FOUGREE D ARGENT TOP,S400212,$327,1200
TOMFORD,JASMINE ROUGE TOP,PB586,$464,1700
TOMFORD,AMBER ABSOLUTE TOP,PB587,$327,1200
TOMFORD,WHITE SUEDE TOP,IP475,$301,1100
TOMFORD,SOLEIL DE FEU TOP,PB589,$464,1700
TOMFORD,ROSE DE RUSSIE,PB591,$464,1700
TOMFORD,NEROLI PROTOFINO TOP,PB592,$382,1400
TOMFORD,CAFE  ROSE TOP,PB593,$327,1200
TOMFORD,SANTAL BLUSH TOP,PB594,$382,1400
TOMFORD,TOBACCO OUD  TOP,,$246,900
TOMFORD,TOVACCO VANILLAH TOP,,$205,750
ALL PRICE 1 KGS,,,,
BRAND,NAME,CODE,USD $,AED
TOMFORD,TOMFORD NOIR TOP,,$286,1050
TOMFORD,TOMFORD NOIR,,$130,475
TOMFORD,TUSCAN LEATHER TOP,,$221,810
TOMFORD,TUSCAN LEATHER  (MEDIUM),S400395,$82,300
TOMFORD,VANILLE FATALE,,$191,700
TOMFORD,VELVET ORCHID,,$161,590
TOMFORD,VENETIAN BERGAMOT,,$221,810
TOMFORD,WOOD OUD TOP,S400305,$328,1200
TOMFORD,WOOD OUD  SP,S400394,$96,350
TOMFORD,BLACK ORCHID PARFUM,,$311,1140
TOMFORD,BITTER PEACH  (MEDIUM),,$169,620
TOMFORD,GREY VETIVER,,$130,475
TOMFORD,ROSE PRICK,,$221,810
TOMFORD,TUBEREUSE NUE,,$221,810
TOMFORD,BEAU DE JOUR,,$295,1080
TOMFORD,SOLEIL  BRULANT,,$295,1080
TOMFORD,LAVENDER EXTREME,,$235,860
TOMFORD,COSTA AZZURRA,S400314,$221,810
TOMFORD,EBENE FUME,,$328,1200
TOMFORD,OMBRE LEATHER PARFUM,,$265,970
TOMFORD,ROSE D'AMALFI,,$355,1300
TOMFORD,ROSE DE CHINE,,$478,1750
TOMFORD,ROSE DE RUSSIE,,$295,1080
TOMFORD,METALLIQUE,,$246,900
TOMFORD,CAFÉ ROSE,,$175,640
TOMFORD,VANILLA SEX TOP,S400472,$301,1100
TOMFORD,MYRRHE MYSTERE,,$396,1450
TOMFORD,BOIS PACIFIQUE,,$284,1040
TOMFORD,ROSE EXPOSED,,$191,700
TOMFORD,OUD VOYAGER,,$391,1430
TOMFORD,BLACK ORCHID RESERVE,,$363,1330
TOMFORD,CHERRY SMOKE TOP,,$260,950
TOMFORD,CHERRY SMOKE  (MEDIUM),,$130,475
TOMFORD,ELECTRIC CHERRY TOP,,$279,1020
ALL PRICE 1 KGS,,,,
BRAND,NAME,CODE,USD $,AED
TOMFORD,VANILLE FATALE 2024,,$232,850
TOMFORD,AMBER INTRIGUE TOP,,$254,930
TOMFORD,BITTER PEACH TOP,,$235,860
TOMMY HILFIGER,IMPACT TOGETHER,,$164,600
TOT NIKKAR,TOT NIKKAR,,$130,475
THE MERCHANT OF,VINEGIA 21,PB555,$355,1300
TRISH MC EVOY,SEXY 9 BLACKBERRY & VANILLA MUSK,,$235,860
TRUSSARDI,I VICOLI VIA FLORI CHIARI,,$191,700
TRUSSARDI,APERITIVO MILANESE PORTA NUOVA,,$219,800
TRUSSARDI,TRUSSARDI DONNA,,$183,670
TURAB AL DAHAB,TURAB AL DAHAB,,$130,475
UNIQUE'E LUXURY,ZENGI,PB600,$437,1600
UNIQUE'E LUXURY,KUTAY  TOP,,$355,1300
UNIQUE'E LUXURY,CRUSH ON ME,,$628,2300
VILHELM,CHIMLIKA,PB601,$286,1050
VALENTINO,SOGNO IN ROSSO,PB45,$286,1050
VALENTINO,ROCKSTUD NOIR,PB46,$286,1050
VALENTINO,UOMO BORN IN ROMA EXTRADOSE,PB47,$327,1200
VALENTINO,DONNA BORN IN ROMA EXTRADOSE TOP,S400437,$273,1000
VALENTINO,DONNA BORN IN ROMA EXTRADOSE,S400494,$232,850
VALENTINO,UOMO BORN IN ROMA  CORAL FANTASY,PB498,$286,1050
VALENTINO,DONNA BORN IN ROMA CORAL FANTASY,S40093,$166,610
VALENTINO,DONNA BORN IN ROMA THE GOLD,PB49,$286,1050
VALENTINO,UOMO BORN IN ROMA THE GOLD,S400440,$301,1100
VALENTINO,DONNA BORN IN ROMA GREEN STRAVAGANZA,PB51,$301,1100
VALENTINO,UOMO BORN IN ROMA GREEN STRAVAGANZA,PB52,$301,1100
VALENTINO,VALENTINA 2025,PB5301,$327,1200
VALENTINO,UOMO BORN IN ROMA FOR MAN,IP-0167,$301,1100
VALENTINO,DONNA BORN IN ROMA WOMAN,S400275,$191,700
VALENTINO,DONNA BORN IN ROMA INTENSE,IP-458,$301,1100
VALENTINO,UOMO BORN IN ROMA INTENSE,IP-459,$286,1050
VALENTINO,DONNA BORN IN ROMA IVORY,S400120,$178,650
VALENTINO,UOMO BORN IN ROMA IVORY,S400199,$229,840
VALENTINO,L'INNOCENCE DE L'AIR,,$254,930
ALL PRICE 1 KGS,,,,
BRAND,NAME,CODE,USD $,AED
VALENTINO,VALENTINO UOMO BORN IN ROMA YELLOW DREAM,S400459,$205,750
VALENTINO,VALENTINO UOMO BORN IN ROMA PURPLE MELANCHOLIA,,$286,1050
VALENTINO,VALENTINO DONNA BORN IN ROMA PURPLE MELANCHOLIA,S400124,$191,700
VAN CLEEF & ARPELS,COLLECTION EXTRAORDINAIRE ORCHIDEE VANILLE,,$194,710
VAN CLEEF & ARPELS,MOONLIGHT PATCHOULI,,$169,620
VAN CLEEF & ARPELS,POUR HOMME 2025 TOP,PB603,$286,1050
VAN CLEEF & ARPELS,MOONLIGHT CHERRY,PB604,$409,1500
VAN CLEEF & ARPELS,BOIS D AMANDE,PB604,$286,1050
VAN CLEEF & ARPELS,ROSE ROUGE,,$221,810
VAN CLEEF & ARPELS,SANTAL BLANC,,$205,750
VAN CLEEF & ARPELS,REVE DE CASHMERE,,$295,1080
VERSACE,DYLAN BLUE POUR FEMME,,$130,475
VERSACE,VERSACE CRYSTAL BLACK,,$165,606
VERSACE,CRYSTAL EMERALD,PB4578,$286,1050
VERSACE,VERSACE POUR HOMME,S400286,$142,520
VERSACE,DYLAN BLUE POUR HOMME,,$130,475
VERSACE,EROS FLAME,,$235,860
VERSACE,EROS MAN TOP,S400315,$246,900
VERSACE,BRIGHT CRYSTAL  TOP,S400334,$137,500
VERSACE,CRYSTAL NOIR TOP,S400293,$191,700
VERSACE,MAN EAU FRAÎCHE TOP,,$161,590
VERSACE,MAN EAU FRAICHE EXTREME,PB-601,$286,1050
VERSACE,GINGEMBRE PETILANT,PB0601,$286,1050
VERSACE,VANILLA ROUGE,PB0602,$327,1200
VERSACE,VERSACE YELLOW DIAMOND,PB0603,$137,500
VERSACE,VERSACE VANITAS,,$130,475
VERSACE,VERSACE EROS EA DE PARFUM,,$221,810
VERSACE,D.TURQUOISE VERSACE POUR FEMME,,$130,475
VERSACE,SAFRAN ROYAL,,$130,475
VERSACE,EROS ENERGY,,$150,550
VERSACE,CRYSTAL NOIR PARFUM,,$137,500
VERSACE,EROS NAJIM,,$227,830
VERSACE,VERSENCE VERSACE,,$197,720
VERSACE,VERSACE POUR FEMME DYLAN PURPLE,S400182,$167,610
ALL PRICE 1 KGS,,,,
BRAND,NAME,CODE,USD $,AED
VERSACE,VERSACE POUR FEMME DYLAN BLUSH PINK,S400512,$164,600
VERSACE,DYLAN BLUE POUR FEMME,,$205,750
VERTUS,SOLE PATCHOULI,,$533,1950
VERTUS,NARCOSIS,,$325,1190
VICTOR & ROLF,SPICEBOMB,S40053,$120,440
VICTOR & ROLF,FLOWERBOMB,S400132,$109,400
VICTOR & ROLF,FLOWERBOMB MIDNIGHT,,$130,475
VICTOR & ROLF,FLOWERBOMB PRETTY PEONY,PB0604,$286,1050
VICTOR & ROLF,SPICEBOMB METALIC MUSK,PB0605,$286,1050
VICTOR & ROLF,FLOWERBOMB EXTREME 2025,PB0606,$286,1050
VICTOR & ROLF,SPICEBOMB DARK LEATHER,PB0607,$355,1300
VICTOR & ROLF,SPICEBOMB EXTREAM TOP,PB 0608,$301,1100
VICTOR & ROLF,FLOWERBOMB NECTAR,,$130,475
VICTOR & ROLF,FLOWERBOMB RUBY ORCHID WOMEN,,$161,590
VICTORIA SECRET,BOMBSHELL HOLIDAY,,$130,475
VICTORIA SECRET,EAU SO SEXY EAU DE PARFUM,,$183,670
VICTORIA SECRET,EAU SO SEXY VICTORIA,,$130,475
VICTORIA SECRET,HARDCORE ROSE,,$169,620
VICTORIA SECRET,JUST A KISS,,$145,530
VICTORIA SECRET,MANGO TEMPTATION,,$130,475
VICTORIA SECRET,TEMPTATION,,$130,475
VICTORIA SECRET,VERY SEXY NOW,,$130,475
VICTORIA SECRET,VICTORIA'S SECRET PARIS,,$130,475
VICTORIA SECRET,BOMBSHELL  TOP,S400319,$131,480
VICTORIA SECRET,SCANDALOUS,,$161,590
VICTORIA SECRET,BOMBSHELL GOLD,,$221,810
VICTORIA SECRET,ANGEL GOLD,,$130,475
VICTORIA SECRET,BOMBSHELL OUD,,$145,530
VICTORIA SECRET,VICTORIA'S SECRET BOMBSHELL OUD,,$205,750
VICTORIA SECRET,BOMBSHELL PASSION,,$145,530
VICTORIA SECRET,TEASE CREME CLOUD,,$130,475
VICTORIA SECRET,CANDY BABY WOMEN,,$130,475
VICTORIA SECRET,BOMBSHELL MAGIC,,$232,850
VICTORIA SECRET,TEASE SUGAR FLEUR,,$130,475
ALL PRICE 1 KGS,,,,
BRAND,NAME,CODE,USD $,AED
VICTORIA SECRET,TEASE COCOA SOIREE,,$306,1120
VICTORIA SECRET,VARY SEXY OASIS,,$205,750
VICTORIA SECRET,VERY SEXY NIGHT,PB0610,$245,900
VICTORIA SECRET,XO,PB0611,$191,700
VICTORIA SECRET,CEDAR BREEZE,PB0612,$150,550
VICTORIA SECRET,PURE SEDUCTION CASHMERE,PB0512,$130,475
VICTORIA SECRET,EAU SO SEXY TOP,PB0613,$137,500
VICTORIA SECRET,VERY SEXY,PB0614,$130,475
VICTORIA SECRET,PINK BY PINK,,$178,650
VICTORIA SECRET,LOVE IS HEAVENLY (2016),,$130,475
VICTORIA SECRET,TEASE CANDY NOIR,,$164,600
VICTORIA SECRET,BARE VANILLA,,$137,500
VICTORIA SECRET,BOMSHEEL CELEBRATION,,$150,550
VICTORIA SECRET,INTENSE,,$123,450
VICTORIA'S SECRET,BARE VANILLA,,$130,475
VILHELAM PERFUMERIE,MOON CARNIVAL,,$246,900
VILHELM PARFUMERIE,MANGO SKIN,S400109,$175,640
VILHELM PARFUMERIE,DEAR POLLY,,$130,475
VILHELM PARFUMERIE,MORNING CHEES,,$311,1140
VILHELM PARFUMERIE,PURPLE FIG,,$287,1050
WARD,WARD,,$130,475
WARD,WARD ISPARTA,,$806,2950
WHITE OUD,WHITE OUD TOP,S40024,$120,440
WHITE AMBER,WHITE AMBER TOP,,$415,1520
WHITE AMBER,WHITE AMBERY SUPER LZ,,$340,1245
WHITE AMBER,WHITE AMBER M,,$205,750
WHITE ROSE,WHITE ROSE,,$115,420
WIDIAN,NEW YORK,PB6018,$464,1700
WIDIAN,SAMAR,PB6019,$327,1200
WIDIAN,LONDON,PB6020,$409,1500
WIDIAN,HILI,PB6021,$178,650
WIDIAN,LIMITED 71 EXTREME TOP TOP,,$656,2400
XERJOFF,DURAN DURAN BLACK MOONLIGHT,PB864,$286,1050
XERJOFF,SYMPHONIUM TOP,IP-584,$314,1150
ALL PRICE 1 KGS,,,,
BRAND,NAME,CODE,USD $,AED
XERJOFF,LOUIS XV 1722 ROSÉ,PB9848,$245,900
XERJOFF,ESQUEL TOP,IP-0132,1800,$491
XERJOFF,NIO TOP,IP470,$382,1400
XERJOFF,PURPLE ACCENTO,S400384,$213,780
XERJOFF,40 KNOTS,,$205,750
XERJOFF,ALEXANDRIA II TOP,S400376,$232,850
XERJOFF,ALEXANDRIA III,PB6032,$286,1050
XERJOFF,CASAMORATI 1888 DAMA BIANCA,IP5475,$327,1200
XERJOFF,ALEXANDRIA ORIENTALE,,$221,810
XERJOFF,AMBER GOLD,,$221,810
XERJOFF,AMBER STAR,,$205,750
XERJOFF,ERBA GOLD,,$265,970
XERJOFF,GOLDEN DALLAH,,$325,1190
XERJOFF,GRAN BALLO,,$175,640
XERJOFF,MORE THAN WORDS,,$235,860
XERJOFF,ROSE GOLD,,$205,750
XERJOFF,UDEN,,$191,700
XERJOFF,CASAMORATI 1888 MEFISTO  TOP,,$191,700
XERJOFF,ERBA PURA  TOP,S400238,$260,950
XERJOFF,MEFISTO GENTILUOMO,,$205,750
XERJOFF,CORALLO,,$161,590
XERJOFF,XJ 1861 NAXOS,S40085,$191,700
XERJOFF,1 PARFUME,PB6030,$286,1050
XERJOFF,2 PARFUME,PB6031,$355,1300
XERJOFF,NEWCLEUS 2024,PB6032,$327,1200
XERJOFF,ITALICA,PB0633,$355,1300
XERJOFF,ELIXIR PERFUME EXTRAIT,PB0634,$409,1500
XERJOFF,QUATTRO PIZZI TOP TOP,PB0635,$464,1700
XERJOFF,RICHWOOD TOP,PB0536,$327,1200
XERJOFF,TONNY LOMMI DEIFIED PARFUM,PB0537,$327,1200
XERJOFF,LIRA,PB0538,$204,750
XERJOFF,LA TOSCA,PB0539,$355,1300
XERJOFF,LA CAPITALE,PB0540,$301,1100
XERJOFF,TONY LOMMI MONKEY SPECIAL  TOP,PB356,$328,1200
ALL PRICE 1 KGS,,,,
BRAND,NAME,CODE,USD $,AED
XERJOFF,TORINO 21 TOP,S400527,$191,700
XERJOFF,TORINO 22 TOP,S400349,$260,950
XERJOFF,TORINO 23 TOP,PB0541,$286,1050
XERJOFF,TORINO 24,,$270,990
XERJOFF,TORINO 25,S400117,$191,700
XERJOFF,LEVAR DEL SOLE,,$164,600
XERJOFF,DURAN DURAN BLACK MOONLIGHT,,$260,950
XERJOFF,CORO,,$199,730
XERJOFF,ERBA GOLD NO,,$208,760
XERJOFF,GOETHEPLATZ,,$257,940
YSL,LIBRE BERRY CRUSH,S400112,$178,650
YSL,L HOMME,IP-540,$191,700
YSL,BABYCAT RAW BOURBON,PB957,$327,1200
YSL,BABY DOLL,,$130,475
YSL,LA NUIT DE L'HOMME,S400252,$158,580
YSL,Y ICED COLONGE TOP,S400493,$218,800
YSL,BLOUSE IMPERTINENT ROSE,PB0701,$382,1400
YSL,MUSE INSPIRING INK,PB0702,$327,1200
YSL,LIBRE L EAU NUE,PB0703,$327,1200
YSL,MYSELF L ABSOLU,PB0704,$286,1050
YSL,MUSE,PB0705,$327,1200
YSL,37 RUE DE BELLECHASSE,PB0706,$286,1050
YSL,GAUCHE,PB0707,$286,1050
YSL,CINEMA,PB0708,$204,750
YSL,LA NUIT DE L'HOMME BLEU ELECTRIQUE,PB0709,$260,950
YSL,BLACK OPIUM GLITTER 2025,PB0710,$286,1050
YSL,CHAMPAGNE,PB0711,$191,700
YSL,BLACK OPIUM OVER RED,PB0712,$301,1100
YSL,LIBRE LE PARFUM,PB0713,$314,1150
YSL,Y ELIXIR,PB0714,$191,700
YSL,Y EAU DE PARFUM TOP,S400485,$273,1000
YSL,Y INTENSE,PB0716,$327,1200
YSL,BLACK OPIUM LE PARFUM,PB0717,$245,950
YSL,MYSELF LE PARFUM,PB0718,$286,1080
ALL PRICE 1 KGS,,,,
BRAND,NAME,CODE,USD $,AED
YSL,LIBRE L ABSOLU PLATINE,PB0719,$314,1150
YSL,LIBRE INTENSE TOP,PB0720,$327,1200
YSL,BLACK OPIUM TOP,S400270,$152,557
YSL,BLACK OPIUM INTENSE,,$130,475
YSL,BLACK OPIUM EXTREME,,$221,810
YSL,BLACK OPIUM ILLICIT GREEN,,$221,810
YSL,BLACK OPIUM BABY CAT COLLECTOR,,$205,750
YSL,CAFTAN,,$221,810
YSL,CINAMA YSL,,$130,475
YSL,EXQUISITE EMBROIDERY,,$130,475
YSL,EXQUISITE MUSK,,$205,750
YSL,INTENSE YSL,,$130,475
YSL,KOUROS,,$130,475
YSL,LIBRE,S400128,$123,450
YSL,LIBRE EDP INTENSE,,$150,550
YSL,MON PARIS TOP,S400360,$164,600
YSL,Y BY YSL,S400271,$115,420
YSL,SUPREME BOUQUET TOP,,$205,750
YSL,SUPREME BOUQUET,,$109,400
YSL,WILD LEATHER,,$265,970
YSL,MYSELF TOP,S400313,$260,950
YSL,LIBRE L'ABSOLU PLATINE,,$150,550
YSL,LIBRE FLOWERS & FLAMES,,$175,640
YSL,LIBRE FLOWES  FLAMES,,$130,475
YSL,BABY CAT,S40039,$246,900
YSL,LIBRE L'EAU NUE,,$145,530
YSL,CUIR SUBLIME OUD,,$287,1050
YSL,LAVALLIERE,,$276,1010
YSL,LIBRE VANILLE COUTURE TOP,S400408,$251,920
YSL,TUXEDO SHARP PATCHOULI,,$265,970
YSL,Y LE PARFUM,,$137,500
YSL.,TUXEDO,,$161,590
YVES ROCHER,ROSE OUD,,$130,475
ZADIG & VOLTAIRE,ZADIG,,$245,900
ALL PRICE 1 KGS,,,,
BRAND,NAME,CODE,USD $,AED
ZADIG & VOLTAIRE,JUST ROCK FOR HIM,,$205,750
ZADIG & VOLTAIRE,THIS IS US,,$221,810
ZADIG & VOLTAIRE,THIS IS REALLY HER!,,$189,690
ZADIG & VOLTAIRE,THIS IS REALLY HER,,$189,690
ZADIG & VOLTAIRE,THIS IS HER,,$210,770
ZAFRAN,ATTAR ZAFRAN,,$130,475
ZAFRAN,ZAFRAN SUPER,,$311,1140
ZAFRAN,WHTIE ZAFRAN,,$130,475
ZARA,COZY SERENADE,,$221,810
ZARA,SUN KISSED BANANA,PB07160,$204,750
ZARA,FRESH RAIN SHOWER,PB07171,$218,800
ZARA,SECRET INFUSION,,$164,600
ZARKO PERFUME,MOLECULE NO.08,,$130,475
ZARKOPERFUME,PINK MOLECULE 090.09,,$169,620
ZARKOPERFUME,PURPLE MOLECULE 070.07,,$175,640
ZARKOPERFUME,QUANTUM MOLECULE,,$175,640
ZARKOPERFUME,MOLECULE C-19 THE BEACH,,$150,550
ZARKOPERFUME,THE MUSE,,$130,475
ZIELINSKI & ROZEN,VANILLA BLEND,,$130,475
ZIELINSKI & ROZEN,"BLACK PEPPER & AMBER ,NEROLI",,$221,810
ZIELINSKI & ROZEN,"ORANGE & JASMINE, VANILLA",,$178,650
ZIELINSKI & ROZEN,FICTION,,$260,950
ZIELINSKI & ROZEN,VETIVER & LEMON.BERGAMOT,,$191,700
ZIELINSKI & ROZEN,"PINK PAPER,ELEMI,CINNAMON,LEATHER",,$150,550
