,,,,,,,
BRAND,NAME,ORI,CN,CODE,QTY,AED,USD
AL MAJED OUD,ELBRINCE,,ELBRINCE,250035,1.00KG,1000,$273
AKRO,CRUSH,,CRUSH,250397,1.00KG,700,$191
AKRO,BAKE,,BAKE,250167,1.00KG,850,$232
ABDUL SAMAD AL,FURUSIYYA-PINK INCENSE,,FURUSIYYA-PINK INCENSE,300001,1.00KG,275,$ 75
ABDUL SAMAD AL,KHASHAB AL OUD,,KHASHAB AL OUD,300002,1.00KG,385,$ 105
ABDUL SAMAD AL,RUH AL OUD,,RUH AL OUD,300003,1.00KG,1100,$ 301
ABDUL SAMAD AL,SAFARI EXTREME,,SAFARI EXTREME,240231,1.00KG,275,$ 75
ABDUL SAMAD AL,CHARME D' ORIENT,,CHARME D' ORIENT,300004,1.00KG,330,$ 90
"ABERCROMBIE &
FITCH",FIERCE,,FIERCE,240903,1.00KG,1100,$ 301
ABERCROMBIE & FITCH,FIRST INSTINCT BLUE,,FIRST INSTINCT BLUE,300005,1.00KG,275,$ 75
ABERCROMBIE & FITCH,FIRST INSTINCT FOR HER,,FIRST INSTINCT FOR HER,300006,1.00KG,275,$ 75
ACQUA DI PARMA,COLONIA II PROFUMO,,COLONIA II PROFUMO,250208,1.00KG,585,$ 160
ACQUA DI PARMA,BUONGIORNO,,BUONGIORNO,250306,1.00KG,600,$ 164
ACQUA DI PARMA,OUD & SPICE,LZ,ITALY IN THE NIGHT,233551,1.00KG,700,$ 191
ACQUA DI PARMA,OUD,,OUD,300007,1.00KG,275,$ 75
ARGOS,TRIUMPH OF BACCHUS ARGOS,,TRIUMPH OF BACCHUS ARGOS,240811,1.00KG,1000,$ 273
AFNAN,9PM NIGHT OUT,,9PM NIGHT OUT,250480,1.00KG,700,$ 191
AFNAN,9PM,,9PM,250081,1.00KG,700,$ 191
AFNAN,9PM REBEL,,9PM REBEL,250033,1.00KG,700,$ 191
AFNAN,9AM,,9AM,240839,1.00KG,450,$ 123
AFNAN,TURATHI BLUE,,TURATHI BLUE,240813,1.00KG,350,$ 96
AFNAN,SUPERMACY SILVER,,SUPERMACY SILVER,240318,1.00KG,450,$ 123
AF,FLOWER OXY,LZ,FLOWER OXY,339818,1.00KG,275,$ 75
AF,CITRON OXY,LZ,CITRON OXY,339816,1.00KG,275,$ 75
AF,GREEN TATERA,,GREEN TATERA,300008,1.00KG,220,$ 60
AF,MUSK TATERA,,MUSK TATERA,300009,1.00KG,220,$ 60
AJMAL,SONG OF OUD,,SONG OF OUD,240532,1.00KG,850,$ 232
AJMAL,1101 NIGHTS,LZ,AFRAH,554861,1.00KG,600,$ 164
AJMAL,AMBER WOOD TOP,,AMBER WOOD TOP,240801,1.00KG,1000,$ 273
AJMAL,AMBER WOOD,,AMBER WOOD,250489,1.00KG,350,$ 96
AJMAL,AURUM,,AURUM,240929,1.00KG,850,$ 232
AJMAL,AMBRE PIMENTE,LZ,BROWNSY,353631,1.00KG,660,$ 180
AJMAL,SILK MUSK TOP TOP,,SILK MUSK TOP TOP,240065,1.00KG,1100,$ 301
AJMAL,SILK MUSK,,SILK MUSK,240305,1.00KG,550,$ 150
AJMAL,BLACK ROSE,LZ,ROSE BLACK,338565,1.00KG,440,$ 120
AJMAL,ALIF LAYLA O LAYLA,,ALF LAYLA O LAYLA,3000010,1.00KG,660,$ 180
AJMAL,AMBER AL OUD,,AMBER AL OUD,3000011,1.00KG,1320,$ 361
AJMAL,AMBER MUSK,,AMBER MUSK,3000012,1.00KG,275,$ 75
AJMAL,AMBER POIVRE,,AMBER POIVRE,3000013,1.00KG,275,$ 75
AJMAL,AMBER SANTAL,,AMBER SANTAL,3000014,1.00KG,275,$ 75
AJMAL,AMBER SUPREME,,AMBER SUPREME,3000015,1.00KG,390,$ 107
BRAND,NAME,ORI,CN,CODE,QTY,AED,USD
AJMAL,ARISTOCRAT,,ARISTOCRAT,3000017,1.00KG,330,$ 90
AJMAL,CUIR MUSK,,CUIR MUSK,3000018,1.00KG,275,$ 75
AJMAL,INCENCE WOOD,,INCENCE WOOD,3000019,1.00KG,1210,$ 331
AJMAL,INCENSE WOOD,,INCENSE WOOD,3000020,1.00KG,330,$ 90
AJMAL,MIZYAAN,,MIZYAAN,3000021,1.00KG,330,$ 90
AJMAL,MUKHALLAT SHAMS,,MUKHALAT SHAMS,3000022,1.00KG,275,$ 75
AJMAL,MUSK SUPREME,,MUSC SUPREME,3000023,1.00KG,390,$ 107
AJMAL,QAFIYA,,QAFIYA,3000024,1.00KG,310,$ 85
AJMAL,TANAASUQ,,TANAASUQ,3000025,1.00KG,1100,$ 301
AJMAL,TANAASUQ,,TANAASUQ,3000026,1.00KG,275,$ 75
AJMAL,VIOLETTE MUSK,,VIOLETTE MUSK,3000027,1.00KG,275,$ 75
AJMAL,WISAL TOP,,WISAL TOP,240392,1.00KG,330,$ 90
AJMAL,YOUNIQUE,,YOUNIQUE,3000028,1.00KG,275,$ 75
AJMAL,MUSK SILK SUPREME,,MUSK SILK SUPREME,3000029,1.00KG,450,$123
AL AMEERI,AL AMEERI,,AL AMEERI,3000030,1.00KG,770,$ 210
AL JAZEERA,ONXY,LZ,BLACK GEMSTONE,702567-D,1.00KG,450,$ 123
AL JAZEERA,DAMASCUS,LZ,OUDSSAYA,343661-H,1.00KG,420,$ 115
AL JAZEERA,VENICE,LZ,PIAZZA SAN MARCO,461944-A,1.00KG,500,$ 137
AL JAZEERA,WISTERIA TOP,LZ,BLUE RAIN,680021-T,1.00KG,930,$ 254
AL JAZEERA,VENICE TOP,LZ,PIAZZA SAN MARCO,461944-T,1.00KG,800,$ 219
AL JAZEERA,MAGIC,LZ,HOUDINI,503629,1.00KG,700,$ 191
AL TEEB,LORA DAR,LZ,LO YS,693067,1.00KG,750,$ 205
AL TEEB,JULIET DAR,LZ,LIET YS,261067,1.00KG,700,$ 191
AL TEEB,WARDE-DAR,LZ,PASSION YS,339927,1.00KG,450,$ 123
ALEXANDRE . J,MANDARINE SULTANE,LZ,ALHAMBRA GARDEN,343622-A,1.00KG,390,$ 107
ALEXANDRE . J,MANDARINE SULTANE NO,LZ,ALHAMBRA GARDEN,343622,1.00KG,500,$ 137
ALEXANDRE . J,MORNING MUSCS,LZ,FRESH DEWDROP,461305-B,1.00KG,330,$ 90
ALEXANDRE . J,THE COLLECTOR BLACK,,THE COLLECTOR BLACK,3000031,1.00KG,275,$ 75
ALEXANDRE . J,THE COLLECTOR ZAFEER OUD,,THE COLLECTOR ZAFEER OUD,3000032,1.00KG,275,$ 75
ALEXANDRE. J,ROSE OUD,,ROSE OUD,3000033,1.00KG,275,$ 75
ALEXANDRE.J,ALTESSE,LZ,SAVOY OF INDIA,461250-B,1.00KG,390,$ 107
AMOUAGE,ENCLAVE,,ENCLAVE,250416,1.00KG,1500,$ 409
AMOUAGE,LINE 618 ESSENCE DE PARFUME,,LINE 618 ESSENCE DE PARFUME,250408,1.00KG,850,$ 232
AMOUAGE,SINDABAD,,SINDABAD,250401,1.00KG,1100,$ 383
AMOUAGE,SEQUENCE,,SEQUENCE,250402,1.00KG,1500,$ 409
AMOUAGE,OPUS XVI TIMBER,,OPUS XVI TIMBER,250257,1.00KG,850,$ 232
AMOUAGE,RECEPTION,,RECEPTION,250225,1.00KG,1600,$ 437
AMOUAGE,LOVE TUBEROSE,,LOVE TUBEROSE,250183,1.00KG,1100,$ 301
AMOUAGE,DECISION,,DECISION,250161,1.00KG,1200,$ 327
AMOUAGE,EXISTENCE,,EXISTENCE,250162,1.00KG,1900,$ 519
AMOUAGE,SEARCH,,SEARCH,250036,1.00KG,1500,$ 409
AMOUAGE,DIA 40 WOMEN,,DIA 40 WOMEN,240965,1.00KG,1000,$ 273
AMOUAGE,VANILLA BARAKA,,VANILLA BARAKA,240901,1.00KG,2000,$ 546
AMOUAGE,OUD ULYA,,OUD ULYA,240900,1.00KG,2000,$ 546
AMOUAGE,PURPOSE 50,,PURPOSE 50,240818,1.00KG,1300,$ 355
AMOUAGE,PURPOSE  TOP,,PURPOSE  TOP,240804,1.00KG,2000,$ 546
AMOUAGE,OUTLANDS,,OUTLANDS,240730,1.00KG,1100,$ 301
AMOUAGE,GUIDANCE 46,,GUIDANCE 46,240643,1.00KG,1500,$ 409
AMOUAGE,JUBILITION 40 MAN,,JUBILITION 40 MAN,240488,1.00KG,850,$ 232
AMOUAGE,LILAC LOVE,,LILAC LOVE,240431,1.00KG,1000,$ 273
AMOUAGE,REFLACTION 45,,REFLACTION 45,240618,1.00KG,1600,$ 437
AMOUAGE,REFLACTION MEN,,REFLACTION MEN,240242,1.00KG,700,$ 191
AMOUAGE,OPUS XIV ROYAL TOBACCO,,OPUS XIV ROYAL TOBACCO,240209,1.00KG,1080,$ 295
AMOUAGE,LOVE DELIGHT,,LOVE DELIGHT,240203,1.00KG,900,$245
AMOUAGE,AMOUAGE EPIC MAN TOP,,AMOUAGE EPIC MAN TOP,240438,1.00KG,750,$ 205
AMOUAGE,"AMOUAGE, LYRIC MAN",LZ,TOUCHING POETRY,231633-B,1.00KG,330,$ 90
AMOUAGE,"AMOUAGE, OPUS V",LZ,MASTERPIECE,231662-B,1.00KG,330,$ 90
AMOUAGE,"AMOUAGE,JOURNEY
WOMAN",LZ,GOLDEN TRIP,701761-B,1.00KG,330,$ 90
AMOUAGE,BLOSSOM LOVE WOMAN TOP,,BLOSSOM LOVE WOMAN TOP,240432,1.00KG,1000,$ 273
AMOUAGE,HONOUR MAN,LZ,KINGSIZE,461236-A,1.00KG,440,$ 120
AMOUAGE,INTERLUDE 53 TOP,,INTERLUDE 53 TOP,240803,1.00KG,700,$ 191
AMOUAGE,INTERLUDE WOMAN,LZ,MIDNIGHT BLUE LADY,701741,1.00KG,660,$ 180
AMOUAGE,INTERUDE MAN,LZ,MIDNIGHT BLUE MAN,340894-A,1.00KG,440,$ 120
AMOUAGE,INTERLUDE TOP,,INTERLUDE TOP,240802,1.00KG,660,$ 180
AMOUAGE,OPUS VI,LZ,ARABIAN POETRY,342271-A,1.00KG,550,$ 150
BRAND,NAME,ORI,CN,CODE,QTY,AED,USD
AMOUAGE,OVERTURE MAN,LZ,GENTLEMANS MYSTIQUE,233742,1.00KG,470,$ 128
AMOUAGE,PORTRAYAL MAN,LZ,HOLOGRAPHIC MAN,233724,1.00KG,530,$ 145
AMOUAGE,PORTRAYAL WOMAN,LZ,HOLOGRAPHIC WOMAN,503654,1.00KG,390,$ 107
AMOUAGE,ROSE INCENSE,LZ,OMANI MAVERICK,339688,1.00KG,520,$ 142
AMOUAGE,SILVER  MEN,LZ,TITANIUM,230792,1.00KG,550,$ 150
AMOUAGE,IMITATION WOMAN,LZ,SWEET ART,339447,1.00KG,660,$ 180
AMOUAGE,HONOUR WOMAN,LZ,NOBILITY,232459,1.00KG,550,$ 150
AMOUAGE,GUIDANCE TOP,,GUIDANCE TOP,204567,1.00KG,1800,$ 491
AMOUAGE,GUIDANCE,,GUIDANCE,240043,1.00KG,1195,$ 327
AMOUAGE,"AMOUAGE,INTERLUDE  MEN",,"AMOUAGE,INTERLUDE  MEN",3000034,1.00KG,330,$ 90
AMOUAGE,"BRACKEN EAU DE PERFUME
MAN",,"BRACKEN EAU DE PERFUME
MAN",3000035,1.00KG,330,$ 90
AMOUAGE,IMITATION FOR WOMAN,,IMITATION FOR WOMAN,3000036,1.00KG,330,$ 90
AMOUAGE,MEMOIR  MEN,,MEMOIR  MEN,3000037,1.00KG,330,$ 90
AMOUAGE,OPUS III,,OPUS III,3000038,1.00KG,330,$ 90
AMOUAGE,OPUS VII,,OPUS VII,3000039,1.00KG,330,$ 90
AMOUAGE,SUNSHINE MEN,,SUNSHINE MEN,3000040,1.00KG,330,$ 90
AMOUAGE,SUNSHINE WOMEN,,SUNSHINE WOMEN,3000041,1.00KG,330,$ 90
AMOUAGE,INTERLUDE BLACK IRIS,,INTERLUDE BLACK IRIS,3000042,1.00KG,825,$ 225
AMOUAGE,SILVER OUD,,SILVER OUD,3000043,1.00KG,330,$ 90
ANFASIC DOKHOON,SHAY SHAY,,SHAY SHAY,240860,1.00KG,550,$ 150
ANFASIC DOKHOON,SUKAR,LZ,SWEET ELEGANCE,260816-A,1.00KG,450,$ 123
ANFASIC DOKHOON,JANUARY,,JANUARY,3000044,1.00KG,330,$ 90
ANFASIC DOKHOON,SHAY,,SHAY,240172,1.00KG,550,$ 150
ANFASIC DOKHOON,SUKAR,,SUKAR,3000045,1.00KG,330,$ 90
ANFASIC DOKHOON,WOW,,WOW,3000046,1.00KG,330,$ 90
ANGEL SHLESSER,ANGEL SCHLESSER FEMME,LZ,RANWAY FASHION,346712-B,1.00KG,275,$ 75
ANNA SUI,FANTASIA,LZ,LAND OF DREAMS,343635,1.00KG,390,$ 107
ANNA SUI,FLIGHT OF FANCY SPIRIT,LZ,CHICHI SOUL,343730,1.00KG,410,$ 112
ANNA SUI,LUCKY WISH,LZ,JACKPOT,342748,1.00KG,330,$ 90
ANTONIO,BLUE SEDUCTION MEN,LZ,ZORRO,238552,1.00KG,550,$ 150
ANTONIO,SEDUCTION IN BLACK,LZ,SEDUCTIVE MAN,359969,1.00KG,330,$ 90
ANTONIO,SEDUCTION IN BLACK,LZ,SEDUCTIVE MAN,359969-A,1.00KG,260,$ 71
ANTONIO,THE SECRET,LZ,KEYHOLE,239297,1.00KG,330,$ 90
ANTONIO,THE SECRET TEMPTATION,LZ,ALLURE WHISPERS,353738,1.00KG,550,$ 150
ANTONIO,THE ICON,LZ,HOMBRE ATTRACTIVO,354007,1.00KG,390,$ 107
ANTONIO,BLUE SEDUCTION FOR MEN,LZ,BLUZORRO,461995-A,1.00KG,500,$ 137
ANTONIO BANDERAS,BLUE SEDUCTION TOP(BLUE COLOUR),,BLUE SEDUCTION,240124,1.00KG,700,$ 191
ANTONIO BANDERAS,BLUE SEDUCTION (BLUE COLOUR),,BLUE SEDUCTION,240125,1.00KG,390,$ 107
AQUOLINA,PINK SUGAR,LZ,SWEET RIBBON,339416,1.00KG,275,$ 75
ARABIAN OUD,SULTANI,,SULTANI,250482,1.00KG,700,$ 191
ARABIAN OUD,SULTANI AMBERWOOD,,SULTANI AMBERWOOD,250272,1.00KG,700,$ 191
ARABIAN OUD,KASHMIR MUSK,,KASHMIR MUSK,240578,1.00KG,850,$ 232
ARABIAN OUD,AL FAREED,,AL FAREED,240308,1.00KG,700,$ 191
ARABIAN OUD,RESALAH,,RESALAH,240207,1.00KG,400,$ 109
ARABIAN OUD,ARABIAN KNIGHT,LZ,GILBERT,353810-T,1.00KG,720,$ 197
ARABIAN OUD,KALIMAT,,KALIMAT,240256,1.00KG,700,$ 191
ARABIAN OUD,MADAWI,,MADAWI,240078,1.00KG,500,$ 137
ARABIAN OUD,MADAWI 40 YEARS GOLD EDITION,,MADAWI 40 YEARS GOLD,240055,1.00KG,350,$ 96
ARABIAN OUD,MADAWI 40 YEARS GOLD EDITION TOP,,MADAWI 40 YEARS GOLD EDITION TOP,240056,1.00KG,600,$ 164
ARABIAN OUD,BAKHOOR DEWAN AL SHARQ,,BAKHOOR DEWAN AL SHARQ,3000047,1.00KG,390,$ 107
ARABIAN OUD,MABSOOS,,MABSOOS,3000048,1.00KG,330,$ 90
ARABIAN OUD,MAJESTIC SPECIAL OUD,,MAJESTIC SPECIAL OUD,3000049,1.00KG,275,$ 75
ARABIAN OUD,MAJOON,,MAJOON,3000050,1.00KG,390,$ 107
ARABIAN OUD,OUD MOODY,,OUD MOODY,3000051,1.00KG,330,$ 90
BRAND,NAME,ORI,CN,CODE,QTY,AED,USD
ARD AL ZAAFRAN,HAREEM AL SULTAN,,HAREEM AL SULTAN,3000052,1.00KG,275,$ 75
ARD AL ZAFRAN,DIRHAM,,DIRHAM,3000053,1.00KG,275,$ 75
ARIANA GRANDE,CLOUD,,CLOUD,240170,1.00KG,550,$ 150
ARIANA GRANDE,MOD VANILLA,LZ,ICONIC TWIGGY,336298,1.00KG,470,$ 128
ARIANA GRANDE,CLOUD PINK,,CLOUD PINK,FXZG634,1.00KG,1100,$ 301
ARMAF,ODYSSEY DUBAI CHOCOLATE,,ODYSSEY DUBAI CHOCOLATE,250072,1.00KG,850,$ 232
ARMAF,CLUB DE NUIT INTENSE,,CLUB DE NUIT INTENSE,240551,1.00KG,400,$ 109
ARMAND,BASI IN RED,LZ,RED BASSOON,236080,1.00KG,580,$ 158
ARMAND,BASI IN RED TOP,,BASI IN RED,240082,1.00KG,580,$ 158
ARABIYAT OUD,AL LAYL,,AL LAYL,250042,1.00KG,450,$ 123
ARMANI,STRONGER WITH YOU POWERFULLY TOP,,"STRONGER WITH YOU POWERFULLY
TOP",250421,1.00KG,1100,$ 301
ARMANI,"STRONGER WITH YOU POWERFULLY
SUPER",,"STRONGER WITH YOU POWERFULLY
SUPER",250483,1.00KG,700,$ 191
ARMANI,POWER OF YOU,,POWER OF YOU,250374,1.00KG,1100,$ 301
ARMANI,PRIVE IRIS BLEU,,PRIVE IRIS BLEU,250286,1.00KG,1100,$ 301
ARMANI,SI PERFUME,,SI PERFUME,250270,1.00KG,700,$ 191
ARMANI,SI PASSIONE RED MUSK,,SI PASSIONE RED MUSK,250165,1.00KG,900,$ 245
ARMANI,CODE ELIXIR,,CODE ELIXIR,250062,1.00KG,1100,$ 301
ARMANI,ACQUA DI GIOA,,ACQUA DI GIOA,240990,1.00KG,900,$ 245
ARMANI,AQUA DI GIO ELIXIR,,AQUA DI GIO ELIXIR,240954,1.00KG,850,$ 232
ARMANI,CODE EAU DE PARFUM,,CODE EAU DE PARFUM,240935,1.00KG,850,$ 232
ARMANI,THE YULONG,,THE YULONG,240909,1.00KG,1300,$ 355
ARMANI,STRONGER WITH YOU SANDALWOOD,,STRONGER WITH YOU SANDALWOOD,240897,1.00KG,1200,$ 327
ARMANI,MY WAY YLANG,,MY WAY YLANG,240859,1.00KG,850,$ 232
ARMANI,STRONGER WITH YOU PARFUM,,STRONGER WITH YOU,240812,1.00KG,850,$ 232
ARMANI,ACQUA DI GIO PARFUM,,ACQUA DI GIO PARFUM,240676,1.00KG,1000,$ 273
ARMANI,PRIVE ROSE D ARABIE,,PRIVE ROSE D ARABIE,240666,1.00KG,950,$ 260
ARMANI,PRIVE OUD ROYAL TOP,,PRIVE OUD ROYAL TOP,240603,1.00KG,1300,$ 355
ARMANI,ATTITUDE,,ATTITUDE,240593,1.00KG,580,$ 158
ARMANI,SI INTENSE,,SI INTENSE,240589,1.00KG,1000,$ 273
ARMANI,ACQUA DI GIOIA INTENSE,,ACQUA DI GIOIA INTENSE,240504,1.00KG,580,$ 158
ARMANI,ACQUA DI GIO PROFONDO PARFUM,,ACQUA DI GIO PROFONDO PARFUM,240479,1.00KG,850,$ 232
ARMANI,STRONGER WITH YOU TOBACCO,,STRONGER WITH YOU TOBACCO,240205,1.00KG,950,$ 260
ARMANI,MY WAY NECTAR,,MY WAY NECTAR,240160,1.00KG,600,$ 164
ARMANI,"ARMANI PRIVE PIVOINE
SUZHOU",LZ,TIGER HILL,233612,1.00KG,550,$ 150
ARMANI,SI EDP INTENSE TOP,,SI EDP INTENSE TOP,240673,1.00KG,850,$ 232
ARMANI,SI ARMANI,,SI ARMANI,250318,1.00KG,500,$ 137
ARMANI,SANTAL DAN SHA,LZ,IMPERIAL PALACE,344206,1.00KG,600,$ 164
ARMANI,MY WAY,,MY WAY,240177,1.00KG,600,$ 164
ARMANI,MY WAY LUZI,LZ,WHITE CATWALK,503781-T,1.00KG,740,$ 202
ARMANI,"ACQUA DI GIO ABSOLU
INSTINCT",LZ,TRUE PANTELLERIA,339713,1.00KG,530,$ 145
ARMANI,MUSC SHAMAL,LZ,GRAND TOURER,343743,1.00KG,530,$ 145
ARMANI,SI FIORI TOP,,SI FIORI TOP,240598,1.00KG,1100,$ 301
ARMANI,SI ARMANI LZ,LZ,I WILL,500951,1.00KG,550,$ 150
ARMANI,ACQUA DI GIO HOMME,LZ,PANTELLERIO,554849,1.00KG,550,$ 150
ARMANI,SABLE NUIT,LZ,GOLDEN SKY,503835,1.00KG,610,$ 167
ARMANI,AQUA DI GIO PROFONDO LIGHTS,LZ,DEEP ISLAND,233486,1.00KG,660,$ 180
ARMANI,"STRONGER WITH YOU
LEATHER",LZ,POWERFUL GOLDEN LOVE,339881-X,1.00KG,450,$ 123
ARMANI,STRONGER WITH YOU MAN,LZ,POWERFUL LOVE,233263-I,1.00KG,600,$ 164
ARMANI,ARMANI CODE PARFUM,LZ,DARK TUXEDO,233155,1.00KG,500,$ 137
ARMANI,STRONGER WITH YOU OUD,LZ,POWERFUL LOVE IN ORIENT,261186-TT,1.00KG,780,$ 213
ARMANI,STRONGER WITH YOU OUD,LZ,POWRFUL LOVE IN ORIENT,261186-B,1.00KG,350,$ 96
ARMANI,MAGENTA TANZANITE,LZ,CRIMSON GEMSTONE,680259,1.00KG,880,$ 240
ARMANI,INDIGO TANZANITE,LZ,BLUE GEMSTONE,680261,1.00KG,880,$ 240
ARMANI,"SI PASSIONE ECLAT DE
PARFUM",LZ,I WILL ALWAYS SUPREME,503937,1.00KG,500,$ 137
ARMANI,MY WAY PARFUM,LZ,INTENSE WHITE CATWALK,261245-T,1.00KG,820,$ 224
ARMANI,STRONGER WITH YOU AMBER,LZ,STRONG LOVE,234035,1.00KG,600,$ 164
ARMANI,ACQUA DI GIO PROFONDO,,ACQUA DI GIO PROFONDO,240032,1.00KG,275,$ 75
ARMANI,ACQUA DI GIO ABSOLU TOP,,ACQUA DI GIO ABSOLU TOP,240338,1.00KG,850,$ 232
ARMANI,"ACQUA DI GIO PROFUMO
TOP",,"ACQUA DI GIO PROFUMO
TOP",240314,1.00KG,750,$ 205
ARMANI,ACQUA DI GIO PROFUMO,,ACQUA DI GIO PROFUMO,240315,1.00KG,275,$ 75
ARMANI,AQUA DI GIOIA LIGHT,,AQUA DI GIOIA LIGHT,3000054,1.00KG,275,$ 75
ARMANI,ARMANI CALLIGRAPHY ROSE,,ARMANI CALLIGRAPHY ROSE,3000055,1.00KG,275,$ 75
ARMANI,CODE TOP,,CODE  TOP,240337,1.00KG,850,$ 232
ARMANI,ARMANI CODE ABSOLU TOP,,"ARMANI CODE ABSOLU
TOP",240336,1.00KG,900,$ 245
ARMANI,ARMANI CODE CASHMERE,,ARMANI CODE CASHMERE,3000056,1.00KG,275,$ 75
ARMANI,ARMANI CODE ICE,,ARMANI CODE ICE,3000057,1.00KG,275,$ 75
ARMANI,IN LOVE WITH YOU,,IN LOVE WITH YOU,3000058,1.00KG,275,$ 75
ARMANI,MUSC SHAMAL PRIVE,,MUSC SHAMAL PRIVE,3000059,1.00KG,275,$ 75
ARMANI,SI FIORI,,SI FIORI,3000060,1.00KG,275,$ 75
BRAND,NAME,ORI,CN,CODE,QTY,AED,USD
ARMANI,SI PASSIONE,,SI PASSIONE,240129,1.00KG,580,$ 158
ARMANI,STRONGER WITH YOU INTENSELY,,STRONGER WITH YOU INTENSELY,240141,1.00KG,700,$ 191
ARMANI,"STRONGER WITH YOU
ABSOULETLY",,"STRONGER WITH YOU
ABSOULETLY",240142,1.00KG,650,$ 178
ARMANI,MY WAY,,MY WAY,3000061,1.00KG,440,$ 120
ARMANI,MY WAY INTENSE,,MY WAY INTENSE,250144,1.00KG,600,$ 164
ARMANI,CUIR ZERZURA,,CUIR ZERZURA,3000063,1.00KG,610,$ 167
ARMANI,SI PASSIONE INTENSE,,SI PASSIONE INTENSE,3000064,1.00KG,275,$ 75
ARMANI,SI PASSIONE ECLAT,,SI PASSIONE ECLAT,3000065,1.00KG,500,$ 137
ARMANI,"STRONGER WITH YOU
LEATHER",,"STRONGER WITH YOU
LEATHER",3000066,1.00KG,275,$ 75
ARMANI,OCEAN DI GIOIA,,OCEAN DI GIOIA,3000067,1.00KG,275,$ 75
ARMANI,"STRONGER WITH  YOU ONLY
MEN",,"STRONGER WITH  YOU ONLY
MEN",3000068,1.00KG,500,$ 137
ARMANI,MY WAY FLORAL,,MY WAY FLORAL,3000069,1.00KG,350,$ 96
ARMANI,STRONGER WITH YOU OUD,,STRONGER WITH YOU OUD,3000070,1.00KG,275,$ 75
ARMANI,"SI PASSIONE ECLAT DE
PARFUM",,SI PASSIONE ECLAT DE,3643GH,1.00KG,705,$ 205
ARMANI,JAWHARA ORIENTAL,,JAWHARA ORIENTAL,3000071,1.00KG,300,$ 82
ARMANI PRIVE,PRIVE VERT MALACHITE,,PRIVE VERT MALACHITE,240223,1.00KG,750,$ 205
ARMANI PRIVE,ROUGE MALACHITE TOP,,ROUGE MALACHITE,240089,1.00KG,770,$ 210
ARMANI PRIVE,Rondò Armaniano,,Rondò Armaniano,D3434FGG,1.00KG,1500,$ 409
ATEEQ ALOUD,ATEEQ AL OUD,LZ,MAGIC OF EAST,555839-K,1.00KG,900,$ 246
ATELIER COLONGE,CLEMENTINE CALIFORNIA,,CLEMENTINE CALIFORNIA,1.00KG,240942,700,$ 191
ATELIER COLOGNE,GOLD LEATHER,,GOLD LEATHER,3000072,1.00KG,275,$ 75
ATELIER COLONGE,OUD SAPHIR,,OUD SAPHIR,3000073,1.00KG,660,$ 180
ATELIER REBUL,ISTANBUL,LZ,BOSPHORUS DELIGHT,503854,1.00KG,330,$ 90
ATKINSONS,OUD SAVE THE KING TOP,,OUD SAVE THE KING TOP,240585,1.00KG,850,$ 232
ATTAR AL HASK,SKIN MUSK,,SKIN MUSK,250457,1.00KG,550,$ 150
ATTAR COLLECTION,AL RAYHAN,LZ,EMERALDI,261024-A,1.00KG,390,$ 107
ATTAR COLLECTION,HAYATI,LZ,RUBINI,461909,1.00KG,275,$ 75
ATTAR COLLLECTION,MUSK KASHMIR,,MUSK KASHMIR,240300,1.00KG,275,$ 75
ATTAR COLLLECTION,MUSK KASHMIR TOP,,MUSK KASHMIR TOP,240178,1.00KG,900,$ 245
ATTAR COLLECTION,MUSK KASHMIR,LZ,ORIENTAL LUXURY,233777,1.00KG,770,$ 210
ATTAR COLLECTION,CRISTAL LOVE FOR HER,LZ,PURE DIAMOND,343883,1.00KG,550,$ 150
ATTAR COLLECTION,AREEJ,LZ,DREAM OF A FLOWER,504034,1.00KG,1400,$ 383
ATTAR COLLECTION,AREEJ,LZ,DREAM OF A FLOWER,504034-C,1.00KG,390,$ 107
AVON,TODAY,LZ,NOW,232491,1.00KG,275,$ 75
AXE,AXE COLLISION,,AXE COLLISION,3000074,1.00KG,275,$ 75
AZZARO,POUR ELLE 2025,,POUR ELLE 2025,250259,1.00KG,585,$ 160
AZZARO,MOST WANTED INTENSE,,MOST WANTED INTENSE,250041,1.00KG,1000,$ 273
AZZARO,FOREVER WANTED ELIXIR,,FOREVER WANTED ELIXIR,250015,1.00KG,1100,$ 301
AZZARO,THE MOST WANTED PARFUM,,THE MOST WANTED PARFUM,240709,1.00KG,900,$ 245
AZZARO,THE MOST WANTED TOP,,THE MOST WANTED TOP,240199,1.00KG,1000,$ 273
AZZARO,AZZARO CLUB WOMAN,,AZZARO CLUB WOMAN,3000075,1.00KG,275,$ 75
AZZARO,CHROME EXTREME,,CHROME EXTREME,3000076,1.00KG,275,$ 75
AZZARO,CROME AQUA FOR MEN,,CROME AQUA FOR MEN,3000077,1.00KG,275,$ 75
AZZARO,WANTED TOP,,WANTED TOP,240320,1.00KG,550,$ 150
AZZARO,WANTED BY NIGHT TOP,,WANTED BY NIGHT TOP,240393,1.00KG,700,$ 191
AZZARO,WANTED GIRL  BY NIGHT,,WANTED GIRL  BY NIGHT,3000078,1.00KG,275,$ 75
AHMED AL,BIN SHEIKH,,BIN SHEIKH,250180,1.00KG,700,$ 191
AHMED AL,OUD & ROSES TOP,,OUD & ROSES TOP,250105,1.00KG,700,$ 191
AHMED AL,ROSE NOIR,,ROSE NOIR,250095,1.00KG,850,$ 232
AHMED AL,OUD LAVENDER,,OUD LAVENDER,250094,1.00KG,700,$ 191
AHMED AL,OUD & ROSES,,OUD & ROSES,250080,1.00KG,550,$ 150
AHMED AL,BIDUN ESAM,,BIDUN ESAM,250023,1.00KG,700,$ 191
AHMED AL,MARJ,,MARJ,240998,1.00KG,850,$ 232
AHMED AL,MARJ SUPER,,MARJ SUPER,250034,1.00KG,450,$ 123
AHMED AL,KAAF,,KAAF,240826,1.00KG,450,$ 123
AHMED AL,SUMMER OUD,,SUMMER OUD,240743,1.00KG,500,$ 137
ATYAB AL SHEIKH,CHARISMA,,CHARISMA,250279,1.00KG,550,$ 150
ATYAB AL,4 RED,,4 RED,250412,1.00KG,1500,$ 409
ATYAB AL,4 WHITE,,4 WHITE,240748,1.00KG,1300,$ 355
BAHRARA,FARAON RAMSES,,FARAON RAMSES,250210,1.00KG,700,$ 191
BOTTEGA VENETA,HINOKI,,HINOKI,250347,1.00KG,2000,$ 546
BOTTEGA VENETA,EAU LEGERE,,EAU LEGERE,250078,1.00KG,850,$ 232
BOTTEGA VENETA,ILLUSIONE FOR HIM,,ILLUSIONE FOR HIM,250008,1.00KG,850,$ 232
BORNTOSTANDOUT,DRUNK SAFFRON,,DRUNK SAFFRON,250479,1.00KG,600,$ 164
BORNTOSTANDOUT,BLACK MANGO,,BLACK MANGO,250346,1.00KG,850,$ 232
BORNTOSTANDOUT,OUD CANDY EXTRAIT DE PARFUM,,OUD CANDY EXTRAIT DE PARFUM,250326,1.00KG,850,$ 232
BORNTOSTANDOUT,CANDY DUST,,CANDY DUST,250114,1.00KG,1100,$ 301
BORNTOSTANDOUT,DIRTY HEAVEN,,DIRTY HEAVEN,250063,1.00KG,850,$ 232
BORNTOSTANDOUT,DRUNK LOVERS,,DRUNK LOVERS,240946,1.00KG,1300,$ 355
BORNTOSTANDOUT,SUGAR ADDICT,,SUGAR ADDICT,240945,1.00KG,700,$ 191
BORNTOSTANDOUT,FILTHY MUSK,,FILTHY MUSK,240842,1.00KG,1100,$ 301
BORNTOSTANDOUT,L ANIMAL,,L ANIMAL,240843,1.00KG,700,$ 191
BORNTOSTANDOUT,NOT VANILLE,,NOT VANILLE,240765,1.00KG,1000,$ 273
BAKHOOR,SWEET OUD,LZ,SWEET BAKHOOR,343972-A,1.00KG,350,$ 96
BAKHOOR,BAKHOOR BAHAR,,BAKHOOR BAHAR,3000079,1.00KG,275,$ 75
BAKHOOR,BAKHOOR GR,,BAKHOOR GR,3000080,1.00KG,250,$ 68
BAKHOOR,BAKHOOR MOOZA,,BAKHOOR MOOZA,3000081,1.00KG,275,$ 75
BAKHOOR,COMBODI BAKHOURE,,CAMBODI BAKHOUR,3000082,1.00KG,275,$ 75
BAKHOOR,DUKHOON AL HARAM,,DUKHOON AL HARAM,3000083,1.00KG,440,$ 120
BAKHOOR,EXCELLENCE BAKHOOR,,EXCELLENCE BAKHOUR,3000084,1.00KG,275,$ 75
BAKHOOR,HIND AL OUD BAKHOOR,,HIND AL OUD BAKHOOR,3000085,1.00KG,610,$ 167
BAKHOOR,MAMUL BAKHOOR,,MAMUL BAKHOUR,3000086,1.00KG,275,$ 75
BAKHOOR,MUATTAR AL WATTAN,,MUATTAR AL WATTAN,3000087,1.00KG,275,$ 75
BAKHOOR,NABEEL BLACK,,NABEEL BLACK,3000088,1.00KG,275,$ 75
BRAND,NAME,ORI,CN,CODE,QTY,AED,USD
BAKHOOR,SPECIAL BAKHOOR,,SPECIAL BAKHOOR,3000089,1.00KG,310,$ 85
BAKHOOR,SWEET OUD BAKHOOR,,SWEET OUD BAKHOUR,3000090,1.00KG,275,$ 75
BAKHOOR,MUNTASIRA,,MUNTASIRA,3000091,1.00KG,275,$ 75
BAKHOOR,CREATION BAKHOOR,,CREATION BAKHOOR,3000092,1.00KG,275,$ 75
BAKHOOR,BAKHOOR MINA,,BAKHOOR MINA,3000093,1.00KG,275,$ 75
BAKHOOR,BAKHOOR MAMOOL,,BAKHOOR MAMOOL,3000094,1.00KG,275,$ 75
BAKHOOR,HASSAN SHAHEEN,,HASSAN SHAHEEN,3000095,1.00KG,275,$ 75
BAKHOOR,MAJMAN 96,,MAJMAN 96,3000096,1.00KG,275,$ 75
BAKOOR,CLASSIC BAKHOOR,LZ,CLASSIC BAKHOOR,343802-A,1.00KG,275,$ 75
BATH & BODY,CHAMPAGNE TOAST,,CHAMPAGNE TOAST,240145,1.00KG,350,$ 96
BATH & BODY,YOU ARE THE ONE,LZ,SPECIAL SWEETHEART,154525,1.00KG,600,$ 164
BATH & BODY,VANILLA NOIR,LZ,BLACK VANILLA,650081,1.00KG,275,$ 75
"BATH AND BODY
WORKS",PINK CHIFFON,LZ,SUGAR FLOWER,339415,1.00KG,275,$ 75
BDK PARFUMS,NECTAR OUD,,NECTAR OUD,250395,1.00KG,1100,$ 301
BDK PARFUMS,IMPADIA,,IMPADIA,250060,1.00KG,1500,$ 409
BDK PARFUMS,ROUGE SMOKING EXTRAIT,,ROUGE SMOKING EXTRAIT,240844,1.00KG,1200,$ 327
BDK PARFUMS,PAS CE SOIR EXTRAIT TOP,,PAS CE SOIR EXTRAIT TOP,IUTR2R,1.00KG,2300,$ 628
BDK PARFUMS,PAS CE SOIR EXTRAIT SUPER,,PAS CE SOIR EXTRAIT SUPER,240769,1.00KG,1500,$ 409
BDK PARFUMS,GRIS CHARNEL EXTRAIT TOP,,GRIS CHARNEL EXTRAIT,240085,1.00KG,1450,$ 396
BDK PARFUMS,VELVET TONKA,LZ,DELICATE TOUCH,336264,1.00KG,650,$ 178
BDK PARFUMS,TABAC ROSE,LZ,SMOKY FLOWERS,462353-T,1.00KG,950,$ 260
BDK PARFUMS,GRIS CHARNEL TOP,,GRIS CHARNEL TOP,240413,1.00KG,1350,$ 368
BERGAMOT,BERGAMOT,,BERGAMOT,3000097,1.00KG,275,$ 75
BILL BLASS,NUDE,LZ,GENTLE FLOWER,343716,1.00KG,500,$ 137
BILLIE ELISH,BILLIE ELISH,,BILLIE ELISH,240088,1.00KG,275,$ 75
BINT AL ARAB,BINT AL ARAB,,BINT AL ARAB,3000098,1.00KG,275,$ 75
BLENDS OF LOVE,ASK / KHALTAT,LZ,TURKISH LOVE,233770-A,1.00KG,490,$ 134
BLENDS OF LOVE,AGAPE / KHALTAT,,AGAPE / KHALTAT,3000099,1.00KG,330,$ 90
BLENDS OF LOVE,ASK / KHALTAT,,ASK / KHALTAT,3000100,1.00KG,330,$ 90
BLENDS OF LOVE,DRAGOSTE / KHALTAT,,DRAGOSTE / KHALTAT,3000101,1.00KG,330,$ 90
BLENDS OF LOVE,LJUBOVJ / KHALTAT,,LJUBOVJ / KHALTAT,3000102,1.00KG,330,$ 90
BOADICEA THE,OPAL,,OPAL,250199,1.00KG,1500,$ 409
BOADICEA THE,DEFENDER,,DEFENDER,240010,1.00KG,1500,$ 409
BOADICEA THE,AQUA SAPHIRE,,AQUA SAPHIRE,250012,1.00KG,1500,$ 409
BOADICEA THE,TIGER,,TIGER,240894,1.00KG,1000,$ 273
BOADICEA THE,NEMER,,NEMER,240669,1.00KG,1300,$ 355
BOADICEA THE,DRAGON,,DRAGON,240509,1.00KG,1000,$ 273
BOADICEA THE,VALIANT,,VALIANT,240197,1.00KG,1080,$ 295
BOADICEA THE,BLUE SAPPHIRE TOP,,BLUE SAPPHIRE TOP,240667,1.00KG,2000,$ 546
BOADICEA THE,BLUE SAPPHIRE,LZ,JEWEL,501984,1.00KG,1430,$ 391
BOADICEA THE,HEROINE,LZ,ADDICTED,503742,1.00KG,550,$ 150
BOADICEA THE,AURICA TOP,,AURICA TOP,240153,1.00KG,1100,$ 301
BOADICEA THE,ANGELIC,LZ,PEYRAC,503844,1.00KG,720,$ 197
BOADICEA THE,HANUMAN,LZ,SAPIENS,343945,1.00KG,650,$ 178
BOADICEA THE,GREEN SAPPHIRE TOP,,GREEN SAPPHIRE TOP,240668,1.00KG,1300,$ 355
BOADICEA THE,COMPLEX TOP,,COMPLEX TOP,240475,1.00KG,850,$ 232
BOGART,SILVER SCENT BOGART,,SILVER SCENT BOGART,3000103,1.00KG,275,$ 75
BOHOBOCO,RED WINE BROWN SUGAR,,RED WINE BROWN SUGAR,250025,1.00KG,850,$ 232
BOHOBOCO,JASMINE WHITE LEATHER,,JASMINE WHITE LEATHER,473260JH,1.00KG,1050,$ 286
BOND NO 9,NOLITA,,NOLITA,240992,1.00KG,1700,$ 464
BOND NO 9,MY NEW YORK,,MY NEW YORK,240911,1.00KG,1600,$ 437
BOND NO 9,NOMAD,,NOMAD,240713,1.00KG,1100,$ 301
BOND NO 9,"THE SCENT OF PEACH FOR
WOMEN",,"THE SCENT OF PEACH FOR
WOMEN",240572,1.00KG,1000,$ 273
BOND NO 9,DUBAI GOLD,,DUBAI GOLD,240269,1.00KG,1000,$ 273
BOND NO 9,GREENWICH VILLAGE,,GREENWICH VILLAGE,240291,1.00KG,1080,$ 295
BOND NO 9,BLEECKER STREET,,BLEECKER STREET,240292,1.00KG,900,$ 245
BOND NO 9,TRIBECA,,TRIBECA,240267,1.00KG,1200,$ 327
BOND NO 9,THE SCENT PEACH FOR MEN,,"THE SCENT PEACH FOR
MEN",240268,1.00KG,900,$ 245
BOND NO 9,NEW YORK NIGHTS,,NEW YORK NIGHTS,240196,1.00KG,900,$ 245
BOND NO 9,LAFAYTEE STREET,,LAFAYTEE STREET,240111,1.00KG,1210,$ 330
BOND NO 9,NEW YORK AMBER W,LZ,GOLDEN NYC,232073,1.00KG,440,$ 120
BOND NO 9,NEW YORK MUSK,LZ,GOTHAM CITY,338922,1.00KG,440,$ 120
BOND NO 9,NEW YORK OUD W,LZ,SUBLIME OUD,509543,1.00KG,500,$ 137
BOND NO 9,PERFUME BOND NO 9 W,LZ,NYC FOREVER,342235,1.00KG,390,$ 107
BOND NO 9,WEST SIDE W,LZ,GOLDEN STATE,339031,1.00KG,610,$ 167
BOND NO 9,NEW YORK OUD UNISEX,,NEW YORK OUD UNISEX,3000104,1.00KG,275,$ 75
BORNTOSTANDOUT,BLACK GUAVA,,BLACK GUAVA,250407,1.00KG,850,$ 232
BORNTOSTANDOUT,DIRTY MILK,,DIRTY MILK,250398,1.00KG,700,$ 191
BORNTOSTANDOUT,A CORPS SECRET,,A CORPS SECRET,250370,1.00KG,1500,$ 409
BORNTOSTANDOUT,PURPLE STAIN,,PURPLE STAIN,250371,1.00KG,1500,$ 409
BORNTOSTANDOUT,DGAF,,DGAF,240678,1.00KG,850,$ 232
BORNTOSTANDOUT,NOT A VANILLE,,NOT A VANILLE,U463283,1.00KG,1300,$ 355
BOUCHERON,BOUCHERON QUATRE,LZ,TIMELESS RING,233370,1.00KG,500,$ 137
BOUCHERON,ROSE D'ISPARTA,LZ,QUEEN OF ULUBORLU,353996,1.00KG,720,$ 197
BRAND,NAME,ORI,CN,CODE,QTY,AED,USD
BRITNEY SPEARS,MIDNIGHT FANTASY LZ,LZ,STAGE WHISPER,338252-L,1.00KG,275,$ 75
BRITNEY SPEARS,FANTACY  HM,,FANTACY  HM,240006,1.00KG,330,$ 90
BRITNEY SPEARS,FANTASY THE NICE REMIX,,FANTASY THE NICE REMIX,3000105,1.00KG,275,$ 75
BRITNEY SPEARS,MIDNIGHT FANTASY,,MIDNIGHT FANTASY,3000106,1.00KG,275,$ 75
BRITNEY SPEARS,SUNSET FANTASY,,SUNSET FANTASY,3000107,1.00KG,275,$ 75
BRITNEY SPEARS,JUNGLE FANTASY,,JUNGLE FANTASY,3000108,1.00KG,350,$96
BURBERRY,HER INTENSE,,HER INTENSE,250141,1.00KG,850,$ 232
BURBERRY,TOUCH FOR WOMEN,,TOUCH FOR WOMEN,240917,1.00KG,480,$ 131
BURBERRY,GODDES INTENSE,,GODDES INTENSE,240829,1.00KG,850,$ 232
BURBERRY,GODDES TOP,,GODDES TOP,240608,1.00KG,850,$ 232
BURBERRY,BURBERRY HER TOP,,BURBERRY HER TOP,240321,1.00KG,850,$ 232
BURBERRY,HER ELIXIR,,HER ELIXIR,240149,1.00KG,450,$ 123
BURBERRY,BURBERRY HER BLOSSOM,LZ,BRITISH GIRL,339711,1.00KG,420,$ 115
BURBERRY,MY BURBERRY BLUSH,LZ,PINK SWEETHEART,233290-A,1.00KG,330,$ 90
BURBERRY,BURBERRY WEEKEND FOR,LZ,SUNDAY,343297-A,1.00KG,330,$ 90
BURBERRY,BURBERRY BODY,,BURBERRY BODY,3000110,1.00KG,275,$ 75
BURBERRY,"BURBERRY THE BEAT
WOMAN",,"BURBERRY THE BEAT
WOMAN",3000111,1.00KG,275,$ 75
BURBERRY,"BURBERRY WEEKEND
WOMEN",,"BURBERRY WEEKEND
WOMEN",240664,1.00KG,500,$ 137
BURBERRY,MY BURBERRY,,MY BURBERRY,250139,1.00KG,275,$ 75
BURBERRY,HERO TOP,,HERO TOP,240394,1.00KG,750,$ 205
BVLGARI,TYGAR EXTRAIT,,TYGAR EXTRAIT,250465,1.00KG,1500,$ 409
BVLGARI,POUR HOMME,,POUR HOMME,250459,1.00KG,550,$ 150
BVLGARI,MAN WOOD ESSENCE PERFUME,,MAN WOOD ESSENCE PERFUME,250473,1.00KG,1100,$ 301
BVLGARI,ALLEGRA MAGNIFYING MUSK ESSENCE,,ALLEGRA MAGNIFYING MUSK ESSENCE,250455,1.00KG,700,$ 191
BVLGARI,POUR HOMME EXTREM,,POUR HOMME EXTREM,250193,1.00KG,450,$ 123
BVLGARI,AMYTHYSTE,,AMYTHYSTE,250156,1.00KG,1200,$ 327
BVLGARI,AMUNAE,,AMUNAE,240983,1.00KG,1000,$ 273
BVLGARI,YASEEP,,YASEEP,240886,1.00KG,2900,$ 792
BVLGARI,POUR HOMME SOIR,,POUR HOMME SOIR,240805,1.00KG,1000,$ 273
BVLGARI,MAN IN BLACK PARFUM,,MAN IN BLACK PARFUM,240744,1.00KG,1300,$ 355
BVLGARI,LE GEMME EMPYR,,LE GEMME EMPYR,240640,1.00KG,1500,$ 409
BVLGARI,BACIAMI,,BACIAMI,240625,1.00KG,1600,$ 437
BVLGARI,AQVA AMARA,,AQVA AMARA,240550,1.00KG,900,$ 245
BVLGARI,SAHARE,,SAHARE,240381,1.00KG,1100,$ 301
BVLGARI,POUR HOMME,,POUR HOMME,240360,1.00KG,850,$ 232
BVLGARI,AZARAN,,AZARAN,240317,1.00KG,1500,$ 409
BVLGARI,"AQVA POUR HOMME
MARINE",,"AQVA POUR HOMME
MARINE",240357,1.00KG,580,$ 158
BVLGARI,BVLGARI OMNIA CRYSTLINNE,,"BVLGARI OMNIA
CRYSTLINNE",240169,1.00KG,1100,$ 301
BVLGARI,BVLGARI MAN WOOD NEROLI,LZ,GROOT 2,260948,1.00KG,610,$ 167
BVLGARI,FALKER,,FALKER,240265,1.00KG,700,$ 191
BVLGARI,GAYAN,,GAYAN,240156,1.00KG,1100,$ 301
BVLGARI,ONEKH,,ONEKH,240266,1.00KG,700,$ 191
BVLGARI,ROSE GOLDEA,LZ,IMMORTAL PINK,503522,1.00KG,550,$ 150
BVLGARI,"AQVA POUR HOMME
ATLANTIQVE",LZ,NAUTILUS,339368-B,1.00KG,275,$ 75
BVLGARI,"BVLGARI MAN TERRAE
ESSENCE",LZ,CONQUEROR,233525,1.00KG,770,$ 210
BVLGARI,LE GEMME OROM,,LE GEMME OROM,240154,1.00KG,700,$ 191
BVLGARI,AQVA POUR HOMME,,AQVA POUR HOMME,240127,1.00KG,480,$ 131
BVLGARI,BVLGARI AMARA AQUA,,BVLGARI AMARA AQUA,3000113,1.00KG,275,$ 75
BVLGARI,BVLGARI MAN,,BVLGARI MAN,3000114,1.00KG,275,$ 75
BVLGARI,EAU PERFUMEE AU THE NOIR,,EAU PERFUMEE AU THE NOIR,3000115,1.00KG,610,$ 167
BVLGARI,GAYAN,,GAYAN,JD732445,1.00KG,1900,$ 519
BVLGARI,MAN IN BLACK,,MAN IN BLACK,240080,1.00KG,580,$ 158
BVLGARI,OMANIA PINK SAPPHIRE,,OMANIA PINK SAPPHIRE,3000116,1.00KG,275,$ 75
BVLGARI,ROSE ESSENTIELLE,,ROSE ESSENTIELLE,3000117,1.00KG,275,$ 75
BVLGARI,LE GEMME KOOBRA,,LE GEMME KOOBRA,240185,1.00KG,1000,$ 273
BVLGARI,TYGAR,,TYGAR,240624,1.00KG,1200,$ 327
BVLGARI,TYGAR,LZ,TRENDY MEN,343645,1.00KG,550,$ 150
BVLGARI,TYGER TOP,LZ,TRENDY MEN,343645-T,1.00KG,1300,$ 355
BVLGARI,TYGAR TOP,,TYGAR,240071,1.00KG,1500,$ 409
BVLGARI,TYGAR,,TYGAR,240072,1.00KG,550,$ 150
BVLGARI,BVLGARI MAN RAIN ESSENCE,,BVLGARI MAN RAIN ESSENCE,240157,1.00KG,850,$232
BY RED0,BLANCE ABSOLUE,,BLANCE ABSOLUE,250447,1.00KG,700,$191
BY RED0,ALTO ASTRALE,,ALTO ASTRALE,250425,1.00KG,700,$191
BY RED0,BAL D AFRIQUE ABSOLU,,BAL D AFRIQUE ABSOLU,250196,1.00KG,1300,$355
BY RED0,DESERT DAWN,,DESERT DAWN,240554,1.00KG,1000,$273
BY RED0,LA TULIPE TOP,,LA TULIPE TOP,240468,1.00KG,850,$232
BY RED0,ROSE OF NO MANS LAND,,ROSE OF NO MANS LAND,240235,1.00KG,1000,$273
BY RED0,TOBACCO MANDARIN,LZ,COZY AMBIENCE,339883-B,1.00KG,350,$ 96
BY RED0,ANIMALIQUE,,ANIMALIQUE,FJSGTE45,1.00KG,1300,$355
BY RED0,ROUGE CHATIQUE,,ROUGE CHATIQUE,240121,1.00KG,700,$191
BRAND,NAME,ORI,CN,CODE,QTY,AED,USD
BY REDO,GYPSY WATER,LZ,WANDERLUST,338847,1.00KG,330,$ 90
BY REDO,GYPSY WATER TOP,,GYPSY WATER TOP,240642,1.00KG,700,$ 191
BY REDO,BLACK SAFFRON,,BLACK SAFFRON,240395,1.00KG,610,$ 167
BY REDO,SUNDAZED,LZ,ARCTIC SUN,261060,1.00KG,500,$ 137
BY REDO,TABACCO MANDARIN,LZ,COZY AMBIENCE,339883,1.00KG,610,$ 167
BY REDO,FLOWERHEAD TOP,,FLOWERHEAD TOP,240601,1.00KG,900,$ 245
BY REDO,OPEN SKY,LZ,STAR GLOBE,261088,1.00KG,720,$ 197
BY REDO,BLANCHE,LZ,JADE ELIXIR,280100,1.00KG,275,$ 75
BY REDO,DE LOS SANTOS,LZ,NOTABLE CHARM,503947,1.00KG,850,$ 232
BY REDO,BAL D AFRIQUE,,BAL D AFRIQUE,3000118,1.00KG,660,$ 180
BY REDO,BIBLOTIQUE,,BIBLOTIQUE,3000119,1.00KG,390,$ 107
BY REDO,BLACK SAFFRON FR,,BLACK SAFFRON FR,3000120,1.00KG,330,$ 90
BY REDO,IMMORTAL OUD,,IMMORTAL OUD,3000121,1.00KG,440,$ 120
BY REDO,DE LOS SANTOS,,DE LOS SANTOS,459882JK,1.00KG,1700,$ 464
BYREDO,BOIS OBSCUR,,BOIS OBSCUR,250297,1.00KG,1100,$ 301
BYREDO,MIXED EMOTIONS,,MIXED EMOTIONS,250153,1.00KG,1100,$ 301
BYREDO,BAL D' AFRIQUE,LZ,EXOTIC CONTINENT,233942,1.00KG,550,$ 150
BYREDO,MOJAVE GHOST TOP,,MOJAVE GHOST TOP,240599,1.00KG,900,$ 245
BYREDO,MOJAVE GHOST,LZ,DESERT SPIRIT,260941,1.00KG,530,$ 145
BYREDO,SELLIER,LZ,GENTLEMENS CLUB,261137,1.00KG,770,$ 210
BYREDO,MUMBAI NOISE,LZ,BOLLYWOOD DREAMS,702880-T,1.00KG,880,$ 240
BYREDO,EYES CLOSED,,EYES CLOSED,240591,1.00KG,1500,$ 410
BYREDO,BIBLIOTHEQUE,LZ,APRIUM,580248,1.00KG,450,$ 123
BYREDO,VANILLA ANTIQUE TOP,,VANILLA ANTIQUE TOP,240515,1.00KG,1300,$ 355
BYREDO,BLACK SAFFRON,,BLACK SAFFRON,3000123,1.00KG,610,$ 167
PERFUME COMPOUNDS,AMBRAXON,,AMBRAXON,2794,1.00KG,3000,$ 820
PERFUME COMPOUNDS,HABANOLIDE,,HABANOLIDE,2795,1.00KG,700,$ 191
PERFUME COMPOUNDS,HEDOINE,,HEDOINE,2796,1.00KG,300,$ 80
PERFUME COMPOUNDS,BENZOIN,,BENZOIN,2797,1.00KG,1100,$ 301
PERFUME COMPOUNDS,CASHMERAN,,CASHMERAN,2798,1.00KG,850,$ 232
PERFUME COMPOUNDS,FIXATIVE TOP,,FIXATIVE TOP,2778,1.00KG,550,$ 150
PERFUME COMPOUNDS,FIXATIVE,,FIXATIVE,2777,1.00KG,250,$ 68
PERFUME COMPOUNDS,ROSE MILK,,ROSE MILK,240311,1.00KG,150,$ 41
PERFUME COLOUR,APPLE GREEN,,APPLE GREEN,CL2781,1.00KG,550,$ 150
PERFUME COLOUR,GREEN,,GREEN,CL2782,1.00KG,550,$ 150
PERFUME COLOUR,RED,,RED,CL2783,1.00KG,550,$ 150
PERFUME COLOUR,BLUE,,BLUE,CL2784,1.00KG,550,$ 150
PERFUME COLOUR,PINK,,PINK,CL2785,1.00KG,550,$ 150
PERFUME COLOUR,PURPLE,,PURPLE,CL2786,1.00KG,550,$ 150
PERFUME COLOUR,ORANGE,,ORANGE,CL2787,1.00KG,550,$ 150
PERFUME COLOUR,YELLOW,,YELLOW,CL2788,1.00KG,550,$ 150
PERFUME COLOUR,BLACK,,BLACK,CL2789,1.00KG,550,$ 150
PERFUME COLOUR,BROWN,,BROWN,CL2790,1.00KG,550,$ 150
PERFUME COLOUR,GOLDEN BROWN,,GOLDEN BROWN,CL2791,1.00KG,550,$ 150
PERFUME COLOUR,AQUA /FEROZI,,AQUA /FEROZI,CL2792,1.00KG,550,$ 150
PERFUME COLOUR,MARON,,MARON,CL2793,1.00KG,550,$ 150
CARON,TABAC EXCUIS,,TABAC EXCUIS,250334,1.00KG,850,$ 232
CACHAREL,AMOR AMOR,,AMOR AMOR,3000124,1.00KG,275,$ 75
CACHAREL,YES I AM FABULOUS,,YES I AM FABULOUS,3000125,1.00KG,450,$ 123
CELINE,BLACK TIE,,BLACK TIE,250119,1.00KG,275,$ 75
CALVIN KLEIN,ETERNITY MAN,,ETERNITY MAN,250137,1.00KG,275,$ 75
CALVIN KLEIN,WOMEN,,WOMEN,240638,1.00KG,1100,$ 301
CALVIN KLEIN,ESCAPE,LZ,KISS THIS GIRL,931569-G,1.00KG,275,$ 75
CALVIN KLEIN,C.K BEAUTY,,C.K BEAUTY,3000126,1.00KG,290,$ 79
CALVIN KLEIN,CK ONE TOP,,CK ONE TOP,250154,1.00KG,450,$ 123
CALVIN KLEIN,CK ONE,,CK ONE,250083,1.00KG,295,$ 80
CALVIN KLEIN,DEEP  EUPHORIA,,DEEP  EUPHORIA,3000128,1.00KG,275,$ 75
CALVIN KLEIN,ESCAPE WOMAN,,ESCAPE WOMAN,3000129,1.00KG,275,$ 75
CALVIN KLEIN,ETERNITY AIR MEN,,ETERNITY AIR MEN,3000130,1.00KG,275,$ 75
CALVIN KLEIN,ETERNITY AIR WOMAN,,ETERNITY AIR WOMAN,3000131,1.00KG,275,$ 75
CALVIN KLEIN,ETERNITY FLAME,,ETERNITY FLAME,3000132,1.00KG,275,$ 75
CALVIN KLEIN,ETERNITY MAN,,ETERNITY MAN,3000133,1.00KG,275,$ 75
CALVIN KLEIN,ETERNITY WOMAN,,ETERNITY WOMAN,3000134,1.00KG,275,$ 75
CALVIN KLEIN,EUPHORIA FORBIDDEN WOMAN,,EUPHORIA FORBIDDEN WOMAN,3000135,1.00KG,300,$ 82
CALVIN KLEIN,EUPHORIA PURE GOLD MEN,,EUPHORIA PURE GOLD MEN,3000136,1.00KG,275,$ 75
CALVIN KLEIN,EUPHORIA PURE GOLD WOMAN,,EUPHORIA PURE GOLD WOMAN,3000137,1.00KG,275,$ 75
CALVIN KLEIN,EUPHORIA WOMAN,,EUPHORIA WOMAN,3000138,1.00KG,275,$ 75
CANALI,CANALI DAL 1934,LZ,EBONY & IVORY,239200-T,1.00KG,1100,$ 301
CARNER,BLACK CALAMUS,,BLACK CALAMUS,3000139,1.00KG,660,$ 180
CARNER,VOLCANO,,VOLCANO,3000140,1.00KG,550,$ 150
CAROLINA HERRERA,CEDAR CHIC,,CEDAR CHIC,250348,1.00KG,1200,$ 327
CAROLINA HERRERA,BAD BOY ELIXIR,,BAD BOY ELIXIR,250118,1.00KG,1000,$ 273
CAROLINA HERRERA,LA BOMBA,,LA BOMBA,250117,1.00KG,850,$ 232
CAROLINA HERRERA,STALLION LEATHER SUEDE,,STALLION LEATHER SUEDE,250051,1.00KG,850,$ 232
CAROLINA HERRERA,VERY GOOD GIRL ELIXIR,,VERY GOOD GIRL ELIXIR,240962,1.00KG,850,$ 232
CAROLINA HERRERA,GOOD GIRL SPARKLING ICE,,GOOD GIRL SPARKLING ICE,240936,1.00KG,850,$ 232
CAROLINA HERRERA,GOOD GIRL SUPREME,,GOOD GIRL SUPREME,240922,1.00KG,850,$ 232
CAROLINA HERRERA,BAD BOY COBALT ELIXIR,,BAD BOY COBALT ELIXIR,240756,1.00KG,1000,$ 273
CAROLINA HERRERA,212 VIP BLACK,,212 VIP BLACK,240704,1.00KG,900,$ 245
CAROLINA HERRERA,BIRDS OF PARADISE FOR HER,,BIRDS OF PARADISE FOR HER,240677,1.00KG,700,$ 191
CAROLINA HERRERA,GOOD GIRL BLUSH ELIXIR,,GOOD GIRL BLUSH ELIXIR,240359,1.00KG,550,$ 150
CAROLINA HERRERA,GOOD GIRL BLUSH,,GOOD GIRL BLUSH,240162,1.00KG,450,$ 123
CAROLINA HERRERA,212 MEN ICE,LZ,ICEMAN,345210-B,1.00KG,330,$ 90
CAROLINA HERRERA,STALLION LEATHER,LZ,CHURCHILL DOWNS,261248,1.00KG,600,$ 164
CAROLINA HERRERA,212 VIP MEN,,212 VIP MEN,240179,1.00KG,480,$ 131
CAROLINA HERRERA,GOOD GIRL TOP,,GOOD GIRL TOP,250187,1.00KG,770,$ 210
CAROLINA HERRERA,VERY GOOD GIRL TOP,,VERY GOOD GIRL TOP,240596,1.00KG,1300,$ 355
CAROLINA HERRERA,SAFFRON LAZULI,LZ,BLUE CROCUS,353950-B,1.00KG,390,$ 107
CAROLINA HERRERA,212 HEROES,LZ,SCULPTED,336022,1.00KG,610,$ 167
CAROLINA HERRERA,212 MAN TOP,,212 MAN TOP,240808,1.00KG,700,$ 191
CAROLINA HERRERA,212 VIP ROSE LOVE NY,LZ,FAMOUSE ROSE,154589,1.00KG,750,$ 205
BRAND,NAME,ORI,CN,CODE,QTY,AED,USD
CAROLINA HERRERA,CHIC FOR MEN,,CHIC FOR MEN,240028,1.00KG,450,$ 123
CAROLINA HERRERA,212 MAN,,212 MAN,3000141,1.00KG,290,$ 79
CAROLINA HERRERA,212 MEN ACQUA,,212 MEN ACQUA,3000142,1.00KG,275,$ 75
CAROLINA HERRERA,212 SEXY MAN,,212 SEXY MAN,3000143,1.00KG,275,$ 75
CAROLINA HERRERA,212 SEXY WOMAN,,212 SEXY WOMAN,3000144,1.00KG,275,$ 75
CAROLINA HERRERA,212 VIP CLUB,,212 VIP CLUB,3000145,1.00KG,275,$ 75
CAROLINA HERRERA,212 VIP RED ROSE,,212 VIP RED ROSE,3000146,1.00KG,275,$ 75
CAROLINA HERRERA,212 VIP ROSE,,212 VIP ROSE,3000147,1.00KG,275,$ 75
CAROLINA HERRERA,BAD BOY TOP,,BAD BOY TOP,240388,1.00KG,580,$ 158
CAROLINA HERRERA,BURNING ROSE,,BURNING ROSE,3000148,1.00KG,275,$ 75
CAROLINA HERRERA,CH CH MAN,,CH CH MAN,3000149,1.00KG,275,$ 75
CAROLINA HERRERA,CH CH WOMAN,,CH CH WOMAN,3000150,1.00KG,275,$ 75
CAROLINA HERRERA,GOOD GIRL,,GOOD GIRL,240964,1.00KG,275,$ 75
CAROLINA HERRERA,MYSTERY TOBACCO,,MYSTERY TOBACCO,3000153,1.00KG,330,$ 90
CAROLINA HERRERA,OUD COUTURE,,OUD COUTURE,3000154,1.00KG,275,$ 75
CAROLINA HERRERA,VERY GOOD GIRL,,VERY GOOD GIRL,3000155,1.00KG,275,$ 75
CAROLINA HERRERA,SAFFRON LAZULI,,SAFFRON LAZULI,3000156,1.00KG,390,$ 107
CAROLINA HERRERA,212 MEN HEROES FOREVER,,212 MEN HEROES FOREVER,3000157,1.00KG,275,$ 75
CAROLINA HERRERA,GOOD GIRL MIDNIGHT,,GOOD GIRL MIDNIGHT,3000158,1.00KG,275,$75
CARTIER,PASHA DE CARTIER,,PASHA DE CARTIER,250182,1.00KG,550,$150
CARTIER,LA PANTHERE,,LA PANTHERE,240396,1.00KG,580,$158
CARTIER,LA PANTHERE,LZ,FELINE HEART,501901,1.00KG,720,$ 197
CARTIER,MUST DE CARTIER GOLD,LZ,OLYMPIA AURUM,503556,1.00KG,610,$ 167
CARTIER,DECLARATION,LZ,DISCLOSURE,234710,1.00KG,500,$ 137
CARTIER,CARTIER PASHA,,CARTIER PASHA,3000159,1.00KG,275,$ 75
CARTIER,CARTIER ROADSTER MAN,,CARTIER ROADSTER MAN,3000160,1.00KG,275,$ 75
CARTIER,DECLARATION,,DECLARATION,3000161,1.00KG,275,$ 75
CASSAMORATI,1888,LZ,ATAVA,701293,1.00KG,550,$ 150
CASSAMORATI,DAMA BIANCA,LZ,BELKA,503860,1.00KG,330,$ 90
CASSAMORATI,FIORE D ULIVO,LZ,ZELKIS,462059 T,1.00KG,550,$ 150
CASSAMORATI,GRAN BALLO,LZ,DANCE EVENT,693275,1.00KG,520,$ 142
CASSAMORATI,REGIO,LZ,JULIUS,343891,1.00KG,510,$ 139
CEDARWOOD SUPER,CEDARWOOD SUPER,,CEDARWOOD SUPER,3000162,1.00KG,275,$ 75
CHANEL,GABRIELLE EDP 2017,,GABRIELLE EDP 2017,250450,1.00KG,700,$ 191
CHANEL,"COCO MADEMOISELL FRAGRANCE
PREMIER 2025",,"COCO MADEMOISELL FRAGRANCE
PREMIER 2025",250390,1.00KG,550,$ 150
CHANEL,BLUE DE CHANEL LEXCLUSIF TOP,,BLUE DE CHANEL LEXCLUSIF,250200,1.00KG,1400,$ 382
CHANEL,BLUE DE CHANEL LEXCLUSIF SUPER,,BLUE DE CHANEL LEXCLUSIF,250227,1.00KG,550,$ 150
CHANEL,CHANCE EAU SPLENDIDE,,CHANCE EAU SPLENDIDE,240988,1.00KG,1000,$ 273
CHANEL,SYCOMORE PERFUME,,SYCOMORE PERFUME,240924,1.00KG,950,$ 260
CHANEL,SYCOMORE,,SYCOMORE,240902,1.00KG,2000,$ 546
CHANEL,ALLURE HOME SPORT SUPERLEGGERA,,ALLURE HOME SPORT SUPERLEGGERA,240580,1.00KG,850,$ 232
CHANEL,COMETE,,COMETE,240505,1.00KG,850,$ 232
CHANEL,COROMANDEL EDP,,COROMANDEL EDP,240363,1.00KG,585,$ 160
CHANEL,COCO NOIR TOP,,COCO NOIR TOP,240389,1.00KG,580,$ 158
CHANEL,ALLURE HOMME EDITION BLANCHE,,ALLURE HOMME EDITION BLANCHE,240290,1.00KG,700,$ 191
CHANEL,BLUE DE CHANEL TOP TOP,,BLUE DE CHANEL TOP TOP,240536,1.00KG,1800,$ 491
CHANEL,BLUE DE CHANEL TOP,LZ,RENEGADE,239280-T,1.00KG,1000,$ 273
CHANEL,BLUE DE CHANEL,LZ,RENEGADE,239280,1.00KG,550,$ 150
CHANEL,BLUE DE CHANEL,,BLUE DE CHANEL,250492,1.00KG,350,$ 96
CHANEL,BLUE DE CHANEL,LZ,RENEGADE,239280-Z,1.00KG,295,$ 81
CHANEL,CHANEL NO 5,LZ,QUANTAM LEAP,343251-C,1.00KG,450,$ 123
CHANEL,CHANEL 1957,LZ,ICONIC STYLE,233708,1.00KG,550,$ 150
CHANEL,CHANEL ALLURE HOME SPORT LZ,LZ,ENERGETIC COUTURE,606203,1.00KG,550,$ 150
CHANEL,CHANEL CHANCE TOP,,CHANEL CHANCE TOP,240545,1.00KG,900,$ 245
CHANEL,CHANEL CHANCE,LZ,JACQUELINE,355450-A,1.00KG,440,$ 120
CHANEL,CHANEL NO : 19,LZ,A STAR IS BORN,507839,1.00KG,1980,$ 541
CHANEL,COCO MADEMOISELLE TOP,,COCO MADEMOISELLE TOP,240374,1.00KG,750,$ 205
CHANEL,COCO MADEMOISELLE,LZ,CUTE MISSY,234740,1.00KG,550,$ 150
CHANEL,1957 CHANEL,LZ,ICONIC STYLE,233708-B,1.00KG,400,$ 109
CHANEL,LES EXCLUSIVE COROMANDEL,LZ,BELMANDOR,342250,1.00KG,1100,$ 301
CHANEL,PARIS-DEAUVILLE,LZ,NORTH CITY,260960,1.00KG,720,$ 197
CHANEL,EGOISTE PLATINUM LZ,LZ,SIGNATURE,605643-A,1.00KG,610,$ 167
CHANEL,EGOISTE PLATINUM LZ,LZ,SIGNATURE,605643-B,1.00KG,480,$ 131
CHANEL,CHANCE EAU FRAICHE,LZ,FRESH OPPOUTUNITY,237281,1.00KG,720,$ 197
BRAND,NAME,ORI,CN,CODE,QTY,AED,USD
CHANEL,CHANCE EAU TENDER TOP,,CHANCE EAU TENDER TOP,240376,1.00KG,580,$ 158
CHANEL,CHANCE EAU TENDER LZ,LZ,PINK JACQELINE,230762-A,1.00KG,275,$ 75
CHANEL,GABRIELLE PARFUM,LZ,BRONZE FIREWORKS,233154,1.00KG,650,$ 178
CHANEL,PARIS-PARIS TOP,,PARIS-PARIS TOP,240518,1.00KG,1500,$ 409
CHANEL,COCO,,COCO,240397,1.00KG,530,$ 145
CHANEL,CHANEL NO 5,LZ,QUANTUM LEAP,693250,1.00KG,680,$ 186
CHANEL,ALLURE HOME SPORT TOP,,ALLURE HOME SPORT,240094,1.00KG,700,$ 191
CHANEL,BLUE DE CHANEL,,BLUE DE CHANEL,240018,1.00KG,250,$ 68
CHANEL,BLUE DE CHANEL,,BLUE DE CHANEL,240010,1.00KG,310,$ 85
CHANEL,BOY CHANEL,,BOY CHANEL,3000163,1.00KG,275,$ 75
CHANEL,CHANEL NO 5 TOP,,CHANEL NO 5,240095,1.00KG,700,$ 191
CHANEL,"CHANEL ALLURE POUR
FEMME",,"CHANEL ALLURE POUR
FEMME",3000164,1.00KG,275,$ 75
CHANEL,CHANEL CHANCE VIVIE,,CHANEL CHANCE VIVIE,3000740,1.00KG,590,$ 161
CHANEL,GABRIELLE ESSENCE TOP,,GABRIELLE ESSENCE TOP,240355,1.00KG,580,$ 158
CHANEL,COCO MADEMOISELLE L'EAU,,COCO MADEMOISELLE L'EAU,3000165,1.00KG,275,$ 75
CHANEL,N°1 DE CHANEL L'EAU ROUGE,,N°1 DE CHANEL L'EAU ROUGE,3000167,1.00KG,600,$ 164
CHLOE,EAU DE PARFUM,,EAU DE PARFUM,250449,1.00KG,700,$ 191
CHLOE,CEDRUS,,CEDRUS,250359,1.00KG,800,$ 218
CHLOE,EAU DE PARFUM INTENSE 2024,,EAU DE PARFUM INTENSE 2024,240947,1.00KG,1200,$ 327
CHLOE,NOMADE TOP,,NOMADE TOP,240705,1.00KG,900,$ 245
CHLOE,"CHLOE , BELLE FOR WOMAN",,"CHLOE , BELLE FOR WOMAN",3000168,1.00KG,275,$ 75
CHOPARD,VETIVER D HAITI AU THE VERT,,VETIVER D HAITI AU THE VERT,250079,1.00KG,1500,$ 409
CHOPARD,MALAKI LEATHER,,MALAKI LEATHER,240895,1.00KG,1100,$ 301
CHOPARD,CEDAR MALAKI,,CEDAR MALAKI,240833,1.00KG,1000,$ 273
CHOPARD,OUD MALIKI TOP,,OUD MALIKI TOP,240716,1.00KG,900,$ 245
CHOPARD,HAPPY SPIRIT CHOPARD,,HAPPY SPIRIT CHOPARD,3000169,1.00KG,275,$ 75
CHOPARD,1000 MAI CHOPART,,1000 MAI CHOPART,3000170,1.00KG,275,$ 75
CHRISTIAN LOUBOUTIN,LOUBIFUNK,LZ,PRINCESS IN RED,344143,1.00KG,600,$ 164
CILINQUE,HAPPY CILINQUE,LZ,HARMONIC FOR MEN,693265,1.00KG,430,$ 117
CRISTIANO RONALDO,CR7,,CR7,250194,1.00KG,275,$ 75
CLINIQUE HAPPY,HAPPY FOR MEN,LZ,HERMONIC FOR MEN,605636-E,1.00KG,530,$ 145
CLINIQUE HAPPY,AROMATICS IN BLACK,,AROMATICS IN BLACK,3000171,1.00KG,275,$ 75
CLINIQUE HAPPY,HAPPY FOR MEN,,HAPPY FOR MEN,3000172,1.00KG,275,$ 75
CLINIQUE HAPPY,HAPPY FOR WOMEN,,HAPPY FOR WOMEN,3000173,1.00KG,330,$ 90
CLIVE CHRISTIAN,TOWN & COUNTRY,,TOWN & COUNTRY,250116,1.00KG,1100,$ 301
CLIVE CHRISTIAN,ICONIC FEMININE,,ICONIC FEMININE,250349,1.00KG,1200,$ 327
CLIVE CHRISTIAN,RED TEA VETIVER,,RED TEA VETIVER,250013,1.00KG,1100,$ 301
CLIVE CHRISTIAN,20 ICONIC MASCULINE,,20 ICONIC MASCULINE,240975,1.00KG,1100,$ 301
CLIVE CHRISTIAN,TIMELESS,,TIMELESS,240795,1.00KG,1000,$ 273
CLIVE CHRISTIAN,CRAB APPLE BLOSSOM,,CRAB APPLE BLOSSOM,240750,1.00KG,1100,$ 301
CLIVE CHRISTIAN,VII QUEEN ANNE ROCK ROSE,,"VII QUEEN ANNE ROCK
ROSE",240516,1.00KG,1100,$ 301
CLIVE CHRISTIAN,1872 FOR MEN TOP,,1872 FOR MEN TOP,240326,1.00KG,700,$ 191
CLIVE CHRISTIAN,BLONDE AMBER,,BLONDE AMBER,240232,1.00KG,1100,$ 301
CLIVE CHRISTIAN,X FOR MEN TOP,,X FOR MEN TOP,240327,1.00KG,1000,$ 273
CLIVE CHRISTIAN,MATSUKITA TOP,,MATSUKITA TOP,240254,1.00KG,900,$ 246
CLIVE CHRISTIAN,NO.1 MEN TOP,,NO.1 MEN TOP,240328,1.00KG,700,$ 191
CLIVE CHRISTIAN,JUMP UP AND KISS ME HEDONISTIC,,JUMP UP AND KISS ME HEDONISTIC,240110,1.00KG,1100,$300
COACH,COACH MAN,,COACH MAN,3000174,1.00KG,275,$ 75
COACH,COACH PLATINUM,,COACH PLATINUM,3000175,1.00KG,275,$ 75
COCO OUD,COCO OUD,,COCO OUD,3000176,1.00KG,660,$ 180
COLOGNE,RAMAGE,,RAMAGE,3000177,1.00KG,200,$ 55
COLOGNE,FLEURS D' AMOURE,,FLEURS D' AMOURE,3000178,1.00KG,200,$ 55
COMME DES GARCONS,WONDERWOOD TOP,,WONDERWOOD TOP,240491,1.00KG,550,$ 150
COMPOUND AA,COMPOUND AA,,COMPOUND AA,3000179,1.00KG,940,$ 257
COSTUME,SCENT INTENSE,LZ,SIMPLY DRESSED,353854,1.00KG,470,$ 128
CREATION,OUD & MUSK,,OUD & MUSK,240763,1.00KG,275,$ 75
CREATION,ORANGE MUSK,,ORANGE MUSK,240764,1.00KG,275,$ 75
CREATION,ROSE MUSK,,ROSE MUSK,240762,1.00KG,330,$ 90
CREATION,BLACK MUSK,,BLACK MUSK,240724,1.00KG,450,$ 123
CREATION,EGYPTIAN MUSK,,EGYPTIAN MUSK,240544,1.00KG,275,$ 75
CREATION,GOLDEN SAND,,GOLDEN SAND,240312,1.00KG,275,$ 75
CREATION,ABEER,LZ,AMBER,443674,1.00KG,330,$ 90
CREATION,BAKHOOR / LUZI,LZ,BAKHOOR,343200,1.00KG,330,$ 90
CREATION,COSMEA,LZ,COSMEA,801054/E,1.00KG,275,$ 75
CREATION,ROSE AND MUSK,LZ,ROSE AND MUSK,702556,1.00KG,310,$ 85
CREATION,SOFT ROSE & OUD,LZ,SOFT ROSE & OUD,261033,1.00KG,390,$ 107
CREATION,MY FIRST ROSE,LZ,MY FIRST ROSE,490000,1.00KG,290,$ 79
CREATION,SMOKE ROSE,LZ,SMOKE ROSE,490004,1.00KG,360,$ 98
CREATION,GOLDEN PEAK,LZ,GOLDEN PEAK,339453,1.00KG,610,$ 167
CREATION,SHAIKH HAMDAN,LZ,SHAIKH HAMDAN,339788,1.00KG,1760,$ 481
BRAND,NAME,ORI,CN,CODE,QTY,AED,USD
CREATION,SHAIKH HAMDAN,LZ,SHAIKH HAMDAN,339788-A,1.00KG,900,$ 246
CREATION,DOMINATOR,LZ,DOMINATOR,237209,1.00KG,330,$ 90
CREATION,ESCAFAWA LUZI,LZ,ESCAFAWA,507158,1.00KG,275,$ 75
CREATION,MAGIC FRUIT,LZ,MAGIC FRUIT,353414,1.00KG,275,$ 75
CREATION,ABEER BAKHOOR,LZ,ABEER BAKHOOR,340820,1.00KG,275,$ 75
CREATION,RASPBERRY IN BLUE,LZ,RASPBERRY IN BLUE,650074-A,1.00KG,275,$ 75
CREATION,THREE G,LZ,THREE G,339072,1.00KG,275,$ 75
CREATION,SABAIK LUZI,LZ,SABAIK,500919,1.00KG,500,$ 137
CREATION,SILK WOOD,LZ,SILKWOOD,349441,1.00KG,1100,$ 301
CREATION,SULTAN TOP,,SULTAN TOP,240835,1.00KG,550,$ 150
CREATION,TOOTSY,LZ,TOOTSY,338300,1.00KG,275,$ 75
CREATION,WARD AL TAIF,LZ,WARD AL TAIF,941592-A,1.00KG,660,$ 180
CREATION,ORIENTAL BAKHOOR,LZ,ORIENTAL BAKHOOR,336000,1.00KG,330,$ 90
CREATION,NEW ORIENTAL FITNESS,LZ,NEW ORIENTAL FITNESS,343889,1.00KG,275,$ 75
CREATION,SUISSE ESSENCE,LZ,SUISSE ESSENCE,351827,1.00KG,1100,$ 301
CREATION,MUSSABAT,LZ,MUSSABIT,351550,1.00KG,500,$ 137
CREATION,BURJ AL ARAB,,BURJ AL ARAB,3000180,1.00KG,610,$ 167
CREATION,DUBAI HILL,,DUBAI HILL,3000181,1.00KG,1650,$ 451
CREATION,JUMEIRAH,,JUMEIRAH,3000182,1.00KG,610,$ 167
CREATION,MADINA,,MADINA,3000183,1.00KG,275,$ 75
CREATION,SILVER DUST,,SILVER DUST,250277,1.00KG,275,$ 75
CREED,ROYAL MAYFAIR 2024,,ROYAL MAYFAIR 2024,250211,1.00KG,1200,$ 327
CREED,AVENTUS (SMOKY),,AVENTUS (SMOKY),250292,1.00KG,2000,$ 546
CREED,OUD ZARIAN TOP,,OUD ZARIAN TOP,250198,1.00KG,1300,$ 355
CREED,OUD ZARIAN SUPER,,OUD ZARIAN SUPER,250304,1.00KG,550,$ 150
CREED,ELADARIA,,ELADARIA,240982,1.00KG,1200,$ 327
CREED,FLEURISSIMO,,FLEURISSIMO,240934,1.00KG,1300,$ 355
CREED,ROYAL MAYFAIR 2015,,ROYAL MAYFAIR 2015,240921,1.00KG,1300,$ 355
CREED,FRAGARIA,,FRAGARIA,240823,1.00KG,1000,$ 273
CREED,ROYAL WATER,,ROYAL WATER,240815,1.00KG,850,$ 232
CREED,ORGINAL SANTAL,,ORGINAL SANTAL,240740,1.00KG,1100,$ 301
CREED,CENTAURUS SUPER,,CENTAURUS SUPER,240567,1.00KG,1300,$ 355
CREED,CENTAURUS TOP,,CENTAURUS,240556,1.00KG,2000,$ 546
CREED,DELPHINUS TOP,,DELPHINUS TOP,240566,1.00KG,1100,$ 301
CREED,SPRING FLOWERS,,SPRING FLOWERS,240262,1.00KG,600,$ 164
CREED,SPICE & WOOD,,SPICE & WOOD,240441,1.00KG,1000,$ 273
CREED,AVENTUS COLONGE TOP,,AVENTUS COLONGE TOP,240418,1.00KG,1300,$ 355
CREED,LOVE IN WHITE,,LOVE IN WHITE,240274,1.00KG,550,$ 150
CREED,QUEEN OF SILK TOP,,QUEEN OF SILK TOP,240187,1.00KG,1450,$ 395
CREED,QUEEN OF SILK,,QUEEN OF SILK,240188,1.00KG,950,$ 260
CREED,ORGINAL VETIVER 2024,,ORGINAL VETIVER 2024,250056,1.00KG,1100,$ 301
CREED,ORGINAL VETIVER,,ORGINAL VETIVER,240218,1.00KG,900,$ 245
CREED,VIRGIN ISLAND WATER,,VIRGIN ISLAND WATER,240213,1.00KG,1000,$ 273
CREED,CREED AVENTUS TOP TOP,,CREED AVENTUS TOP TOP,240825,1.00KG,1900,$ 519
CREED,CREED AVENTUS TOP,LZ,SPIRIT OF ADVENTURE,239790-T,1.00KG,1350,$ 369
CREED,CREED AVENTUS TOP,,CREED AVENTUS TOP,240033,1.00KG,1495,$ 408
CREED,CREED AVENTUS,LZ,SPIRIT OF ADVENTURE,239790,1.00KG,650,$ 178
CREED,CREED AVENTUS,LZ,SPIRIT OF ADVENTURE,239790-C,1.00KG,400,$ 109
CREED,CREED AVENTUS,,CREED AVENTUS,240008,1.00KG,350,$ 96
CREED,CREED AVENTUS,,EVENTO,240020,1.00KG,250,$ 68
CREED,ABSOLU AVENTUS TOP,,ABSOLU AVENTUS TOP,240022,1.00KG,1400,$ 382
CREED,ABSOLU AVENTUS,,ABSOLU AVENTUS,240024,1.00KG,730,$ 200
CREED,AVENTUS FOR HER,LZ,GOLDEN ARC,232942,1.00KG,880,$ 240
CREED,AVENTUS FOR HER,LZ,GOLDEN ARC,232942-A,1.00KG,650,$ 178
CREED,"SILVER MOUNTAIN WATER
TOP",,"SILVER MOUNTAIN WATER
TOP",240330,1.00KG,750,$ 205
CREED,SILVER MOUNTAIN WATER,LZ,SPARKLING SPRING,234738-A,1.00KG,330,$ 90
CREED,GREEN IRISH TWEED,,GREEN IRISH TWEED,240180,1.00KG,450,$ 123
CREED,VIKING TOP,,VIKING TOP,240641,1.00KG,1300,$ 355
CREED,VIKING COLOGNE MEN TOP,,VIKING COLOGNE MEN TOP,240631,1.00KG,1700,$ 464
CREED,WIND FLOWERS TOP,,WIND FLOWERS TOP,240329,1.00KG,600,$ 164
CREED,CREED AVENTUS COLONGE,LZ,FRESH SPIRIT,503661,1.00KG,1100,$ 301
CREED,SUBLIM VANILLE,LZ,VANILLA TOUCH,501997,1.00KG,600,$ 164
CREED,HIMALAYA,LZ,MOUNT EVEREST,233928-A,1.00KG,450,$ 123
CREED,CARMINA TOP,,CARMINA TOP,240373,1.00KG,1100,$ 301
CREED,CARMINA,,CARMINA,240036,1.00KG,350,$96
CREED,CREED BLACK,,CREED BLACK,3000185,1.00KG,275,$ 75
CREED,CREED SILVER,,CREED SILVER,3000186,1.00KG,275,$ 75
CREED,PURE  WHITE COLOGNE,,PURE  WHITE COLOGNE,3000187,1.00KG,390,$ 107
CREED,ROYAL OUD,,ROYAL OUD,240224,1.00KG,1700,$ 464
BRAND,NAME,ORI,CN,CODE,QTY,AED,USD
CREED,WHITE AMBER,,WHITE AMBER,250173,1.00KG,850,$ 232
CREED,CREED AVENTUS 10TH ANNIVERSARY TOP,,CREED AVENTUS 10TH ANNIVERSARY TOP,240398,1.00KG,1500,$ 409
CREED,MILLESIME IMPERIAL,,MILLESIME IMPERIAL,3000741,1.00KG,950,$260
CREED,MILLESIME IMPERIAL TOP,,MILLESIME IMPERIAL,240123,1.00KG,1300,$355
DIFFUSER OIL,LUXURY FINAL,,LUXURY FINAL,250377,1.00KG,275,$75
DIFFUSER OIL,MALEQUI,,MALEQUI,250378,1.00KG,295,$80
DIFFUSER OIL,TUSCANY VIBE,,TUSCANY VIBE,250379,1.00KG,295,$80
DIFFUSER OIL,SUELLEN,,SUELLEN,250380,1.00KG,275,$75
DIFFUSER OIL,ADDRESS FINAL,,ADDRESS FINAL,250381,1.00KG,275,$75
DIFFUSER OIL,MIDNIGHT FINAL,,MIDNIGHT FINAL,250382,1.00KG,275,$75
DIFFUSER OIL,EXOTIC FRUITS,,EXOTIC FRUITS,250383,1.00KG,200,$55
DIFFUSER OIL,SUEDE VANILLA,,SUEDE VANILLA,250384,1.00KG,295,$80
DIFFUSER OIL,LABAN,,LABAN,250385,1.00KG,200,$55
DIFFUSER OIL,POWDER,,POWDER,250386,1.00KG,200,$55
DIFFUSER OIL,WILDBERYY,,WILDBERYY,250387,1.00KG,200,$55
DIFFUSER OIL,MANGO,,MANGO,250388,1.00KG,200,$55
DIFFUSER OIL,MANGO 2,,MANGO 2,250389,1.00KG,185,$50
DIFFUSER OIL,ADRESS,,ADRESS,250228,1.00KG,275,$75
DIFFUSER OIL,ASES,,ASES,250229,1.00KG,255,$70
DIFFUSER OIL,DAMASK ROSE,,DAMASK ROSE,250230,1.00KG,185,$50
DIFFUSER OIL,EXOTIC INFUSION,,EXOTIC INFUSION,250231,1.00KG,185,$50
DIFFUSER OIL,JUICY MELON,,JUICY MELON,250232,1.00KG,185,$50
DIFFUSER OIL,KING VALLEY,,KING VALLEY,250233,1.00KG,275,$75
DIFFUSER OIL,MARACUYA,,MARACUYA,250234,1.00KG,185,$50
DIFFUSER OIL,MIDNIGHT,,MIDNIGHT,250235,1.00KG,275,$75
DIFFUSER OIL,PASSION,,PASSION,250236,1.00KG,255,$70
DIFFUSER OIL,PASSION FLOWER,,PASSION FLOWER,250237,1.00KG,255,$70
DIFFUSER OIL,PEACH,,PEACH,250238,1.00KG,185,$50
DIFFUSER OIL,PINK SWEET,,PINK SWEET,250239,1.00KG,185,$50
DIFFUSER OIL,AFKAR,,AFKAR,250240,1.00KG,275,$75
DIFFUSER OIL,DFX,,DFX,250241,1.00KG,185,$50
DKNY,BE DELICIOUS  TOP,,BE DELICIOUS  TOP,250414,1.00KG,850,$232
DUSITA,TONKA LATTE,,TONKA LATTE,250054,1.00KG,700,$191
DONNA KARAN,CASHMERE & VANILLA ESSENCE,,CASHMERE & VANILLA ESSENCE,250223,1.00KG,850,$232
DONNA KARAN,24/7,,24/7,240880,1.00KG,850,$232
D & G,FEFE,,FEFE,250393,1.00KG,500,$137
D & G,VELVET PASSION OUD,,VELVET PASSION OUD,250360,1.00KG,1100,$301
D & G,VELVET BERGAMOT,,VELVET BERGAMOT,250220,1.00KG,1000,$273
D & G,DOLCE PEONY,,DOLCE PEONY,250120,1.00KG,700,$191
D & G,BY WOMEN,,BY WOMEN,250066,1.00KG,850,$232
D & G,DEVOUTION POUR HOMME,,DEVOUTION POUR HOMME,250003,1.00KG,850,$232
D & G,LIGHT BLUE CAPRI IN LOVE,,LIGHT BLUE CAPRI IN LOVE,240978,1.00KG,1100,$301
D & G,L'IMPERATRICE ROYALE,,L'IMPERATRICE ROYALE,240948,1.00KG,1000,$273
D & G,VELVET ZAFFRANO,,VELVET ZAFFRANO,240898,1.00KG,1200,$327
D & G,THE ONE FOR MEN EDP INTENSE,,THE ONE FOR MEN EDP INTENSE,240796,1.00KG,1000,$273
D & G,THE ONE ROYAL NIGHT,,THE ONE ROYAL NIGHT,240600,1.00KG,700,$191
D & G,DEVOUTION INTENSE,,DEVOUTION INTENSE,240563,1.00KG,850,$232
D & G,THE ONE LUMINOUS NIGHT TOP,,THE ONE LUMINOUS NIGHT TOP,240332,1.00KG,1000,$ 273
D & G,ORANGE,,ORANGE,240333,1.00KG,900,$245
D & G,LEMON,,LEMON,240331,1.00KG,850,$232
D & G,PINEAPPLE,,PINEAPPLE,240251,1.00KG,900,$245
D & G,3 L' IMPERATRICE,LZ,REINE,338534,1.00KG,330,$ 90
D & G,DOLCE GARDEN,LZ,ITALIAN LANDSCAPE,503506,1.00KG,390,$ 107
D & G,D & G KING,,D & G KING,250195,1.00KG,500,$ 137
D & G,Q BY DOLCE &GABBANA,LZ,CONTEMPORARY QUEEN,336301-A,1.00KG,650,$ 178
D & G,LIGHT BLUE WOMEN,,LIGHT BLUE WOMEN,250185,1.00KG,500,$ 137
D & G,LIGHT BLUE MEN,,LIGHT BLUE MEN,250184,1.00KG,550,$ 150
D & G,THE ONLY ONE,LZ,FOREVER YOURS,461488,1.00KG,580,$ 158
D & G,VELVET DESERT OUD,LZ,SILK EBONY & OUD,230798-B,1.00KG,350,$ 96
D & G,VELVET DESERT OUD,LZ,SILK EBONY & OUD,230798,1.00KG,500,$ 137
D & G,VELVET INCENSO,LZ,CHURCH TOWN,343664,1.00KG,580,$ 158
D & G,VELVET INCENSO,LZ,CHURCH TOWN,343664-B,1.00KG,330,$ 90
D & G,VELVET ORIENTAL MUSK,LZ,LAND OF SICILY,462109-A,1.00KG,450,$ 123
D & G,ROSE THE ONE,LZ,FIRST ROSE,359610,1.00KG,275,$ 75
D & G,LIGHT BLUE FOREVER,LZ,CELESTIAL CORSET,343928,1.00KG,610,$ 167
D & G,VELVET BLACK PATCHOULI,LZ,WOODY DARKNESS,343953,1.00KG,550,$ 150
D & G,DEVOUTION,,DEVOUTION,240117,1.00KG,850,$232
D & G,MY DEVOUTION INTENSE,,MY DEVOUTION INTENSE,250248,1.00KG,850,$232
D & G,D&G THE ONE WOMAN,,D&G THE ONE WOMAN,3000189,1.00KG,275,$ 75
D & G,D&G THE ONE MAN TOP,,D&G THE ONE MAN TOP,240451,1.00KG,580,$ 158
D & G,D&G THE ONE MAN,,D&G THE ONE MAN,240030,1.00KG,275,$ 75
D & G,GREY,,GREY,3000190,1.00KG,275,$ 75
D & G,INTENSE WOMAN,,INTENSE WOMAN,3000191,1.00KG,275,$ 75
D & G,INTENSO D & G,,INTENSO D & G,3000192,1.00KG,275,$ 75
D & G,K BY D & G,,K BY D & G,3000193,1.00KG,275,$ 75
D & G,LIGHT BLUE LOVE IS LOVE,,LIGHT BLUE LOVE IS LOVE,3000194,1.00KG,275,$ 75
D & G,LIGHT BLUE WOMAN,,LIGHT BLUE WOMAN,3000195,1.00KG,310,$ 85
D & G,THE ONE MYSTERIOUS,,THE ONE MYSTERIOUS,3000196,1.00KG,610,$ 167
D & G,THE ONLY ONE,,THE ONLY ONE,3000197,1.00KG,275,$ 75
D & G,VELVET DESERT OUD,,VELVET DESERT OUD,3000198,1.00KG,275,$ 75
D & G,VELVET ORIENTAL MUSK,,VELVET ORIENTAL MUSK,3000199,1.00KG,660,$ 180
D & G,VELVET ORIENTAL MUSK,,VELVET ORIENTAL MUSK,3000200,1.00KG,275,$ 75
D & G,VELVET BLACK PATCHOULY,,VELVET BLACK PATCHOULY,3000201,1.00KG,400,$ 109
D&G,L' IMPERATRICE 2020 LIMITED,LZ,JEANNE PINK,233468,1.00KG,610,$ 167
D&G,DOLCE,LZ,DELICATE ESSANCE,231643-A,1.00KG,300,$ 82
D&G,THE ONLY GREY,,THE ONLY GREY,3000203,1.00KG,440,$ 120
D&G,THE ONLY ONE 2,,THE ONLY ONE 2,3000204,1.00KG,390,$ 107
DALAH AL BANAT,DALAH AL BANAT,,DALAH AL BANAT,3000205,1.00KG,275,$ 75
DANA,DANA,,DANA,3000206,1.00KG,275,$ 75
DANAT AL DUNIYA,DANAT AL DUNIYA,,DANAT AL DUNIYA,3000207,1.00KG,275,$ 75
DANAT AL DUNIYA,DUNIYA TOP,,DUNIYA TOP,3000208,1.00KG,350,$ 96
DAVID BECKHAM,"DAVID BECKHAM FOLLOW
YOUR",LZ,SPICEMAN,233706-A,1.00KG,330,$ 90
DAVIDOFF,COOL WATER MEN TOP,,COOL WATER MEN TOP,240399,1.00KG,550,$ 150
DAVIDOFF,INDIGO,,INDIGO,250254,1.00KG,500,$ 137
DAVIDOFF,COOL ELIXIR 2025,,COOL ELIXIR 2025,250059,1.00KG,850,$ 232
DAVIDOFF,COOL WATER WOMAN,LZ,AQUATIC LADY YS,694435,1.00KG,290,$ 79
DAVIDOFF,COOL WATER WOMAN,LZ,AQUATIC LADY,341992-A,1.00KG,275,$ 75
DAVIDOFF,COOL WATER WOMAN,LZ,AQUATIC LADY,341992-D,1.00KG,275,$ 75
BRAND,NAME,ORI,CN,CODE,QTY,AED,USD
DAVIDOFF,COOL WATER WOMAN BLUE,LZ,AQUATIC LADY BLUE,345219-A,1.00KG,275,$ 75
DAVIDOFF,COOL WATER WOMEN,LZ,AQUATIC DREAMS,693252,1.00KG,450,$ 123
DAVIDOFF,COOL WATER WAVE MEN,,COOL WATER WAVE MEN,3000209,1.00KG,275,$ 75
DAVIDOFF,HORIZON,,HORIZON,3000210,1.00KG,275,$ 75
DAVIDOFF,LAETHER BLEND,,LAETHER BLEND,3000211,1.00KG,275,$ 75
DAVIDOFF,RUN WILD FOR HER,,RUN WILD FOR HER,3000212,1.00KG,275,$ 75
DAVIDOFF,RUN WILD FOR HIM,,RUN WILD FOR HIM,3000213,1.00KG,275,$ 75
DAVIDOFF,WOOD BLEND,,WOOD BLEND,3000214,1.00KG,275,$ 75
DIESEL,BAD INTENSE,,BAD INTENSE,3000215,1.00KG,275,$ 75
DIESEL,DIESEL ONLY TATTOO,,DIESEL ONLY TATTOO,3000216,1.00KG,275,$ 75
DIESEL,ONLY THE BRAVE,,ONLY THE BRAVE,3000217,1.00KG,275,$ 75
DIOR,CUIR SADDLE,,CUIR SADDLE,250474,1.00KG,1300,$ 355
DIOR,SAKURA,,SAKURA,250411,1.00KG,1100,$ 301
DIOR,MISS DIOR ESSENCE,,MISS DIOR ESSENCE,250263,1.00KG,850,$ 232
DIOR,ROSE STAR,,ROSE STAR,250166,1.00KG,1000,$ 273
DIOR,SAUVAGE EXTREME,,SAUVAGE EXTREME,250068,1.00KG,1100,$ 301
DIOR,AMBER NUIT ESPRIT,,AMBER NUIT ESPRIT,250020,1.00KG,1100,$ 301
DIOR,EAU SAUVAGE,,EAU SAUVAGE,250005,1.00KG,1200,$ 327
DIOR,BOIS TALISMAN,,BOIS TALISMAN,240966,1.00KG,850,$ 232
DIOR,LUCKY,,LUCKY,240923,1.00KG,950,$ 260
DIOR,ROUGE TRAFALGAR ESPRIT DE PARFUME,,ROUGE TRAFALGAR ESPRIT DE PARFUME,240908,1.00KG,1500,$ 409
DIOR,ONLY THE BRAVE STREET,,ONLY THE BRAVE STREET,3000218,1.00KG,275,$ 75
DIOR,HOMME INTENSE 2025,,HOMME INTENSE 2025,240755,1.00KG,1100,$ 301
DIOR,GRIS DIOR ESPRIT DE PARFUM,,GRIS DIOR ESPRIT DE PARFUM,240639,1.00KG,1100,$ 301
DIOR,SAUVAGE EAU FORTE,,SAUVAGE EAU FORTE,240570,1.00KG,900,$ 245
DIOR,HOMME PARFUM TOP,,HOMME PARFUM TOP,240449,1.00KG,1300,$ 355
DIOR,FOREVER AND EVER TOP,,FOREVER AND EVER TOP,240358,1.00KG,580,$ 158
DIOR,MISS DIOR ROSE N ROSES,,MISS DIOR ROSE N ROSES,240323,1.00KG,750,$ 205
DIOR,MISS DIOR PARFUM 2024,,MISS DIOR PARFUM 2024,240201,1.00KG,1000,$ 273
DIOR,NEW LOOK 2024,,NEW LOOK 2024,240161,1.00KG,550,$ 150
DIOR,GRIS MONTAIGNE,LZ,EARTHY WOODS,4000064-A,1.00KG,720,$ 197
DIOR,HOLY PEONY,LZ,FRAGILE,233686,1.00KG,420,$ 115
DIOR,MISS DIOR CHERIE,LZ,MISS DARLING,236522-B,1.00KG,275,$ 75
DIOR,PURPLE OUD TOP,LZ,OUD FULL MOON,343675-T,1.00KG,1100,$ 301
DIOR,PURPLE OUD,LZ,OUD FULL MOON,343675,1.00KG,550,$ 150
DIOR,SAUVAGE,LZ,HEY JOHNNY,342272-T,1.00KG,980,$ 268
DIOR,HOMME COLONGE 2022 TOP,,"HOMME COLONGE 2022
TOP",240249,1.00KG,1350,$ 355
DIOR,HOMME 2020 TOP,,HOMME 2020 TOP,240193,1.00KG,1200,$ 327
DIOR,OUD ROSEWOOD TOP,,OUD ROSEWOOD TOP,240832,1.00KG,880,$ 240
DIOR,SAUVAGE,LZ,HEY JOHNNY,342272,1.00KG,580,$ 158
DIOR,SAUVAGE LZ,LZ,HEY JOHNNY,342272-A,1.00KG,400,$ 109
DIOR,TOBACOLOR TOP,,TOBACOLOR TOP,240400,1.00KG,1300,$ 355
DIOR,VANILLA DIORAMA,LZ,DREAMY SCENT,336037,1.00KG,610,$ 167
DIOR,SAUVAGE ELIXIR,LZ,HEY JOHNNY BOY,343920,1.00KG,610,$ 167
DIOR,SAUVAGE ELIXIR,LZ,HEY JOHNNY BOY,343920-A,1.00KG,510,$ 139
DIOR,JADORE LZ,LZ,DROP IN GOLD,353495,1.00KG,470,$ 128
DIOR,JADORE,,JADORE,250319,1.00KG,470,$ 128
DIOR,SAUVAGE ELIXIR TOP,LZ,HEY JOHNNY BOY,343920-T,1.00KG,1500,$ 410
DIOR,PATCHOULI ELIXIR PRECIEUX,LZ,TRUE TREASURE,504019,1.00KG,650,$ 178
DIOR,MISS DIOR ROSE ESSENCE,LZ,STAY CLOSER TO ME,233115-T,1.00KG,780,$ 213
DIOR,ADDICT TOP,,ADDICT TOP,240324,1.00KG,580,$ 158
DIOR,MISS DIOR,,MISS DIOR,250049,1.00KG,850,$ 232
DIOR,MISS DIOR,LZ,LOVEY,693266,1.00KG,560,$ 153
DIOR,POISON,LZ,PASSIFLORA,693255,1.00KG,390,$ 107
DIOR,OUD ISPAHAN TOP,,OUD ISPAHAN TOP,240057,1.00KG,730,$ 200
DIOR,AMBER NUIT TOP,,AMBER NUIT TOP,240919,1.00KG,1000,$ 273
DIOR,DIOR HOMME  INTENSE,,DIOR HOMME  INTENSE,240031,1.00KG,700,$ 191
DIOR,FAHRENHEIT TOP,,FAHRENHEIT TOP,240316,1.00KG,580,$ 158
DIOR,GRIS TOP,,GRIS,240086,1.00KG,950,$ 260
DIOR,GRIS MONTAIGNE,,GRIS MONTAIGNE,3000220,1.00KG,310,$ 85
DIOR,HYPNOTIC POISON TOP,,HYPNOTIC POISON TOP,240384,1.00KG,580,$ 158
DIOR,J ADORE,,J ADORE,3000221,1.00KG,275,$ 75
DIOR,JOY,,JOY,3000222,1.00KG,275,$ 75
DIOR,MISS DIOR N ROSES,,MISS DIOR N ROSES,3000223,1.00KG,275,$ 75
DIOR,POISON GIRL,,POISON GIRL,3000224,1.00KG,300,$ 82
DIOR,POISON GIRL UNEXPECTED,,POISON GIRL UNEXPECTED,3000225,1.00KG,275,$ 75
DIOR,PURE POISON,,PURE POISON,250150,1.00KG,850,$ 232
DIOR,PURPLE OUD,,PURPLE OUD,3000227,1.00KG,500,$ 137
BRAND,NAME,ORI,CN,CODE,QTY,AED,USD
DIOR,HOMME INTENSE,,HOMME INTENSE,240031,1.00KG,700,$ 191
DIOR,SAUVAGE EDP,,SAUVAGE EDP,3000228,1.00KG,275,$ 75
DIOR,SAUVAGE VERY COOL SPRAY,,SAUVAGE VERY COOL SPRAY,3000229,1.00KG,440,$ 120
DIOR,OUD ROSEWOOD,,OUD ROSEWOOD,3000230,1.00KG,275,$ 75
DIOR,ROUGE TRAFALGAR TOP,,ROUGE TRAFALGAR TOP,240543,1.00KG,850,$ 232
DIOR,SAUVAGE,,SAUVAGE,240019,1.00KG,250,$ 68
DIOR,EDEN ROC,,EDEN ROC,3000231,1.00KG,330,$ 90
DIOR,SANTAL NOIR,,SANTAL NOIR,3000232,1.00KG,330,$ 90
DIOR,SAUVAGE ELIXIR,,SAUVAGE ELIXIR,240026,1.00KG,500,$ 137
DIOR,SAUVAGE ELIXIR,,SAUVAGE ELIXIR,240011,1.00KG,500,$ 137
DIOR,LEATHER OUD,,LEATHER OUD,3000233,1.00KG,275,$ 75
DIOR,"MISS DIOR BLOOMING
BOUQUET 2023",,"MISS DIOR BLOOMING
BOUQUET 2023",240152,1.00KG,650,$ 178
DIOR,BOIS D' ARGENT,,BOIS D' ARGENT,240139,1.00KG,950,$ 260
DIOR,DIOR HOMME SPORT 2021 TOP,,DIOR HOMME SPORT 2021 TOP,240250,1.00KG,580,$ 158
DIOR,SAUVAGE,,SAUVAGE,3000234,1.00KG,250,$ 68
DIPTYQUE,DO SON,,DO SON,240276,1.00KG,850,$ 232
DIPTIQUE,ORPHEON,,ORPHEON,250442,1.00KG,850,$ 232
DIPTIQUE,LAZULIO,,LAZULIO,250394,1.00KG,1100,$ 301
DIPTIQUE,L EAU PAPIER,,L EAU PAPIER,250031,1.00KG,850,$ 232
DIPTIQUE,TAM DAO,LZ,MEMORISE OF ASIA,160854,1.00KG,700,$ 191
DIPTYQUE,TAM DAO,,TAM DAO,240120,1.00KG,450,$ 123
DIPTIQUE,VOLUTES EAU DE PARFUM,LZ,ROMAN HERITAGE,233425,1.00KG,830,$ 227
DIPTYQUE,FLUER DE PEAU EDP TOP,,FLUER DE PEAU EDP TOP,240401,1.00KG,850,$232
DONNA,TRUSSARDI DONNA,,TRUSSARDI DONNA,3000235,1.00KG,440,$ 120
DS&Durga,STEAMED RAINBOW,,STEAMED RAINBOW,48O8DF,1.00KG,1045,$ 285
DSQUARED,WOOD FOR HER,LZ,PINK MAPLE LEAF,503568,1.00KG,390,$ 107
DSQUARED,WOOD FOR HIM,LZ,BROWN MAPLE LEAF,233631,1.00KG,610,$ 167
DUA AL ZANNAH,DUA AL ZANNAH GR,,DUA AL ZANNAH GR,3000236,1.00KG,275,$ 75
DUNHILL,ICON ELITE,,ICON ELITE,250417,1.00KG,1100,$ 301
DUNHILL,ICON ABSOLUTE,,ICON ABSOLUTE,240838,1.00KG,850,$ 232
DUNHILL,DESIRE FOR MEN,LZ,GREED,354414-B,1.00KG,350,$ 96
DUNHILL,DUNHILL DESIRE BLUE TOP,,DUNHILL DESIRE BLUE TOP,240806,1.00KG,550,$ 150
DUNHILL,DESIRE FOR MEN,,DESIRE FOR MEN,3000237,1.00KG,275,$ 75
DUNHILL,DUNHILL FRESH TOP,,DUNHILL FRESH TOP,240807,1.00KG,500,$ 137
DUNHILL,DUNHILL ICON MAN,,DUNHILL ICON MAN,240158,1.00KG,275,$ 75
DUNHILL,SENTURY BY ALFRED,,SENTURY BY ALFRED,3000239,1.00KG,390,$ 107
DYNASTY OF,MISTER,LZ,GRIMALDI,503439,1.00KG,330,$ 90
ETAT LIBRE D ORANGE,YOU OR SOMEONE LIKE YOU,,YOU OR SOMEONE LIKE YOU,250363,1.00KG,1100,$ 301
ETAT LIBRE D ORANGE,NOSTOS,,NOSTOS,250250,1.00KG,1300,$ 355
EMIRATES PRIDE,MIDNIGHT GLOW,,MIDNIGHT GLOW,250024,1.00KG,850,$ 232
EGYPTIAN,ASHAK AL OUD BKH,,ASHAK AL OUD BKH,3000240,1.00KG,330,$ 90
EGYPTIAN,BAKHOOR SPICY ROSE,,BAKHOOR SPICY ROSE,3000241,1.00KG,275,$ 75
EGYPTIAN,BAKHOOR SPICY WIND,,BAKHOOR SPICY WIND,3000242,1.00KG,275,$ 75
EGYPTIAN,BLUE BAKHOOR,,BLUE BAKHOOR,3000243,1.00KG,275,$ 75
EGYPTIAN,MANGALA BLEU,,MANGALA BLEU,3000244,1.00KG,275,$ 75
Electimuss,Patchouli of the Underworld,,Patchouli of the Underworld,3000245,1.00KG,1300,$ 355
ELIE SAAB,ELIXIR LOVE,,ELIXIR LOVE,250073,1.00KG,1000,$ 273
ELIE SAAB,GIRL OF NOW,,GIRL OF NOW,240650,1.00KG,580,$ 158
ELIE SAAB,NUIT NOOR,LZ,BEIRUT MUSE,232958,1.00KG,390,$ 107
ELIE SAAB,ELLIE SAAB,,ELLIE SAAB,3000246,1.00KG,275,$ 75
ELIE SAAB,LE PARFUM,,LE PARFUM,240834,1.00KG,500,$ 137
ELIZABETH ARDEN,5TH AVENUE,,5TH AVENUE,3000248,1.00KG,275,$ 75
ELLIE SAAB,LE PARFUME ESSENTIEL,,LE PARFUME ESSENTIEL,3000249,1.00KG,275,$ 75
ESCADA,TAJ SUNSET,LZ,GLOAMING CROWN,340188,1.00KG,385,$ 105
ESCADA,MOON SPARKLE,LZ,TWINKLING MOON,337081,1.00KG,350,$ 96
ESCADA,MOON WOMAN,LZ,TWINKLING MOON,693256,1.00KG,330,$ 90
ESCADA,CHERRY IN THE AIR,,CHERRY IN THE AIR,3000250,1.00KG,275,$ 75
ESCADA,ESCADA CALLECTION,,ESCADA CALLECTION,3000251,1.00KG,275,$ 75
ESCADA,ESCADA ISLAND KISS,,ESCADA ISLAND KISS,3000252,1.00KG,275,$ 75
ESCADA,ESCADA MOON NEW WO,,ESCADA MOON NEW WO,3000253,1.00KG,275,$ 75
BRAND,NAME,ORI,CN,CODE,QTY,AED,USD
ESCADA,ESCADA SPECIALITY ALEKSER,,ESCADA SPECIALITY ALEKSER,3000254,1.00KG,275,$ 75
ESCADA,ESCADA SUNSET HEAT( M),,ESCADA SUNSET HEAT( M),3000255,1.00KG,275,$ 75
ESCADA,ESCADA TAJ,,ESCADA TAJ,3000256,1.00KG,275,$ 75
ESCADA,FIESTA CARIOCA,,FIESTA CARIOCA,3000257,1.00KG,275,$ 75
ESCADA,MAGNETISM,,MAGNETISM,3000258,1.00KG,275,$ 75
ESCADA,MIAMI BLOSSOM,,MIAMI BLOSSOM,3000259,1.00KG,275,$ 75
ESCADA,SEXY GRAFI ESCADA,,SEXY GRAFI ESCADA,3000260,1.00KG,275,$ 75
ESCADA,TURQUOISE SUMMER ESCADA,,TURQUOISE SUMMER ESCADA,3000261,1.00KG,275,$ 75
ESCAFAWA TR,ESCAFAWA TR,,ESCAFAWA TR,3000262,1.00KG,275,$ 75
ESCENTRIC,ESCENTRIC 02 EXTRAIT,,ESCENTRIC 02 EXTRAIT,250261,1.00KG,1400,$ 382
ESCENTRIC,MOLECULE 01 + MANDARIN,LZ,MONO UNO AGRUMATO,680231,1.00KG,660,$ 180
ESCENTRIC,MOLECULE 01 + IRIS LZ,LZ,MONO UNO AROMATICO,580215,1.00KG,1650,$ 451
ESCENTRIC,MOLECULE 01 + PATCHOUL LZ,LZ,MONO UNO LEGNOSO,580214,1.00KG,390,$ 107
ESCENTRIC,MOLECULE01+MANDARIN,,MOLECULE01+MANDARIN,3000263,1.00KG,720,$ 197
ESCENTRIC,MOLECULE 01 + IRIS,,MOLECULE 01 + IRIS,3000264,1.00KG,770,$ 210
ESCENTRIC,MOLECULE 01 + PATCHOULI,,MOLECULE 01 + PATCHOULI,3000265,1.00KG,610,$ 167
ESCENTRIC MOLECULES,MOLECULE 05 TOP LZ,LZ,EDGU FRESH,233357-T,1.00KG,935,$ 255
ESCENTRIC MOLECULES,ESCENTRIC 01 / LUZI,LZ,SENSA ONE,351801,1.00KG,550,$ 150
ESCENTRIC MOLECULES,ESCENTRIC 02,LZ,SENSA TWO,260737,1.00KG,1540,$ 421
"ESCENTRIC
MOLECULES",ESCENTRIC 03/ LUZI,LZ,SENSA THREE,338839,1.00KG,880,$ 240
"ESCENTRIC
MOLECULES",ESCENTRIC 04/ LUZI,LZ,EDGY SANDAL,461249,1.00KG,610,$ 167
"ESCENTRIC
MOLECULES",MOLECULE 01 / LUZI,LZ,MONO ONE,350599-A,1.00KG,330,$ 90
ESCENTRIC MOLECULES,MOLECULE 02  TOP,,MOLECULE 02  TOP,240002,1.00KG,1400,$ 382
ESCENTRIC MOLECULES,MOLECULE 02 SUPER,,MOLECULE 02 SUPER,240070,1.00KG,700,$ 191
ESCENTRIC MOLECULES,MOLECULE 03/ LUZI,LZ,MONO THREE,338812-A,1.00KG,880,$ 240
"ESCENTRIC
MOLECULES",MOLECULE 05 / LUZI,LZ,MONO FIVE,233356,1.00KG,550,$ 150
"ESCENTRIC
MOLECULES",RENEGADES/GEZA SCHOEN,LZ,BACKSLIDER,260794-A,1.00KG,550,$ 150
"ESCENTRIC
MOLECULES",H01,,H01,240237,1.00KG,1200,$ 327
ESCENTRIC MOLECULES,ESCENTRIC  05,,ESCENTRIC  05,3000266,1.00KG,1100,$ 301
ESCENTRIC MOLECULES,"ESCENTRIC,MOLECULES 01",,"ESCENTRIC,MOLECULES 01",3000267,1.00KG,330,$ 90
ESCENTRIC MOLECULES,MOLECULES 02 / TOP TR,,MOLECULES 02 / TOP TR,3000268,1.00KG,1650,$ 451
"ESCENTRIC
MOLECULES",MOLECULE 02 SUPER,,MOLECULE 02 SUPER,240070,1.00KG,700,$ 191
"ESCENTRIC
MOLECULES",MOLECULES 02 DARK / TOP TR,,MOLECULES 02 DARK / TOP TR,3000269,1.00KG,1650,$ 451
"ESCENTRIC
MOLECULES",MOLECULE 05,,MOLECULE 05,3000270,1.00KG,275,$ 75
SINGLES NOTES,AMBER GRIS,,AMBER GRIS,250312,1.00KG,275,$ 75
SINGLES NOTES,INCENSO,,INCENSO,250313,1.00KG,450,$ 123
SINGLES NOTES,KIWI,,KIWI,250314,1.00KG,275,$ 75
SINGLES NOTES,GREEN APPLE 2,,GREEN APPLE 2,250244,1.00KG,185,$ 50
SINGLES NOTES,TEA TREE,,TEA TREE,250245,1.00KG,850,$ 232
SINGLES NOTES,MAJORAM,,MAJORAM,250246,1.00KG,450,$ 123
SINGLES NOTES,SAGE,,SAGE,250174,1.00KG,850,$ 232
SINGLES NOTES,PINK PEPPER,,PINK PEPPER,250158,1.00KG,440,$ 120
SINGLES NOTES,ALDEHYDIC,,ALDEHYDIC,250159,1.00KG,1100,$ 301
SINGLES NOTES,ICE CREAM,,ICE CREAM,250160,1.00KG,1100,$ 301
SINGLES NOTES,APPLE,,APPLE,250108,1.00KG,550,$ 150
SINGLES NOTES,TONKA BEAN,,TONKA BEAN,250109,1.00KG,550,$ 150
SINGLES NOTES,MYRRH,,MYRRH,250110,1.00KG,730,$ 200
SINGLES NOTES,PEACH,,PEACH,250111,1.00KG,850,$ 232
SINGLES NOTES,APRICOT,,APRICOT,250112,1.00KG,550,$ 150
SINGLES NOTES,GINGER,,GINGER,250113,1.00KG,1000,$ 273
SINGLES NOTES,CARAMEL,,CARAMEL,240066,1.00KG,200,$ 55
SINGLES NOTES,BLACK COFEE,,BLACK COFEE,240061,1.00KG,200,$ 55
SINGLES NOTES,LAUNDRY,,LAUNDRY,240036,1.00KG,200,$ 55
SINGLES NOTES,FRESH FIG,,FRESH FIG,240037,1.00KG,200,$ 55
SINGLES NOTES,GREEN TEA,,GREEN TEA,240524,1.00KG,200,$ 55
SINGLES NOTES,MANGO OIL,,MANGO OIL,240864,1.00KG,275,$ 75
SINGLES NOTES,TURKISH ROSE,,TURKISH ROSE,240884,1.00KG,330,$ 90
SINGLES NOTES,SWISS WARD,,SWISS WARD,240885,1.00KG,350,$ 96
SINGLES NOTES,BUKHOOR OIL,,BUKHOOR OIL,240882,1.00KG,330,$ 90
SINGLES NOTES,AHMEDLIZA,,AHMEDLIZA,240851,1.00KG,300,$ 82
SINGLES NOTES,CAESER,,CAESER,240852,1.00KG,350,$ 96
SINGLES NOTES,MAGHRIBHI,,MAGHRIBHI,240853,1.00KG,330,$ 82
SINGLES NOTES,MARASIL,,MARASIL,240854,1.00KG,600,$ 164
SINGLES NOTES,NOORA,,NOORA,240855,1.00KG,330,$ 90
SINGLES NOTES,OYUNY,,OYUNY,240856,1.00KG,330,$ 90
SINGLES NOTES,BAKHOOR,,BAKHOOR,240850,1.00KG,350,$ 96
SINGLES NOTES,WOOD,,WOOD,240789,1.00KG,450,$ 123
SINGLES NOTES,VANILLA,,VANILLA,240771,1.00KG,250,$ 68
SINGLES NOTES,WHITE ROSE,,WHITE ROSE,240772,1.00KG,350,$ 96
SINGLES NOTES,RED ROSE,,RED ROSE,240773,1.00KG,350,$ 96
SINGLES NOTES,DOVE,,DOVE,240774,1.00KG,200,$ 55
SINGLES NOTES,SANDAL WOOD,,SANDAL WOOD,240775,1.00KG,300,$ 82
SINGLES NOTES,AMBER,,AMBER,240776,1.00KG,350,$ 96
SINGLES NOTES,TOBACCO,,TOBACCO,240777,1.00KG,550,$ 150
SINGLES NOTES,JHONSONS,,JHONSONS,240778,1.00KG,350,$ 96
SINGLES NOTES,PATCHOULI OIL TOP,,PATCHOULI OIL TOP,240779,1.00KG,700,$ 191
SINGLES NOTES,VETIVER  TOP,,VETIVER  TOP,240782,1.00KG,900,$ 246
SINGLES NOTES,CHOCOLATE TOP,,CHOCOLATE TOP,240783,1.00KG,700,$ 191
SINGLES NOTES,CHOCOLATE,,CHOCOLATE,240849,1.00KG,200,$ 55
SINGLES NOTES,MANDARIN,,MANDARIN,240784,1.00KG,700,$ 191
SINGLES NOTES,SAFFRON,,SAFFRON,240785,1.00KG,700,$ 191
SINGLES NOTES,SANDAL ROSE,,SANDAL ROSE,240787,1.00KG,350,$ 96
SINGLES NOTES,YLAN YLANG,,YLAN YLANG,240788,1.00KG,500,$ 137
SINGLES NOTES,HONEY,,HONEY,240480,1.00KG,250,$ 68
SINGLES NOTES,TUSCANO LEATHER,,TUSCANO LEATHER,240481,1.00KG,330,$ 90
SINGLES NOTES,BLACK OUD,,BLACK OUD,240482,1.00KG,550,$ 150
SINGLES NOTES,LILY OF THE VALLEY,,LILY OF THE VALLEY,240370,1.00KG,350,$ 96
SINGLES NOTES,FRANCKINSENCE,,FRANCKINSENCE,240369,1.00KG,350,$ 96
SINGLES NOTES,ROSEMARY TOP,,ROSEMARY TOP,240459,1.00KG,550,$ 150
SINGLES NOTES,EUKALYPTUS,,EUKALYPTUS,240458,1.00KG,275,$ 75
SINGLES NOTES,LAVENDER OIL,,LAVENDER OIL,240454,1.00KG,275,$ 75
BRAND,NAME,ORI,CN,CODE,QTY,AED,USD
SINGLES NOTES,BERGAMOT,,BERGAMOT,240456,1.00KG,275,$ 75
SINGLES NOTES,LEATHER,,LEATHER,240366,1.00KG,350,$ 96
SINGLES NOTES,STAR ANISE OIL,,STAR ANISE OIL,3000272,1.00KG,275,$ 75
SINGLES NOTES,CHAMOMILE OIL TOP,,CHAMOMILE OIL TOP,240883,1.00KG,330,$ 90
SINGLES NOTES,ORANGE OIL  TOP,,ORANGE OIL TOP,240364,1.00KG,275,$ 75
SINGLES NOTES,GRAPEFRUIT OIL TOP,,GRAPEFRUIT OIL TOP,240365,1.00KG,350,$ 96
SINGLES NOTES,CINNAMON OIL,,CINNAMON OIL,240367,240367,220,$ 60
SINGLES NOTES,CLOVE OIL,,CLOVE OIL,240368,1.00KG,275,$ 75
SINGLES NOTES,CLARY SAGE,,CLARY SAGE,3000274,1.00KG,275,$ 75
SINGLES NOTES,PEPPER MINT OIL,,PEPPER MINT OIL,240453,1.00KG,275,$ 75
SINGLES NOTES,NEROLI TOP,,NEROLI TOP,240455,1.00KG,550,$ 150
SINGLES NOTES,PATCHOULY&VETIVER TOP,,PATCHOULY&VETIVER TOP,240457,1.00KG,1600,$ 437
SINGLES NOTES,VETIVER OIL,,VETIVER OIL,3000275,1.00KG,880,$ 240
ESSENTIAL,ORANGE X SANTAL,,ORANGE X SANTAL,250487,1.00KG,1100,$ 301
ESSENTIAL,BOIS IMPERIAL EXTRAIT,,BOIS IMPERIAL EXTRAIT,250004,1.00KG,1100,$ 301
ESSENTIAL,BOIS IMPERIAL,,BOIS IMPERIAL,240225,1.00KG,1600,$ 437
EX NIHILO,BLUE TALISMAN EXTRAIT DE PARFUME,,"BLUE TALISMAN EXTRAIT DE
PARFUME",250253,1.00KG,990,$ 270
EX NIHILO,GENERATIONS,,GENERATIONS,250121,1.00KG,1000,$ 273
EX NIHILO,SPIKY MUSE,,SPIKY MUSE,240997,1.00KG,700,$ 191
EX NIHILO,CHANDIGRAH EXPRESS,,CHANDIGRAH EXPRESS,240380,1.00KG,750,$ 205
EX NIHILO,HEDONIST,,HEDONIST,240195,1.00KG,1500,$ 409
EX NIHILO,AMBER SKY,LZ,BALSAMIC HEAVEN,503555,1.00KG,550,$ 150
EX NIHILO,CITIZEN X,LZ,THRILLER,339452,1.00KG,610,$ 167
EX NIHILO,FLEUR NARCOTIQUE TOP,,FLEUR NARCOTIQUE,240096,1.00KG,700,$ 191
EX NIHILO,FLEUR NARCOTIQUE,LZ,ALASKO,502536,1.00KG,550,$ 150
EX NIHILO,FLEUR NARCOTIQUE,LZ,ALASKO,502536-T,1.00KG,660,$ 180
EX NIHILO,FRENCH AFFAIR,LZ,NAPOLEON,503471,1.00KG,940,$ 257
EX NIHILO,LOVE SHOT,LZ,CUPID ARROW,461200-A,1.00KG,440,$ 120
EX NIHILO,SUBLIME ESSENCE OUD,LZ,GENTLE WOOD,339467,1.00KG,610,$ 167
EX NIHILO,SWEET MORPHINE,LZ,DULCET DESIRE,339198,1.00KG,610,$ 167
EX NIHILO,VENENUM KISS,LZ,LORDI,503527,1.00KG,610,$ 167
EX NIHILO,VETIVER MOLOKO,LZ,SILKY WAY,233998,1.00KG,720,$ 197
EX NIHILO,FLEUR NARCOTIQUE LOVE,LZ,ALASKO IN RED,503779,1.00KG,390,$ 107
EX NIHILO,"FLEUR NARCOTIQUE
BLOSSOM",LZ,ALASKO OF CALABRIA,503892,1.00KG,720,$ 197
EX NIHILO,EMERALD ROYALS,LZ,BERYLL,503994-T,1.00KG,800,$ 219
EX NIHILO,FLEUR NARCOTIQUE EXTRAIT DE,LZ,ALASKO OF LORRAINE,504017-T,1.00KG,1300,$ 355
EX NIHILO,VENENUM KISS TOP,LZ,LORDI,503527-T,1.00KG,1100,$ 301
EX NIHILO,IDLE HOUR,LZ,TIME FOR MYSELF,504059-T,1.00KG,1050,$ 287
EX NIHILO,SANTAL CALLING,LZ,BIOS LACTE,580279,1.00KG,1230,$ 336
EX NIHILO,LUST IN PARADISE,,LUST IN PARADISE,250122,1.00KG,1000,$ 273
EX NIHILO,BLUE TALISMAN,,BLUE TALISMAN,240023,1.00KG,950,$ 260
EX NIHILO,ATLAS FEVER,,ATLAS FEVER,3000276,1.00KG,275,$ 75
EX NIHILO,EXPLICITE,,EXPLICITE,3000277,1.00KG,275,$ 75
EXCESS - B,EXCESS -B,,EXCESS -B,3000278,1.00KG,275,$ 75
EXCESS -C,EXCESS -C,,EXCESS -C,3000279,1.00KG,220,$ 60
FRENCH AVENUE,ATLANTIS EXTRAIT,,ATLANTIS EXTRAIT,250266,1.00KG,850,$ 232
FUGAZZI,PASSIONEFROUDH,,PASSIONEFROUDH,250456,1.00KG,550,$ 150
FUGAZZI,VANILLA HAZE BODY MIST,,VANILLA HAZE BODY MIST,250337,1.00KG,850,$ 232
FUGAZZI,BORNTOSTANDOUT R,,BORNTOSTANDOUT R,250336,1.00KG,1500,$ 409
FUGAZZI,MAGIC MANGO,,MAGIC MANGO,250209,1.00KG,550,$ 150
FUGAZZI,SUGARDADDY,,SUGARDADDY,240857,1.00KG,850,$ 232
DRIES VAN NOTEN,FLEUR DU MAL,,FLEUR DU MAL,240517,1.00KG,1300,$ 355
DRIES VAN NOTEN,ROCK THE MYRRH,,ROCK THE MYRRH,250333,1.00KG,1100,$ 301
FEBREJ,BRUT,LZ,BLAINE,237906-A,1.00KG,450,$ 123
FERRARI,FERRARI RED,,FERRARI RED,3000280,1.00KG,275,$ 75
FIDJI,FIDJI,,FIDJI,3000281,1.00KG,275,$ 75
FIDJI,FIDJI TOP,,FIDJI TOP,3000282,1.00KG,330,$ 90
GLAXOLIDE,GLAXOLIDE,,GLAXOLIDE,2779,1.00KG,250,$ 68
ISO E SUPER,ISO E SUPER,,ISO E SUPER,2780,1.00KG,275,$ 75
FIXATIVE,FIXATIVE TOP,,FIXATIVE TOP,2778,1.00KG,550,$ 150
FIXATIVE,FIXATIVE,,FIXATIVE,2777,1.00KG,250,$ 68
FLORAIKU,ONE UMBRELLA FOR TWO,LZ,PARASON,354015,1.00KG,720,$ 197
FLY EMIRATES,FLY EMIRATES,LZ,LEMON SCENT,462387,1.00KG,275,$ 75
FOGG,FOGG PARADISE,,FOGG PARADISE,3000283,1.00KG,275,$ 75
FRAGRANCE DU,RUDE CHERRY,,RUDE CHERRY,250264,1.00KG,1100,$ 301
FRAGRANCE DU,LUCIUS,,LUCIUS,250178,1.00KG,1100,$ 301
FRAGRANCE DU,TROPIQUES,,TROPIQUES,250179,1.00KG,1100,$ 301
FRAGRANCE DU,RUDE OUD,,RUDE OUD,250123,1.00KG,1100,$ 301
FRAGRANCE DU,SANTAL COMPLET,,SANTAL COMPLET,3000284,1.00KG,450,$ 123
FRAGRANCE DU,ZEST MARTIN,,ZEST MARTIN,3000285,1.00KG,275,$ 75
FRAGRANCE ONE,ONE DATE FOR MEN,,ONE DATE FOR MEN,240694,1.00KG,1500,$ 409
FRAGRANCE ONE,OFFICE FOR MEN TOP,,OFFICE FOR MEN TOP,240519,1.00KG,1900,$ 519
FRAGRANCE ONE,OFFICE FOR MEN,,OFFICE FOR MEN,240060,1.00KG,850,$ 232
BRAND,NAME,ORI,CN,CODE,QTY,AED,USD
FRANCK BOCLET,COCAINE LUZI,LZ,YEYO,503597,1.00KG,440,$ 120
FRANCK BOCLET,SUGAR,LZ,JUST SWEET,233780,1.00KG,310,$ 85
FRANCK OLIVIER,"FRANCK OLIVIER EAU DE PARFUME
WOMAN",,"FRANCK OLIVIER EAU DE PARFUME
WOMAN",250485,1.00KG,700,$ 191
FRANCK OLIVIER,AMBER,LZ,ORIENTAL PARIS,260933,1.00KG,500,$ 137
FRANCK OLIVIER,GIORGIA MIDNIGHT,LZ,PARTY IN PARIS,461650,1.00KG,530,$ 145
FRANCK OLIVIER,GIORGIA WOMEN,LZ,DAY IN PARIS,339678,1.00KG,420,$ 115
FRANCK OLIVIER,OUD TOUCH,LZ,OUD TEMPTATION,339061,1.00KG,610,$ 167
FRANCK OLIVIER,SUN JAVA INTENSE,LZ,GIGOLO IN PARIS,503660,1.00KG,420,$ 115
FRANGIPANI,MKT FRANGIPANI,,MKT FRANGIPANI,3000286,1.00KG,390,$ 107
FREDERIC MALLE,HOPE,,HOPE,250057,1.00KG,1500,$ 409
FREDERIC MALLE,PORTRAIT OF A LADY 15TH ANNIVERSARY,,PORTRAIT OF A LADY 15TH ANNIVERSARY,240974,1.00KG,1500,$ 409
FREDERIC MALLE,ACNE STUDIO,,ACNE STUDIO,240615,1.00KG,1900,$ 519
FREDERIC MALLE,CARNAL FLOWER,,CARNAL FLOWER,240334,1.00KG,1300,$ 355
FREDERIC MALLE,UNCUT GEM,LZ,CHARISMATIC JEWELER,2340000-A,1.00KG,750,$ 205
FREDERIC MALLE,ROSE TONNERRE,LZ,STROM OF FLOWERS,680351-A,1.00KG,800,$ 219
FREDERIC MALLE,LIPSTICK ROSE,LZ,HANDBAG ESSENTIAL,503675,1.00KG,550,$ 150
FREDERIC MALLE,PROMISE,LZ,WAEAD,461637,1.00KG,530,$ 145
FREDERIC MALLE,PROMISE,LZ,WAEAD,461637-C,1.00KG,430,$ 117
FREDERIC MALLE,THE MOON,LZ,THE EAGLE HAS LANDED,461680-A,1.00KG,600,$ 164
FREDERIC MALLE,THE MOON,LZ,THE EAGLE HAS LANDED,461680-B,1.00KG,420,$ 115
FREDERIC MALLE,THE NIGHT,LZ,MOONLIGHT,232934-T,1.00KG,2420,$ 661
FREDERIC MALLE,PORTRAIT OF A LADY,LZ,MONA LISA,502534,1.00KG,1760,$ 481
FREDERIC MALLE,MUSC RAVAGEUR,,MUSC RAVAGEUR,240044,1.00KG,1080,$ 295
FREDERIC MALLE,EAU DE MAGNOLIA,,EAU DE MAGNOLIA,3000287,1.00KG,830,$ 227
FREDERIC MALLE,THE NIGHT/ ATTAR LAIL,,THE NIGHT/ ATTAR LAIL,3000288,1.00KG,2750,$ 751
FRUIT DUKHAN,FRUIT DUKHAN,LZ,YELLOW FRUIT DUKHAN,354180,1.00KG,450,$ 123
FRUITY,WATERMELON,,WATERMELON,250157,1.00KG,295,$ 80
FRUITY,CARDAMOM,,CARDAMOM,240786,1.00KG,450,$ 123
FRUITY,MANGO/LUZI,LZ,MANGOS,943514-B,1.00KG,200,$ 75
FRUITY,STRAWBERRY,,STRAWBERRY,240460,1.00KG,275,$ 75
FRUITY,BANANA,,BANANE,3000289,1.00KG,200,$ 55
FRUITY,CANTALUPE,,CANTALUPE,240463,1.00KG,200,$ 55
FRUITY,CHERRY,,CHERRY,240461,1.00KG,220,$ 60
FRUITY,COCONUT,,COCONUT,240464,1.00KG,220,$ 60
FRUITY,FRESH LEMON,,FRESH LEMON,240465,1.00KG,220,$ 60
FRUITY,LEMON CCT,,LEMON CCT,3000290,1.00KG,220,$ 60
FRUITY,LEMON GR,,LEMON GR,3000291,1.00KG,200,$ 55
FRUITY,MANGO IND,,MANGO IND,3000292,1.00KG,275,$ 75
FRUITY,MASMOOM / FAWAKIE TOP,,MASMOOM / FAWAKIE TOP,240780,1.00KG,350,$ 96
FRUITY,PEACH,,PEACH,240781,1.00KG,200,$ 55
FRUITY,PINEAPPLE TOP,,PINEAPPLE TOP,240462,1.00KG,275,$ 75
FRUITY,STRAWBERRY ICE CREAM,,STRAWBERRY ICE CREAM,3000295,1.00KG,200,$ 55
FRUITY,TUTTI FRUITY,,TUTTI FRUITY,3000296,1.00KG,200,$ 55
FRUITY,VANILLA COCONUT,,VANILLA COCONUT,3000297,1.00KG,200,$ 55
FRUITY,VANILLA GR,,CREAM & VANILLA,3000298,1.00KG,250,$ 68
FULL,ATTAR FULL,,ATTAR FULL,3000299,1.00KG,250,$ 68
GLOSSIER,GLOSSIER YOU FLEUR,,GLOSSIER YOU FLEUR,250446,1.00KG,850,$ 232
GLOSSIER,GLOSSIER YOU 2017,,GLOSSIER YOU 2017,250452,1.00KG,700,$ 191
GISADA,AMBASSADORA GOLD,,AMBASSADORA GOLD,250466,1.00KG,850,$ 232
GISADA,TITANIUM,,TITANIUM,250124,1.00KG,1100,$ 301
GISADA,AMBASSADOR MEN TOP,,AMBASSADOR MEN TOP,240768,1.00KG,1300,$ 355
GISADA,AMBASSADOR MEN,,AMBASSADOR MEN,240879,1.00KG,900,$ 245
GIARDINI DI,BORABORA,,BORABORA,240790,1.00KG,1200,$ 327
GIARDINI DI,ROSSO RUBINO,,ROSSO RUBINO,240561,1.00KG,850,$ 232
GIARDINI DI,BIANCO ORO,,BIANCO ORO,240560,1.00KG,1100,$ 301
GIARDINI DI,CELESTE,,CELESTE,240559,1.00KG,850,$ 232
GIARDINI DI,BIANCO LATTE SUPER,,BIANCO LATTE SUPER,240521,1.00KG,350,$ 96
GIARDINI DI,BIANCO LATTE,,BIANCO LATTE,240189,1.00KG,700,$ 191
GERANIUM BST,GERANIUM BST,,GERANIUM BST,3000300,1.00KG,275,$ 75
GIORGIO ARMANI,"ROSE MILANO SOIE DE
NACRE",LZ,PERFECT SYMPHONY,701859-A,1.00KG,430,$ 117
GENYM,PAINTER TOP,,PAINTER TOP,240632,1.00KG,1100,$ 301
GENYM,PAINTER,,PAINTER,240244,1.00KG,950,$ 260
GISSAH,HELEN LEGACY,,HELEN LEGACY,250406,1.00KG,850,$ 232
GISSAH,VOILA,,VOILA,250027,1.00KG,700,$ 191
GISSAH,LA LUNA,,LA LUNA,240926,1.00KG,1300,$ 355
GISSAH,MAVRO,,MAVRO,240887,1.00KG,850,$ 232
GISSAH,HUDSON II,,HUDSON II,240741,1.00KG,550,$ 150
GISSAH,SANAD,,SANAD,240687,1.00KG,700,$ 191
GISSAH,AKOYA TOP,,AKOYA TOP,240686,1.00KG,1400,$ 382
GISSAH,AKOYA SUPER,,AKOYA SUPER,250001,1.00KG,850,$ 232
GISSAH,MONTANA,,MONTANA,240542,1.00KG,700,$ 191
GISSAH,HELEN EDP,,HELEN EDP,240541,1.00KG,550,$ 150
GISSAH,HUDSON VALLEY,,HUDSON VALLEY,240540,1.00KG,700,$ 191
GISSAH,SORA LEGEND OF THE SKY 2,,SORA LEGEND OF THE SKY 2,240484,1.00KG,700,$ 191
GISSAH,"ELLORA LEGEND OF THE SKY
2",,"ELLORA LEGEND OF THE
SKY 2",240485,1.00KG,700,$ 191
GISSAH,SAHARA,,SAHARA,240259,1.00KG,700,$ 191
GISSAH,OASIS,,OASIS,240260,1.00KG,700,$ 191
GISSAH,ORYX,,ORYX,240297,1.00KG,700,$ 191
BRAND,NAME,ORI,CN,CODE,QTY,AED,USD
GISSAH,IMPERIAL VELLEY TOP,,IMPERIAL VALLEY,240092,1.00KG,950,$ 260
GISSAH,IMPERIAL VALLEY SUPER,,IMPERIAL VALLEY SUPER,240981,1.00KG,275,$ 75
GISSAH,ONE & ONLY TOP,,ONE & ONLY TOP,240616,1.00KG,700,$ 191
GISSAH,ONE & ONLY,,ONE & ONLY,240146,1.00KG,450,$ 123
GISSAH,CALABRIA,LZ,CALAB YS,344149-A,1.00KG,450,$ 123
GISSAH,ASTRA MUSK,,ASTRA MUSK,43QRE34,1.00KG,1400,$ 382
GISSAH,LUNAR MUSK,,LUNAR MUSK,240906,1.00KG,1300,$ 355
GISSAH,IMPERIAL II,,IMPERIAL II,3000301,1.00KG,1100,$ 301
GIVAUDAN,BANAFSAY,LZ,BANDANA,349459,1.00KG,550,$ 150
GIVENCHY,EAUDEMOISELLE,,EAUDEMOISELLE,250484,1.00KG,730,$ 232
GIVENCHY,GENTLMAN SOCIETY EAU DE PARFUM AMBRE,,GENTLMAN SOCIETY EAU DE PARFUM AMBRE,250430,1.00KG,550,$ 150
GIVENCHY,IRRESISTABLE NECTER EDP,,IRRESISTABLE NECTER EDP,250373,1.00KG,700,$ 191
GIVENCHY,IRRESISTABLE,,IRRESISTABLE,250140,1.00KG,850,$ 232
GIVENCHY,FANTASQUE,,FANTASQUE,240973,1.00KG,850,$ 232
GIVENCHY,PLAY INTENSE,,PLAY INTENSE,240920,1.00KG,700,$ 191
GIVENCHY,GARCON MANQUE,,GARCON MANQUE,240888,1.00KG,850,$ 232
GIVENCHY,GENTLEMAN SOCIETY,,GENTLEMAN SOCIETY,240151,1.00KG,1100,$ 301
GIVENCHY,AMARIGE,LZ,CONCORD,921732,1.00KG,720,$ 197
GIVENCHY,L' INTERDIT ( 2018 ),,L' INTERDIT ( 2018 ),240167,1.00KG,600,$ 164
GIVENCHY,L' INTERDIT ( 2018 ),LZ,TEMPTATION,233637,1.00KG,580,$ 158
GIVENCHY,AMARIGE,LZ,"ROMANCE, SENSUALITY",353434,1.00KG,275,$ 75
GIVENCHY,L'INTERDIT EAU DE PARFUM,LZ,STRONG TEMPTATION,233443,1.00KG,550,$ 150
GIVENCHY,L' INTERDIT EDP ROUGE,,L' INTERDIT EDP ROUGE,240166,1.00KG,580,$ 158
GIVENCHY,L' INTERDIT EDP ROUGE,LZ,PROHIBITED PASSION,503923,1.00KG,700,$ 191
GIVENCHY,GENTLEMAN TOP,,GENTLEMAN,240105,1.00KG,800,$ 218
GIVENCHY,ABSOLUTELY,,ABSOLUTELY,3000302,1.00KG,275,$ 75
GIVENCHY,AMARAGE,,AMARAGE,3000303,1.00KG,275,$ 75
GIVENCHY,EAU DE MOISELLE,,EAU DE MOISELLE,3000304,1.00KG,275,$ 75
GIVENCHY,GIVENCHY BLUE LEBLE,,GIVENCHY BLUE LEBLE,3000305,1.00KG,275,$ 75
GIVENCHY,GIVENCHY PLAY WOMAN,,GIVENCHY PLAY WOMAN,3000306,1.00KG,275,$ 75
GIVENCHY,HOT COUTURE,,HOT COUTURE,3000307,1.00KG,275,$ 75
GIVENCHY,ONLY GENTLEMAN,,ONLY GENTLEMAN,3000308,1.00KG,275,$ 75
GIVENCHY,PI GIVENCHY,,PI GIVENCHY,3000309,1.00KG,275,$ 75
GIVENCHY,GENTLEMAN RESERVE PRIVEE,,GENTLEMAN RESERVE PRIVEE,3000310,1.00KG,275,$ 75
GOLDEN DUST,GOLDEN DUST TOP,,GOLDEN DUST TOP,250434,1.00KG,440,$ 120
GOLDEN DUST,GOLDEN DUST,LZ,GOLDEN DUST,342245,1.00KG,290,$ 79
GOLDFIELD & BANKS,PACIFIC ROCK FLOWER,,PACIFIC ROCK FLOWER,250488,1.00KG,1100,$ 301
GOLDFIELD & BANKS,BOHEMIAN LIME,,BOHEMIAN LIME,240514,1.00KG,1000,$ 273
GOLDFIELD & BANKS,SILKY WOODS ELIXIR,,SILKY WOODS ELIXIR,240296,1.00KG,1300,$ 355
GOLDFIELD & BANKS,SILKY WOODS,,SILKY WOODS,240217,1.00KG,700,$ 191
GOLDFIELD & BANKS,INGENIOUS GINGER,,INGENIOUS GINGER,240863,1.00KG,1200,$ 327
GRITTI,MANGO AOUD,,MANGO AOUD,240647,1.00KG,850,$ 232
GRITTI,TUTU,LZ,MARBLE QUEEN,462343,1.00KG,550,$ 150
GUCCI,FLORA GORGEOUS GARDENIA INTENSE,,"FLORA GORGEOUS GARDENIA
INTENSE",250273,1.00KG,850,$ 232
GUCCI,BLOOM INTENSE,,BLOOM INTENSE,250186,1.00KG,550,$ 150
GUCCI,THE HEART OF LEO,,THE HEART OF LEO,250170,1.00KG,1500,$ 409
GUCCI,BY,,BY,250006,1.00KG,700,$ 191
GUCCI,INTENSE OUD  TOP,,INTENSE OUD  TOP,240728,1.00KG,800,$ 218
GUCCI,TEARS FROM THE MOON,,TEARS FROM THE MOON,240472,1.00KG,900,$ 245
GUCCI,ENVY FOR MEN,,ENVY FOR MEN,240339,1.00KG,580,$ 158
GUCCI,POUR HOMME,,POUR HOMME,240335,1.00KG,700,$ 191
GUCCI,FLORA GORGEOUS ORCHID,,FLORA GORGEOUS ORCHID,240310,1.00KG,700,$ 191
GUCCI,FLORA GORGEOUS JASMINE,,FLORA GORGEOUS JASMINE,240306,1.00KG,700,$ 191
GUCCI,"FLORA GORGEOUS
GARDENIA",,"FLORA GORGEOUS
GARDENIA",240280,1.00KG,650,$ 178
GUCCI,A MIDNIGHT STROLL,LZ,HIKING TO THE MOON,354132,1.00KG,680,$ 186
GUCCI,A REASON TO LOVE TOP,LZ,SHAKESPEARE IN LOVE,344154-T,1.00KG,900,$ 246
GUCCI,RUSH MAN,,RUSH MAN,240878,1.00KG,580,$ 158
GUCCI,GUCCI RUSH WOMAN TOP,,GUCCI RUSH WOMAN TOP,240420,1.00KG,850,$ 232
GUCCI,THE VOIC OF SNAKE,LZ,SIR HISS,461634-C,1.00KG,350,$ 96
GUCCI,BLOOM LZ,LZ,VINTAGE FLOWER,503419,1.00KG,660,$ 180
GUCCI,BLOOM,,BLOOM,250323,1.00KG,450,$ 123
GUCCI,BLOOM LZ,LZ,VINTAGE FLOWER,503419-A,1.00KG,550,$ 150
GUCCI,FLORA TOP,,FLORA TOP,240304,1.00KG,580,$ 158
GUCCI,GUCCI FLORA,LZ,ABLOOM,338315-B,1.00KG,275,$ 75
GUCCI,THE LAST DAY OF SUMMER EAU,LZ,PROMISED DAY,160196,1.00KG,550,$ 150
GUCCI,THE VOICE OF THE SNAKE EAU DE TOP,,THE VOICE OF THE SNAKE EAU DE TOP,250215,1.00KG,1200,$ 327
GUCCI,GUILTY ELIXIR POUR HOMME,,"GUILTY ELIXIR POUR
HOMME",240135,1.00KG,1100,$ 301
GUCCI,BAMBOO TOP,,BAMBOO TOP,240386,1.00KG,550,$ 150
BRAND,NAME,ORI,CN,CODE,QTY,AED,USD
GUCCI,GUCCI BY GUCCI,,GUCCI BY GUCCI,3000312,1.00KG,275,$ 75
GUCCI,GUCCI BY GUCCI SPORT MAN,,GUCCI BY GUCCI SPORT MAN,3000313,1.00KG,275,$ 75
GUCCI,"GUCCI GUILTY ABSOLUTE
MAN",,"GUCCI GUILTY ABSOLUTE
MAN",3000314,1.00KG,275,$ 75
GUCCI,GUCCI GUILTY ABSOLUTE WOMAN,,GUCCI GUILTY ABSOLUTE WOMAN,3000315,1.00KG,275,$ 75
GUCCI,GUCCI GUILTY OUD,,GUCCI GUILTY OUD,3000316,1.00KG,275,$ 75
GUCCI,GUCCI GUILTY WOMEN,,GUCCI GUILTY WOMEN,240132,1.00KG,275,$ 75
GUCCI,GUCCI OUD TOP,,GUCCI OUD TOP,240387,1.00KG,650,$ 178
GUCCI,GUCCI OUD INTENSE,,GUCCI OUD INTENSE,3000317,1.00KG,275,$ 75
GUCCI,GUCCI PREMIER,,GUCCI PREMIER,3000318,1.00KG,275,$ 75
GUCCI,GUCCI MIDNIGHT STROLL,,GUCCI MIDNIGHT STROLL,3000319,1.00KG,275,$ 75
GUCCI,"GUCCI A CHANT FOR THE
NYMPH",,"GUCCI A CHANT FOR THE
NYMPH",3000320,1.00KG,275,$ 75
GUCCI,GUCCI GUILTY LOVE EDITION,,GUCCI GUILTY LOVE EDITION,3000321,1.00KG,275,$ 75
GUCCI,FLOGARD JASMINE,,FLOGARD JASMINE,3000322,1.00KG,275,$ 75
GUERLAIN,FEVE GOURMANDE,,FEVE GOURMANDE,250399,1.00KG,1000,$ 273
GUERLAIN,VETIVER FAUVE,,VETIVER FAUVE,250293,1.00KG,1200,$ 327
GUERLAIN,HERBES TROUBLANTES,,HERBES TROUBLANTES,250288,1.00KG,1100,$ 301
GUERLAIN,ABSOLU ALLEGORIA FLORA BLOOM,,ABSOLU ALLEGORIA FLORA BLOOM,250275,1.00KG,990,$ 270
GUERLAIN,NEROLI OUTRE NOIR,,NEROLI OUTRE NOIR,250218,1.00KG,1900,$ 519
GUERLAIN,SHALIMAR L'ESSENCE,,SHALIMAR L'ESSENCE,250206,1.00KG,850,$ 232
GUERLAIN,PATCHOULI PARIS,,PATCHOULI PARIS,250022,1.00KG,850,$ 232
GUERLAIN,AQUA ALLEGORIA FORTE ROSA PALISSANDRO,,AQUA ALLEGORIA FORTE ROSA PALISSANDRO,240993,1.00KG,1500,$ 409
GUERLAIN,PECHE MIRAGE,,PECHE MIRAGE,240986,1.00KG,1900,$ 519
GUERLAIN,ROSE AMIRA,,ROSE AMIRA,240967,1.00KG,700,$ 191
GUERLAIN,HABIT ROUGE EDP,,HABIT ROUGE EDP,240912,1.00KG,1000,$ 273
GUERLAIN,IRIS PALIDA EXTRAIT 6,,IRIS PALIDA EXTRAIT 6,240905,1.00KG,1600,$ 437
GUERLAIN,SPIRITUEUSE DOUBLE VANILLA,,SPIRITUEUSE DOUBLE VANILLA,240876,1.00KG,950,$ 260
GUERLAIN,VANILLE PLANIFOLIA EXTRAIT 21,,VANILLE PLANIFOLIA EXTRAIT 21,240875,1.00KG,1500,$ 409
GUERLAIN,TONKA SARRAHPIA EXTRAIT 75,,TONKA SARRAHPIA EXTRAIT,240816,1.00KG,1300,$ 355
GUERLAIN,LA PETITE ROBE NOIR,,LA PETITE ROBE NOIR,240670,1.00KG,850,$ 232
GUERLAIN,CHERRY OUD,,CHERRY OUD,240439,1.00KG,1400,$ 382
GUERLAIN,AMBER ETERNEL,LZ,UNLIMITED GOLD,352803-A,1.00KG,440,$ 120
GUERLAIN,AQUA ALLEGORIA PERA GRANITA,LZ,FIREFLY,260783,1.00KG,550,$ 150
GUERLAIN,BOIS MYSTERIEUX,LZ,WOODY ORNAMENT,461572,1.00KG,550,$ 150
GUERLAIN,CUIR INTENSE,LZ,HEAVY LEATHER,353859-A,1.00KG,660,$ 180
GUERLAIN,ENCENS MYTHIQUE,LZ,BALSAMIC ORNAMENT,233687,1.00KG,550,$ 150
GUERLAIN,GUERLAIN/SHALIMAR SOUFFLE,LZ,SOLIMA,232030-B,1.00KG,330,$ 90
GUERLAIN,MON GUERLAIN,LZ,ONCE IN A LIFETIME,233741,1.00KG,470,$ 128
GUERLAIN,MON GUERLAIN EDP INTENSE,LZ,ONCE IN A LIFETIME PURE,339719-A,1.00KG,550,$ 150
GUERLAIN,MON GUERLAIN BLOOM OF ROSES,LZ,ELEGANT ATTITUDE,461914,1.00KG,660,$ 180
GUERLAIN,LES +C831:C1866ABSOLUS D,LZ,ROYAL WOOD,503763,1.00KG,990,$ 270
GUERLAIN,AQUA ALLEGORIA FLORA,LZ,FULL OF FLOWERS,503887,1.00KG,770,$ 210
GUERLAIN,TOBACCO HONEY,,TOBACCO HONEY,240215,1.00KG,1400,$ 382
GUERLAIN,"BERGAMOTE FANTASTICO
EXTRAIT 11",,"BERGAMOTE FANTASTICO
EXTRAIT 11",240703,1.00KG,1800,$ 491
GUERLAIN,ROSE CENTIFOLIA EXTRAIT 1,,"ROSE CENTIFOLIA EXTRAIT
1",250169,1.00KG,1900,$ 519
GUERLAIN,SAMSARA TOP,,SAMSARA TOP,240605,1.00KG,580,$ 158
GUERLAIN,SANTAL ROYAL TOP,,SANTAL ROYAL TOP,240221,1.00KG,1500,$ 409
GUERLAIN,MUSK NOBLE,,MUSK NOBLE,3000323,1.00KG,275,$ 75
GUERLAIN,OUD ESSENTIEL,,OUD ESSENTIEL,3000324,1.00KG,275,$ 75
GUERLAIN,PATCHOULI ARDENT,,PATCHOULI ARDENT,3000325,1.00KG,275,$ 75
HORMONE PARIS,GABA,,GABA,250392,1.00KG,550,$ 150
HORMONE PARIS,THIS IS NOT CAFFEINE,,THIS IS NOT CAFFEINE,250350,1.00KG,1500,$409
HORMONE PARIS,THIS IS NOT DOPAMINE DRIVE,,THIS IS NOT DOPAMINE DRIVE,250351,1.00KG,1100,$301
HORMONE PARIS,THIS IS NOT GABA,,THIS IS NOT GABA,250352,1.00KG,1100,$301
HORMONE PARIS,THIS IS NOT TESTOSTERONE,,THIS IS NOT TESTOSTERONE,250353,1.00KG,850,$232
HENRY JACQUES,ROI SANS EQUIPAGE,,ROI SANS EQUIPAGE,250283,1.00KG,2000,$546
HAJAR ASWAD,HAJAR ASWAD TOP,,HAJAR ASWAD TOP,240200,1.00KG,400,$ 109
HARAMAIN,SHEIKH KNIOGHT,,SHEIKH KNIOGHT,250433,1.00KG,700,$ 191
HARAMAIN,AMBER OUD GOLD EDITION,,AMBER OUD GOLD EDITION,240319,1.00KG,450,$ 123
HARAMAIN,ROSE TAIFI,LZ,WARD AL TAIF,941592,1.00KG,980,$ 268
HARAMAIN,HAYATI,LZ,MY TREASURE,701717,1.00KG,610,$ 167
HARAMAIN,MUKALLAT EMARATH TOP,,MUKALLAT EMARATH TOP,240723,1.00KG,450,$ 123
HARAMAIN,MUKALLAT EMARATH,,MUKALLAT EMARATH,240722,1.00KG,275,$ 75
HARAMAIN,OUDH AL MAJLIS,,OUDH AL MAJLIS,3000328,1.00KG,330,$ 90
HARAMAIN,OUDH MA'AL ATTAR,,OUDH MAAL ATTAR,3000329,1.00KG,275,$ 75
HARAMAIN,OUDH MAAL ATTAR MALIKI,,OUDH MAAL ATTAR MALIKI,3000330,1.00KG,440,$ 120
HARAMAIN,OUDH MAJUN MALIKI,,OUDH MAJUN MALIKI,3000331,1.00KG,275,$ 75
HARAMAIN,OUDH SHUYOOKHI,,OUDH SHUYOOKHI,3000332,1.00KG,275,$ 75
HARAMAIN,RED AFRICAN,,RED AFRICAN,3000333,1.00KG,275,$ 75
HARAMAIN,ATTAR AL KABBA TOP,,ATTAR AL KABBA TOP,240747,1.00KG,700,$ 191
HAVOC,HAVOC,,HAVOC,3000335,1.00KG,275,$ 75
BRAND,NAME,ORI,CN,CODE,QTY,AED,USD
HELL,HELL,,HELL,3000336,1.00KG,275,$ 75
HELL TOP,HELL TOP,,HELL TOP,3000337,1.00KG,550,$ 150
HERMES,TERRE D HERMES INTENSE,,TERRE D HERMES INTENSE,240972,1.00KG,1100,$ 301
HERMES,BARENIA,,BARENIA,240752,1.00KG,1100,$ 301
HERMES,TERRE  DE  HERMES TOP,,TERRE  DE  HERMES,240103,1.00KG,700,$ 191
HERMES,L' AMBRE DES MERVEILLES,LZ,FABULOUS GOLDWATER,233996,1.00KG,550,$ 150
HERMES,TWILLY D' HERMES TOP,,TWILLY D' HERMES TOP,240426,1.00KG,1000,$ 273
HERMES,H24,LZ,NEW DIMENSION,233464,1.00KG,660,$ 180
HERMES,CABRIOLE,LZ,SOMERSAULT,462358,1.00KG,450,$ 123
HERMES,VETIVER INTENSE,,VETIVER INTENSE,3000338,1.00KG,770,$ 210
HERMES,VOYAGE,,VOYAGE,3000339,1.00KG,1100,$ 301
HERMES,TERRE HERMES EAU GIVREE TOP,,TERRE HERMES EAU GIVREE TOP,240913,1.00KG,850,$ 232
HERRERA CONFIDENTIAL,STALLION LEATHER,,STALLION LEATHER,3000341,1.00KG,275,$75
HERVE GAMBS,NIGHT OWL,,NIGHT OWL,3000342,1.00KG,350,$ 96
HFC,FLY TO MIRACLE,,FLY TO MIRACLE,240955,1.00KG,850,$ 232
HFC,I WANNA BE LOVED BY YOU,,I WANNA BE LOVED BY YOU,240830,1.00KG,1300,$ 355
HFC,DEVIL'S INTRIGUE,LZ,MERYL,354066,1.00KG,900,$ 246
HFC,INDIAN VENUS,LZ,CHARVI,503925-T,1.00KG,1410,$ 385
HFC,DIVINE BLOSSOM,LZ,MAGIC LOTUS,344158-T,1.00KG,700,$ 191
HFC,VOODOO CHIC,LZ,LADY  IN BLU,504042,1.00KG,850,$ 232
HFC,VOODOO CHIC,LZ,LADY  IN BLU,504042-A,1.00KG,580,$ 158
HFC,DIAMOND IN THE SKY,,DIAMOND IN THE SKY,3000343,1.00KG,900,$ 246
HFC,DIVINE BLOSSOM,,DIVINE BLOSSOM,3000344,1.00KG,800,$ 219
HFC,GOLDEN FEVER,,GOLDEN FEVER,3000345,1.00KG,1300,$ 355
HIND AL OUD,TAHNOUN TOP,,TAHNOUN TOP,240656,1.00KG,700,$ 191
HIND AL OUD,AHOJAS,LZ,OBSESSION OF OUD,342752,1.00KG,830,$ 227
HIND AL OUD,BARARI,LZ,ARABIAN FOREST,339181,1.00KG,440,$ 120
HIND AL OUD,MUSK AL EMARAT,LZ,ARABIAN MUSK,260707-A,1.00KG,330,$ 90
HIND AL OUD,SHEIKH ABDULLAH,,SHEIKH ABDULLAH,240865,1.00KG,550,$ 150
HIND AL OUD,SHEIKH ABDULLAH TOP,,SHEIKH ABDULLAH TOP,240866,1.00KG,1000,$ 273
HIND AL OUD,AHOJAS,,AHOJAS,3000346,1.00KG,275,$ 75
HIND AL OUD,LA PARLA,,LA PARLA,3000347,1.00KG,275,$ 75
HIND AL OUD,PINK MUSK,,PINK MUSK,3000348,1.00KG,330,$ 90
HIND AL OUD,SHEIKH ABDULLAH,,SHEIKH ABDULLAH,3000350,1.00KG,275,$ 75
HIND AL OUD,EMARATI MUSK,,EMARATI MUSK,3000351,1.00KG,275,$ 75
HUGO BOSS,BOTTLED BEYOND,,BOTTLED BEYOND,250469,1.00KG,600,$ 164
HUGO BOSS,HUGO X SUPERMAN,,HUGO X SUPERMAN,250432,1.00KG,850,$ 232
HUGO BOSS,HUGO FOR MEN,,HUGO FOR MEN,250247,1.00KG,850,$ 232
HUGO BOSS,THE SCENT ELIXIR FOR HIM,,THE SCENT ELIXIR FOR HIM,250030,1.00KG,850,$ 232
HUGO BOSS,THE SCENT FOR HIM MAGNETIC,,THE SCENT FOR HIM MAGNETIC,240995,1.00KG,1200,$ 327
HUGO BOSS,BOTTLED ABSOLU,,BOTTLED ABSOLU,240991,1.00KG,850,$ 232
HUGO BOSS,MA VIE POUR FEMME,,MA VIE POUR FEMME,240287,1.00KG,580,$ 158
HUGO BOSS,BOSS BOTTLED OUD,LZ,WOODY FLASK,342270-B,1.00KG,330,$ 90
HUGO BOSS,"HUGO, HUGO BOSS",LZ,HE GOES CLASSIC,233830-B,1.00KG,275,$ 75
HUGO BOSS,HUGO BOSS BOTTLED,LZ,FLASK,353451-A,1.00KG,390,$ 107
HUGO BOSS,BOSS BOTTLED INTENSE,LZ,EAGLE FLASK,352800,1.00KG,275,$ 75
HUGO BOSS,BOSS BOTTLED,LZ,MASTERMIND,444335,1.00KG,330,$ 90
HUGO BOSS,BOSS ORANGE WOMEN LZ,LZ,AMELIE,508737-A,1.00KG,275,$ 75
HUGO BOSS,BOTTLED UNLIMITED,LZ,DANDY FLASK,340877,1.00KG,450,$ 123
HUGO BOSS,BOTTLED ELIXIR,,BOTTLED ELIXIR,240136,1.00KG,850,$ 232
HUGO BOSS,"BOSS BOTTLED OUD
SAFFRON",,"BOSS BOTTLED OUD
SAFFRON",3000352,1.00KG,275,$ 75
HUGO BOSS,BOSS BOTTLED OUD SAFFRON TOP,,BOSS BOTTLED OUD SAFFRON TOP,3000353,1.00KG,610,$ 167
HUGO BOSS,HUGO BOSS HUGO,,HUGO BOSS HUGO,250148,1.00KG,275,$ 75
HUGO BOSS,HUGO BOSS NEW WOMAN,,HUGO BOSS NEW WOMAN,3000355,1.00KG,275,$ 75
HUGO BOSS,HUGO BOSS RED,,HUGO BOSS RED,3000356,1.00KG,275,$ 75
HUGO BOSS,HUGO BOSS SCENT ABSOLUTE,,HUGO BOSS SCENT ABSOLUTE,3000357,1.00KG,275,$ 75
HUGO BOSS,HUGO BOSS SCENT FOR WOMAN,,HUGO BOSS SCENT FOR WOMAN,3000358,1.00KG,275,$ 75
HUGO BOSS,HUGO ICED,,HUGO ICED,3000359,1.00KG,275,$ 75
HUGO BOSS,HUGO REVERSED,,HUGO REVERSED,3000360,1.00KG,275,$ 75
HUGO BOSS,HUGO URBAN JOURNEY,,HUGO URBAN JOURNEY,3000361,1.00KG,275,$ 75
BRAND,NAME,ORI,CN,CODE,QTY,AED,USD
HUGO BOSS,THE COLLECTION BOLD INCENSE,,THE COLLECTION BOLD INCENSE,3000362,1.00KG,275,$ 75
HUGO BOSS,THE COLLECTION NOBLE WOOD,,THE COLLECTION NOBLE WOOD,3000363,1.00KG,275,$ 75
HUGO BOSS,BOSS BOTTLED PACIFIC,,BOSS BOTTLED PACIFIC,3000364,1.00KG,275,$75
IBRAHIM AL,WHITE REGENT DIAMOND,,WHITE REGENT DIAMOND,250087,1.00KG,1200,$327
IBRAHIM AL,BRAZILIAN TOBACCO,,BRAZALIAN TOBACCO,240190,1.00KG,1200,$327
INITIO  PARFUMS PRIVE,CANT GET ENOUGH,,CANT GET ENOUGH,250294,1.00KG,1100,$301
INITIO  PARFUMS PRIVE,OUD FOR GREATNESS NEO,,OUD FOR GREATNESS NEO,240371,1.00KG,1100,$301
INITIO  PARFUMS PRIVE,SIDE EFFECT TOP TOP,,SIDE EFFECT TOP TOP,240944,1.00KG,1300,$355
INITIO  PARFUMS PRIVE,SIDE EFFECT TOP,,SIDE EFFECT TOP,240301,1.00KG,900,$245
"INITIO  PARFUMS
PRIVE",NARCOTIC DELIGHT,,NARCOTIC DELIGHT,240240,1.00KG,1200,$327
"INITIO  PARFUMS
PRIVE",MUSK THERAPY TOP,,MUSK THERAPY TOP,240419,1.00KG,1700,$ 491
"INITIO PARFUMS
PRIVE",PARAGON,LZ,THE OPPOSITE OF ME,504023-T,1.00KG,1240,$ 339
INITIO PARFUMS PRIVES,OUD FOR GREATNESS TOP TOP,,OUD FOR GREATNESS TOP TOP,240953,1.00KG,1500,$ 409
INITIO PARFUMS PRIVES,OUD FOR GREATNESS TOP,LZ,TREASURE CHEST,461601-T,1.00KG,1100,$ 301
INITIO PARFUMS PRIVES,ADDICTIVE VIBRATION,LZ,LOVE CONTROL,352823,1.00KG,720,$ 197
"INITIO PARFUMS
PRIVES",BLESSED BARAKA TOP,,BLESSED BARAKA TOP,240409,1.00KG,1200,$ 327
"INITIO PARFUMS
PRIVES",HIGH FREQUENCY,LZ,ELEMENTARY DIPOLE,339381,1.00KG,440,$ 120
"INITIO PARFUMS
PRIVES",PSYCHEDELIC LOVE,LZ,PURPELE NIGHT,353717,1.00KG,770,$ 210
INITIO PARFUMS PRIVES,SIDE EFFECT,LZ,BLACK CORSAIR,343648,1.00KG,500,$ 137
INITIO PARFUMS PRIVES,OUD FOR GREATNESS,LZ,TREASURE CHEST,461601,1.00KG,610,$ 167
INITIO PARFUMS PRIVES,OUD FOR HAPPINESS,LZ,MEMORABLE MOMENTS,462129,1.00KG,880,$ 240
"INITIO PARFUMS
PRIVES",ATOMIC ROSE,,ATOMIC ROSE,240241,1.00KG,950,$260
"INITIO PARFUMS
PRIVES",REHAB TOP,,REHAB TOP,240150,1.00KG,600,$ 164
"INITIO PARFUMS
PRIVES",ABSOLUTE APHRODISIAC,,ABSOLUTE APHRODISIAC,3000365,1.00KG,610,$ 167
INITIO PARFUMS PRIVES,ABSOLUTE APHRODISIAC TOP,,ABSOLUTE APHRODISIAC TOP,240222,1.00KG,1100,$ 301
ISSEY MIYAKE,L EAU DE DE ISSEY,,L EAU DE DE ISSEY,250082,1.00KG,530,$ 145
ISSEY MIYAKE,LE SEL D'ISSEY,,LE SEL D'ISSEY,250214,1.00KG,550,$ 150
ISSEY MIYAKE,"L'EAU D'ISSY PURE NECTAR
DE",LZ,NEW DEEP WATER,233974,1.00KG,550,$ 150
ISSEY MIYAKE,A DROP D ISSEY,LZ,ULTIMATE BLOB,343907-T,1.00KG,880,$ 240
JACQUES BOGART,SILVER SCENT,,SILVER SCENT,250138,1.00KG,275,$ 75
JEROBAM,UNUE,,UNUE,250281,1.00KG,1100,$ 301
JEROBAM,GOZO,,GOZO,240009,1.00KG,1100,$ 301
JAGUAR,STANCE,LZ,SOVEREIGN MAN,503680,1.00KG,530,$ 145
JAGUAR,JAGUAR CLASSIC BLACK,,JAGUAR CLASSIC BLACK,3000368,1.00KG,275,$ 75
JAGUAR,JAGUAR FOR MEN,,JAGUAR FOR MEN,3000369,1.00KG,330,$ 90
JASMIN,JASMIN,,JASMIN,240726,1.00KG,275,$ 75
JEAN PAUL,LE MALE IN BLUE,,LE MALE IN BLUE,250477,1.00KG,850,$ 232
JEAN PAUL,SCANDAL INTENSE POUR HOMME,,SCANDAL INTENSE POUR HOMME,250467,1.00KG,700,$ 191
JEAN PAUL,LA BELLE FLOWER EDITION,,LA BELLE FLOWER EDITION,250258,1.00KG,850,$ 232
JEAN PAUL,GUALTIER DIVINE ELIXIR,,GUALTIER DIVINE ELIXIR,250204,1.00KG,850,$ 232
JEAN PAUL,SCANDAL INTENSE,,SCANDAL INTENSE,250046,1.00KG,450,$ 123
JEAN PAUL,LE BEAU FLOWER EDITION,,LE BEAU FLOWER EDITION,240996,240996,850,$ 232
JEAN PAUL,LE MALE ELIXIR ABSOLU,,LE MALE ELIXIR ABSOLU,240827,1.00KG,1100,$ 301
JEAN PAUL,MA DAME 2024,,MA DAME 2024,240761,1.00KG,550,$ 150
JEAN PAUL GAULTIER,LE MALE COLLECTOR EDITION 2024,,LE MALE COLLECTOR EDITION 2024,240733,1.00KG,450,$ 123
JEAN PAUL,LE MALE LOVER SUPER,,LE MALE LOVER SUPER,240760,1.00KG,550,$ 150
JEAN PAUL,LE MALE LOVER TOP,,LE MALE LOVER TOP,240700,1.00KG,1000,$ 273
JEAN PAUL,LE MALE PRIDE 2024,,LE MALE PRIDE 2024,240565,1.00KG,1100,$ 301
JEAN PAUL,LE MALE PRIDE EDITION,,LE MALE PRIDE EDITION,240558,1.00KG,1000,$ 273
JEAN PAUL,DIVINE LE PARFUM,,DIVINE LE PARFUM,240531,1.00KG,850,$ 232
JEAN PAUL,LA BELLE LE PARFUM,,LA BELLE LE PARFUM,240498,1.00KG,800,$ 218
JEAN PAUL,LA BELLE TOP,,LA BELLE TOP,240490,1.00KG,700,$ 191
"JEAN PAUL
GAULTIER","SCANDAL POUR HOMME
ABSOLU",,"SCANDAL POUR HOMME
ABSOLU",240478,1.00KG,850,$ 232
JEAN PAUL,LA BELLE FLEUR TERRIBLE,,LA BELLE FLEUR TERRIBLE,240307,1.00KG,700,$ 191
JEAN PAUL,LE BEAU LE PARFUM,,LE BEAU LE PARFUM,240247,1.00KG,550,$ 150
"JEAN PAUL
GAULTIER",LE BEAU PARADISE GARDEN,,"LE BEAU PARADISE
GARDEN",240191,1.00KG,1080,$ 295
JEAN PAUL,GAUTILER 2 TOP,,GAUTILER 2 TOP,240341,1.00KG,485,$ 133
JEAN PAUL,SO SCANDAL TOP,,SO SCANDAL TOP,240672,1.00KG,1100,$ 301
BRAND,NAME,ORI,CN,CODE,QTY,AED,USD
JEAN PAUL,SCANDAL POUR HOMME,,SCANDAL POUR HOMME,240340,1.00KG,900,$ 245
JEAN PAUL,SCANDAL LE PARFUM,LZ,LADIES RED TIGHTS,700988-XX,1.00KG,600,$ 164
JEAN PAUL,LE MALE LE PARFUM,,LE MALE LE PARFUM,240048,1.00KG,950,$ 260
JEAN PAUL,DIVINE TOP,,DIVINE TOP,240118,1.00KG,850,$232
JEAN PAUL,LE BEAU TOP,,LE BEAU TOP,240164,1.00KG,700,$ 191
JEAN PAUL,SCANDAL WOMEN TOP,,SCANDAL WOMEN TOP,240941,1.00KG,550,$ 150
JEAN PAUL,LE MALE ELIXIR,,LE MALE ELIXIR,240047,1.00KG,950,$260
JEAN PAUL,SCANDAL GOLD,LZ,VELVET TIGHTS GOLD,343952-T,1.00KG,770,$ 210
JEAN PAUL,CLASSIC MEN,,CLASSIC MEN,3000372,1.00KG,275,$ 75
JEAN PAUL,LA MALE TOP,,LE MALE TOP,Z480942,1.00KG,950,$ 260
JEAN PAUL,LA MALE,,LE MALE,240045,1.00KG,730,$ 200
JEAN PAUL,SCANDAL GOLD,,SCANDAL GOLD,3000373,1.00KG,275,$ 75
JEAN PAUL,ULTRA MALE TOP,,ULTRA MALE TOP,240940,1.00KG,500,$ 137
JIL SANDER,SUN MEN,LZ,ORANGE SUMMER TAN,261118,1.00KG,500,$ 137
JIMMY CHOO,I WANT CHOO WITH LOVE,,I WANT CHOO WITH LOVE,250470,1.00KG,850,$ 232
JIMMY CHOO,I WANT CHOO,,I WANT CHOO,240928,1.00KG,1000,$ 273
JIMMY CHOO,I WANT CHOO LE PARFUM,,I WANT CHOO LE PARFUM,240831,1.00KG,700,$ 191
JIMMY CHOO,BLOSSOM,,BLOSSOM,240712,1.00KG,700,$ 191
JIMMY CHOO,JIMMY CHOO MAN,,JIMMY CHOO MAN,240649,1.00KG,700,$ 191
JIMMY CHOO,JIMMY CHOO FEVER,,JIMMY CHOO FEVER,3000374,1.00KG,275,$ 75
JIMMY CHOO,JIMMY CHOO MAN BLUE,,JIMMY CHOO MAN BLUE,3000375,1.00KG,275,$ 75
JIMMY CHOO,URBAN HERO,,URBAN HERO,3000376,1.00KG,275,$ 75
JIMMY CHOO,JIMMY CHOO MAN INTENSE,,JIMMY CHOO MAN INTENSE,3000377,1.00KG,330,$ 90
JO MALONE,"SANDALWOOD & SPICED APRICOT
COLONGE",,"SANDALWOOD & SPICED APRICOT
COLONGE",250420,1.00KG,550,$ 150
JO MALONE,AMBER LABDANUM COLOGNE INTENSE,,"AMBER LABDANUM COLOGNE
INTENSE",250338,1.00KG,1500,$ 409
JO MALONE,SCARLET POPPY INTENSE,,SCARLET POPPY INTENSE,240915,1.00KG,850,$ 232
"JO MALONE
LONDON",MYRRH & TONKA,,MYRRH & TONKA,240877,1.00KG,1050,$ 287
JO MALONE LONDON,CYPRESS AND GRAPEVINE COLONGE INTENSE,,CYPRESS AND GRAPEVINE COLONGE INTENSE,240588,1.00KG,900,$ 245
JO MALONE,GINGER BEER COLONGE,,GINGER BEER COLONGE,240502,1.00KG,700,$ 191
JO MALONE LONDON,SUNLIT CHERIMOYA COLONGE,,SUNLIT CHERIMOYA COLONGE,240382,1.00KG,900,$ 245
JO MALONE LONDON,NECTARINE BLOSSOM & HONEY,,NECTARINE BLOSSOM & HONEY,240342,1.00KG,450,$ 123
JO MALONE,ROSE BLUSH COLONGE,,ROSE BLUSH COLONGE,240281,1.00KG,700,$ 191
JO MALONE,BITTER MANDARIN,LZ,MANDY,234040-A,1.00KG,630,$ 172
JO MALONE,BLACKBERRY & BAY,LZ,CLEAR SPIRIT,233781,1.00KG,420,$ 115
JO MALONE LONDON,MYRRH & TONKA COLOGNE INTENSE,LZ,BITTERSWEET,461550-T,1.00KG,700,$ 191
JO MALONE,OUD & BERGAMOT,LZ,ORIENTAL MOOD,461273,1.00KG,720,$ 197
JO MALONE,VELVET ROSE & OUD,LZ,FLOWER MOOD,503429,1.00KG,610,$ 167
JO MALONE,WILD BLUEBLL COLOGNE,LZ,BLUE CAMPANULA,352893,1.00KG,330,$ 90
JO MALONE,154 COLOGNE,LZ,MEN IN LEATHER JACKET,160180,1.00KG,390,$ 107
JO MALONE,GERANIUM & VERBENA,LZ,ROSE MINT ELEGANCE,154058,1.00KG,550,$ 150
JO MALONE,TANGY RHUBARB COLOGNE,LZ,ZESTY TANGERINE,160654-XX,1.00KG,720,$ 197
JO MALONE,LIME BASIL & MANDARIN,LZ,PATCHOULI & OAKMOSS,160616,1.00KG,500,$ 137
JO MALONE LONDON,ELDERFLOWER CORDIAL COLOGNE,LZ,BLACK ELDER&DRIED FRUITS,154468,1.00KG,400,$ 109
"JO MALONE
LONDON","ENGLISH PEAR & FREESIA
TOP",,"ENGLISH PEAR & FREESIA
TOP",240343,1.00KG,1300,$ 355
"JO MALONE
LONDON","JASMINE SAMBAC &
MARIGOLD",LZ,DANCING WITH FLOWERS,160811,1.00KG,600,$ 164
JO MALONE,ROSE BLUSH COLOGNE (2023),LZ,BRIGHT CORAL,580278,1.00KG,720,$ 197
JO MALONE,WOOD SAGE & SEA SALT,LZ,GARDEN CF DELIGHT,160179,1.00KG,330,$ 90
JO MALONE,GINGER BISCUIT,,GINGER BISCUIT,6Q3FJYS,1.00KG,1300,$ 355
"JO MALONE
LONDON","DARK AMBER & GINGER LILY
TOP",,"DARK AMBER & GINGER
LILY TOP",240422,1.00KG,650,$ 178
"JO MALONE
LONDON","GREEN ALMOND &
REDCURRANT",,"GREEN ALMOND &
REDCURRANT",3000378,1.00KG,275,$ 75
JO MALONE,MYRRH & TONKA,,MYRRH & TONKA,3000379,1.00KG,275,$ 75
JO MALONE,TUBEROSE ANGELICA,,TUBEROSE ANGELICA,3000380,1.00KG,275,$ 75
JOHAN B,CHERRY DELICS,LZ,RED SWEETNESS,702888,1.00KG,440,$ 120
JOHN VARVATOS,DARK REBEL,,DARK REBEL,250000,1.00KG,700,$ 191
JOHN VARVATOS,JOHN VARVATOS OUD,,JOHN VARVATOS OUD,3000381,1.00KG,785,$215
JOOP,NIGHT FLIGHT,LZ,AIR SPACE,237202-B,1.00KG,275,$ 75
JOOP,JOOP HOMME ABSOLUTE,,JOOP HOMME ABSOLUTE,250149,1.00KG,275,$ 75
JULIETTE HAS A GUN,MIAMI SHAKE,,MIAMI SHAKE,250310,1.00KG,850,$ 232
JULIETTE HAS A GUN,Mmmm…,,Mmmm…,240245,1.00KG,1000,$ 273
BRAND,NAME,ORI,CN,CODE,QTY,AED,USD
JULIETTE HAS A GUN,MUSC INVISIBLE,,MUSC INVISIBLE,240253,1.00KG,580,$ 158
JULIETTE HAS A GUN,NOT A PERFUME TOP,,NOT A PERFUME TOP,250453,1.00KG,700,$ 191
JULIETTE HAS A GUN,NOT A PERFUME,LZ,SIMPLY STRUCTURE,461696,1.00KG,550,$ 150
JULIETTE HAS A GUN,NOT A PERFUME SUPERDOSE,LZ,OVER STRUCTURE,354181-T,1.00KG,950,$ 260
JULIETTE HAS A GUN,ANOTHER OUD,,ANOTHER OUD,3000384,1.00KG,660,$ 180
JULIETTE HAS A GUN,EGO STRATIS,,EGO STRATIS,3000385,1.00KG,275,$ 75
JUNIPER LANE,MOON FLOWER,LZ,CIPRIA,336103,1.00KG,880,$ 240
JUST CAVALLI,JUST CAVALLI GOLD MAN,,JUST CAVALLI GOLD MAN,3000386,1.00KG,275,$ 75
JUST CAVALLI,JUST CAVALLI GOLD WOMAN,,JUST CAVALLI GOLD WOMAN,3000387,1.00KG,275,$ 75
JUSTIN BIEBER,GIRL FRIEND,LZ,HIS GIRLFRIEND,500394-A,1.00KG,275,$ 75
KYLIE COSMETICS,COSMIC KYLIE JENNER,,COSMIC KYLIE JENNER,240793,1.00KG,1000,$ 273
KEROSENE,FOLLOWED,,FOLLOWED,240568,1.00KG,1300,$ 355
KAJAL,RUBY,,RUBY,250071,1.00KG,1000,$ 273
KAJAL,ALMAZ,,ALMAZ,240710,1.00KG,700,$ 191
KAJAL,LAMAR CAVIAR,,LAMAR CAVIAR,240539,1.00KG,550,$ 150
KAJAL,LAMAR KAJAL TOP,,LAMAR KAJAL TOP,240610,1.00KG,1000,$ 273
KAJAL,DAHAB TOP,,DAHAB TOP,240609,1.00KG,1000,$273
KAJAL,DAHAB,,DAHAB,240037,1.00KG,650,$178
KANOOS,KANOOS,LZ,LIBERTY FOR HIM,353430-B,1.00KG,390,$ 107
KAYALI,FREEDOM MUSK LATTE 41,,FREEDOM MUSK LATTE 41,250460,1.00KG,700,$ 191
KAYALI,FREEDOM MUSK MATCHA 45,,FREEDOM MUSK MATCHA 45,250461,1.00KG,850,$ 232
KAYALI,FREEDOM MUSK BOUQUET 27,,FREEDOM MUSK BOUQUET 27,250463,1.00KG,700,$ 191
KAYALI,FREEDOM MUSK SANTAL 34,,FREEDOM MUSK SANTAL 34,250471,1.00KG,600,$ 164
KAYALI,THE WEDDING VELVET SANTAL,,THE WEDDING VELVET SANTAL,250441,1.00KG,850,$ 232
KAYALI,CITRUS 08,,CITRUS 08,250439,1.00KG,850,$ 232
KAYALI,OUDGASM MILKY MUSK OUD 30,,OUDGASM MILKY MUSK OUD 30,250331,1.00KG,850,$ 232
KAYALI,"FRAGRANCES MARRAKESH IN A BOTTLE
ORANGE BLOSSOM 24",,"FRAGRANCES MARRAKESH IN A
BOTTLE ORANGE BLOSSOM 24",250325,1.00KG,850,$ 232
KAYALI,OUDGASM CHOCOLATE OUD 11,,OUDGASM CHOCOLATE OUD 11,250265,1.00KG,850,$ 232
KAYALI,FLEUR MAJESTY ROSE ROYALE 31,,FLEUR MAJESTY ROSE ROYALE 31,250043,1.00KG,850,$ 232
KAYALI,OUDGASM TOBACCO OUD 04,,OUDGASM TOBACCO OUD 04,240968,1.00KG,850,$ 232
KAYALI,THE WEDDING SILK SANTAL 36,,THE WEDDING SILK SANTAL 36,240960,1.00KG,900,$ 245
KAYALI,"CAPRI IN A BOTTLE LEMON
SUGAR |14 EAU DE PARFUM",,"CAPRI IN A BOTTLE LEMON
SUGAR |14 EAU DE PARFUM",240932,1.00KG,480,$ 131
KAYALI,OUDGASM ROSE OUD 16 EAU DE PARFUME INTENSE,,OUDGASM ROSE OUD 16 EAU DE PARFUME INTENSE,240845,1.00KG,850,$ 232
KAYALI,YUM BOWJEE MARSHAMALLOW,,YUM BOWJEE MARSHAMALLOW 81,240695,1.00KG,850,$ 232
KAYALI,SWEET DIAMOND PINK PEPPER 25,,SWEET DIAMOND PINK PEPPER 25,240660,1.00KG,850,$ 232
KAYALI,UTOPIA VANILLA COCO 21,,UTOPIA VANILLA COCO 21,240659,1.00KG,850,$ 232
KAYALI,"MAUI IN A BOTTLE SWEET
BANANA 37",,"MAUI IN A BOTTLE SWEET
BANANA 37",240553,1.00KG,850,$ 232
KAYALI,"VANILLA CANDY ROCK
SUGARED TOP",,"VANILLA CANDY ROCK
SUGARED TOP",240378,1.00KG,1000,$ 273
KAYALI,YUM PISTACHIO GELATO 33,,YUM PISTACHIO GELATO 33,240258,1.00KG,785,$ 215
KAYALI,"LOVEFEST BURNING CHERRY
48",,"LOVEFEST BURNING
CHERRY 48",240344,1.00KG,300,$ 82
KAYALI,ELIXIR 11,,ELIXIR 11,3000388,1.00KG,300,$ 82
KAYALI,MUSK 12,,MUSK 12,3000389,1.00KG,300,$ 82
KAYALI,"EDEN JUICE APPLE O1 EAU
DE PARFUM",,"EDEN JUICE APPLE O1 EAU
DE PARFUM",240345,1.00KG,350,$ 96
KAYALI,VANILLA 28,,VANILLA 28,240049,1.00KG,330,$ 90
KAYALI,DEJA VU WHITE FLOWER 57 TOP,,DEJA VU WHITE FLOWER 57 TOP,240708,1.00KG,850,$ 232
KAYALI FRAGRANCES,ROYALE SUGARED PATCHOULI 64 INTENSE,,ROYALE SUGARED PATCHOULI 64 INTENSE,240506,1.00KG,850,$ 232
KAYALI,OUDGASM SMOKY OUD 07,,OUDGASM SMOKY OUD 07,240503,1.00KG,700,$ 191
KAYALI,INVITE ONLY AMBER 23,,INVITE ONLY AMBER 23,240483,1.00KG,1100,$ 301
KAYALI FRAGRANCES,EDEN SPARKLING LYCHEE 39,,EDEN SPARKLING LYCHEE 39,240576,1.00KG,750,$ 205
KAYALI FRAGRANCES,OUDGASM CAFÉ OUD 19 PARFUM INTENSE,,OUDGASM CAFÉ OUD 19 PARFUM INTENSE,240294,1.00KG,1200,$ 327
"KAYALI
FRAGRANCES","OUDGASM VANILLA OUD 36
PARFUM INTENSE",,"OUDGASM VANILLA OUD
36 PARFUM INTENSE",240293,1.00KG,1200,$ 327
KENZO,L EAU PAR POUR HOMME,,L EAU PAR POUR HOMME,240165,1.00KG,480,$ 131
KENZO,L EAU PURE,,L EAU PURE,250419,1.00KG,700,$ 191
KENZO,HOMME INDIGO,,HOMME INDIGO,250339,1.00KG,850,$ 232
KENZO,FLOWER BY KENZO CHERRY,,FLOWER BY KENZO CHERRY,250101,1.00KG,850,$ 232
KENZO,KENZO WORLD INTENSE,LZ,BOUNDLESS SEA,503511,1.00KG,440,$ 120
KENZO,PERFUME D'ETE,LZ,SUMMER DREAM,381487-A,1.00KG,275,$ 75
KENZO,POUR HOMME,,POUR HOMME,240059,1.00KG,480,$ 131
KENZO,AQUA KENZO POUR LUI,,AQUA KENZO POUR LUI,3000391,1.00KG,275,$ 75
KENZO,KENZO AMOUR,,KENZO AMOUR,3000392,1.00KG,310,$ 85
KENZO,KENZO FLOWER,,KENZO FLOWER,3000393,1.00KG,275,$ 75
KENZO,KENZO JUNGLE,,KENZO JUNGLE,3000394,1.00KG,275,$ 75
KENZO,KENZO HOMME MARINE,,KENZO HOMME MARINE,3000395,1.00KG,350,$96
KILIAN,ANGEL SHARE ROCK,,ANGEL SHARE ROCK,250271,1.00KG,850,$232
KILIAN,STRAIGHT TO HEAVEN,,STRAIGHT TO HEAVEN,250145,1.00KG,850,$232
KILIAN,MOONLIGHT IN HEAVEN,,MOONLIGHT IN HEAVEN,240918,1.00KG,1000,$273
KILIAN,SINGLE MALT,,SINGLE MALT,240872,1.00KG,850,$232
KILIAN,ANGELS SHARE PARADISE,,ANGELS SHARE PARADISE,240822,1.00KG,1300,$355
KILIAN,PRINCESS,,PRINCESS,240810,1.00KG,850,$232
KILIAN,SMOKE LIKE HOT,,SMOKE LIKE HOT,240698,1.00KG,850,$232
KILIAN,DANGEROUES IN LOVE,,DANGEROUES IN LOVE,240696,1.00KG,1000,$273
KILIAN,OLD FASHOINED TOP,,OLD FASHOINED TOP,240688,1.00KG,850,$232
KILIAN,OLD FASHOINED,,OLD FASHOINED,240523,1.00KG,700,$191
KILIAN,SUNKISSED GODDESS,,SUNKISSED GODDESS,240383,1.00KG,900,$245
KILIAN,AMBER OUD,LZ,ORIENTAL MELODY,233927,1.00KG,610,$ 167
KILIAN,BACK TO BACK,LZ,DEEP SEDUCTION,233663,1.00KG,550,$ 150
KILIAN,"BAD BOYS ARE NO GOOD
BUT",LZ,LOVE EXPRESSION,353634,1.00KG,610,$ 167
KILIAN,DARK LORD,LZ,BLINDFOLDED,343760,1.00KG,530,$ 145
KILIAN,DARK LORD,LZ,BLINDFOLDED,343760-B,1.00KG,350,$ 96
KILIAN,FORBIDDEN GAMES,LZ,TRIBUTE,342767-A,1.00KG,390,$ 107
KILIAN,GOLD KNIGHT,LZ,LANCELOT,461376,1.00KG,550,$ 150
KILIAN,"GOOD GIRL GONE BAD
EXTREME",LZ,SECRET SEDUCTION,339378,1.00KG,550,$ 150
KILIAN,KILLING ME SLOWLY,LZ,POISONED LOVE,339480,1.00KG,550,$ 150
KILIAN,ROLLING IN LOVE,LZ,TASHKENT MULE,503694,1.00KG,550,$ 150
BRAND,NAME,ORI,CN,CODE,QTY,AED,USD
KILIAN,VODKA ON THE ROCKS,LZ,MOSCOW MULE,461342,1.00KG,720,$ 197
KILIAN,WOMAN IN GOLD,LZ,LUXURY LADY,461343,1.00KG,610,$ 167
KILIAN,WHITE HEAVEN,LZ,KRISTAL,342203,1.00KG,440,$ 120
KILIAN,BAMBOO HARMONY,LZ,LUCKY PANDA,343735,1.00KG,610,$ 167
KILIAN,KISSES DON'T LIE,LZ,RUSSIAN EGG,260778,1.00KG,500,$ 137
KILIAN,BLACK PHANTHOM TOP,,BLACK PHANTHOM TOP,240627,1.00KG,1300,$ 355
KILIAN,"BLACK PHANTOM MIMENTO
MORI",LZ,DARK SKULL,342796,1.00KG,550,$ 150
KILIAN,INTOXICATED TOP,LZ,INTOXICATED TOP,240402,1.00KG,550,$ 150
KILIAN,ANGELS SHARE,,ANGELS SHARE,240174,1.00KG,1100,$ 301
KILIAN,ROSES ON ICE,LZ,SATURDAY NIGHT,339948-A,1.00KG,500,$ 137
KILIAN,A KISS FROM A ROSE,LZ,RUZHA,233490,1.00KG,610,$ 167
KILIAN,LIGHT MY FIRE,LZ,LIHTAR,680229,1.00KG,550,$ 150
KILIAN,"STRAIGHT TO HEAVEN OUD
AND",LZ,DIAMOND BLEND,343902,1.00KG,940,$ 257
KILIAN,PERAL OUD,LZ,AMA,343921,1.00KG,610,$ 167
KILIAN,ROYAL LEATHER,LZ,GLOG,233521,1.00KG,610,$ 167
KILIAN,"PLAYING WITH THE DEVIL
TOP",,"PLAYING WITH THE DEVIL
TOP",240428,1.00KG,900,$ 245
KILIAN,MUSK BUTTERFLY,LZ,TOUCH OF FEELING,354111,1.00KG,750,$ 205
KILIAN,MUSK BUTTERFLY TOP,LZ,TOUCH OF FEELING,354111-T,1.00KG,1100,$ 301
KILIAN,"LOVE DON'T BE SHY -ROSE &
OUD",LZ,THE LANGUAGE OF LOVE,700989,1.00KG,1300,$ 355
KILIAN,CAN'T STOP LOVING YOU,LZ,AL WAYS IN MY MIND,354275,1.00KG,950,$ 260
KILIAN,CAN'T STOP LOVING YOU,LZ,AL WAYS IN MY MIND,354275-A,1.00KG,700,$ 191
KILIAN,"BLUE MOON GINGER DASH
TOP",LZ,BEACH NIGHT,336349-T,1.00KG,940,$ 257
KILIAN,SMOKING HOT,,SMOKING HOT,240122,1.00KG,1200,$327
KILIAN,GOLD OUD KILIAN,,GOLD OUD KILIAN,3000396,1.00KG,310,$ 85
KILIAN,GOOD GIRL GONE BAD TOP,,GOOD GIRL GONE BAD,240098,1.00KG,950,$ 260
KILIAN,"LOVE DON'T SHY AMBER &
OUD",,"LOVE DON'T SHY AMBER &
OUD",3000397,1.00KG,370,$101
KILLAN,L'HEURE VERTE,LZ,WORLD OF WONDERS,702860,1.00KG,1000,$ 273
KILLAN,"APPLE BRANDY ON THE
ROCKS",LZ,NIGHT TO REMEMBER,702859-T,1.00KG,770,$ 210
KILLIAN,APPLE BRANDY,LZ,BOWMORE,342760,1.00KG,390,$ 107
KILLIAN,GOOD GIRL GONE BAD,LZ,SECRET INFLUENCE,232017,1.00KG,660,$ 180
KILLIAN,IN THE CITY OF SIN,LZ,BABYLON,338984,1.00KG,550,$ 150
KILLIAN,LOVE DONT BE SHY TOP,,LOVE DONT BE SHY TOP,240868,1.00KG,1200,$ 327
KILLIAN,LOVE DON’T BE SHY,LZ,VELVET LOVE,232021,1.00KG,550,$ 150
KILLIAN,WHITE HEAVEN TOP,LZ,KRISTAL,342203-T,1.00KG,770,$ 210
KILLIAN,"KOLOGNE .SHIELD OF
PROTECTION",LZ,WRAP ME IN YOUR ARMS,462286,1.00KG,600,$ 164
KILLIAN,BAD BOYS ARE NO GOOD BUT,,BAD BOYS ARE NO GOOD BUT,3000398,1.00KG,610,$ 167
KILLIAN,MUSK OUD BY KILLIAN,,MUSK OUD BY KILLIAN,3000399,1.00KG,610,$ 167
KILLIAN,TO BE A PRINCESS,,TO BE A PRINCESS,3000400,1.00KG,610,$ 167
KINSKI,KINSKI,LZ,KEEN ACTOR,400058-T,1.00KG,1100,$ 301
LUSH,PUMPKIN SPICE,,PUMPKIN SPICE,250423,1.00KG,700,$ 191
LUSH,CHERRYISH,,CHERRYISH,250342,1.00KG,440,$ 120
LOEWE,AIRE SUTILEZA,,AIRE SUTILEZA,250276,1.00KG,450,$ 123
LABORATORIO,VANAGLORIA,,VANAGLORIA,240791,1.00KG,1900,$ 519
"LABDANUM SUPER
ABS",LABDANUM SUPER ABS,,LABDANUM  SUPER  ABS,3000401,1.00KG,1100,$ 301
LIQUIDES IMAGINAIRES,BLANCHE BETE,,BLANCHE BETE,240881,1.00KG,1500,$ 409
LIQUIDES IMAGINAIRES,DAM ROSA,,DAM ROSA,240828,1.00KG,1300,$ 355
LIQUIDES IMAGINAIRES,LIQUIDE LES,,LIQUIDE LES,240707,1.00KG,1600,$ 464
LACOSTE,l.12.12 SILVER GREY,,l.12.12 SILVER GREY,250222,1.00KG,1000,$ 273
LACOSTE,TOUCH OF PINK,,TOUCH OF PINK,240714,1.00KG,580,$ 158
LACOSTE,L.12.12.ROUGE,LZ,REDSTONE,230245-A,1.00KG,275,$ 75
LACOSTE,LACOSTE POUR FEMME,LZ,LADIES VOLLEY,260894,1.00KG,275,$ 75
LACOSTE,"EAU DE LACOSTE L.12.12
BLANC",LZ,SIMPLIFY,558483-A,1.00KG,275,$ 75
LACOSTE,WHITE,LZ,SIMPLIFY,693257-A,1.00KG,330,$ 90
LACOSTE,"EAU DE LACOSTE L12.12
FAICHE",,"EAU DE LACOSTE L12.12
FAICHE",3000402,1.00KG,275,$ 75
LACOSTE,"EAU DE LACOSTE L12.12
FAICHE",,"EAU DE LACOSTE L12.12
FAICHE",3000403,1.00KG,275,$ 75
BRAND,NAME,ORI,CN,CODE,QTY,AED,USD
LACOSTE,LACOSTE CHALLENGE,,LACOSTE CHALLENGE,3000403,1.00KG,275,$ 75
LACOSTE,LACOSTE ESSENTIAL SPORT,,LACOSTE ESSENTIAL SPORT,240346,1.00KG,700,$ 191
LACOSTE,LACOSTE JOY OF PINK,,LACOSTE JOY OF PINK,3000404,1.00KG,275,$ 75
LACOSTE,LACOSTE POUR FEMME,,LACOSTE POUR FEMME,3000405,1.00KG,275,$ 75
LACOSTE,LACOSTE SENSUAL,,LACOSTE SENSUAL,3000406,1.00KG,275,$ 75
LACOSTE,LACOSTE STYLE IN PLAY,,LACOSTE STYLE IN PLAY,3000407,1.00KG,275,$ 75
LACOSTE,LACOSTE WHITE,,LACOSTE WHITE,3000408,1.00KG,275,$ 75
LALIQUE,ENCRE NOIRE TOP,,ENCRE NOIRE TOP,240848,1.00KG,700,$ 191
LALIQUE,"L,AMOUR",,"L,AMOUR",3000411,1.00KG,275,$ 75
LALIQUE,"LE PARFUM, LALIQUE RED",,"LE PARFUM, LALIQUE RED",3000412,1.00KG,275,$ 75
LALIQUE,SATINE,,SATINE,3000413,1.00KG,275,$ 75
LALIQUE,WHITE,,WHITE,3000414,1.00KG,275,$ 75
LANCOM,IDOLE PEACH N ROSES,,IDOLE PEACH N ROSES,250376,1.00KG,1200,$ 327
LANCOM,IDOLE POWER,,IDOLE POWER,250372,1.00KG,1500,$ 409
LANCOM,OFF NOW,,OFF NOW,250224,1.00KG,1000,$ 273
LANCOM,ABSOLU ROSE FROM THE DARK,,ABSOLU ROSE FROM THE DARK,250221,1.00KG,1100,$ 301
LANCOM,LA NUIT TRESOR VANILE NOIRE,,LA NUIT TRESOR VANILE,240824,1.00KG,850,$ 232
LANCOM,ABSOLUE OUD BOUQUET,,ABSOLUE OUD BOUQUET,240637,1.00KG,700,$ 191
LANCOM,LA VIE EST BELLE L'ELIXIR,,LA VIE EST BELLE L'ELIXIR,240527,1.00KG,550,$ 150
LANCOM,POEME,,POEME,240353,1.00KG,900,$ 245
LANCOM,LA VIE EST BELLE VANILLA NUDE,,LA VIE EST BELLE VANILLA NUDE,250330,1.00KG,850,$ 232
LANCOM,LA VIE EST BELLE TOP,,LA VIE EST BELLE TOP,240492,1.00KG,580,$ 158
LANCOM,"LA VIE EST BELLE,LANCOM",LZ,THIS IS JULIA,701759-C,1.00KG,275,$ 75
LANCOM,OUD BOUQUET,LZ,ORIENTAL BUNCH,2302076-D,1.00KG,290,$ 79
LANCOM,HYPNOSE,,HYPNOSE,3000415,1.00KG,390,$ 107
LANCOM,IDOLE TOP,,IDOLE TOP,240671,1.00KG,1100,$ 301
LANCOM,IDOLE LE PARFUM TOP,,IDOLE LE PARFUM,240091,1.00KG,1100,$ 301
LANCOM,IDOLE L'INTENSE,,IDOLE L'INTENSE,3000416,1.00KG,390,$ 107
LANCOM,LA NUIT TRESOR A LA FOLIE,,LA NUIT TRESOR A LA FOLIE,3000417,1.00KG,275,$ 75
LANCOM,LA NUIT TRESOR LANCOM,,LA NUIT TRESOR LANCOM,3000418,1.00KG,275,$ 75
LANCOM,LA VIE EST BELLE EDP I'ECLAT,,LA VIE EST BELLE EDP I'ECLAT,3000419,1.00KG,275,$ 75
LANCOM,LA VIE EST BELLE EN ROSE,,LA VIE EST BELLE EN ROSE,3000420,1.00KG,275,$ 75
LANCOM,"LA VIE EST BELLE,LANCOM",,"LA VIE EST BELLE,LANCOM",3000421,1.00KG,275,$ 75
LANCOM,LANCOME HYPNOSE,,LANCOME HYPNOSE,3000422,1.00KG,275,$ 75
LANCOM,OUD BOUQUET LANCOM,,OUD BOUQUET LANCOM,3000423,1.00KG,275,$ 75
LANCOM,TRESOR MIDNIGHT ROSE TOP,,TRESOR MIDNIGHT ROSE TOP,240347,1.00KG,580,$ 158
LANCOM,LA NUIT TRESOR NUDE,,LA NUIT TRESOR NUDE,3000424,1.00KG,275,$ 75
LANCOM,IDOLE NOW,,IDOLE NOW,3000425,1.00KG,275,$75
LANCOME,OUD BOUQUET,LZ,ORIENTAL BUNCH,232076 A,1.00KG,450,$ 123
LANCOME,IDOLE AURA,,IDOLE AURA,3000426,1.00KG,330,$ 90
LANVIN,ECLAT,LZ,SCANDAL,236025,1.00KG,420,$ 115
LANVIN,MARRY ME,LZ,FIANCEE,230759,1.00KG,390,$ 107
LANVIN,MODERN PRINCESS,LZ,SECRET GIRLFRIEND,233994-A,1.00KG,275,$ 75
LANVIN,ECLAT D ARPEGE,LZ,SCANDALIA,233299,1.00KG,275,$ 75
LANVIN,L HOMME,,L HOMME,240016,1.00KG,600,$ 164
L'ARTISAN PARFUMEUR,LE CHANT DE CAMARGUE,LZ,SAVORY PROVENCE,343782,1.00KG,610,$ 167
LATTAFA,OUD MOOD,,OUD MOOD,250444,1.00KG,850,$ 232
LATTAFA,NERBAS,,NERBAS,250443,1.00KG,550,$ 150
LATTAFA,AFFECTION,,AFFECTION,250278,1.00KG,450,$ 123
LATTAFA,ANA ABIYEDH SCARLET,,ANA ABIYEDH SCARLET,250268,1.00KG,850,$ 232
LATTAFA,ECLAIRE,,ECLAIRE,250125,1.00KG,450,$ 123
LATTAFA,NOW,,NOW,250028,1.00KG,550,$ 150
LATTAFA,KHAMRA QAWA,,KHAMRA QAWA,250029,1.00KG,310,$ 85
LATTAFA,ASAD BOUBORN,,ASAD BOUBORN,240840,1.00KG,500,$ 137
LATTAFA,AMEER AL OUDH TOP,,AMEER AL OUDH TOP,240739,1.00KG,450,$ 123
LATTAFA,AMEER AL OUDH,,AMEER AL OUDH,240452,1.00KG,330,$ 90
LATTAFA,YARA CANDY,,YARA CANDY,240528,1.00KG,450,$ 123
LATTAFA,ASAD,,ASAD,240285,1.00KG,450,$ 123
LATTAFA,KHAMRA TOP,,KHAMRA TOP,240226,1.00KG,550,$ 150
LATTAFA,BLUE OUD,LZ,BLUE OUD LZ,343705-A,1.00KG,600,$ 164
LATTAFA,ANA ABIYEDH,,ANA ABIYEDH,3000427,1.00KG,330,$ 90
LATTAFA,AZEEZAH,,AZEEZAH,3000428,1.00KG,275,$ 75
LATTAFA,ROUAT AL MUSK,,ROUAT AL MUSK,3000429,1.00KG,275,$ 75
LATTAFA,YARA PINK TOP,,YARA PINK TOP,240159,1.00KG,450,$ 123
LATTAFA,YARA PINK SUPER,,YARA PINK,240227,1.00KG,300,$82
LAVENDER,LAVENDER,,LAVENDER,3000430,1.00KG,275,$ 75
LAVERNE,MISS LAVERNE,,MISS LAVERNE,240958,1.00KG,1200,$ 327
LAVERNE,BLUE LAVERNE BAKHUR TOP,,BLUE LAVERNE BAKHUR TOP,240809,1.00KG,850,$ 232
LE LABO,EUCLYPTUS 20,,EUCLYPTUS 20,250445,1.00KG,850,$ 232
LE LABO,NEROLI 36,,NEROLI 36,240766,1.00KG,700,$ 191
LE LABO,THE MATCHA 26,,THE MATCHA 26,240706,1.00KG,1000,$ 273
LE LABO,SEDRAT 37,LZ,BRIGHT FESTIVAL,503905,1.00KG,630,$ 172
LE LABO,SEDRAT 37,LZ,BRIGHT FESTIVAL,503905-A,1.00KG,600,$ 164
LE LABO,TABAC 28,LZ,JACK,260955,1.00KG,700,$ 191
BRAND,NAME,ORI,CN,CODE,QTY,AED,USD
LE LABO,BAIE 19,LZ,GREEN ACCORD,261075-A,1.00KG,550,$ 150
LE LABO,ANOTHER 13,,ANOTHER 13,240216,1.00KG,700,$ 191
LE LABO,ANOTHER 13,LZ,LEITO,353973,1.00KG,1200,$ 327
LE LABO,ROSE 31 TOP,,ROSE 31 TOP,240429,1.00KG,1300,$ 355
LE LABO,SANTAL 33 TOP TOP,,SANTAL 33 TOP TOP,250037,1.00KG,1000,$ 273
LE LABO,SANTAL 33,LZ,MISTER SANDMAN,339155,1.00KG,440,$ 120
LE LABO,SANTAL 33 TOP,LZ,MISTER SANDMAN,339155-T,1.00KG,650,$ 178
LE LABO,VETIVER 46,LZ,WOOD ACCORD,239272,1.00KG,1430,$ 391
LE LABO,BERGAMOTE 22,,BERGAMOTE 22,250002,1.00KG,1500,$ 409
LE LABO,BERGAMOTE 22,LZ,CITRUS ACCORD,580174-T,1.00KG,1100,$ 301
LE LABO,BERGAMOTE 22,LZ,CITRUS ACCORD,580174,1.00KG,700,$ 191
LE LABO,BERGAMOTE 22,LZ,CITRUS ACCORD,580174-A,1.00KG,600,$ 164
LE LABO,GAIAC 10 TOKYO,LZ,SMOKY FOREST,261246,1.00KG,900,$ 246
LE LABO,PATCHOULI 24,LZ,WOODY CHYPRE ACCORD,352337,1.00KG,600,$ 164
LE LABO,THE NOIR 29,LZ,BLACK TEA ACCORD,580175,1.00KG,950,$ 260
LE LABO,MYRRHE 55,,MYRRHE 55,L836345,1.00KG,800,$ 218
LE LABO,VETIVER 46,,VETIVER 46,3000431,1.00KG,390,$ 107
LE LABO,THE NOIR 29,,THE NOIR 29,3000432,1.00KG,330,$ 90
LE LABO,SANTAL 33,,SANTAL 33,3000433,1.00KG,275,$ 75
LENGLING,SEKUSHI NO. 7,LZ,LEATHERY RAZZY,503811,1.00KG,580,$ 158
LENGLING,SEKUSHI NO. 7,,SEKUSHI NO. 7,3000434,1.00KG,500,$ 137
LORENZO,BLACK SEA,,BLACK SEA,250413,1.00KG,1000,$ 273
LORENZO,COFFE PASSION,,COFFE PASSION,250345,1.00KG,500,$ 137
LORENZO,SUN GRIA,,SUN GRIA,250126,1.00KG,700,$ 191
LORENZO,SPEACHLESS,,SPEACHLESS,250127,1.00KG,1000,$ 273
LORENZO,VAN BY RHUM,,VAN BY RHUM,49235JU,1.00KG,1300,$ 355
LORENZO,SUMMER HAMMER,,SUMMER HAMMER,240186,1.00KG,1200,$ 327
LORENZO VELLORESI,TEINT DE NEIGE,LZ,SNOW WHITE,232093,1.00KG,310,$ 85
LOTUS SAUDI,LOTUS SAUDI,,LOTUS SAUDI,3000435,1.00KG,275,$ 75
LAURENT MAZZONE,PISTACHE EAU DE PARFUME,,PISTACHE EAU DE PARFUME,250365,1.00KG,850,$ 232
LOUIS VUITTON,AMBRE LEVANT,,AMBRE LEVANT,250491,1.00KG,1500,$ 409
LOUIS VUITTON,INK MARK,,INK MARK,250366,1.00KG,850,$ 232
LOUIS VUITTON,RAIN TEA,,RAIN TEA,250367,1.00KG,850,$ 232
LOUIS VUITTON,MOON TALE,,MOON TALE,250368,1.00KG,850,$ 232
LOUIS VUITTON,FANTASMAGORY,,FANTASMAGORY,250324,1.00KG,1500,$ 409
LOUIS VUITTON,COSMIC CLOUD,,COSMIC CLOUD,250155,1.00KG,1200,$ 327
LOUIS VUITTON,SUN SONG -2025 TOP,,SUN SONG -2025 TOP,250096,1.00KG,1500,$ 409
LOUIS VUITTON,SUN SONG -2025 SUPER,,SUN SONG -2025 SUPER,250128,1.00KG,850,$ 232
LOUIS VUITTON,ELVES  TOP,,ELVES  TOP,250016,1.00KG,1500,$ 409
LOUIS VUITTON,ELVES,,ELVES,250103,1.00KG,1100,$ 301
LOUIS VUITTON,ELVES SUPER,,ELVES SUPER,250032,1.00KG,700,$ 191
LOUIS VUITTON,SUN SONG,,SUN SONG,240661,1.00KG,850,$ 232
LOUIS VUITTON,SPELL ON YOU TOP,,SPELL ON YOU TOP,240474,1.00KG,1400,$ 382
LOUIS VUITTON,LV LOVERS TOP,,LV LOVERS TOP,240445,1.00KG,3295,$ 900
LOUIS VUITTON,LV LOVERS  SUPER,,LV LOVERS,240362,1.00KG,1300,$ 355
LOUIS VUITTON,LV LOVERS,,LV LOVERS,240489,1.00KG,850,$ 232
LOUIS VUITTON,ROSE DES VENTS,,ROSE DES VENTS,240351,1.00KG,750,$ 205
LOUIS VUITTON,DANCING BLOSSOM TOP,,DANCING BLOSSOM TOP,240349,1.00KG,1400,$ 382
LOUIS VUITTON,AU HASARD,,AU HASARD,240248,1.00KG,1400,$ 382
LOUIS VUITTON,CACTUS GARDEN,,CACTUS GARDEN,240212,240212,1400,$ 382
LOUIS VUITTON,CONTRE MOI,LZ,COMPETITOR,339187,1.00KG,550,$ 150
LOUIS VUITTON,L IMMENSITE TOP,LZ,NEVER ENDING TOP,233336-T,1.00KG,1100,$ 301
LOUIS VUITTON,L IMMENSITE  A,LZ,NEVER ENDING,233336-A,1.00KG,650,$ 178
LOUIS VUITTON,OMBRE NOMADE,,OMBRE NOMADE,240050,1.00KG,915,$ 250
LOUIS VUITTON,OMBRE NOMADE TOP,,OMBRE NOMADE TOP,240051,1.00KG,1810,$ 495
LOUIS VUITTON,OMBRE NOMADE,,OMBRE NOMADE,250490,1.00KG,300,$ 80
LOUIS VUITTON,OMBRE NOMADE TOP,LZ,OUD AL IBN BATTUTA,503554-T,1.00KG,1600,$ 437
LOUIS VUITTON,OMBRE NOMADE,LZ,OUD AL IBN BATTUTA,503554,1.00KG,1050,$ 287
LOUIS VUITTON,OMBRE NOMADE,LZ,OUD AL IBN BATTUTA,503554-A,1.00KG,600,$ 164
LOUIS VUITTON,LE JOUR SE LEVE TOP,LZ,ANET,233138-T,1.00KG,1350,$ 369
LOUIS VUITTON,FLEUR DU DESERT TOP,,FLEUR DU DESERT TOP,240277,1.00KG,1200,$ 327
LOUIS VUITTON,CALIFORNIA DREAM,LZ,LAGUNA BEACH,503759,1.00KG,1300,$ 355
LOUIS VUITTON,IMAGINATION,LZ,CONTEMPORARY ELEGANCE,503876,1.00KG,1300,$ 355
LOUIS VUITTON,IMAGINATION,LZ,CONTEMPORARY ELEGANCE,503876-A,1.00KG,850,$ 232
LOUIS VUITTON,CITY OF STARS TOP,LZ,SHINE BRIGHT,233112-T,1.00KG,1400,$ 383
LOUIS VUITTON,CITY OF STARS,,CITY OF STARS,240937,1.00KG,1200,$ 327
LOUIS VUITTON,CITY OF STARS,LZ,SHINE BRIGHT,233112,1.00KG,650,$ 178
LOUIS VUITTON,STELLAR TIMES TOP,LZ,NO GRAVITY,343998-T,1.00KG,1600,$ 437
LOUIS VUITTON,STELLAR TIMES,,STELLAR TIMES,240930,1.00KG,850,$ 232
LOUIS VUITTON,ON THE BEACH TOP,LZ,SEA OF EMOTIONS,233485-T,1.00KG,980,$ 268
LOUIS VUITTON,AFTERNOON SWIM,LZ,MORA,261099-A,1.00KG,850,$ 232
LOUIS VUITTON,ON THE BEACH,LZ,SEA OF EMOTIONS,233485,1.00KG,660,$ 180
LOUIS VUITTON,AFTERNOON SWIM,,AFTERNOON SWIM,240168,1.00KG,850,$ 232
LOUIS VUITTON,AFTERNOON SWIM TOP,,AFTERNOON SWIM TOP,240298,1.00KG,1500,$ 409
LOUIS VUITTON,AFTERNOON SWIM,LZ,MORA,261099,1.00KG,1250,$ 342
BRAND,NAME,ORI,CN,CODE,QTY,AED,USD
LOUIS VUITTON,ORAGE TOP,,ORAGE TOP,240969,1.00KG,1200,$ 327
LOUIS VUITTON,ORAGE,LZ,VACULA,233496,1.00KG,660,$ 180
LOUIS VUITTON,ETOILE FILANTE,LZ,RESPLENDED STAR,343888-T,1.00KG,770,$ 210
LOUIS VUITTON,MATIERE NOIRE,,MATIERE NOIRE TOP,240377,1.00KG,1100,$ 301
LOUIS VUITTON,MATIERE NOIRE,LZ,CARBON VARNISH,400065,1.00KG,1650,$ 451
LOUIS VUITTON,SUR LA ROUTE,,SUR LA ROUTE,240143,1.00KG,1100,$ 301
LOUIS VUITTON,METEORE,,MAGNETIC ELEGENCE,240014,1.00KG,990,$ 270
LOUIS VUITTON,MYRIAD TOP,,MYRIAD TOP,240612,1.00KG,1500,$ 409
LOUIS VUITTON,MYRIAD,,MYRIAD,240040,1.00KG,990,$270
LOUIS VUITTON,ATTRAPE REVES,,ATTRAPE REVES,240109,1.00KG,1080,$ 295
LOUIS VUITTON,COEUR BATTANT TOP,,COEUR BATTANT TOP,240467,1.00KG,550,$ 150
LOUIS VUITTON,PACIFIC CHILL,,SERENE LANDSCAPE,240015,1.00KG,990,$ 270
LOUIS VUITTON,PACIFIC CHILL,,PACIFIC CHILL,240520,1.00KG,1900,$ 519
LOUIS VUITTON,SYMPHONY TOP,,SYMPHONY,240013,1.00KG,990,$270
LOUIS VUITTON,I'IMMENSITE TOP,,L IMMENSITE,240077,1.00KG,1300,$ 355
LOUIS VUITTON,LES SABLES ROSES TOP,,LES SABLES ROSES TOP,240617,1.00KG,1900,$ 519
LOUIS VUITTON,LES SABLES ROSES,,LES SABLES ROSES,240007,1.00KG,700,$ 191
LOUIS VUITTON,NOUVEAU MONDE TOP,,NOUVEAU MONDE TOP,240473,1.00KG,1810,$ 495
LOUIS VUITTON,IMAGINATION TOP TOP,,IMAGINATION TOP TOP,250219,1.00KG,2100,$ 573
LOUIS VUITTON,IMAGINATION TOP,,IMAGINATION,240075,1.00KG,2000,$ 546
LOUIS VUITTON,IMAGINATION,,IMAGINATION,240076,1.00KG,850,$ 232
LOUIS VUITTON,NUIT DE FEU TOP,,NUIT DE FEU TOP,240663,1.00KG,1500,$ 409
LOUIS VUITTON,APOGEE TOP,,APOGEE TOP,240594,1.00KG,850,$ 232
LOUIS VUITTON,TURBULENCES,,TURBULENCES,3000437,1.00KG,275,$ 75
LOUIS VUITTON,MILE FEUX,,MILE FEUX,3000438,1.00KG,275,$ 75
LOUIS VUITTON,MATIERE NOIRE FR,,MATIERE NOIRE FR,3000439,1.00KG,275,$ 75
LOUIS VUITTON,LE JOUR SE LEVE,,LE JOUR SE LEVE,3000440,1.00KG,770,$ 210
LOUIS VUITTON,DANS LA PEAU,,DANS LA PEAU,3000441,1.00KG,610,$ 167
LOUIS VUITTON,PUR OUD,,PUR OUD,240486,1.00KG,900,$ 246
LOUIS VUTTON,ORAGE,LZ,VACULA,233496-B,1.00KG,580,$ 158
LUBAN,LUBAN,LZ,FRANKINCENSE BASE,343630,1.00KG,550,$ 150
LUBAN,ATTAR LUBAN,,ATTAR LUBAN,3000442,1.00KG,390,$ 107
MELANIE MARTINEZ,CRY BABY MILK PERFUME,,CRY BABY MILK PERFUME,250189,1.00KG,550,$ 150
MERCEDES BENZ,CLUB BLACK,,CLUB BLACK,250040,1.00KG,700,$ 191
MAX MARA,LE PARFUM,,LE PARFUM,240950,1.00KG,850,$ 232
MAISON MATAHA,CAFÉ DES DELICES,,CAFÉ DES DELICES,250340,1.00KG,700,$ 191
MAISON MATAHA,ESCAPDE GOURMANDE,,ESCAPDE GOURMANDE,240731,1.00KG,1100,$ 301
MIND GAMES,CHECK PLEASE,,CHECK PLEASE,250354,1.00KG,1100,$ 301
MIND GAMES,EN PRISE,,EN PRISE,250130,1.00KG,550,$ 150
MIND GAMES,SISSA,,SISSA,250086,1.00KG,1000,$ 273
MIND GAMES,CAISSA,,CAISSA,250089,1.00KG,1000,$ 273
MIND GAMES,J ADOUBE,,J ADOUBE,250091,1.00KG,1000,$ 273
MIND GAMES,LIONORA,,LIONORA,250092,1.00KG,1100,$ 301
MIND GAMES,QUEENING,,QUEENING,240959,1.00KG,850,$ 232
MIND GAMES,BLOCKADE TOP,,BLOCKADE TOP,240675,1.00KG,2000,$ 546
MAGIC AL JAZEERA,MAGIC AL JAZEERA,,MAGIC AL JAZEERA,3000443,1.00KG,275,$ 75
MAH,VANILLE SOMPTUEUSE,,VANILLE SOMPTUEUSE,3000444,1.00KG,610,$ 167
MAISON CRIVELLI,AMBRE CHORMATIQUE,,AMBRE CHORMATIQUE,250168,1.00KG,1500,$ 409
MAISON CRIVELLI,SAFRAN SECRET,,SAFRAN SECRET,240989,1.00KG,1900,$ 519
MAISON CRIVELLI,IRIS MALIKHAN,,IRIS MALIKHAN,240873,1.00KG,1400,$ 382
MAISON CRIVELLI,OUD STALLION,,OUD STALLION,240571,1.00KG,1850,$ 505
MAISON CRIVELLI,SANTAL VOLCANIQUE,,SANTAL VOLCANIQUE,240562,1.00KG,1300,$ 355
MAISON CRIVELLI,OUD CADENZA,,OUD CADENZA,240496,1.00KG,1500,$ 409
MAISON CRIVELLI,"CUIR INFRAROUGE EXTRAIT
DE PARFUM",,"CUIR INFRAROUGE
EXTRAIT DE PARFUM",240448,1.00KG,1900,$ 519
MAISON CRIVELLI,TUBERUSE ASTRALE,,TUBERUSE ASTRALE,240487,1.00KG,1300,$ 355
MAISON CRIVELLI,HIBISCUS MAHAJAD SUPER,,HIBISCUS MAHAJAD SUPER,240230,1.00KG,550,$ 150
MAISON CRIVELLI,HIBISCUS MAHAJAD TOP,,HIBISCUS MAHAJAD,240087,1.00KG,1500,$ 409
MAISON CRIVELLI,OUD MARACUJA TOP,,OUD MARACUJA TOP,3343358,1.00KG,2300,$628
MAISON CRIVELLI,OUD MARACUJA HIGH,,OUD MARACUJA,240613,1.00KG,1500,$409
MAISON CRIVELLI,OUD MARACUJA,,OUD MARACUJA,240042,1.00KG,850,$232
MAISON F.,LE BEAU PARFUME 2025,,LE BEAU PARFUME 2025,250100,1.00KG,1100,$301
MAISON F.,"MASCULINE PLURIEL EDT 2014
TOP",,"MASCULINE PLURIEL EDT 2014
TOP",250069,1.00KG,1900,$519
MAISON F.,MASCULINE PLURIEL EDT 2014,,PLURIEL EDT 2014,250007,1.00KG,850,$232
MAISON F.,FEMININ  PLURIEL,,FEMININ  PLURIEL,250009,1.00KG,850,$232
MAISON F.,AMYRIS HOMME,,AMYRIS HOMME,240951,1.00KG,1200,$327
MAISON F.,KURKY,,KURKY,240943,1.00KG,1500,$409
MAISON F.,OUD SILK MOOD,,OUD SILK MOOD,240597,1.00KG,1300,$355
MAISON F.,OUD SATIN MOOD EXT DE,LZ,COSY WOOD,353819-T,1.00KG,940,$ 257
MAISON F.KURKDIJA,OUD SATIN MOOD EXT DE,LZ,COSY WOOD,353819,1.00KG,550,$ 150
MAISON F.,OUD SATIN MOOD  TOP,,OUD SATIN MOOD  TOP,240279,1.00KG,3625,$990
MAISON F.,OUD SATIN MOOD  SUPER,,OUD SATIN MOOD  SUPER,240538,1.00KG,1500,$409
MAISON F.,GRAND SOIR,,GRAND SOIR,240163,1.00KG,900,$245
MAISON F.,GENTLE FLUDITY GOLD TOP,,GENTLE FLUDITY GOLD TOP,240035,1.00KG,1100,$ 301
MAISON F.,GENTLE FLUDITY GOLD,,GENTLE FLUDITY GOLD,240066,1.00KG,1000,$ 273
MAISON F.,GENTLE FLUDITY SILVER,,GENTLE FLUDITY SILVER,240138,1.00KG,950,$ 260
MAISON F.,BACCARAT ROUGE 540,,FESTIVE KURAT,240021,1.00KG,250,$ 68
MAISON F. KURKDJIA,BACCARAT ROUGE 540 TOP TOP,,BACCARAT ROUGE 540 TOP TOP,240062,1.00KG,1700,$ 464
MAISON F. KURKDJIA,BACCARAT ROUGE 540 TOP,,BACCARAT ROUGE 540 TOP,240537,1.00KG,1500,$ 409
MAISON F.,BACCARAT ROUGE 540,LZ,SWEET ESCAPE,233206-T,1.00KG,990,$ 270
MAISON F.,BACCARAT ROUGE 541,LZ,SWEET ESCAPE,233206-A,1.00KG,450,$ 123
MAISON F.,BACCARAT ROUGE 540,LZ,SWEET ESCAPE,233206,1.00KG,550,$ 150
MAISON F. KURKDIJA.,BACCARAT R. 540 EXT DE PARFUM TOP,LZ,SWEETEST ESCAPE,233930-T,1.00KG,1350,$ 369
"MAISON F.
KURKDIJA.","BACCARAT R. 540 EXT DE
PARFUM",LZ,SWEETEST ESCAPE,233930-A,1.00KG,450,$ 123
"MAISON F.
KURKDJIA.","BACCARAT R. 540 EXT DE
PARFUM",LZ,SWEETEST ESCAPE,233930,1.00KG,550,$ 150
MAISON F.,AQUA CELESTIA,LZ,FLORAL WATER,342795,1.00KG,760,$ 208
BRAND,NAME,ORI,CN,CODE,QTY,AED,USD
MAISON F.,OUD,LZ,MOSSY WOOD,339491,1.00KG,610,$ 167
MAISON F.,PETIT MATIN,LZ,FRENCH SUNRISE,339355,1.00KG,370,$ 101
"MAISON F.
KURKDJIA","AQUA VITAE COLOGNE
FORTE",LZ,CITRUS WATER,339996,1.00KG,660,$ 180
MAISON F.,AQUA CELESTIA FORTE,LZ,FLORAL WATER NOIR,343906-T,1.00KG,770,$ 210
MAISON F.,AQUA UNIVERSALS COLOGNE,LZ,ELIXIR OF LIFE,233503,1.00KG,660,$ 180
MAISON F.,AQUA MEDIA FORTE,LZ,CALMING TIME,462490-T,1.00KG,800,$ 219
"MAISON F.
KURKDJIA","A LA ROSE POUR HOMME
TOP",,"A LA ROSE POUR HOMME
TOP",240403,1.00KG,1500,$ 409
MAISON F.,MASCULIN PLURIEL,,MASCULIN PLURIEL,3000445,1.00KG,330,$ 90
MAISON FRANCIS,724 TOP,,724 TOP,240407,1.00KG,1050,$ 287
MAISON MARGIELA,REPLICA NEVER ENDING SUMMER,,REPLICA NEVER ENDING SUMMER,250085,1.00KG,850,$ 232
MAISON MARGIELA,WHISPERS IN THE LIBRARY,,WHISPERS IN THE LIBRARY,240841,1.00KG,1500,$ 409
MAISON MARGIELA,COFFE BREAK,,COFFE BREAK,240817,1.00KG,850,$ 232
MAISON MARGIELA,LAZY SUNDAY MORNING,,LAZY SUNDAY MORNING,240742,1.00KG,900,$ 245
MAISON MARGIELA,AUTUMN VIBES,,AUTUMN VIBES,240701,1.00KG,950,$ 232
MAISON MARGIELA,MATCHA MEDITATION,,MATCHA MEDITATION,240477,1.00KG,850,$ 232
MAISON MARGIELA,JAZZ CLUB,,JAZZ CLUB,240289,1.00KG,900,$ 245
MAISON MARGIELA,BY THE FIRE PLACE,,BY THE FIRE PLACE,240140,1.00KG,850,$ 232
MAISON MARGIELA,AT THE BARBER'S REPLICA,,AT THE BARBER'S REPLICA,3000446,1.00KG,330,$ 90
MAISON MARTIN,LAZY SUNDAY MORNING,LZ,COZY CUDDLES,154519,1.00KG,900,$ 246
MAKKAH,MAKKAH,,MAKKA,3000447,1.00KG,550,$ 150
MAKKAH TOP,MAKKAH TOP,,MAKKAH TOP,3000448,1.00KG,1650,$ 451
MANCERA,OMBRE TONKA,,OMBRE TONKA,250409,1.00KG,850,$ 232
MANCERA,XPLICIT VANILLA,,XPLICIT VANILLA,250212,1.00KG,700,$ 191
MANCERA,FRENCH RIVIERE INTENSE,,FRENCH RIVIERE INTENSE,250267,1.00KG,550,$ 150
MANCERA,HINDU KUSH,,HINDU KUSH,240871,1.00KG,1200,$ 327
MANCERA,AMORE CAFFE,,AMORE CAFFE,240867,1.00KG,900,$ 245
MANCERA,CHERRY CHERRY,,CHERRY CHERRY,240846,1.00KG,700,$ 191
MANCERA,FRENCH RIVIERE,,FRENCH RIVIERE,240621,1.00KG,1300,$ 355
MANCERA,INSTANT CRUSH,,INSTANT CRUSH,240275,1.00KG,900,$ 245
MANCERA,TONKA COLA,LZ,SWEET CANNELLA,336336,1.00KG,700,$ 191
MANCERA,AMBERFULL,,AMBERFULL,240447,1.00KG,850,$ 232
MANCERA,ROSES VANILLE TOP LZ,LZ,ROSE IN GOLD,231673-T,1.00KG,610,$ 167
MANCERA,COCO VANILLE,LZ,PARADISE IN GOLD,680191,1.00KG,275,$ 75
MANCERA,COCO VANILLE,LZ,PARADISE IN GOLD,680191 A,1.00KG,275,$ 75
MANCERA,BLACK VANILLA,LZ,FLORAL TOUCH,700901,1.00KG,390,$ 107
MANCERA,AOUD ORCHID,LZ,PRECIOUS GIFT,462182,1.00KG,550,$ 150
MANCERA,AOUD VANILLE,,AOUD VANILLE,3000449,1.00KG,275,$ 75
MANCERA,CEDRAT BOIS,,CEDRAT BOIS,240133,1.00KG,450,$ 123
MANCERA,MIDNIGHT GOLD,,MIDNIGHT GOLD,3000450,1.00KG,275,$ 75
MANCERA,RED TOBACCO,,RED TOBACCO,240053,1.00KG,1000,$ 273
MANCERA,ROSE & CHOCOLATE,,ROSE & CHOCOLATE,3000451,1.00KG,275,$ 75
MANCERA,ROSE VANILLA TOP,,ROSE VANILLA TOP,3000452,1.00KG,390,$ 107
MANCERA,ROSE VANILLAE MANCERA,,ROSE VANILLAE MANCERA,3000453,1.00KG,275,$ 75
MANCERA,JUICY FLOWERS,,JUICY FLOWERS,3000454,1.00KG,275,$ 75
MARC JACOBS,PERFECT ABSOLUTE,,PERFECT ABSOLUTE,250285,1.00KG,1000,$ 273
MARC JACOBS,LOLA,,LOLA,250075,1.00KG,850,$ 232
MARC JACOBS,PERFECT,,PERFECT,240692,1.00KG,850,$ 232
MARC JACOBS,DAISY,,DAISY,240029,1.00KG,275,$ 75
MARC ANTOINE,ALDEBARAN TOP,,ALDEBARAN TOP,240976,1.00KG,1300,$ 355
MARC ANTOINE,ALDEBARAN,,ALDEBARAN,240977,1.00KG,850,$ 232
MARC ANTOINE,TILIA,,TILIA,240508,1.00KG,1100,$ 301
MARC ANTOINE,TILIA,,TILIA,240208,1.00KG,990,$ 270
M.A.B,GANYMEDE TOP,,GANYMEDE,240074,1.00KG,1300,$ 355
MARC ANTOINE,GANYMEDE TOP,LZ,KAZBEK,503934-T,1.00KG,1100,$ 301
MARC ANTOINE,GANYMEDE,LZ,KAZBEK,503934 A,1.00KG,330,$ 90
MARC-ANTOINE,GANYMEDE,LZ,KAZBEK,503934,1.00KG,1000,$ 273
MARC-ANTOINE,ENCELADE,,ENCELADE,250252,1.00KG,550,$ 150
MARC-ANTOINE,B683,LZ,DREAM WORLD,354207-T,1.00KG,1050,$ 287
MARC-ANTOINE,B683,LZ,DREAM WORLD,354207-B,1.00KG,380,$ 104
MARC-ANTOINE,GANYMADE EXTRAIT,LZ,KAZBEK ULTRA,680406,1.00KG,950,$ 260
MARYAM,MARYAM,LZ,MARYAM,349447,1.00KG,390,$ 107
MARYAM,MARYAM TOP,,MARYAM TOP,3000455,1.00KG,500,$ 137
MATIERE PREMIERE,VANILLA POWDER EXTRAIT,,VANILLA POWDER EXTRAIT,250296,1.00KG,1500,$ 409
MATIERE PREMIERE,SANTAL AUSTRAL,,SANTAL AUSTRAL,250172,1.00KG,2000,$ 546
MATIERE PREMIERE,NEROLI ORANGER,,NEROLI ORANGER,250077,1.00KG,1500,$ 409
MATIERE PREMIERE,RADICAL ROSE,,RADICAL ROSE,250045,1.00KG,1900,$ 519
MATIERE PREMIERE,FALCON LEATHER TOP,,FALCON LEATHER TOP,240674,1.00KG,1500,$ 409
MATIERE PREMIERE,VANILLA POWDER,,VANILLA POWDER,240309,1.00KG,1500,$ 409
MATIERE PREMIERE,VANILLA POWDER TOP,,VANILLA POWDER TOP,250097,1.00KG,2300,$ 628
MATIERE PREMIERE,PARISIAN MUSC,,PARISIAN MUSC,3000456,1.00KG,1150,$ 314
BRAND,NAME,ORI,CN,CODE,QTY,AED,USD
MATIERE PREMIERE,CRYSTAL  SAFFRON,,CRYSTAL  SAFFRON,240579,1.00KG,1200,$327
MAYCAM AMR,MAYCAM AMR,,MAYCAM AMR,3000457,1.00KG,250,$ 68
MAYCAM FR,MAYCAM,,MAYCAM,3000458,1.00KG,275,$ 75
MEMO PARIS,RED ISLAND,,RED ISLAND,250255,1.00KG,850,$ 232
MEMO PARIS,INLE,,INLE,250070,1.00KG,700,$ 191
MEMO PARIS,CORFU,,CORFU,240792,1.00KG,1500,$ 409
MEMO PARIS,INDIAN LEATHER,,INDIAN LEATHER,240644,1.00KG,850,$ 232
MEMO PARIS,MADURAI,,MADURAI,240548,1.00KG,850,$ 232
MEMO,AFRICAN LEATHER,LZ,MAASAI NOMAD,339052,1.00KG,940,$ 257
MEMO,EAU DE MEMO,LZ,GOLDEN SPARROWS,260810,1.00KG,660,$ 180
MEMO,IRISH OUD,LZ,DUBLIN NOMAD OOD,353126,1.00KG,940,$ 257
MEMO,MOROCCAN LEATHER,LZ,FEZ NOMAD,353804,1.00KG,1380,$ 377
MEMO,RUSSIAN LEATHER,LZ,SIBERIAN NOMAD,502577-A,1.00KG,440,$ 120
MEMO,MARFA,LZ,BEHIND BLUE EYES,502545,1.00KG,880,$ 240
MEMO,FRENCH LEATHER,LZ,GRASSE NOMAD,701764-T,1.00KG,990,$ 270
MEMO,IRISH LEATHER LZ,LZ,DUBLIN NOMAD,351852,1.00KG,830,$ 227
MEMO,SICILIAN LEATHER,LZ,PALERMO NOMAD,462040,1.00KG,720,$ 197
MEMO,IBERIAN LEATHER,LZ,MADRID NOMAD,462230,1.00KG,800,$ 219
MEMO,OCEAN LEATHER,LZ,WILD SEA,461907,1.00KG,610,$ 167
MEMO,MALLORCAN ALMOND OUD,LZ,BALEARIC WINGS,343917-T,1.00KG,770,$ 210
MEMO,CORFU MEMO,LZ,RASHING ROCKS,343913,1.00KG,610,$ 167
MEMO,AFRICAN LEATHER,,AFRICAN LEATHER,3000459,1.00KG,1210,$ 331
MEMO,IRISH  LEATHER,,IRISH  LEATHER,3000460,1.00KG,610,$ 167
MEMO,IRISH OUD TOP,,IRISH OUD TOP,3000461,1.00KG,1430,$ 391
MEMO,JANNAT,,JANNAT,3000462,1.00KG,550,$ 150
MEMO,TIGER S NEST,,TIGER S NEST,3000463,1.00KG,550,$ 150
MEMO,DESERT ORANGE BLOSSOM,,DESERT ORANGE BLOSSOM,3000464,1.00KG,275,$ 75
MEMO PARIS,SHERWOOD,,SHERWOOD,3000465,1.00KG,1900,$519
MEMO.,TAMARINDO,LZ,WHITE BEACH,353748,1.00KG,610,$ 167
MICHAEL KORS,SEXY AMBER,,SEXY AMBER,3000466,1.00KG,275,$ 75
MICHAEL KORS,GLAM JASMINE,,GLAM JASMINE,3000467,1.00KG,275,$ 75
MICHAELA,MUKALLAT  MIC,,MUKALLAT  MIC,3000468,1.00KG,275,$ 75
MIKHALAH,MIKHALAH,,MIKHALAH,3000469,1.00KG,275,$ 75
MOLTON BROWN,TABACCO ABSOLUTE,LZ,SMOKY HEAVEN,343827,1.00KG,440,$ 120
MONA DI ORIO,BOHEA BOHEME,LZ,GOLDEN TEA,339421,1.00KG,550,$ 150
MONO DI ORIO,DOJIMA,LZ,LUXURT GOLD DROPS,343847,1.00KG,660,$ 180
MONT BLANC,PATCHOULI INK,,PATCHOULI INK,240494,1.00KG,1100,$ 301
MONT BLANC,LEGEND BLUE,,LEGEND BLUE,240282,1.00KG,550,$ 150
MONT BLANC,SIGNATURE,LZ,SNOWCRYSTAL,343835,1.00KG,550,$ 150
MONT BLANC,MONTBLANC LEGEND SPIRIT,,MONTBLANC LEGEND SPIRIT,3000470,1.00KG,275,$ 75
MONT BLANC,EXPLORAR PLATINUM,,EXPLORAR PLATINUM,240131,1.00KG,950,$ 260
MONT BLANC,MONTBLANC EXPLORER TOP,,MONTBLANC EXPLORER TOP,240636,1.00KG,990,$ 270
MONTALE,DARK VANILLA,,DARK VANILLA,250486,1.00KG,850,$ 232
MONTALE,STARRY NIGHTS INTENSE,,STARRY NIGHTS INTENSE,250405,1.00KG,550,$ 150
MONTALE,PATCHOULI LEAVES,,PATCHOULI LEAVES,250396,1.00KG,550,$ 150
MONTALE,MY PLUM,,MY PLUM,250355,1.00KG,700,$ 191
MONTALE,OUD SAPPAROT,,OUD SAPPAROT,250213,1.00KG,850,$ 232
MONTALE,ARABIANS ROSE LEATHER,,ARABIANS ROSE LEATHER,250226,1.00KG,1000,$ 273
MONTALE,RENDEZ-VOUS CHEZ HARRODS,,RENDEZ-VOUS CHEZ HARRODS,250018,1.00KG,850,$ 232
MONTALE,DALLACHAI,,DALLACHAI,250017,1.00KG,850,$ 232
MONTALE,OUD AMAZING,,OUD AMAZING,240971,1.00KG,1300,$ 355
MONTALE,BEAST LOVE 2024,,BEAST LOVE 2024,240757,1.00KG,1100,$ 301
MONTALE,ARABIANS MUSK 2024,,ARABIANS MUSK 2024,240745,1.00KG,450,$ 123
MONTALE,ROSES MUSK TOP,,ROSES MUSK,240592,1.00KG,1000,$ 273
MONTALE,SWEET VANILLA,LZ,GOLDEN HERO,503594,1.00KG,275,$ 75
MONTALE,RENDEZ- VOUS A PARIS,LZ,TOWER OF LOVE,701830,1.00KG,650,$ 178
MONTALE,AOUD FOREST,LZ,WATER WOOD,232475,1.00KG,440,$ 120
MONTALE,BLACK AOUD AOUD TOP,,BLACK AOUD AOUD TOP,240717,1.00KG,900,$ 245
MONTALE,BLACK AOUD,LZ,OUD MYSTERY,650079-B,1.00KG,550,$ 150
MONTALE,DARK PURPLE,LZ,FARIDA,343775,1.00KG,330,$ 90
MONTALE,KABUL AOUD,LZ,BABUR,339321-B,1.00KG,390,$ 107
MONTALE,MUKHALLAT,LZ,VANILLA JAMIL,339410,1.00KG,275,$ 75
MONTALE,MUSK ROSE,LZ,ENCHANTED ROSE,338329,1.00KG,610,$ 167
MONTALE,SO AMBER,LZ,ORIENTAL SUN,461196,1.00KG,610,$ 167
MONTALE,SPICY AOUD,LZ,ORIENTAL WOOD,343625-B,1.00KG,330,$ 90
MONTALE,STARRY NIGHTS,LZ,ZORKA,343731,1.00KG,550,$ 150
MONTALE,TROPICAL WOOD,LZ,SINGAPURE,502575,1.00KG,390,$ 107
MONTALE,INTENSE CAFÉ TOP,,INTENSE CAFÉ TOP,240470,1.00KG,585,$ 160
MONTALE,WILD PEARS,LZ,PYRUS SAUVAGE,338798,1.00KG,275,$ 75
MONTALE,CHOCOLATE GREEDY,LZ,SWEET WOLVERINE,502557,1.00KG,275,$ 75
MONTALE,ARABIANS TONKA,LZ,MIDDLE EASTERN DREAM,336258,1.00KG,650,$ 178
MONTALE,LUCKY CANDY,,LUCKY CANDY,YE64897,1.00KG,1000,$ 272
BRAND,NAME,ORI,CN,CODE,QTY,AED,USD
MONTALE,BLACK OUD,,BLACK OUD,3000471,1.00KG,310,$ 85
MONTALE,INTENSE CAFÉ,,INTENSE CAFÉ,3000472,1.00KG,275,$ 75
MONTALE,MUSK ROSE,,MUSK ROSE,3000473,1.00KG,275,$ 75
MONTALE,SENSUAL INSTINCT,,SENSUAL INSTINCT,3000474,1.00KG,275,$ 75
MONTALE,INTENSE CAFÉ RISTRETTO,,INTENSE CAFÉ RISTRETTO,3000475,1.00KG,275,$ 75
MONTALE,ARABIANS TONKA,,ARABIANS TONKA,240027,1.00KG,550,$ 150
MONTANA,MONTANA PARFUM DE PEAU,LZ,CLAUDINE,883052-B,1.00KG,275,$ 75
MONTBLANC,EXPLORER ULTRA BLUE,,EXPLORER ULTRA BLUE,3000476,1.00KG,275,$ 75
MONTBLANC,LEGEND RED,,LEGEND RED,3000477,1.00KG,275,$ 75
MOSCHINO,FUNNY,LZ,HILARIOUS,347616,1.00KG,515,$140
MOSCHINO,TOY 2 BUBBLE GUM,LZ,PINK CANDIES,680251,1.00KG,390,$ 107
MOSCHINO,MOSCHINO TOY BOY,LZ,ROSE FOR MEN,233168,1.00KG,550,$ 150
MOSCHINO,TOY 2,LZ,YELLOW CANDIES,701800-T,1.00KG,750,$ 205
MOSCHINO,FUNNY,,FUNNY,240083,1.00KG,510,$ 140
MOSCHINO,FOREVER,,FOREVER,240084,1.00KG,700,$ 191
MOSCHINO,CHEAP &  CHIC I LOVE,,CHEAP &  CHIC I LOVE,240114,1.00KG,275,$ 75
MUKALLAT 786,MUKALLAT 786,,MUKALLAT 786,3000478,1.00KG,440,$ 120
MUKALLAT AL,MUKHALAT AL DAHBI,,MUKHALAT AL DAHBI,3000479,1.00KG,660,$ 180
MUKALLAT ALAH,MUKHALLAT ALAH,,MUKHALAT ALAH,3000480,1.00KG,550,$ 150
MUKALLAT,MA'AJOON AL ARABIA AL,,MAAJOON AL ARABIA MU,3000481,1.00KG,390,$ 107
MUKALLAT BMW,MUKALLAT BMW,,MUKALLAT BMW,3000482,1.00KG,440,$ 120
MUKALLAT,CREATION,,CREATION,3000483,1.00KG,330,$ 90
MUKALLAT,CREATION,,CREATION,3000484,1.00KG,310,$ 85
MUKALLAT FATIMA,MUKALLAT FATIMA,,MUKALLAT FATIMA,3000485,1.00KG,275,$ 75
MUKALLAT YAS,BAKHOOR ZAYED,,BAKHOOR ZAYED,3000486,1.00KG,275,$ 75
MUKALLAT ZAYED,MUKHALLAT ZAYED,,MUKHALLAT ZAYED,MASUM,1.00KG,1100,$ 301
MUKHALLAT,IBRAHIM,LZ,TOOSIE SLIDE,580092,1.00KG,960,$ 262
MUKHALLAT,MUKHALLAT KUWAIT,LZ,MUKHALLAT KUWAIT,3000487,1.00KG,390,$ 107
MUKHALLAT,MUKHALLAT,LZ,TOOSIE SLIDE,580092-B,1.00KG,550,$ 150
MUKHALLAT,MUKALLAT MASUM,,MUKALLAT MASUM,3000488,1.00KG,150,$ 41
MUSK,AL TAHRA WHITE,,AL TAHRA WHITE,240718,1.00KG,275,$ 75
MUKHALLAT,MUKHALLAT BADAR,,MUKHALLAT BADAR,3000489,1.00KG,275,$ 75
MUSK,MISK WITH STRAWBERRY,,MISK WITH STRAWBERRY,250176,1.00KG,275,$ 75
MUSK,MISK WITH CHOCOLATE,,MISK WITH CHOCOLATE,250190,1.00KG,450,$ 123
MUSK,MISK WITH CHOCOPISTA,,MISK WITH CHOCOPISTA,250191,1.00KG,450,$ 123
MUSK,MISK WITH MARSHMALLOW,,MISK WITH MARSHMALLOW,250192,1.00KG,400,$ 109
MUSK,MISK WITH HUDSON VALLEY,,MISK WITH HUDSON VALLEY,240737,1.00KG,350,$ 96
MUSK,MISK WITH GISSAH IMPERIAL VALLEY,,MISK WITH GISSAH IMPERIAL VALLEY,240736,1.00KG,350,$ 96
MUSK,MISK WITH PINK SUGAR,,MISK WITH PINK SUGAR,240679,1.00KG,250,$ 68
MUSK,MISK WITH GOOD GIRL,,MISK WITH GOOD GIRL,240680,1.00KG,250,$ 68
MUSK,MISK WITH ERBA PURA,,MISK WITH ERBA PURA,240681,1.00KG,275,$ 75
MUSK,MISK WITH BLUEBERRY NAVY,,MISK WITH BLUEBERRY NAVY,240682,1.00KG,275,$ 75
MUSK,MISK WITH BLUBERRY,,MISK WITH BLUBERRY,240683,1.00KG,250,$ 68
MUSK,MISK WITH PINEAPPLE,,MISK WITH PINEAPPLE,240684,1.00KG,275,$ 75
MUSK,SAFI,,SAFI,240252,1.00KG,450,$ 123
MUSK,RUMMAN,LZ,MUSK AL ROMAN YS,354068,1.00KG,350,$ 96
MUSK,MUKHALLAT MUSK,LZ,MUKHALLAT MUSK,285044,1.00KG,720,$ 197
MUSK,SHAIK AL SHYUKH,LZ,WHITE MUSK AZ,339296,1.00KG,470,$ 128
MUSK,MISK WITH POMEGRANATE,,MISK WITH POMEGRANATE,240685,1.00KG,250,$ 68
MUSK,MISK WITH PEACH,LZ,MISK AL KHUKH,353685,1.00KG,275,$ 75
MUSK,MISK WITH ROSE,LZ,MISK AL WARD,353981,1.00KG,275,$ 75
MUSK,MISK WITH ORANGE,LZ,MISK AL BURTUQAL,353931,1.00KG,275,$ 75
MUSK,MISK WITH LAVENDOR,LZ,MISK AL KHUZAMA,352319-A,1.00KG,275,$ 75
MUSK,MISK POWDER,LZ,MISK POWDER,354040,1.00KG,330,$ 90
MUSK,MISK WITH  APPLE,LZ,MISK AL TAFAHA,353916,1.00KG,330,$ 90
MUSK,MISK WITH OUD,LZ,MISK AL OUD,354045,1.00KG,440,$ 120
MUSK,MISK WITH  MULBERRY,LZ,MISK AL TOOT,353914,1.00KG,390,$ 107
MUSK,MISK WITH KAMUTHRAA,LZ,MISK AL KAMUTHRAA,353944,1.00KG,275,$ 75
MUSK,MISK WITH CHERRY,LZ,MISK AL KARZ,353943,1.00KG,275,$ 75
MUSK,MISK WITH VANILANA,LZ,MISK AL VANILANA,353982,1.00KG,275,$ 75
MUSK,MISK AL BARGHMUT,LZ,MISK AL BARGHMUT,353115,1.00KG,295,$ 81
MUSK,MISK AL LUBAN,LZ,MISK AL LUBAN,350531,1.00KG,390,$ 107
MUSK,MUSK TAHARA,,MUSK TAHARA,3000490,1.00KG,275,$ 75
MUSK,MUSK TAHARA,,MUSK TAHARA,3000491,1.00KG,275,$ 75
"MUSK AL GAZAL
BLACK",MUSK AL GAZAL BLACK,,MUSK AL GAZAL BLACK,3000492,1.00KG,330,$ 90
BRAND,NAME,ORI,CN,CODE,QTY,AED,USD
MUSK AL,MUSK AL SHOYOUKH LUZI,LZ,MUSK AL SHOYOUKH,260659-T,1.00KG,720,$ 197
MUSK AL SHYUKH,MUSK AL SHYUKH,,MUSK AL SHYUKH,3000493,1.00KG,550,$ 150
MUSK AL SHYUKH MILKY,MUSK AL SHYUKH MILKY,,MUSK AL SHYUKH MILKY,3000494,1.00KG,610,$ 167
MUSK AL TAHARA,MISK AL TAHARA,LZ,MISK AL TAHARA,351820-F,1.00KG,275,$ 75
MUSK AL TAHARA,MISK AL TAHARA,LZ,MISK AL TAHARA,351820-L,1.00KG,330,$ 90
"MUSK SOFT AND
MUSK",SOFT AND MUSK,,SOFT AND MUSK,3000495,1.00KG,390,$ 107
MUSK SOFT MUSK,SOFT MUSK,,SOFT MUSK,3000496,1.00KG,275,$ 75
MUSK,WHITE MUSK,,WHITE MUSK,240173,1.00KG,450,$ 123
NUSUK,RAHEEQ,,RAHEEQ,250343,1.00KG,550,$ 150
NABEEL,NASAEM LZ,LZ,ESSENTIAL BAKHOOR,232975-A,1.00KG,275,$ 75
NABEEL,BAKHOOR TOUCH ME TOP,,BAKHOOR TOUCH ME TOP,3000497,1.00KG,390,$ 107
NABEEL,BUKHOOR ETISALBI,,BAKHOUR ETISALBI,3000498,1.00KG,275,$ 75
NABEEL,BUKHOOR TOUCH ME,,BAKHOUR TOUCH ME,3000499,1.00KG,275,$ 75
NABEEL,LOUNA,,LOUNA,3000501,1.00KG,330,$ 90
NABEEL,NASAEM,,NASAEM,3000502,1.00KG,275,$ 75
NAGARMOTHA,NAGARMOTHA TOP,,NAGARMOTHA TOP,3000503,1.00KG,3850,"$ 1,052"
NARCISO,MUSC NOIR FOR HER,,MUSC NOIR FOR HER,250287,1.00KG,1000,$ 273
NARCISO,FOR HER (BLACK),,FOR HER (BLACK),250151,1.00KG,550,$ 150
NARCISO,EAU DE PERFUME RADIANTE,,EAU DE PERFUME RADIANTE,250084,1.00KG,850,$ 232
NARCISO,RODRIGUEZ BLEU NOIR FOR HIM PERFUME,,RODRIGUEZ BLEU NOIR FOR HIM PERFUME,250039,1.00KG,850,$ 232
NARCISO,RODRIGUEZ FOR HER PINK EDITION,,RODRIGUEZ FOR HER PINK EDITION,240956,1.00KG,1200,$ 327
NARCISO,RODRIGUEZ FOR HER INTENSE,,RODRIGUEZ FOR HER INTENSE,240949,1.00KG,1300,$ 355
NARCISO,SAFFRAN MUSC,,SAFFRAN MUSC,240821,1.00KG,1300,$ 355
NARCISO,FOR HER MUSC NUDE,,FOR HER MUSC NUDE,240379,1.00KG,1000,$ 273
NARCISO,FLEUR MUSC FOR HER,LZ,TWILIGHT FLOWER,461300-B,1.00KG,330,$ 90
NARCISO,ALL OF ME,LZ,RESUME FOR HER,354351,1.00KG,800,$ 219
NARCISO,AMBER MUSE FOR HER,,AMBER MUSE FOR HER,3000504,1.00KG,275,$ 75
NARCISO,BLEU NOIR FOR HIM,,BLEU NOIR FOR HIM,3000505,1.00KG,275,$ 75
NARCISO,NARCISO EAU DE PER,,NARCISO EAU DE PER,3000506,1.00KG,275,$ 75
NARCISO,NARCISO RODRIGUEZ MEN,,NARCISO RODRIGUEZ MEN,3000507,1.00KG,275,$ 75
NARCISO,NARCISO ROUGE ( RED ),,NARCISO ROUGE ( RED ),250146,1.00KG,600,$ 164
NARCISO,OUD MUSC,,OUD MUSC,3000509,1.00KG,330,$ 90
NARCISO,POUDREE TOP,,POUDREE TOP,240651,1.00KG,1100,$ 301
NARCISO,PURE MUSC FOR HER TOP,,PURE MUSC FOR HER TOP,240423,1.00KG,900,$ 245
NARCISO,ALL OF ME,,ALL OF ME,DF23F45,1.00KG,950,$ 260
NARCISO,FOR HIM,,FOR HIM,240699,1.00KG,850,$232
NASOMATTO,BARAONDA TOP,,BARAONDA TOP,240746,1.00KG,1900,$519
NASOMATTO,BARAONDA,,BARAONDA,240270,1.00KG,1400,$ 382
NASOMATTO,BLACK AFGANO TOP,,BLACK AFGANO TOP,250315,1.00KG,1200,$ 327
NASOMATTO,BLACK AFGANO SUPER,,BLACK AFGANO SUPER,250316,1.00KG,850,$ 232
NASOMATTO,BLACK AFGANO,,BLACK AFGANO,250317,1.00KG,275,$ 75
NASOMATTO,BLACK AFGANO,LZ,BLACK EBONY,359607,1.00KG,990,$ 270
NASOMATTO,BLACK AFGANO,LZ,BLACK EBONY,359607-A,1.00KG,620,$ 169
NASOMATTO,BLACK AFGANO,LZ,BLACK EBONY,359607-B,1.00KG,430,$ 117
NASOMATTO,BLACK AFGANO TOP TOP,LZ,BLACK EBONY,359607-T,1.00KG,1800,$ 492
NASOMATTO,CHINA WHITE,LZ,MING DYNASTY,461187,1.00KG,610,$ 167
NASOMATTO,NARCOTIC VENUS WOMAN,LZ,DELPHINUS,339277,1.00KG,610,$ 167
NASOMATTO,NUDIFLORUM,LZ,SKIN TOUCH,339406,1.00KG,940,$ 257
NASOMATTO,FANTOMAS,LZ,LOUIDENES,503818,1.00KG,1320,$ 361
NASOMATTO,SADONASO,LZ,FIGHT BACK,344230,1.00KG,1100,$ 301
NASOMATTO,SADONASO,LZ,FIGHT BACK,344230-A,1.00KG,580,$ 158
NASOMATTO,NUDIFLORUM TOP,,NUDIFLORUM,240107,1.00KG,940,$ 257
NASOMATTO,BLACK AFGHANO,,BLACK AFGHANO,3000511,1.00KG,275,$ 75
NASOMATTO,SADONASO TOP,,SADONASO TOP,3000512,1.00KG,1400,$ 383
NICOLAI,PATCHOULI INTENSE TOP,LZ,ALQUITTARA,339332-T,1.00KG,850,$ 232
NINA RICCI,NINA  TOP,,NINA TOP,240325,1.00KG,550,$ 150
NINA RICCI,BELLA,,BELLA,3000513,1.00KG,275,$ 75
NINA RICCI,LUNA BLUE APPLE,,LUNA BLUE APPLE,3000514,1.00KG,275,$ 75
NINA RICCI,NINA RED APPLE,,NINA RED APPLE,3000515,1.00KG,275,$ 75
NINA RICCI,NINA ROUGE,,NINA ROUGE,3000516,1.00KG,275,$ 75
NINA RICCI,NINA EXTRA ROUGE,,NINA EXTRA ROUGE,3000517,1.00KG,275,$ 75
NISHANE,MEANT TO BE SEEN,,MEANT TO BE SEEN,250328,1.00KG,2000,$ 546
NISHANE,TERO,,TERO,240999,1.00KG,700,$ 191
NISHANE,HACIVAT OUD,,HACIVAT OUD,240957,1.00KG,1500,$ 409
NISHANE,ANI X,,ANI X,240569,1.00KG,1500,$ 409
NISHANE,DEZIRO,,DEZIRO,240507,1.00KG,700,$ 191
NISHANE,SULTAN VETIVER,,SULTAN VETIVER,240313,1.00KG,1000,$ 273
NISHANE,NEFS,,NEFS,240437,1.00KG,1800,$ 491
NISHANE,KARAGOZ,,KARAGOZ,240184,1.00KG,1200,$ 327
BRAND,NAME,ORI,CN,CODE,QTY,AED,USD
NISHANE,FAN YOUR FLAMES TOP,,FAN YOUR FLAMES TOP,240303,1.00KG,1050,$ 287
NISHANE,HACIVAT,LZ,SPIRIT OF ART,461860-A,1.00KG,650,$ 178
NISHANE,HACIVAT,,HACIVAT,240148,1.00KG,550,$ 150
NISHANE,HUNDRED SILENT WAYS X,,HUNDRED SILENT WAYS X,EFS973,1.00KG,1400,$ 382
NISHANE,HUNDRED SILENT WAYS,,HUNDRED SILENT WAYS,240108,1.00KG,1000,$ 273
NISHANE,ANI,,ANI,240126,1.00KG,1000,$ 273
NISHANE,SHEM,,SHEM,3000518,1.00KG,780,$ 213
NISHANE,AMBRA CALABRIA,,AMBRA CALABRIA,3000519,1.00KG,900,$ 246
NISHANE,WULONG CHA X,,WULONG CHA X,250303,1.00KG,1200,$ 327
NISHANE,WULONG CHA,,WULONG CHA,240005,1.00KG,550,$ 150
NISHANE,FAVONIUS,,FAVONIUS,3000521,1.00KG,1500,$ 410
NISHANE,FAN YOUR FLAMES X,,FAN YOUR FLAMES X,3000522,1.00KG,1800,$ 491
NISHANE,"NISHANE HACIVAT EXTRAIT
DE PARFUM TOP",,"NISHANE HACIVAT EXTRAIT
DE PARFUM TOP",3000523,1.00KG,1600,$ 437
NISHANE,NISHANE HACIVAT EXTRAIT DE PARFUM,,NISHANE HACIVAT EXTRAIT DE PARFUM,240052,1.00KG,730,$ 200
NIVEA,NIVEA MEN PARIS SAINT,,NIVEA MEN PARIS SAINT,3000524,1.00KG,275,$ 75
OMAN LUXURY,WONDERLUST,,WONDERLUST,250291,1.00KG,1800,$ 491
OMAN LUXURY,CADEN,,CADEN,250280,1.00KG,990,$ 270
OMAN LUXURY,ROYAL INCENSE,,ROYAL INCENSE,250011,1.00KG,1200,$ 327
ORMAIE,LIVREE NUIT EXTRAIT,,LIVREE NUIT EXTRAIT,250404,1.00KG,1000,$ 273
ORMAIE,MARQUE-PAGE,LZ,UNIOUE WANDER,261138-T,1.00KG,1550,$ 423
OBVIOUS,UNE PISTACHE EDP,,UNE PISTACHE EDP,240874,1.00KG,950,$ 260
ORMONDE JAYNE,MONTABACCO RIO 2025,,MONTABACCO RIO 2025,250115,1.00KG,1500,$ 409
ORMONDE JAYNE,AMBRE ROYAL,,AMBRE ROYAL,240719,1.00KG,1100,$ 301
ORMONDE JAYNE,MONTABACCO VERANO,,MONTABACCO VERANO,240512,1.00KG,1500,$ 409
ORMONDE JAYNE,ZIZAN,,ZIZAN,240348,1.00KG,900,$ 245
ORMONDE JAYNE,MONTABACO TOP,LZ,TOBACCO BROWN SUEDE,260728-T,1.00KG,1070,$ 292
ORMONDE JAYNE,MONTABACO,LZ,TOBACCO BROWN SUEDE,260728,1.00KG,550,$ 150
ORMONDE JAYNE,MONTABACO,LZ,TOBACCO BROWN SUEDE,260728-A,1.00KG,450,$ 123
ORMONDE JAYNE,"2 NAWAB OF OUDH
INTENSIVO",LZ,I REPRESENT YOU,233510-T,1.00KG,990,$ 270
ORMONDE JAYNE,OUDH FLOR PARFUM (HA,LZ,SIGHTS IN LONDON,336318-T,1.00KG,1130,$ 309
ORMONDE JAYNE,OSMANTHUS,,OSMANTHUS,240112,1.00KG,1100,$ 301
ORTO PARISI,RISVELIUM,,RISVELIUM,250050,1.00KG,1300,$ 355
ORTO PARISI,MEGAMARE,LZ,MIGHT,503782-A,1.00KG,1650,$ 451
ORTO PARISI,TERRONI,LZ,RED EBONY,343773-A,1.00KG,550,$ 150
ORTO PARISI,CUOIUM TOP,LZ,FIERCE LEATHER,503930-T,1.00KG,1800,$ 492
ORTO PARISI,CUOIUM,LZ,FIERCE LEATHER,503930,1.00KG,1600,$ 437
ORTO PARISI,MEGAMARE,,MEGAMARE,3000525,1.00KG,2200,$ 601
ORTO PARISI,MEGAMARE TOP TOP,,MEGAMARE TOP TOP,3000526,1.00KG,1650,$ 451
ORTO PARISI,BERGAMASK TOP,,BERGAMASK,240081,1.00KG,1100,$ 301
ORTO PARISI,BRUTUS,,BRUTUS,3000527,1.00KG,1000,$ 273
ORTO PARISI,SEMINALIS,,SEMINALIS,3000528,1.00KG,1100,$ 301
ORTO PARISI,STERCUS,,STERCUS,3000529,1.00KG,1550,$ 423
ORTO PARISI,VIRIDE TOP,,VIRIDE TOP,240385,1.00KG,1000,$ 273
OUD,OUD SHAMS,LZ,OUD ASSAM,343973,1.00KG,1600,$ 437
OUD,DAHNAL OUD ASAMI,,DAHNAL OUD ASAMI,3000530,1.00KG,660,$ 180
OUD,DAHNAL OUD BORMI,,DAHNAL OUD BORMI,3000531,1.00KG,1650,$ 451
OUD,DAHNAL OUD COMBODI,,DAHNAL OUD COMBODI,3000532,1.00KG,660,$ 180
OUD,DAHNAL OUD SUPAR,,DAHNAL OUD SUPAR,3000533,1.00KG,2750,$ 751
OUD,OUD SAUDI,,OUD SAUDI,3000534,1.00KG,610,$ 167
OUD,DAHNAL OUD KALAKASI,,DAHNAL OUD KALAKASI,3000535,1.00KG,420,$ 115
OUD AL MAS,OUD AL MAS,,OUD AL MAS,3000536,1.00KG,500,$ 137
OUD AL,OUD AL MUBAKHAR,,OUD AL MUBAKHAR,3000537,1.00KG,310,$ 85
OUD BALLA,OUD BALLA,,OUD BALLA,3000538,1.00KG,330,$ 90
OUD BALLA TOP,OUD BALLA TOP,,OUD BALLA TOP,3000539,1.00KG,550,$ 150
OUD COLLECTION,OUD COLLECTION,,OUD COLLECTION,3000541,1.00KG,275,$ 75
OUD HAMDDAN,OUD HAMDDAN,,OUD HAMDDAN,3000542,1.00KG,390,$ 107
OUD LAOSI,OUD LAOSI,,OUD LAOSI,3000543,1.00KG,2200,$ 601
OUD MITALIYA RS,OUD MITALIYA RS,,OUD MITALIYA RS,3000544,1.00KG,330,$ 90
OUDH BOYA  NT,OUDH BOYA NT ABS,,OUDH BOYA NT ABS,3000545,1.00KG,5500,"$ 1,503"
BRAND,NAME,ORI,CN,CODE,QTY,AED,USD
PACO RABANNE,MILLION GOLD ELIXIR,,MILLION GOLD ELIXIR,250058,1.00KG,850,$232
PACO RABANNE,FAME IN LOVE,,FAME IN LOVE,250375,1.00KG,1500,$409
PACO RABANNE,INVICTUS VICTORY ABSOLU 2025,,INVICTUS VICTORY ABSOLU 2025,250201,1.00KG,850,$232
PACO RABANNE,DANDY ME,,DANDY ME,250076,1.00KG,850,$232
PACO RABANNE,INVICTUS VICTORY ABSOLU,,INVICTUS VICTORY ABSOLU,250044,1.00KG,1300,$355
PACO RABANNE,OLYMPEA ABSOLU,,OLYMPEA ABSOLU,250038,1.00KG,700,$191
PACO RABANNE,"MILLION GOLD FOR HER PURE
JASMINE",,"MILLION GOLD FOR HER PURE
JASMINE",240980,1.00KG,850,$232
PACO RABANNE,MILLION GOLD,,MILLION GOLD,240499,1.00KG,800,$ 218
PACO RABANNE,PHANTHOM ELIXIR,,PHANTHOM ELIXIR,240819,1.00KG,900,$ 245
PACO RABANNE,FAME INTENSE,,FAME INTENSE,240652,1.00KG,700,$ 191
PACO RABANNE,MILLION GOLD FOR HER,,MILLION GOLD FOR HER,240581,1.00KG,1100,$ 301
PACO RABANNE,ONE MILLION ROYAL,,ONE MILLION ROYAL,240552,1.00KG,900,$ 245
PACO RABANNE,BLACK XS,LZ,CRYPTIC,606822-C,1.00KG,350,$ 96
PACO RABANNE,EBONY ABUNDANCE/EXCESS,LZ,EBONY ABUNDANCE,340170-B,1.00KG,300,$ 82
PACO RABANNE,EBONY ABUNDANCE/EXCESS,LZ,EBONY ABUNDANCE,340170-C,1.00KG,275,$ 75
PACO RABANNE,BLACK EXCESS,,BLACK EXCESS,240729,1.00KG,275,$ 75
PACO RABANNE,INVICTUS,,INVICTUS,240182,1.00KG,390,$ 107
PACO RABANNE,INVICTUS LZ,LZ,BIG HIT,230790-AH,1.00KG,390,$ 107
PACO RABANNE,OLYMPEA BLOSSOM,LZ,DONNA MAGNIFICA,233459-A,1.00KG,450,$ 123
PACO RABANNE,OLYMPEA FLOR,LZ,FLORE MAGNIFICO,354299-A,1.00KG,600,$ 164
PACO RABANNE,LADY MILLION TOP,,LADY MILLION TOP,240421,1.00KG,650,$ 178
PACO RABANNE,LADY MILLION,LZ,DOLLAR BABY,650103-A,1.00KG,275,$ 75
PACO RABANNE,LADY MILLION TOP,LZ,DOLLAR BABY,650103-T,1.00KG,450,$ 123
PACO RABANNE,1 MILLION ELIXIR,LZ,CASTLE STREET,354120,1.00KG,750,$ 205
PACO RABANNE,INVICTUS PLATINUM,,INVICTUS PLATINUM,240234,1.00KG,1100,$ 301
PACO RABANNE,INVICTUS PLATINUM,LZ,THE BIGGEST HIT,336174-T,1.00KG,750,$ 205
PACO RABANNE,FAME,LZ,SOPHISTICATED LADY,462298,1.00KG,650,$ 178
PACO RABANNE,1 MILLION LUCKY TOP,,1 MILLION LUCKY TOP,240443,1.00KG,750,$ 205
PACO RABANNE,1 MILLION,,1 MILLION,240181,1.00KG,450,$ 123
PACO RABANNE,1 MILLION,,1 MILLION,250104,1.00KG,275,$ 75
PACO RABANNE,PHANTOM PARFUME TOP,,PHANTOM PARFUME TOP,240634,1.00KG,990,$ 270
PACO RABANNE,PHANTOM PARFUME,,PHANTOM PARFUME,240137,1.00KG,480,$ 131
PACO RABANNE,1 MILLION GOLDEN OUD,,1 MILLION GOLDEN OUD,240574,1.00KG,1300,$ 355
PACO RABANNE,BLACK XS LA FOR HER,,BLACK XS LA FOR HER,3000546,1.00KG,275,$ 75
PACO RABANNE,DANGEROUS ME,,DANGEROUS ME,3000550,1.00KG,275,$ 75
PACO RABANNE,EROTIC ME,,EROTIC ME,3000551,1.00KG,275,$ 75
PACO RABANNE,INVICTUS AQUA 2024,,INVICTUS AQUA 2024,240575,1.00KG,1000,$ 273
PACO RABANNE,INVICTUS AQUA,,INVICTUS AQUA,3000553,1.00KG,330,$ 90
PACO RABANNE,INVICTUS LEGEND,,INVICTUS LEGEND,3000554,1.00KG,275,$ 75
PACO RABANNE,LADY MILLION EMPIRE,,LADY MILLION EMPIRE,3000555,1.00KG,330,$ 90
PACO RABANNE,LADY MILLION LUCKY,,LADY MILLION LUCKY,3000556,1.00KG,275,$ 75
PACO RABANNE,OLYMPEA TOP,,OLYMPEA TOP,240584,1.00KG,700,$ 191
PACO RABANNE,OLYMPEA LEGEND,,OLYMPEA LEGEND,3000557,1.00KG,275,$ 75
PACO RABANNE,PURE XS,,PURE XS,3000558,1.00KG,275,$ 75
PACO RABANNE,STRONG ME,,STRONG ME,3000559,1.00KG,275,$ 75
PACO RABANNE,1 MILLION PARFUM,,1 MILLION PARFUM,3000560,1.00KG,275,$ 75
PACO RABANNE,LADY MILLION FABULOUS,,LADY MILLION FABULOUS,3000561,1.00KG,275,$ 75
PACO RABANNE,PHANTOM,,PHANTOM,3000562,1.00KG,330,$ 90
PACO RABANNE,INVICTUS VICTORY ELIXIR,,INVICTUS VICTORY ELIXIR,240155,1.00KG,650,$ 178
PACO RABANNE,INVICTUS VICTORY TOP,,INVICTUS VICTORY TOP,240390,1.00KG,330,$ 90
PACO RABANNE,INVICTUS ONYX,,INVICTUS ONYX,3000563,1.00KG,275,$ 75
PHLUR,VANILLA NECTAR,,VANILLA NECTAR,250426,1.00KG,275,$ 75
PHLUR,BEACH SKIN,,BEACH SKIN,250391,1.00KG,550,$ 150
PHLUR,PEACH SKIN,,PEACH SKIN,250309,1.00KG,330,$ 90
PARFUME DE,ATHENAIS,,ATHENAIS,250476,1.00KG,1000,$ 273
PARFUME DE,ERAGON,,ERAGON,250302,1.00KG,1500,$ 409
PARFUME DE,VALERO,,VALERO,250301,1.00KG,1100,$ 301
PARFUME DE,CASTLEY TOP,,CASTLEY TOP,250098,1.00KG,1500,$ 409
PARFUME DE,CASTLEY SUPER,,CASTLEY SUPER,250132,1.00KG,700,$ 191
PARFUME DE,VALAYA EXCLUSIF,,VALAYA EXCLUSIF,250019,1.00KG,1300,$ 355
PARFUME DE,ALTHALIA,,ALTHALIA,240797,1.00KG,550,$ 150
PARFUME DE,PALATINE,,PALATINE,240526,1.00KG,1000,$ 273
PARFUME DE,CASILLI TOP,,CASILLI TOP,240414,1.00KG,800,$ 218
PARFUME DE,HEROD TOP,,HEROD TOP,240412,1.00KG,850,$ 232
PARFUME DE,PERCIVAL TOP,,PERCIVAL TOP,240361,1.00KG,550,$ 150
PARFUME DE,PERSUS,,PERSUS,240204,1.00KG,900,$ 245
PARFUME DE,ALTHAIR TOP,,ALTHAIR TOP,240633,1.00KG,990,$ 270
PARFUME DE,ALTHAIR,,ALTHAIR,240041,1.00KG,950,$260
PARFUME DE,CARLISLE,,CARLISLE,240206,1.00KG,900,$245
PARFUME DE,PEGASUS TOP,,PEGASUS,240073,1.00KG,750,$205
PARFUMES DE,HALTANE TOP,,HALTANE TOP,240595,1.00KG,1600,$437
PARFUMES DE,HALTANE,LZ,WINGARDIUM LEVIOSA,234078,1.00KG,730,$ 199
PARFUMES DE,LAYTON EXCLUSIF TOP,,LAYTON EXCLUSIF TOP,240264,1.00KG,1100,$301
PARFUMES DE,DELINA EXCLUSIF TOP,,DELINA EXCLUSIF TOP,3000564,1.00KG,1075,$ 293
PARFUMES DE,DELINA EXCLUSIF,,DELINA EXCLUSIF,240046,1.00KG,700,$ 191
PARFUMES DE,SEDLEY TOP,,SEDLEY TOP,240302,1.00KG,1100,$ 301
BRAND,NAME,ORI,CN,CODE,QTY,AED,USD
PARFUMES DE,SEDLEY,LZ,SAMOTA,503864,1.00KG,650,$ 178
PARFUMS DE,SHAGYA,LZ,SPADAR,261092-T,1.00KG,720,$ 197
PARFUMS DE,SEDBURY,LZ,KVETKA,680247-XX,1.00KG,620,$ 169
PARFUMS DE,DARCY,LZ,ROYAL EQUESTRIAN YS,694434,1.00KG,490,$ 134
PARFUMS DE,SFAND,LZ,RANAK,233560,1.00KG,620,$ 169
PARFUMS DE,OAJAN,LZ,ADEN,233522,1.00KG,520,$ 142
PARFUMS DE,NISEAN,LZ,VOKA YS,694430,1.00KG,730,$ 199
PARFUMS DE,MELIORA,LZ,ZENITH,353760,1.00KG,350,$ 96
PARFUMS DE,GALLOWAY,LZ,ROYAL ASCOT YS,694431,1.00KG,720,$ 197
PARFUMS DE,VALAYA,LZ,SPIRIT OF FEMINACY,336329,1.00KG,650,$ 178
PARFUMS DE,VALAYA TOP,,VALAYA TOP,240573,1.00KG,1500,$ 409
PARFUMS DE,GREENLY TOP,,GREENLY TOP,240175,1.00KG,1100,$ 301
PARFUMS DE,GREENLY,LZ,MARA,354056-T,1.00KG,700,$ 191
PARFUMS DE,ISPAZON,LZ,VODAR,233500,1.00KG,550,$ 150
PARFUMS DE,ORIANA,LZ,CRISEIDE,503894,1.00KG,550,$ 150
PARFUMS DE,DELINA LA ROSES,,DELINA LA ROSES,240210,1.00KG,1000,$ 273
PARFUMS DE,PEGASUS EXCLUSIF,,PEGASUS EXCLUSIF,240144,1.00KG,950,$ 260
PARFUMS DE,KALAN TOP,,KALAN TOP,240916,1.00KG,1100,$ 301
PERFUMES DE,DELINA TOP,,DELINA TOP,240171,1.00KG,950,$260
PERFUMS DE MARLY,LAYTON TOP,,LAYTON TOP,240411,1.00KG,1000,$273
PARIS HILTON,HOTEL,LZ,HOTEL,346720-A,1.00KG,275,$ 75
PARIS HILTON,PARIS HILTON TOP,,PARIS HILTON TOP,240770,1.00KG,350,$ 96
PATCHOULI,PATCHOULI,,PATCHOULI,3000567,1.00KG,275,$ 75
PATCHOULI,PATCHOULI PURE TOP,,PATCHOULI PURE TOP,3000568,1.00KG,660,$ 180
PENHALIGONS,THE CUT,,THE CUT,250431,1.00KG,700,$ 191
PENHALIGONS,MR HARROD,,MR HARROD,250362,1.00KG,1500,$ 409
PENHALIGONS,VRA VRA VROOM,,VRA VRA VROOM,250052,1.00KG,700,$ 191
PENHALIGONS,FORTUITOUS FINLEY EDP,,FORTUITOUS FINLEY EDP,250014,1.00KG,1200,$ 327
PENHALIGONS,THE DANDY,,THE DANDY,240751,1.00KG,1400,$ 382
PENHALIGONS,CHANGING CONSTANCE,,CHANGING CONSTANCE,240749,1.00KG,1100,$301
PENHALIGONS,HALFETI CEDAR,,HALFETI CEDAR,240583,1.00KG,1100,$ 301
PENHALIGONS,CAIRO,,CAIRO,240471,1.00KG,1050,$ 287
PENHALIGONS,ALULA,,ALULA,240295,1.00KG,1300,$ 355
PENHALIGONS,"THE OMNISCIENT MR
THOMPSON",,"THE OMNISCIENT MR
THOMPSON",240836,1.00KG,900,$245
PENHALIGON'S,THE BLAZING MR SAM,LZ,BLUE BULL,339913-A,1.00KG,600,$ 164
PENHALIGON'S,THE BLAZING MR SAM,LZ,BLUE BULL,339913-B,1.00KG,450,$ 123
PENHALIGON'S,CLANDESTINE CLARA 2017,LZ,PEACOCKS EYE,233253,1.00KG,720,$ 197
PENHALIGON'S,HALFETI,LZ,TURKISH VILLAGE,461624,1.00KG,530,$ 145
PENHALIGON'S,"THE TRAGEDY OF LORD
GEORGE TOP",,"THE TRAGEDY OF LORD
GEORGE TOP",240604,1.00KG,1200,$ 327
PENHALIGON'S,"THE WORLD ACCORDING
ARTHUR",,"THE WORLD ACCORDING
ARTHUR",240657,1.00KG,1500,$ 409
PENHALIGON'S,LEGACY OF PETRA,LZ,TREASURE IN THE ROCK,462342,1.00KG,600,$ 164
PENHALIGON'S,SPORTS CAR CLUB,,SPORTS CAR CLUB,250364,1.00KG,1500,$ 409
PENHALIGON'S,THE BEWTCHING YESMIN,,THE BEWTCHING YESMIN,240130,1.00KG,700,$ 191
PENHALIGON'S,EMPRESSA,,EMPRESSA,3000570,1.00KG,275,$ 75
PENHALIGON'S,HALFETI,,HALFETI,3000571,1.00KG,275,$ 75
PENHALIGON'S,HALFETI LEATHER TOP,,HALFETI LEATHER TOP,3000572,1.00KG,610,$ 167
PHILIPP PLEIN,THE SKULL,LZ,JET SETTER,233476-T,1.00KG,880,$ 240
PHILIPP PLEIN,NO LIMITS,,NO LIMITS,3000573,1.00KG,330,$ 90
POWDERY,BABY SHOP,LZ,BABY SHOP,232064-N,1.00KG,275,$ 75
POWDERY,KIDDY,LZ,KIDDY,338905-A,1.00KG,275,$ 75
POWDERY,BABELION,LZ,BEBELION,359984,1.00KG,275,$ 75
PRADA,MARIENBAD,,MARIENBAD,250458,1.00KG,550,$ 150
PRADA,PARADIGME,,PARADIGME,250217,1.00KG,850,$ 232
PRADA,PRADA PARADOXE RADICAL ESSENCE 2025,,PRADA PARADOXE RADICAL ESSENCE 2025,250202,1.00KG,850,$ 232
PRADA,LUNA ROSSA EXTREAM,,LUNA ROSSA EXTREAM,250026,1.00KG,850,$ 232
PRADA,PARADOXE INTENSE,,PARADOXE INTENSE,240927,1.00KG,950,$ 260
PRADA,PARADOXE VIRTUAL FLOWER,,PARADOXE VIRTUAL FLOWER,240689,1.00KG,1300,$ 355
PRADA,PRADA CANDY,LZ,MISS LOLIPOP,230210,1.00KG,490,$ 134
PRADA,L HOMME TOP,,L HOMME TOP,240440,1.00KG,700,$ 191
PRADA,LUNA ROSSA BLACK TOP,,LUNA ROSSA BLACK TOP,240352,1.00KG,850,$ 232
PRADA,PRADA CANDY NIGHT,,PRADA CANDY NIGHT,3000574,1.00KG,275,$ 75
PRADA,LUNA ROSSA OCEAN,,LUNA ROSSA OCEAN,240079,1.00KG,700,$ 191
PRADA,PARADOXE TOP,,PARADOXE TOP,240034,1.00KG,1000,$ 273
PRADA CANDY,PRADA CANDY,,PRADA CANDY,3000575,1.00KG,275,$ 75
RAMON BEJAR,BLACK STONE EXTRAIT DE,,BLACK STONE EXTRAIT DE,250335,1.00KG,1500,$ 409
REMY LATOURE,CIGAR,,CIGAR,250143,1.00KG,700,$ 191
REEF PERFUMES,REEF 27,,REEF 27,240012,1.00KG,850,$ 232
REEF PERFUMES,REEF 6,,REEF 6,240523,1.00KG,850,$ 232
REEF PERFUMES,REEF 11,,REEF 11,240892,1.00KG,1000,$ 273
REEF PERFUMES,ARABS OF DIRIYAH,,ARABS OF DIRIYAH,240889,1.00KG,1000,$ 273
REEF PERFUMES,REEF 19,,REEF 19,240890,1.00KG,1000,$ 273
REEF PERFUMES,REEF 33 WHITE,,REEF 33 WHITE,240891,1.00KG,1000,$ 273
REEF PERFUMES,REEF 33,,REEF 33,240549,1.00KG,850,$ 232
RALPH LAURAN,POLO 67,,POLO 67,240896,1.00KG,1100,$ 301
RALPH LAURAN,"POLO EARTH AUSTRAL
SANDALWOOD",,"POLO EARTH AUSTRAL
SANDALWOOD",240814,1.00KG,700,$ 191
RALPH LAURAN,RALPH'S CLUB PARFUM,,RALPH'S CLUB PARFUM,3000576,1.00KG,275,$ 75
RALPH LAUREN,POLO SUPREME OUD,LZ,RITZY JERSEY,501985-A,1.00KG,550,$ 150
BRAND,NAME,ORI,CN,CODE,QTY,AED,USD
RALPH LAUREN,POLO RED,,POLO RED,240128,1.00KG,450,$ 123
RALPH LAUREN,POLO BLUE,,POLO BLUE,240288,1.00KG,580,$ 158
RALPH LAUREN,POLO SPORT,,POLO SPORT,240725,1.00KG,275,$ 75
RALPH LAUREN,POLO ULTRA BLUE MAN,,POLO ULTRA BLUE MAN,3000579,1.00KG,275,$ 75
RALPH LAUREN,WOMAN,,WOMAN,3000580,1.00KG,275,$ 75
RALPH LAUREN,POLO SPORT,,POLO SPORT,3000581,1.00KG,275,$ 75
RALPH LAUREN,POLO DEEP BLUE,,POLO DEEP BLUE,3000582,1.00KG,300,$ 82
RAMON MONEGAL,MATADOR,,MATADOR,250424,1.00KG,700,$ 191
RAMON MONEGAL,FLAMENCO,LZ,SPANISH DANCE,343771,1.00KG,600,$ 164
RASASI,BLUE LADY,,BLUE LADY,250065,1.00KG,275,$ 75
RASASI,HAWAS ICE,,HAWAS ICE,240038,1.00KG,300,$ 82
RASASI,HAWAS,,HAWAS,240054,1.00KG,275,$ 75
RASASI,AFSHAN,,AFSHAN,3000583,1.00KG,275,$ 75
RASASI,BAKHOOR AL DHEKRA,,BAKHOOR AL DHEKRA,3000584,1.00KG,440,$ 120
RASASI,BAKHOOR JEBAL ALI,,BAKHOOR JEBAL ALI,3000585,1.00KG,275,$ 75
RASASI,BAKHOOR JEBAL ALI TOP,,BAKHOOR JEBAL ALI TOP,3000586,1.00KG,500,$ 137
RASASI,"BAKHOOR RAQIYA
AMBROXAN",,"BAKHOOR RAQIYA
AMBROXAN",3000587,1.00KG,330,$ 90
RASASI,BAKHOOR RAQIYA CASHMERAN,,BAKHOOR RAQIYA CASHMERAN,3000588,1.00KG,390,$ 107
RASASI,EMOTION MEN,,EMOTION MEN,3000590,1.00KG,275,$ 75
RASASI,ESRRA BY RASASI,,ESRRA BY RASASI,3000591,1.00KG,275,$ 75
RASASI,GHAIR AL NAS,,GHAIR AL NAS,3000592,1.00KG,610,$ 167
RASASI,HAREER MUSK COLLECTION,,HAREER MUSK COLLECTION,3000593,1.00KG,275,$ 75
RASASI,INSHERAH GOLD BY RASASI,,INSHERAH GOLD BY RASASI,3000594,1.00KG,275,$ 75
RASASI,NAQAYA MUSK COLLECTION,,NAQAYA MUSK COLLECTION,3000595,1.00KG,275,$ 75
RASASI,NASEEM AL FAJR,,NASEEM AL FAJR,3000596,1.00KG,610,$ 167
RASASI,QASAMAT EBHAR,,QASAMAT EBHAR,3000597,1.00KG,275,$ 75
RASASI,RAQIYA - D,,RAQIYA - D,3000598,1.00KG,420,$ 115
RASASI,RAQIYA -C,,RAQIYA -C,3000599,1.00KG,275,$ 75
RASASI,ROMANCE WOMEN,,ROMANCE WOMEN,3000600,1.00KG,275,$ 75
RASASI,ROYALE BLUE MEN,,ROYALE BLUE MEN,250064,1.00KG,220,$ 60
RASASI,ROYALE MEN,,ROYALE MEN,3000602,1.00KG,275,$ 75
RASASI,SAAB AL MARAM,,SAAB AL MARAM,3000603,1.00KG,500,$ 137
RASASI,SHARKI MUSK COLLECTION,,SHARKI MUSK COLLECTION,3000604,1.00KG,275,$ 75
RASASI,SOTOOR WAAW,,SOTOOR WAAW,3000605,1.00KG,275,$ 75
RASASI,WISAL,,WISAL,3000606,1.00KG,275,$ 75
RASASI,OUDH ALMETHALI,,OUDH ALMETHALI,3000607,1.00KG,330,$ 90
RASSASI,ARBA WARDAT,,ARBA WARDAT,3000608,1.00KG,275,$ 75
REHAB,ASEEL,,ASEEL,3000609,1.00KG,275,$ 75
REHAB,LORD BY AL REHAB,,LORD BY AL REHAB,3000610,1.00KG,275,$ 75
REHAB,SABAYA,,SABAYA,3000611,1.00KG,275,$ 75
REHAB,SOFT,,SOFT,3000612,1.00KG,275,$ 75
REHAB,SULTAN AL REHAB,,SULTAN AL REHAB,3000613,1.00KG,275,$ 75
REVEDOR,REVEDOR,,REVEDOR,3000614,1.00KG,275,$ 75
RITUALS,NUIT D'AZAR,LZ,ORIENTAL DAWN,343706,1.00KG,610,$ 167
RITUALS,POEME D' AZAR,LZ,ORIENTAL LOVE LETTE,503580,1.00KG,660,$ 180
ROBERTO CAVALLI,SERPENTINE 2025,,SERPENTINE 2025,250428,1.00KG,850,$ 232
ROBERTO CAVALLI,PARADISO ROSA,,PARADISO ROSA,240984,1.00KG,850,$ 232
ROBERTO CAVALLI,ACQUA W,LZ,TURQUOISE CROWN,701038,1.00KG,385,$ 105
ROBERTO CAVALLI,DIVINE OUD,LZ,GOLDEN JAGUAR,400086,1.00KG,660,$ 180
ROBERTO CAVALLI,JUST CAVALLI W,LZ,NEW FILLY,500914,1.00KG,440,$ 120
ROBERTO CAVALLI,SUPREME SANDAL,LZ,BLACK JAGUAR,461341,1.00KG,660,$ 180
ROBERTO CAVALLI,TIGER OUD W,LZ,AGAR CROWN,500979,1.00KG,500,$ 137
ROBERTO CAVALLI,UOMO LA NOTTE,LZ,SEDUCTIVE FRESHNESS,233655,1.00KG,500,$ 137
ROBERTO CAVALLI,UOMO M,LZ,REPTILE,260782,1.00KG,440,$ 120
ROBERTO CAVALLI,DEEP DESIRE,,DEEP DESIRE,3000615,1.00KG,330,$ 90
ROBERTO CAVALLI,FLORENCE,,FLORENCE,3000616,1.00KG,310,$ 85
BRAND,NAME,ORI,CN,CODE,QTY,AED,USD
ROBERTO CAVALLI,"PARADISIO ROBERTO
CAVALLI",,"PARADISIO ROBERTO
CAVALLI",3000617,1.00KG,275,$ 75
ROBERTO CAVALLI,ROBERTO CAVALLI AQUA,,ROBERTO CAVALLI AQUA,3000618,1.00KG,275,$ 75
ROBERTO CAVALLI,ROBERTO CAVALLI GOLD W,,ROBERTO CAVALLI GOLD W,3000619,1.00KG,275,$ 75
ROBERTO CAVALLI,ROBERTO CAVALLI GOLD W,,ROBERTO CAVALLI GOLD W,3000620,1.00KG,275,$ 75
ROCHAS,AUDACE,,AUDACE,250269,1.00KG,850,$ 232
ROCHAS,MAN,LZ,TAZZA DORO,234233-A,1.00KG,270,$ 74
ROCHAS,GIRL,LZ,PURE JEUNESSE,354253-A,1.00KG,350,$ 96
ROCHAS,BYZANCE 2019,,BYZANCE 2019,3000621,1.00KG,500,$ 137
ROCHAS,L'HOMME ROCHAS,,L'HOMME ROCHAS,3000622,1.00KG,500,$ 137
ROJA,PERFUME DE LA NUIT,,PERFUME DE LA NUIT,250361,1.00KG,1100,$ 301
ROJA,ELYSIUM NOIR,,ELYSIUM NOIR,250299,1.00KG,1900,$ 519
ROJA,ISOLA SOL,,ISOLA SOL,250289,1.00KG,1500,$ 409
ROJA,LOST IN PARIS SUPER,,LOST IN PARIS SUPER,250251,1.00KG,900,$ 245
ROJA,LOST IN PARIS TOP,,LOST IN PARIS TOP,240910,1.00KG,1500,$ 409
ROJA,UNITED ARAB EMIRATES,,UNITED ARAB EMIRATES,250242,1.00KG,1000,$ 273
ROJA,HAUTE LUXE,,HAUTE LUXE,250207,1.00KG,850,$ 232
ROJA,A MIDSUMMER DREAM,,A MIDSUMMER DREAM,240994,1.00KG,1500,$ 409
ROJA,AOUD,,AOUD,240800,1.00KG,850,$ 232
ROJA,MUSK AOUD,,MUSK AOUD,240734,1.00KG,1500,$ 409
ROJA,MANHATTAN EDP,LZ,EMPIRE STATE,462400,1.00KG,700,$ 191
ROJA,AHLAM,LZ,ORIENTAL STARLET,503627-B,1.00KG,350,$ 96
ROJA,51 EAU DE PARFUME POUR,LZ,BURLINGTON,343744-B,1.00KG,450,$ 123
ROJA,DANGER POUR HOMME,LZ,HIGH VOLTAGE,694432,1.00KG,560,$ 153
ROJA,OLIGARCH ROJA,LZ,COURCHEVEL,233956-A,1.00KG,550,$ 150
ROJA,51 POUR FEMME,LZ,BURLINGTON,343744,1.00KG,530,$ 145
ROJA,MADISON POUR FEMME,LZ,ABSOLUTE BEAUTY,343745,1.00KG,550,$ 150
ROJA,DANGER POUR HOMME,LZ,HIGH VOLTAGE,232069-T,1.00KG,720,$ 197
ROJA,"ELIXIR POUR FEMME
ESSENCE DE",LZ,INVISIBLE  GODDESS,233684,1.00KG,550,$ 150
ROJA,ELYSIUM POUR HOMME PARFUM,LZ,SENTINEL,353736,1.00KG,770,$ 210
ROJA,SCANDAL POUR HOMME,LZ,DARK DAVE,232480,1.00KG,610,$ 167
ROJA,ELYSIUM POUR HOMME PARFUM TOP,,ELYSIUM POUR HOMME PARFUM TOP,240063,1.00KG,1300,$ 355
ROJA,OLIGARCH ROJA,LZ,COURCHEVEL,233956-T,1.00KG,1100,$ 301
ROJA,AMBER AOUD,,AMBER AOUD,240799,1.00KG,990,$ 270
ROJA DOVE,HAUTE PARFUMERIE 20TH ANNIVERSARY,,HAUTE PARFUMERIE 20TH ANNIVERSARY,240444,1.00KG,1400,$ 382
ROJA DOVE,BURLINGTON 1819,,BURLINGTON 1819,240410,1.00KG,1400,$ 382
ROJA DOVE,BRITANIA,,BRITANIA,240243,1.00KG,700,$ 191
ROJA DOVE,OCENIA,,OCENIA,240238,1.00KG,1250,$ 341
ROJA DOVE,ISOLA BLU,,ISOLA BLU,240236,1.00KG,1000,$ 273
ROJA DOVE,LAKME,,LAKME,240233,1.00KG,1600,$ 437
ROJA DOVE,TURANDOT,LZ,KINGDOM OF GOLD,343991,1.00KG,600,$ 164
ROJA DOVE,ENIGMA POUR FEMME,,ENIGMA POUR FEMME,250177,1.00KG,550,$ 150
ROJA DOVE,ENIGMA POUR FEMME TOP,LZ,SECRET,343746-T,1.00KG,1100,$ 301
ROJA DOVE,APEX TOP,,APEX TOP,240735,1.00KG,1300,$ 355
ROJA DOVE,ELYSIUM POUR FEMME TOP,,ELYSIUM POUR FEMME TOP,240450,1.00KG,1300,$ 355
ROJA DOVE,ELYSIUM EAU INTENSE,,ELYSIUM EAU INTENSE,240798,1.00KG,1500,$ 409
ROJA DOVE,"ELYSIUM POUR HOMME
COLONGE",,"ELYSIUM POUR HOMME
COLONGE",240102,1.00KG,1245,$ 340
ROJA DOVE,SWEETIE AOUD,,SWEETIE AOUD,3000624,1.00KG,1650,$ 451
ROJA DOVE,CANDY AOUD,,CANDY AOUD,3000625,1.00KG,1000,$ 273
ROSENDO MATEU,ROSENDO MATEU NO 5 FLORAL AMBER SENSUAL MUSK,,ROSENDO MATEU NO 5 FLORAL AMBER SENSUAL MUSK,240228,1.00KG,1600,$ 437
ROSENDO MATEU,ROSENDO MATEU NO.07,,ROSENDO MATEU NO.07,3000629,1.00KG,950,$ 260
ROSENDO MATEU,ROSENDO MATEU NO.06,,ROSENDO MATEU NO.06,3000630,1.00KG,1450,$ 396
SORA DORA,JANY,,JANY,250369,1.00KG,450,$ 123
SWEET TOOTH,SABRINA CARPENTER,,SABRINA CARPENTER,250243,1.00KG,550,$ 150
SOL DE JANERIO,CHEIROSA 59,,CHEIROSA 59,250435,1.00KG,440,$ 120
SOL DE JANERIO,CHEIROSA 40,,CHEIROSA 40,250436,1.00KG,440,$ 120
SOL DE JANERIO,RIO RADIANCE MIST,,RIO RADIANCE MIST,250437,1.00KG,500,$ 137
SOL DE JANERIO,CHEIROSA 48,,CHEIROSA 48,250438,1.00KG,440,$ 120
SOL DE JANERIO,CHEIROSA 87,,CHEIROSA 87,250133,1.00KG,275,$ 75
SOL DE JANERIO,DANCA MISTICA,,DANCA MISTICA,250053,1.00KG,330,$ 90
SOL DE JANERIO,FLOR MISTICA,,FLOR MISTICA,250055,1.00KG,300,$ 82
SOL DE JANERIO,SUMMER E AMOR,,SUMMER E AMOR,240939,1.00KG,275,$ 75
SOL DE JANERIO,CHEIROSA 39,,CHEIROSA 39,240938,1.00KG,275,$ 75
SOL DE JANERIO,CHEIROSA 76,,CHEIROSA 76,240847,1.00KG,330,$ 90
SOL DE JANERIO,CHEIROSA 71,,CHEIROSA 71,240655,1.00KG,275,$ 75
SOL DE JANERIO,BRAZILIAN CRUSH CHEIROSA 62,,BRAZILIAN CRUSH CHEIROSA 62,240500,1.00KG,275,$ 75
STRANGELOVE NYC,DEAD OF KNIGHT,,DEAD OF KNIGHT,240198,1.00KG,1080,$ 295
SABAIK,SABAIK SATCOO,,SABAIK SATCOO,3000631,1.00KG,550,$ 150
SADAF,SADAF,,SADAF,3000632,1.00KG,275,$ 75
SALVATORE,FERRAGAMO EMOZIONE,,FERRAGAMO EMOZIONE,250074,1.00KG,850,$ 232
SALVATORE,AMO FERRAGAMO,LZ,DOLCE TESORO,400121,1.00KG,500,$ 137
SALVATORE,FERRAGAMO,LZ,ITALIANO,343836-T,1.00KG,740,$ 202
BRAND,NAME,ORI,CN,CODE,QTY,AED,USD
SANDAL,SANDAL,,SANDAL,240759,1.00KG,275,$ 75
SANDALIYA,SANDALIYA,,SANDALIYA,240727,1.00KG,390,$ 107
SANDALIYA,SANDALIYA TOP,,SANDALIYA TOP,240758,1.00KG,550,$ 150
SANTA EULAILA,CROCUS,LZ,IBIZA VIBES,352874,1.00KG,470,$ 128
Scents of Wood,VANILLA IN BOUBORN,,VANILLA IN BOUBORN,3000637,1.00KG,1150,$ 314
SCULPTURE,SCULPTURE,,SCULPTURE,3000638,1.00KG,275,$ 75
SECOND WIFE,SECOND WIFE,,SECOND WIFE,240090,1.00KG,275,$ 75
SENSUAL,SENSUAL,,SENSUAL,240715,1.00KG,275,$ 75
SERGE LUTENS,CHERGUI TOP,,CHERGUI TOP,240697,1.00KG,1000,$ 273
SHAIK,CHIC SHAIK NO.70,LZ,SULTAN OF VOGUE,357564,1.00KG,770,$ 210
SHAIK,SHAIK CLASSIC GOLD EDITION,LZ,GOLD SHEIKH,338794,1.00KG,720,$ 197
SHAIK,SHAIK NO 30,LZ,SULTAN OF STYLE,461369,1.00KG,610,$ 167
SHAIK,"SHAIK NO,77 MEN",LZ,OPULENT SHEIK,230780-A,1.00KG,275,$ 75
SHAIK,"SHAIK NO,77 MEN",LZ,SULTAN OF RICHES,230780,1.00KG,330,$ 90
SHAIK,SHAIK OPULENT NO 33,LZ,SULTAN OF BLISS,508799,1.00KG,350,$ 96
SHAIK,SHEIKH 77 ENGLAND TOP,,SHEIKH 77 ENGLAND TOP,3000640,1.00KG,330,$ 90
SHAMAMA AMBER,SHAMAMA AMBER,,SHAMAMA AMBER,3000641,1.00KG,275,$ 75
SHEIKH AL ARAB,SHEIKH AL ARAB,,SHEIKH AL ARAB,3000642,1.00KG,275,$ 75
SHEIKH AL SHUYUKH TOP,SHEIKH AL SHUYUKH TOP,,SHEIKH AL SHUYUKH TOP,3000643,1.00KG,390,$ 107
SHEIKH AL SUYK,SHEKH AL SYUK,,SHEKH AL SYUK,3000644,1.00KG,275,$ 75
SHEIKHA,Q8,LZ,SHEIKHA,336164,1.00KG,295,$ 81
SHEIKHA,SHEIKHA,,SHEIKHA,3000645,1.00KG,275,$ 75
SHEKH RASHID,SHEKH RASHID,LZ,SHEKH RASHID,343901-T,1.00KG,1980,$ 541
SHISEIDO,ZEN,LZ,MEDITATION,237919,1.00KG,460,$ 125
Simone Andreoli,VICEBOMB,,VICEBOMB,FJGHS74,1.00KG,1300,$ 355
SISLEY,EAU DE SOIR SISLEY,,EAU DE SOIR SISLEY,3000646,1.00KG,275,$ 75
SO OUD,SO OUD,,SO OUD,240720,1.00KG,275,$ 75
SOSPIRO,IL PADRINO,,IL PADRINO,250090,1.00KG,850,$ 232
SOSPIRO,MARASCHINO,,MARASCHINO,240614,1.00KG,1500,$ 409
SOSPIRO,BIBRATO,,BIBRATO,240261,1.00KG,700,$ 191
SOSPIRO,ACCENTO,,ACCENTO,250320,1.00KG,850,$ 232
SOSPIRO,ACCENTO,LZ,DEEP SINGH,501962-D,1.00KG,320,$ 87
SOSPIRO,ACCENTO,LZ,DEEP SIGH,501962-E,1.00KG,1100,$ 301
SOSPIRO,ERBA PURA MAGICIA TOP,LZ,TURQUOISE AURA,261249-T,1.00KG,1100,$ 301
SOSPIRO,ENSEMBLE,LZ,COLLECTIVE,343636,1.00KG,610,$ 167
SOSPIRO,ERBA PURA TOP,,ERBA PURA TOP,240299,1.00KG,1200,$ 327
SOSPIRO,ERBA PURA,LZ,PURPLE AURA,232080-K,1.00KG,450,$ 123
SOSPIRO,ERBA PURA,LZ,PURPLE AURA,232080-A,1.00KG,550,$ 150
SOSPIRO,ERBA PURA,LZ,PURPLE AURA,232080,1.00KG,500,$ 137
SOSPIRO,ERBA PURA,LZ,PURPLE AURA,232080-T,1.00KG,940,$ 257
SOSPIRO,LAYLATI,LZ,SOSLAY,338929-T,1.00KG,1375,$ 376
SOSPIRO,OPERA,LZ,FLOWER BALLAD,338931-T,1.00KG,660,$ 180
SOSPIRO,OUVERTURE,LZ,OVERTIME,342722,1.00KG,550,$ 150
SOSPIRO,ACCENTO,LZ,DEEP SIGH,501962-F,1.00KG,770,$ 210
SOSPIRO,MUSE,,MUSE,3000648,1.00KG,660,$ 180
STEFANO RICCI,ROYAL EAGLE GOLD,,ROYAL EAGLE GOLD,240246,1.00KG,700,$ 191
STEFANO RICCI,ROYAL EAGLE SPORT,,ROYAL EAGLE SPORT,240116,1.00KG,850,$ 232
"STEPHANE HUM
LUCAS",THE QUEEN & THE VIPER TOP,,THE QUEEN & THE VIPER TOP,250300,1.00KG,1100,$ 301
STEPHANE HUM LUCAS,THE QUEEN & THE VIPER SUPER,,THE QUEEN & THE VIPER SUPER,250305,1.00KG,730,$ 200
STEPHANE HUM LUCAS,LE 8,,LE 8,250197,1.00KG,1100,$ 301
"STEPHANE HUM
LUCAS",SAND DANCE,,SAND DANCE,240820,1.00KG,1200,$ 327
"STEPHANE HUM
LUCAS",SEA MY LOVE,,SEA MY LOVE,240628,1.00KG,1500,$ 409
STEPHANE HUM LUCAS,LADY WHITE SNAKE,,LADY WHITE SNAKE,240577,1.00KG,1200,$ 327
STEPHANE HUM LUCAS,PINK BOA,,PINK BOA,240511,1.00KG,1000,$ 273
STEPHANE HUM LUCAS,VENOM INCARNAT,,VENOM INCARNAT,240510,1.00KG,1000,$ 273
"STEPHANE HUM
LUCAS",GOD OF FIRE,,GOD OF FIRE,240183,1.00KG,1500,$ 409
"STEPHANE HUM
LUCAS",MORTAL SKIN,LZ,GOLDEN  DAWN,461525,1.00KG,610,$ 167
"STEPHANE HUM
LUCAS","SOLEIL DE JEDDAH MANGO
KISS",,"SOLEIL DE JEDDAH MANGO
KISS",240513,1.00KG,1350,$ 369
STEPHANE HUM LUCAS,SOLEIL DE JEDDAH,LZ,SMOKY DUSK,461523,1.00KG,660,$ 180
SUGAR BABY / SOFT,SUGAR BABY / SOFT,,SUGAR BABY / SOFT,3000649,1.00KG,275,$ 75
SUHAILAH,SUHAILAH,,SUHAILAH,3000650,1.00KG,275,$ 75
SUHALAH,MUKALLAT  SHU,,MUKALLAT  SHU,3000651,1.00KG,275,$ 75
SULTAN,SULTAN BEST,,SULTAN BEST,3000652,1.00KG,390,$ 107
SWISS ARABIAN,SHAGHAF AMBER INFUSION,,SHAGHAF AMBER INFUSION,250356,1.00KG,800,$ 218
SWISS ARABIAN,SGAGHAF VANILLA TOFFEE,,SGAGHAF VANILLA TOFFEE,240862,1.00KG,500,$ 137
SWISS ARABIAN,MUKHALLAT ARAIS LUZI,LZ,MUKHALLAT ARAIS,340813,1.00KG,275,$ 75
BRAND,NAME,ORI,CN,CODE,QTY,AED,USD
SWISS ARABIAN,NOORA LUZI,LZ,NUBIA,500924,1.00KG,275,$ 75
SWISS ARABIAN,ARAIS,,ARAIS,3000653,1.00KG,275,$ 75
SWISS ARABIAN,BAKHOOR DIJAZ,,BAKHOOR DIJAZ,3000654,1.00KG,275,$ 75
SWISS ARABIAN,CHI CHI PINK SAPIL,,CHI CHI PINK SAPIL,3000655,1.00KG,275,$ 75
SWISS ARABIAN,DUKHOON AL YAS,,DUKHOON AL YAS,3000656,1.00KG,275,$ 75
SWISS ARABIAN,JANNATUL FIRDOUS,,JANNATUL FIRDOUS,240041,1.00KG,275,$ 75
SWISS ARABIAN,KASHKHA,,KASHKHA,3000658,1.00KG,275,$ 75
SWISS ARABIAN,LAYALI,,LAYALI,3000659,1.00KG,275,$ 75
SWISS ARABIAN,MUKHALAT MALAKI,,MUKHALAT MALAKI,3000660,1.00KG,330,$ 90
SWISS ARABIAN,NOORA,,NOORA,3000661,1.00KG,275,$ 75
SWISS ARABIAN,OUD MANG,,OUD MANG,3000662,1.00KG,275,$ 75
SWISS ARABIAN,RAKKAN NORMAL,,RAKKAN NORMAL,3000663,1.00KG,275,$ 75
SWISS ARABIAN,RAKKAN TOP,,RAKKAN TOP,3000664,1.00KG,390,$ 107
SWISS ARABIAN,RASHIKA,,RASHIKA,3000665,1.00KG,275,$ 75
SWISS ARABIAN,SEHR AL SHEILA,,SEHR AL SHEILA,3000666,1.00KG,310,$ 85
SWISS ARABIAN,SHUMOUKH AL GHUTRA,,SHUMOUKH AL GHUTRA,3000667,1.00KG,310,$ 85
TAMBURINS,PUMPKINI,,PUMPKINI,250440,1.00KG,550,$ 150
THE SPRIT OF DUBAI,MEYDAN TOP TOP,,MEYDAN TOP TOP,240738,1.00KG,1100,$ 301
THE SPRIT OF DUBAI,MEYDAN TOP,,MEYDAN TOP,240476,1.00KG,850,$ 232
TALZI,TALZI,,TALZI,3000668,1.00KG,275,$ 75
TAUER PERFUMES,"2 L AIR DU DESERT MAROCAIN
TOP",,"2 L AIR DU DESERT MAROCAIN
TOP",240767,1.00KG,1900,$ 519
TAUER PERFUMES,AIR DU DESERT MAROCAIN,,AIR DU DESERT MAROCAIN,3000669,1.00KG,390,$ 107
TEA ROSE,TEA ROSE,,TEA ROSE,3000670,1.00KG,275,$ 75
TEA ROSE,TEA ROSE,,TEA ROSE,3000671,1.00KG,275,$ 75
THAMEEN,NOT TELLING,,NOT TELLING,250357,1.00KG,1100,$ 301
THAMEEN,ROYAL SAPHIRE TOP,LZ,NOBLE JEWEL,233794,1.00KG,600,$ 164
THAMEEN,INSIGNIA,LZ,LONG ISLAND DREAM,262337,1.00KG,550,$ 150
THAMEEN,CARVED OUD,LZ,MARVELOUS OUDH,461362,1.00KG,550,$ 150
THAMEEN,REGENT LEATHER,LZ,BEHIND THE SUN,339393,1.00KG,385,$ 105
THAMEEN,RIVIERE,LZ,BLUE STREAM,339460,1.00KG,550,$ 150
THAMEEN,RIVIERE,LZ,BLUE STREAM,339460-A,1.00KG,450,$ 123
THAMEEN,BLUE HEART,LZ,LOVE IN LONDON,344110-T,1.00KG,700,$ 191
THAMEEN,ROYAL SAPHIRE,LZ,NOBLE JEWEL,233794-B,1.00KG,310,$ 85
THAMEEN,THE ROSE TOP,LZ,FLORAL ORIENT,354159-T,1.00KG,900,$ 246
THE BEAUTIFUL M.,BOUDICCA WODE,LZ,BLUE REBEL,260830,1.00KG,610,$ 167
THE BEAUTIFUL M.,VOL 1 /INTELLIGENCE & FANTASY,LZ,PERFECT ESSENCE ONE,232025-T,1.00KG,770,$ 210
THE BEAUTIFUL M.,VOLUME 2/ THE BEAUTIFUL MIND,LZ,BALLROOM,232072-T,1.00KG,1540,$ 421
THE BODY SHOP,BLACK MUSK,LZ,PINK PANTHER,233617-B,1.00KG,275,$ 75
THE BODY SHOP,BLACK MUSK,,BLACK MUSK,3000672,1.00KG,275,$ 75
THE BODY SHOP,BODY MUSK FRANCE,,BODY MUSK FRANCE,3000673,1.00KG,275,$ 75
THE HOUSE OF OUD,EMPATHY,LZ,RASPBERRY OUD,343714,1.00KG,610,$ 167
THE HOUSE OF OUD,EMPATHY,LZ,RASPBERRY OUD,343714-B,1.00KG,400,$ 109
THE MERCHANT OF,VINEGIA 21,,VINEGIA 21,240646,1.00KG,1100,$ 301
THE MERCHANT OF,IMPERIAL EMERALD,LZ,MYTHIC EYE,461676,1.00KG,610,$ 167
THIERRY MUGLER,MUGLER A*MEN STELLAR,,MUGLER A*MEN STELLAR,250203,1.00KG,850,$ 232
THIERRY MUGLER,A MEN PURE HAVANE,,A MEN PURE HAVANE,250131,1.00KG,850,$ 232
THIERRY MUGLER,ALIEN EXTRAINTENSE 2025,,ALIEN EXTRAINTENSE 2025,240858,1.00KG,1100,$ 301
THIERRY MUGLER,A* MEN PURE MALT,,A* MEN PURE MALT,240354,1.00KG,850,$ 232
THIERRY MUGLER,ANGEL FOR MEN,,ANGEL FOR MEN,240219,1.00KG,700,$ 191
THIERRY MUGLER,ALLIEN WOMEN,,ALLIEN WOMEN,240587,1.00KG,700,$ 191
THIERRY MUGLER,ALLIEN WOMEN,LZ,ALLIEN WOMAN,693261,1.00KG,790,$ 216
THIERRY MUGLER,ALIEN,,ALIEN,3000674,1.00KG,275,$ 75
THIERRY MUGLER,ALIEN FOR MAN,,ALIEN FOR MAN,3000675,1.00KG,275,$ 75
THIERRY MUGLER,ALIEN OUD MAJESTUEUX,,ALIEN OUD MAJESTUEUX,3000676,1.00KG,275,$ 75
THIERRY MUGLER,ANGEL MUSK,,ANGEL MUSK,3000677,1.00KG,275,$ 75
THIERRY MUGLER,ANGEL WOMAN,,ANGEL WOMAN,3000678,1.00KG,275,$ 75
THIERRY MUGLER,ANGEL ELIXIR,,ANGEL ELIXIR,3000679,1.00KG,275,$75
THOMAS KOSMALA,N 4 NEON,,N 4 NEON,240691,1.00KG,850,$232
THOMAS KOSMALA,DESIRE DU COEUR,LZ,FOREVER IN MY HEART,504053,1.00KG,1000,$ 273
THOMAS KOSMALA,DESIRE DU COEUR,LZ,FOREVER IN MY HEART,504053-A,1.00KG,600,$ 164
THOMAS KOSMALA,NO.09 BUKHOOR,LZ,SCENTED WOOD CHIPS,343855,1.00KG,1050,$ 287
THOMAS KOSMALA,NO.09 BUKHOOR,LZ,SCENTED WOOD CHIPS,343855-A,1.00KG,700,$ 191
THOMAS KOSMALA,"NO 4 APRES L"" AMOUR",LZ,AMBRO ESCAPE,233441-T,1.00KG,2200,$ 601
BRAND,NAME,ORI,CN,CODE,QTY,AED,USD
THOMAS KOSMALA,"NO 4 APRES L"" AMOUR",,"NO 4 APRES L"" AMOUR",250093,1.00KG,720,$ 197
THOMAS KOSMALA,NO. 9 BUKHOOR TOP,LZ,SCENTED WOOD CHIPS,343855-T,1.00KG,2500,$ 683
THOMAS KOSMALA,A NEVER ENDING LOVE,LZ,THE ONE AND ONLY,462322 -T,1.00KG,1275,$ 348
THOMAS KOSMALA,A NEVER ENDING LOVE,LZ,THE ONE AND ONLY,462322,1.00KG,720,$ 197
THOMAS KOSMALA,NO.09 BUKHOOR,,NO.09 BUKHOOR,3000680,1.00KG,275,$ 75
THOMAS KOSMALA,TONIC BLANC NO 1,,TONIC BLANC NO 1,3000681,1.00KG,1110,$301
TIFFANY & CO,TIFFANT EDP,LZ,RICH CAT,343632,1.00KG,500,$ 137
TIZIANA TERENZI,OMICRON,,OMICRON,250468,1.00KG,1000,$ 273
TIZIANA TERENZI,TELEA,,TELEA,250142,1.00KG,850,$ 232
TIZIANA TERENZI,OSOLA TOP,,OSOLA TOP,250134,1.00KG,850,$ 232
TIZIANA TERENZI,OSOLA SUPER,,OSOLA SUPER,250216,1.00KG,550,$ 150
TIZIANA TERENZI,ILBA,,ILBA,250135,1.00KG,450,$ 123
TIZIANA TERENZI,NOTTEBUIA,,NOTTEBUIA,240350,1.00KG,700,$ 191
TIZIANA TERENZI,HALLEY TOP,LZ,EPIC STAR,233181-T,1.00KG,900,$ 246
TIZIANA TERENZI,AFRODITE,LZ,MONUMENTAL BEAUTY,339671,1.00KG,530,$ 145
TIZIANA TERENZI,AFRODITE,LZ,MONUMENTAL BEAUTY,339671-B,1.00KG,390,$ 107
TIZIANA TERENZI,ANDROMEDA,LZ,PERSEA,233622,1.00KG,550,$ 150
TIZIANA TERENZI,CASANOVA,LZ,VENICE,343639,1.00KG,610,$ 167
TIZIANA TERENZI,CASSIOPEA,LZ,STARGATE,343644-D,1.00KG,275,$ 75
TIZIANA TERENZI,DRACO,LZ,ORIENTAL JOURNEY,233784,1.00KG,660,$ 180
TIZIANA TERENZI,DRACO,LZ,ORIENTAL JOURNEY,233784-C,1.00KG,400,$ 109
TIZIANA TERENZI,KIRKE OVERDOSE,,KIRKE OVERDOSE,250358,1.00KG,1500,$ 409
TIZIANA TERENZI,KIRKE,LZ,VILLA FOGLIANO,233285,1.00KG,590,$ 161
TIZIANA TERENZI,KIRKE,LZ,VILLA FOGLIANO,233285-T,1.00KG,1080,$ 295
TIZIANA TERENZI,KIRKE,LZ,VILL FOGLIANO,233285-E,1.00KG,400,$ 109
TIZIANA TERENZI,ORION,LZ,ZODIAC,503470,1.00KG,1320,$ 361
TIZIANA TERENZI,PORPORA,LZ,MOONRAKER,339346,1.00KG,830,$ 227
TIZIANA TERENZI,CUBIA,LZ,NYAH,701203,1.00KG,440,$ 120
TIZIANA TERENZI,ANDROMEDA TOP,LZ,PERSEA,233622-T,1.00KG,610,$ 167
TIZIANA TERENZI,MIRACH,LZ,BRIGHT STAR,503735,1.00KG,610,$ 167
TIZIANA TERENZI,GUMIN,,GUMIN,240176,1.00KG,950,$ 260
TIZIANA TERENZI,GUMIN,LZ,WOOD CARVING,261020,1.00KG,880,$ 240
TIZIANA TERENZI,NERO OUDH,LZ,PEARL WHITE,503919-T,1.00KG,1550,$ 423
TIZIANA TERENZI,NERO OUDH,LZ,PEARL WHITE,503919,1.00KG,850,$ 232
TIZIANA TERENZI,DELOX,LZ,MELTEMI,354199-T,1.00KG,950,$ 260
TIZIANA TERENZI,VITTORIALE 2022,LZ,GOLDEN TRIRUMPH,504054-T,1.00KG,1250,$ 342
TIZIANA TERENZI,VITTORIALE 2022,LZ,GOLDEN TRIRUMPH,504054,1.00KG,750,$ 205
TIZIANA TERENZI,URSA,,URSA,240069,1.00KG,1200,$ 327
TOMFORD,FIG EROTIQUE,,FIG EROTIQUE,250475,1.00KG,1000,$ 273
TOMFORD,BLACK ORCHID RESERVE,,BLACK ORCHID RESERVE,250332,1.00KG,1000,$ 273
TOMFORD,OUD VOYAGER,,OUD VOYAGER,250284,1.00KG,850,$ 232
TOMFORD,EAU DE SOLEIL BLANC 2025,,EAU DE SOLEIL BLANC 2025,250181,1.00KG,550,$ 150
TOMFORD,BOIS PACIFIQUE,,BOIS PACIFIQUE,240985,1.00KG,1200,$ 327
TOMFORD,VANILLA FATALE 2024,,VANILLA FATALE 2024,240907,1.00KG,1500,$ 409
TOMFORD,PLUM JAPONISH,,PLUM JAPONISH,240904,1.00KG,1050,$ 287
TOMFORD,ROSE EXPOSED,,ROSE EXPOSED,240794,1.00KG,1500,$ 409
TOMFORD,AMBER INTRIGUE,,AMBER INTRIGUE,240753,1.00KG,1300,$ 355
TOMFORD,NOIR DE NOIR TOP,,NOIR DE NOIR TOP,240630,1.00KG,1100,$ 301
TOMFORD,SOLEIL NEIGE,,SOLEIL NEIGE,240590,1.00KG,1000,$ 273
TOM FORD,EAU D OMBRE LEATHER,,EAU D OMBRE LEATHER,240557,1.00KG,1500,$ 409
TOM FORD,BLACK LACQUER,,BLACK LACQUER,240525,1.00KG,900,$ 245
TOM FORD,FOUGREE  D ARGENT,,FOUGREE  D ARGENT,240469,1.00KG,1050,$ 287
TOM FORD,JASMINE ROUGE,,JASMINE ROUGE,240436,1.00KG,1500,$ 409
TOM FORD,AMBER ABSOLUTE,,AMBER ABSOLUTE,240433,1.00KG,1000,$ 273
TOM FORD,WHITE SUEDE,,WHITE SUEDE,240430,1.00KG,900,$ 245
TOM FORD,SOLEIL DE FEU TOP,,SOLEIL DE FEU TOP,240424,1.00KG,1500,$ 409
TOM FORD,MYRRE MYSTRE,,MYRRE MYSTRE,240147,1.00KG,1300,$ 355
TOM FORD,MUSK PURE,LZ,MUSK &MUSK,239255-B,1.00KG,450,$ 123
TOM FORD,JASMINE MUSK,LZ,YAS MUSK,359088-A,1.00KG,350,$ 96
TOM FORD,NOIR EXTREME PARFUM,LZ,GOLDEN DARKNESS,680300,1.00KG,1050,$ 287
TOM FORD,ELECTRIC CHERRY,LZ,CHARGING KISS,261234-T,1.00KG,780,$ 213
TOM FORD,VANILLA SEX,,VANILLA SEX,240058,1.00KG,700,$ 191
TOM FORD,VANILLA SEX TOP,,VANILLA SEX,240115,1.00KG,1400,$ 382
TOM FORD,OMBRE LEATHER TOP,,OMBRE LEATHER TOP,240134,1.00KG,950,$ 260
TOMFORD,BLACK ORCHID TOP,,BLACK ORCHID,240619,1.00KG,1500,$ 409
TOMFORD,BLACK ORCHID,LZ,ROYAL FLOWER,607403,1.00KG,610,$ 167
TOMFORD,LOST CHERRY TOP,LZ,RED KISS,343713 T,1.00KG,650,$ 178
TOMFORD,LOST CHERRY,,LOST CHERRY,250321,1.00KG,550,$ 150
TOMFORD,LOST CHERRY,LZ,RED KISS,343713,1.00KG,500,$ 137
TOMFORD,NOIR EXTREME TOP,,NOIR EXTREME TOP,240427,1.00KG,850,$ 232
TOMFORD,OMBRE LEATHER 2018,LZ,HEAVY ROCKER,233642,1.00KG,550,$ 150
TOMFORD,SOLEIL BLANC TOP,,SOLEIL BLANC TOP,240406,1.00KG,1200,$ 327
TOMFORD,SOLEIL BLANC,LZ,ALYA,342762,1.00KG,610,$ 167
TOMFORD,TUSCAN LEATHER TOP,,TUSCAN LEATHER TOP,250102,1.00KG,610,$ 167
TOMFORD,VANILLE FATALE,LZ,INTENSE GOLD,339373-C,1.00KG,350,$ 96
TOMFORD,VANILLE FATALE,LZ,INTENSE GOLD,339373,1.00KG,500,$ 137
TOMFORD,VENETIAN BERGAMOT,LZ,SWEET HEAVEN,461524-BB,1.00KG,295,$ 81
BRAND,NAME,ORI,CN,CODE,QTY,AED,USD
TOMFORD,VENETIAN BERGAMOT,LZ,SWEET HEAVEN,461524,1.00KG,550,$ 150
TOMFORD,OUD WOOD,,OUD WOOD,240963,1.00KG,1000,$ 273
TOMFORD,OUD WOOD,LZ,RICH WOODS,358107-T,1.00KG,940,$ 257
TOMFORD,BLACK ORCHID PARFUM,LZ,ROYAL FLOWER INT,353930-T,1.00KG,940,$ 257
TOMFORD,ROSE PRICK TOP,,ROSE PRICK TOP,240606,1.00KG,1000,$ 273
TOMFORD,ROSE PRICK,LZ,SLEEPING BEAUTY,233328,1.00KG,610,$ 167
TOMFORD,F FABULOUS,LZ,DESIGNERS FAVORITE,503463,1.00KG,660,$ 180
TOMFORD,F FABULOUS,,F FABULOUS,250322,1.00KG,510,$ 140
TOMFORD,TUBEREUSE NUE,LZ,HEIAN MYTH,503827,1.00KG,610,$ 167
TOMFORD,BEAU DE JOUR,LZ,SHINY SUNNY DAY,503822,1.00KG,880,$ 240
TOMFORD,SOLEIL  BRULANT,LZ,GOLDEN LIGHT,261089,1.00KG,880,$ 240
TOMFORD,LAVENDER EXTREME,LZ,STUNNING PURPLE,339974,1.00KG,660,$ 180
TOMFORD,COSTA AZZURRA,LZ,REFRESHING SEA,233442,1.00KG,610,$ 167
TOMFORD,EBENE FUME TOP,,EBENE FUME TOP,240602,1.00KG,1500,$ 409
TOMFORD,OMBRE LEATHER PARFUM,LZ,HARD ROCKER,233536,1.00KG,770,$ 210
TOMFORD,ROSE D'AMALFI,LZ,ITALIAN DREAMS,680265-T,1.00KG,1100,$ 301
TOMFORD,ROSE DE CHINE,LZ,BLOSSM DYNASTY,580235-TT,1.00KG,1550,$ 423
TOMFORD,ROSE DE RUSSIE TOP,,ROSE DE RUSSIE TOP,240425,1.00KG,1500,$ 409
TOMFORD,METALLIQUE,LZ,SILVER LINING,233764-A,1.00KG,700,$ 191
TOMFORD,TOBACCO OUD,LZ,LEGENDARY WOOD,462229,1.00KG,700,$ 191
TOMFORD,ITALIAN CYPRESS TOP,LZ,ROBUST IMPRESSION,239233-T,1.00KG,720,$ 197
TOMFORD,CHERRY SMOKE,LZ,BURNING KISS,462395-T,1.00KG,720,$ 197
TOMFORD,TOBACCO VANILLA TOP,,TOBACCO VANILLA,240101,1.00KG,585,$ 160
TOMFORD,BLACK ORCHID TOP,,BLACK ORCHID TOP,3000682,1.00KG,610,$ 167
TOMFORD,METALLIQUE,,METALLIQUE,3000683,1.00KG,275,$ 75
TOMFORD,NEROLI PROTOFINO,,NEROLI PROTOFINO,240211,1.00KG,1200,$ 327
TOMFORD,NOIR ANTHRACITE,,NOIR ANTHRACITE,3000684,1.00KG,275,$ 75
TOMFORD,OUD MINERALE TOP,,OUD MINERALE TOP,240662,1.00KG,1500,$ 409
TOMFORD,OUD MINERALE,,OUD MINERALE,240702,1.00KG,850,$ 232
TOMFORD,OUD WOOD INTENSE,,OUD WOOD INTENSE,3000685,1.00KG,390,$ 107
TOMFORD,TOBACCO OUD,,TOBACCO OUD,3000686,1.00KG,275,$ 75
TOMFORD,TOMFORD NOIR TOP,,TOMFORD NOIR TOP,240417,1.00KG,850,$ 232
TOMFORD,TUSCAN LEATHER TOM FORD,,TUSCAN LEATHER TOM FORD,3000687,1.00KG,275,$ 75
TOMFORD,VELVET ORCHID TOP,,VELVET ORCHID TOP,240404,1.00KG,650,$ 178
TOMFORD,WOOD OUD,,WOOD OUD,3000688,1.00KG,275,$ 75
TOMFORD,BITTER PEACH,,BITTER PEACH,3000689,1.00KG,420,$ 115
TOMFORD,GREY VETIVER,,GREY VETIVER,3000690,1.00KG,275,$ 75
TOMFORD,CAFÉ ROSE TOP,,CAFÉ ROSE TOP,240586,1.00KG,1000,$ 273
TOMFORD,SANTAL BLUSH TOP,,SANTAL BLUSH TOP,240665,1.00KG,1200,$ 327
TOMFORD.,BITTER PEACH,LZ,WARM EUPHORIA,339882,1.00KG,660,$ 180
TOMFORD-F,CHERRY SMOKE,,CHERRY SMOKE,3000691,1.00KG,275,$ 75
TOMFORD-F,ELECTRIC CHERRY,,ELECTRIC CHERRY,3000692,1.00KG,275,$ 75
TOT NIKKAR,TOT NIKKAR,,TOT NIKKAR,3000693,1.00KG,275,$ 75
TRUSSARDI,I VICOLI VIA FLORI CHIARI,LZ,EVENING STROLL,336308,1.00KG,500,$ 137
TRUSSARDI,APERITIVO MILANESE PORTA,LZ,HAPPY HOUR,234008,1.00KG,600,$ 164
TURAB AL DAHAB,TURAB AL DAHAB,,TURAB AL DAHAB,3000694,1.00KG,275,$ 75
UNIQUERE LUXURY,CRUSH ON ME,LZ,MI AMOR,504073-A,1.00KG,1200,$ 328
UNIQUERE LUXURY,ZENGI,,ZENGI,240446,1.00KG,1400,$ 382
UNIQUERE LUXURY,KUTAY,,KUTAY,240239,1.00KG,1300,$ 355
VALENTINO,"UOMO BORN IN ROMA PURPLE
MELANCHOLIA",,"UOMO BORN IN ROMA PURPLE
MELANCHOLIA",250478,1.00KG,1100,$ 301
VALENTINO,"DONNA BORN IN ROMA PURPLE
MELANCHOLIA",,"DONNA BORN IN ROMA PURPLE
MELANCHOLIA",250481,1.00KG,850,$ 232
VALENTINO,UOMO BORN IN ROMA IVORY,,UOMO BORN IN ROMA IVORY,250427,1.00KG,850,$ 232
VALENTINO,DONNA BORN IN ROMA IVORY,,DONNA BORN IN ROMA IVORY,250400,1.00KG,700,$ 191
VALENTINO,SOGNO IN ROSSO,,SOGNO IN ROSSO,250021,1.00KG,850,$ 232
VALENTINO,ROCKSTUD NOIR,,ROCKSTUD NOIR,240970,1.00KG,850,$ 232
VALENTINO,VALENTINA 2025,,VALENTINA 2025,240961,1.00KG,1000,$ 273
VALENTINO,UOMO BORN IN ROMA EXTRADOSE,,UOMO BORN IN ROMA EXTRADOSE,240933,1.00KG,1000,$ 273
VALENTINO,"DONNA BORN IN ROMA
EXTRADOSE",,"DONNA BORN IN ROMA
EXTRADOSE",240931,1.00KG,850,$ 232
VALENTINO,UOMO BORN IN CORAL FANTASY,,UOMO BORN IN CORAL FANTASY,240893,1.00KG,850,$ 232
VALENTINO,UOMO BORN IN ROMA YELLOW DREAM,,UOMO BORN IN ROMA YELLOW DREAM,240658,1.00KG,750,$ 205
VALENTINO,DONNA BORN IN ROMA CORAL FANTASY,,DONNA BORN IN ROMA CORAL FANTASY,240648,1.00KG,700,$ 191
VALENTINO,"DONNA BORN IN ROMA THE
GOLD",,"DONNA BORN IN ROMA
THE GOLD",240497,1.00KG,850,$ 232
VALENTINO,"UOMO BORN IN ROMA THE
GOLD",,"UOMO BORN IN ROMA
THE GOLD",240495,1.00KG,900,$ 245
VALENTINO,"DONNA  BORN IN ROMA
GREEN STRAVAGANZA",,"DONNA  BORN IN ROMA
GREEN STRAVAGANZA",240283,1.00KG,900,$ 245
VALENTINO,UOMO BORN IN ROMA GREEN STRAVAGANZA,,UOMO BORN IN ROMA GREEN STRAVAGANZA,240202,1.00KG,900,$ 245
VALENTINO,UOMO BORN IN ROMA FOR MAN,,UOMO BORN IN ROMA,240106,1.00KG,900,$ 245
BRAND,NAME,ORI,CN,CODE,QTY,AED,USD
VALENTINO,"DONNA BORN IN ROMA
INTENSE",,"DONNA BORN IN ROMA
INTENSE",240093,1.00KG,900,$ 245
VALENTINO,"UOMO BORN IN ROMA
INTENSE",,"UOMO BORN IN ROMA
INTENSE",240529,1.00KG,850,$ 232
VALENTINO,"DONNA BORN IN ROMA
WOMAN",,DONNA BORN IN ROMA,240113,1.00KG,900,$ 245
VAN CLEEF & ARPELS,MOONLIGHT CHERRY,,MOONLIGHT CHERRY,240979,1.00KG,1300,$ 355
VAN CLEEF & ARPELS,POUR HOMME 2025,,POUR HOMME 2025,250327,1.00KG,850,$ 232
VAN CLEEF & ARPELS,BOIS D AMANDE,,BOIS D AMANDE,250282,1.00KG,850,$ 232
"VAN CLEEF &
ARPELS","COLLECTION
EXTRAORDINAIRE",LZ,SWEETEST TASTE,503686,1.00KG,510,$ 139
VAN CLEEF &,MOONLIGHT PATCHOULI,LZ,WOODSTOCK NIGHTS,233778,1.00KG,420,$ 115
VAN CLEEF &,ROSE ROUGE,LZ,SWEET SURPRISE,343776,1.00KG,610,$ 167
VAN CLEEF &,ROSE ROUGE,LZ,SWEET SURPRISE,B43776-B,1.00KG,450,$ 123
VAN CLEEF &,SANTAL BLANC,LZ,DREAMY,233788,1.00KG,550,$ 150
VAN CLEEF &,REVE DE CASHMERE,LZ,ORIENTAL VELVET,233433,1.00KG,880,$ 240
VERSACE,MAN EAU FRAICHE EXTREME,,MAN EAU FRAICHE EXTREME,250107,1.00KG,850,$ 232
VERSACE,GINGEMBRE PETILANT,,GINGEMBRE PETILANT,250010,1.00KG,850,$ 232
VERSACE,CRYSTAL NOIR PARFUM,,CRYSTAL NOIR PARFUM,240870,1.00KG,850,$ 232
VERSACE,EROS NAJIM,,EROS NAJIM,240732,1.00KG,900,$ 245
VERSACE,POUR FEMME DYLAN PURPLE,,POUR FEMME DYLAN PURPLE,240653,1.00KG,900,$ 245
VERSACE,EROS ENERGY,,EROS ENERGY,240533,1.00KG,700,$ 191
VERSACE,VANILLA ROUGE,,VANILLA ROUGE,240257,1.00KG,1000,$ 273
VERSACE,VERSACE MAN EAU FRAÎCHE,LZ,BRACING CONTRO,337040,1.00KG,390,$ 107
VERSACE,BRIGHT CRYSTAL TOP,,BRIGHT CRYSTAL TOP,250448,1.00KG,700,$ 191
VERSACE,BRIGHT CRYSTAL LZ,LZ,ENTICING,237231,1.00KG,390,$ 107
VERSACE,CRYSTAL NOIR,,CRYSTAL NOIR,240654,1.00KG,580,$ 158
VERSACE,EROS LZ,LZ,CUPIDO,230775-T,1.00KG,660,$ 180
VERSACE,VERSACE EROS EA DE PARFUM,LZ,GRANDE AMOR,233451,1.00KG,610,$ 167
VERSACE,VERSENSE,LZ,VERSANSE,693263,1.00KG,600,$ 164
VERSACE,DYLAN BLUE POUR FEMME,,DYLAN BLUE POUR FEMME,3000695,1.00KG,275,$ 75
VERSACE,DYLAN BLUE POUR HOMME,,DYLAN BLUE POUR HOMME,240064,1.00KG,800,$ 218
VERSACE,DYLAN BLUE POUR HOMME TOP,,DYLAN BLUE POUR HOMME TOP,240635,1.00KG,850,$ 232
VERSACE,EROS FLAME,,EROS FLAME,240284,1.00KG,660,$ 180
VERSACE,EROS TOP,,EROS TOP,240391,1.00KG,660,$ 180
VERSACE,CRISTAL NOIR,,CRISTAL NOIR,3000696,1.00KG,300,$ 82
VERSACE,VERSACE EAU FRECE,,VERSACE EAU FRECE,3000697,1.00KG,290,$ 79
VERSACE,VERSACE VANITAS,,VERSACE VANITAS,3000698,1.00KG,275,$ 75
VERSACE,VERSACE YELLOW DIAMOND,,VERSACE YELLOW DIAMOND,240278,1.00KG,310,$ 85
VERSACE,"D.TURQUOISE VERSACE
POUR",,"D.TURQUOISE VERSACE
POUR",3000699,1.00KG,275,$ 75
VERSACE,SAFRAN ROYAL,,SAFRAN ROYAL,3000700,1.00KG,275,$ 75
VERSACE,DYLAN PURPLE VERSACE,,DYLAN PURPLE VERSACE,3000701,1.00KG,275,$ 75
VERTUS,SOLE PATCHOULI,LZ,"ENHANCED WOODY
EXPERI",284600,1.00KG,1750,$ 478
VERTUS,NARCOSIS,LZ,VICROM,503809-T,1.00KG,990,$ 270
VICTOR & ROLF,FLOWERBOMB PRETTY PEONY,,FLOWERBOMB PRETTY PEONY,250341,1.00KG,850,$ 232
VICTOR & ROLF,SPICEBOMB METALIC MUSK,,SPICEBOMB METALIC MUSK,250298,1.00KG,850,$ 232
VICTOR & ROLF,FLOWERBOMB EXTREME 2025,,FLOWERBOMB EXTREME 2025,250136,1.00KG,850,$ 232
VICTOR & ROLF,SPICEBOMB DARK LEATHER,,SPICEBOMB DARK LEATHER,240555,1.00KG,1100,$ 301
VICTOR & ROLF,SPICEBOMB EXTREAM TOP,,SPICEBOMB EXTREAM TOP,240416,1.00KG,900,$ 245
VICTOR & ROLF,SPICEBOMB TOP,,SPICEBOMB,240356,1.00KG,450,$ 123
VICTOR & ROLF,FLOWER BOMB,,FLOWER BOMB,240229,1.00KG,450,$ 123
VICTOR & ROLF,FLOWERBOMB MIDNIGHT,,FLOWERBOMB MIDNIGHT,3000702,1.00KG,275,$ 75
VICTOR & ROLF,FLOWERBOMB NECTAR,,FLOWERBOMB NECTAR,3000703,1.00KG,275,$ 75
VICTOR ROLF,FLOWERBOMB RUBY ORCHID,,FLOWERBOMB RUBY ORCHID,3000704,1.00KG,390,$ 107
VICTORIA SECRET,VERY SEXY NIGHT,,VERY SEXY NIGHT,250290,1.00KG,700,$ 191
VICTORIA SECRET,XO,,XO,240952,1.00KG,495,$ 135
VICTORIA SECRET,PURE SEDUCTION CASHMERE,,PURE SEDUCTION CASHMERE,240693,1.00KG,275,$ 75
VICTORIA SECRET,CEDAR BREEZE,,CEDAR BREEZE,240530,1.00KG,330,$ 90
VICTORIA SECRET,"EAU SO SEXY EAU DE
PARFUM",LZ,GORGEOUS HEART,339696,1.00KG,470,$ 128
VICTORIA SECRET,LOVE ME MORE,LZ,SUGER HEAVEN YS,694433,1.00KG,350,$ 96
VICTORIA SECRET,HARDCORE ROSE,LZ,GORGEOUS POWER,339704,1.00KG,420,$ 115
VICTORIA SECRET,JUST A KISS,LZ,GORGEOUS LIPS,233747,1.00KG,330,$ 90
VICTORIA SECRET,BOMBSHELL,LZ,GORGEOUS EXPLOSION,338510,1.00KG,275,$ 75
VICTORIA SECRET,SCANDALOUS,LZ,GORGEOUS GOSSIP,501970,1.00KG,390,$ 107
VICTORIA SECRET,BOMBSHELL GOLD,LZ,GORGEOUS SHINE,503813,1.00KG,610,$ 167
VICTORIA SECRET,ANGEL GOLD,LZ,PRINCESS IN HEAVEN,503843,1.00KG,275,$ 75
VICTORIA SECRET,VICTORIA'S SECRET BOMBSHELL OUD,LZ,GORGEOUS SCENT,233505,1.00KG,550,$ 150
VICTORIA SECRET,BOMBSHELL MAGIC,LZ,AMAZING EXPLOSION,580269,1.00KG,650,$ 178
VICTORIA SECRET,BOMBSHELL TOP,,BOMBSHELL TOP,240097,1.00KG,550,$ 150
VICTORIA SECRET,BOMBSHELL HOLIDAY,,BOMBSHELL HOLIDAY,3000705,1.00KG,275,$ 75
VICTORIA SECRET,EAU SO SEXY TOP,,EAU SO SEXY TOP,240611,1.00KG,300,$ 82
BRAND,NAME,ORI,CN,CODE,QTY,AED,USD
VICTORIA SECRET,LOVE EAU DE PARFUM,,LOVE EAU DE PARFUM,3000706,1.00KG,275,$ 75
VICTORIA SECRET,MANGO TEMPTATION,,MANGO TEMPTATION,250171,1.00KG,450,$ 123
VICTORIA SECRET,TEMPTATION,,TEMPTATION,3000708,1.00KG,275,$ 75
VICTORIA SECRET,VERY SEXY,,VERY SEXY,240493,1.00KG,275,$ 75
VICTORIA SECRET,VERY SEXY NOW 2017,,VERY SEXY NOW 2017,240501,1.00KG,275,$ 75
VICTORIA SECRET,VICTORIA'S SECRET PARIS,,VICTORIA'S SECRET PARIS,3000709,1.00KG,275,$ 75
VICTORIA SECRET,BOMBSHELL OUD,,BOMBSHELL OUD,3000710,1.00KG,330,$ 90
VICTORIA SECRET,BOMBSHELL PASSION,,BOMBSHELL PASSION,3000711,1.00KG,330,$ 90
VICTORIA SECRET,TEASE CREME CLOUD,,TEASE CREME CLOUD,3000712,1.00KG,275,$ 75
VICTORIA SECRET,CANDY BABY WOMEN,,CANDY BABY WOMEN,3000713,1.00KG,275,$ 75
VICTORIA SECRET,BOMSHEEL CELEBRATION,,BOMSHEEL CELEBRATION,3000714,1.00KG,350,$ 96
VICTORIA SECRET,TEASE SUGAR FLEUR,,TEASE SUGAR FLEUR,3000715,1.00KG,275,$75
VICTORIA'S SECRET,VARY SEXY OASIS,LZ,MY SENSUAL MOMENTS,462359,1.00KG,550,$ 150
VILHELM,CHIMLIKA,,CHIMLIKA,250344,1.00KG,850,$ 232
VILHELM,MANGO SKIN,LZ,MIKLAB,339958,1.00KG,440,$ 120
VILHELM,DEAR POLLY TOP,,DEAR POLLY TOP,240914,1.00KG,1100,$ 301
WARD,WARD,,WARD,240721,1.00KG,275,$ 75
WARD,WARD ISPARTA,,WARD ISPARTA,3000718,1.00KG,2750,$ 751
WHITE AMBER,WHITE AMBERY,LZ,WHITE AMBERY,340834,1.00KG,1045,$ 286
WHITE AMBER,WHITE AMBER TOP,,WHITE AMBER TOP,3000719,1.00KG,1320,$ 361
WHITE AMBER,WHITE AMBER,,WHITE AMBER,3000720,1.00KG,500,$ 137
WHITE AMBER,WHITE AMBER,,WHITE AMBER,3000721,1.00KG,500,$ 137
WHITE OUD,WHITE OUD TOP,,WHITE OUD TOP,240466,1.00KG,500,$ 137
WHITE ROSE,WHITE ROSE,,WHITE ROSE,3000722,1.00KG,220,$ 60
WIDIAN,NEW YORK,,NEW YORK,250329,1.00KG,1500,$ 409
WIDIAN,SAMAR,,SAMAR,240987,1.00KG,1000,$ 273
WIDIAN,LONDON,,LONDON,240629,1.00KG,1300,$ 355
WIDIAN,HILI,,HILI,240522,1.00KG,450,$ 123
WIDIAN,LIMITED 71 EXTREME,,LIMITED 71 EXTREME,3000723,1.00KG,2200,$ 601
X5,X5,,X5,3000724,1.00KG,550,$ 150
XERJOFF,LOUIS XV 1722 ROSE,,LOUIS XV 1722 ROSE,250464,1.00KG,700,$ 191
XERJOFF,DURAN DURAN,,DURAN DURAN,250462,1.00KG,850,$ 232
XERJOFF,TORINO 25,,TORINO 25,250429,1.00KG,700,$ 191
XERJOFF,1 PARFUME,,1 PARFUME,250418,1.00KG,850,$ 232
XERJOFF,2 PARFUME,,2 PARFUME,250422,1.00KG,1100,$ 301
XERJOFF,CORO SUPER,,CORO SUPER,250256,1.00KG,850,$ 232
XERJOFF,CORO TOP,,CORO TOP,250205,1.00KG,1000,$ 273
XERJOFF,ALEXANDRIA III,,ALEXANDRIA III,250152,1.00KG,850,$ 232
XERJOFF,ERBA PURA,,ERBA PURA,250048,1.00KG,850,$ 232
XERJOFF,ERBA PURA,,FRESH PURPLE AURA,233423-XX,1.00KG,610,$ 167
XERJOFF,TORINO 24,,TORINO 24,240690,1.00KG,1000,$ 273
XERJOFF,NEWCLEUS 2024,,NEWCLEUS 2024,240645,1.00KG,1000,$ 273
XERJOFF,ITALICA,,ITALICA,240626,1.00KG,1050,$ 287
XERJOFF,ELIXIR PERFUME EXTRAIT,,ELIXIR PERFUME EXTRAIT,240535,1.00KG,1300,$ 355
XERJOFF,QUATTRO PIZZI,,QUATTRO PIZZI,240534,1.00KG,1500,$ 409
XERJOFF,RICHWOOD TOP,,RICHWOOD TOP,240408,1.00KG,1000,$ 273
XERJOFF,"TONNY LOMMI DEIFIED
PARFUM",,"TONNY LOMMI DEIFIED
PARFUM",240372,1.00KG,1000,$ 273
XERJOFF,LIRA,,LIRA,240272,1.00KG,550,$ 150
XERJOFF,LA TOSCA,,LA TOSCA,240271,1.00KG,1100,$ 301
XERJOFF,LA CAPITALE,,LA CAPITALE,240255,1.00KG,900,$ 245
XERJOFF,"TONNY LOMMI MONKEY
SPECIAL",,"TONNY LOMMI MONKEY
SPECIAL",240220,1.00KG,1000,$ 273
XERJOFF,ALEXANDRIA ORIENTALE,LZ,BABA ZAYED,693241 T,1.00KG,890,$ 243
XERJOFF,WARDASINA,LZ,LITTLE ROSE,232449,1.00KG,1490,$ 407
XERJOFF,DOLCE AMALFI,LZ,KALAMUT,339976,1.00KG,390,$ 107
XERJOFF,GROOVE XCAPE,LZ,BLUE LIGHTNING,680366,1.00KG,720,$ 197
XERJOFF,TORINO 21 TOP,,TORINO 21 TOP,240214,1.00KG,900,$ 245
XERJOFF,TORINO 22 TOP,,TORINO 22 TOP,250188,1.00KG,800,$ 219
XERJOFF,TORINO 23 TOP,,TORINO 23 TOP,240273,1.00KG,850,$ 232
XERJOFF,STARLIGHT,LZ,TWINKLE TWINKLE,353632 T,1.00KG,830,$ 227
XERJOFF,40 NOEUDS,LZ,YACHI PARTY,233146 T,1.00KG,990,$ 270
XERJOFF,ALEXANDRIA II TOP,,ALEXANDRIA II TOP,240442,1.00KG,1100,$ 301
XERJOFF,ALEXANDRIA II,LZ,TOP OF GOLD,342784,1.00KG,500,$ 137
XERJOFF,ALEXANDRIA ORIENTALE,LZ,BABA ZAYED,339595,1.00KG,610,$ 167
XERJOFF,AMBER GOLD,LZ,LUXURY JEWEL,503623,1.00KG,610,$ 167
XERJOFF,AMBER STAR,LZ,GLORIOUS SKY,233790,1.00KG,550,$ 150
XERJOFF,ERBA GOLD,LZ,EMPIRE OF SUN,503769-T,1.00KG,770,$ 210
XERJOFF,GRAN BALLO,LZ,DANCE EVENT,503433,1.00KG,440,$ 120
XERJOFF,MEFISTO,LZ,HOUSE OF EVIL,338925-T,1.00KG,500,$ 137
XERJOFF,MEFISTO,LZ,HOUSE OF EVIL,338925,1.00KG,330,$ 90
XERJOFF,MORE THAN WORDS,LZ,ACT,232485,1.00KG,660,$ 180
XERJOFF,ROSE GOLD,LZ,LUXURY FLOWER,339618,1.00KG,550,$ 150
XERJOFF,UDEN,LZ,EVERLASTING SUN,339170,1.00KG,500,$ 137
XERJOFF,MEFISTO,LZ,HOUSE OF EVIL,338925,1.00KG,330,$ 90
BRAND,NAME,ORI,CN,CODE,QTY,AED,USD
XERJOFF,MEFISTO GENTILUOMO,LZ,BLAKIT,503861,1.00KG,550,$ 150
XERJOFF,CORALLO,LZ,SADOK,503862,1.00KG,390,$ 107
XERJOFF,XJ 1861 NAXOS,LZ,AROMATIC ISLAND,503642,1.00KG,650,$ 178
XERJOFF,XJ 1861 NAXOS,LZ,AROMATIC ISLAND,503642-E,1.00KG,350,$ 96
XERJOFF,GOLDEN DALLAH,,GOLDEN DALLAH,3000725,1.00KG,990,$ 270
XERJOFF,XJ 1861 NAXOS,,XJ 1861 NAXOS,3000726,1.00KG,1100,$ 301
XERJOFF,XJ 1861 NAXOS,,XJ 1861 NAXOS,240017,1.00KG,680,$ 185
XERJOFF,XJ 1861 NAXOS,,XJ 1861 NAXOS,240025,1.00KG,275,$ 75
YAMEN,TIB EL,LZ,TIB EL YAMEEN,461963,1.00KG,270,$ 74
YAS PERFUMES,JAZZAB,,JAZZAB,3000727,1.00KG,275,$ 75
YSL,BABYCAT RAW BOUBORN,,BABYCAT RAW BOUBORN,250472,1.00KG,1000,$ 273
YSL,Y ICED COLONGE,,Y ICED COLONGE,250403,1.00KG,850,$ 232
YSL,TUXEDO SHARP PATCHOULI,,TUXEDO SHARP PATCHOULI,250295,1.00KG,850,$ 232
YSL,BLOUSE IMPERTINENT ROSE TOP,,BLOUSE IMPERTINENT ROSE TOP,250410,1.00KG,1200,$ 327
YSL,BLOUSE IMPERTINENT ROSE,,BLOUSE IMPERTINENT ROSE,250274,1.00KG,990,$ 270
YSL,LIBRE VANILLE COUTURE,,LIBRE VANILLE COUTURE,250262,1.00KG,550,$ 150
YSL,MUSE INSPIRING INK,,MUSE INSPIRING INK,250260,1.00KG,990,$ 270
YSL,LIBRE L EAU NUE,,LIBRE L EAU NUE,250164,1.00KG,990,$ 270
YSL,MYSELF L' ABSOLU,,MYSELF L' ABSOLU,250106,1.00KG,850,$ 232
YSL,MUSE,,MUSE,250099,1.00KG,1000,$ 273
YSL,37 RUE DE BELLECHASSE,,37 RUE DE BELLECHASSE,250088,1.00KG,850,$ 232
YSL,GAUCHE,,GAUCHE,250067,1.00KG,850,$ 232
YSL,LA NUIT DE L'HOMME BLEU ELECTRIQUE,,LA NUIT DE L'HOMME BLEU ELECTRIQUE,240869,1.00KG,750,$ 205
YSL,BLACK OPIUM GLITTER 2025,,BLACK OPIUM GLITTER 2025,240861,1.00KG,850,$ 232
YSL,CHAMPAGNE,,CHAMPAGNE,240837,1.00KG,490,$ 133
YSL,BLACK OPIUM OVER RED,,BLACK OPIUM OVER RED,240711,1.00KG,900,$ 245
YSL,LA NUIT D L HOMME,,LA NUIT D L HOMME,240607,1.00KG,750,$ 205
YSL,LIBRE FLOWERS & FLAMES,,LIBRE FLOWERS & FLAMES,240564,1.00KG,1100,$ 301
YSL,LIBRE LE PARFUM,,LIBRE LE PARFUM,240415,1.00KG,950,$ 260
YSL,LIBRE,LZ,INDEPENDENT WO,680049,1.00KG,530,$ 145
YSL,LIBRE TOP,,LIBRE,240099,1.00KG,565,$ 155
YSL,Y ELIXIR,,Y ELIXIR,240286,1.00KG,500,$ 137
YSL,"Y EAU DE PARFUM TOP
(2018)",,"Y EAU DE PARFUM TOP
(2018)",240194,1.00KG,1080,$ 295
YSL,Y    (2017),LZ,SLINGSHOT,233906-A,1.00KG,480,$ 131
YSL,Y TOP   (2017),,Y    (2017),240100,1.00KG,565,$ 155
YSL,Y  INTENSE TOP,,Y  INTENSE TOP,240620,1.00KG,1000,$ 273
YSL,BABY CAT TOP,,BABY CAT TOP,240322,1.00KG,1200,$ 327
YSL,BLACK OPIUM LE PARFUM,,BLACK OPIUM LE PARFUM,240434,1.00KG,750,$ 205
YSL,BLACK OPIUM,,BLACK OPIUM,250047,1.00KG,700,$ 191
YSL,BLACK OPIUM,LZ,DARK OPUS,338826,1.00KG,550,$ 150
YSL,CABAN,LZ,SENSUAL AROMA,381455-BT,1.00KG,550,$ 150
YSL,CINEMA TOP,,CINEMA TOP,240925,1.00KG,550,$ 150
YSL,EXQUISITE EMBROIDERY,LZ,BEST CHOICE,343666-B,1.00KG,275,$ 75
YSL,EXQUISITE MUSK,LZ,SPECIAL BLEND,233759,1.00KG,550,$ 150
YSL,MON PARIS TOP,,MON PARIS TOP,250451,1.00KG,850,$ 232
YSL,MON PARIS,LZ,BIG CITY LIFE,232927-A,1.00KG,500,$ 137
YSL,BLACK OPIUM EXTREME,LZ,DARK STORM,336038,1.00KG,610,$ 167
YSL,BLACK OPIUM ILLICIT GREEN,LZ,INTO THE DARK,336105-XX,1.00KG,610,$ 167
YSL,SUPREME BOUQUET,LZ,ENIGMATIC,340836-F,1.00KG,450,$ 123
YSL,SUPREME BOUQUET,LZ,ENIGMATIC,340836-D,1.00KG,550,$ 150
YSL,BLACK OPIUM BABY CAT,LZ,CATWOMAN,336011,1.00KG,550,$ 150
YSL,WILD LEATHER,LZ,ROYAL SUEDE,343899-T,1.00KG,770,$ 210
YSL,MYSELF LE PARFUM,,MYSELF LE PARFUM,240582,1.00KG,850,$ 232
YSL,MYSELF TOP,,MYSELF TOP,240375,1.00KG,800,$ 218
YSL,LIBRE L ABSOLU PLATINE,,LIBRE L ABSOLU PLATINE,240119,1.00KG,915,$ 250
YSL,BABY DOLL,,BABY DOLL,3000728,1.00KG,275,$ 75
YSL,BLACK OPIUM INTENSE,,BLACK OPIUM INTENSE,250147,1.00KG,500,$ 137
YSL,CAFTAN,,CAFTAN,3000730,1.00KG,610,$ 167
YSL,INTENSE,,INTENSE,3000731,1.00KG,275,$ 75
YSL,KOUROS,,KOUROS,3000732,1.00KG,275,$ 75
YSL,MANIFESTO,,MANIFESTO,3000733,1.00KG,275,$ 75
YSL,MON PARIS,,MON PARIS,3000734,1.00KG,275,$ 75
YSL,LIBRE  INTENSE TOP,,LIBRE  INTENSE TOP,240623,1.00KG,1000,$ 273
YSL,Y LE PARFUM TOP,,Y LE PARFUM TOP,240405,1.00KG,650,$ 178
YSL,TUXEDO TOP,,TUXEDO TOP,240263,1.00KG,1000,$273
YVES ROCHER,ROSE OUD,,ROSE OUD,3000736,1.00KG,275,$ 75
ZADIG & VOLTAIRE,JUST ROCK FOR HIM,LZ,THUNDER SPICE,461377,1.00KG,550,$ 150
ZADIG & VOLTAIRE,THIS IS US,LZ,INSIEME,233479,1.00KG,610,$ 167
ZAFRAN,ATTAR ZAFRAN,,ATTAR ZAFRAN,3000737,1.00KG,275,$ 75
ZAFRAN,ZAFRAN SUPER,,ZAFRAN SUPER,3000738,1.00KG,940,$ 257
ZAFRAN,WHTIE ZAFRAN,,WHTIE ZAFRAN,3000739,1.00KG,275,$ 75
ZARA,SUN KISSED BANANA,,SUN KISSED BANANA,250311,1.00KG,550,$ 150
ZARA,FRESH RAIN SHOWER,,FRESH RAIN SHOWER,250307,1.00KG,600,$ 164
ZARA,COZY SERENADE,LZ,RELAXED MUSIC,354053,1.00KG,610,$ 167
ZARKO PERFUME,MOLECULE NO.08,LZ,FRESH AUTUMN,339479,1.00KG,275,$ 75
BRAND,NAME,ORI,CN,CODE,QTY,AED,USD
ZARKO PERFUME,PINK MOLECULE 090.09 TOP,,PINK MOLECULE 090.09,240104,1.00KG,550,$ 150
ZARKOPERFUME,PINK MOLECULE 090.09,LZ,SPARKLING ROSE,339642,1.00KG,420,$ 115
ZARKOPERFUME,MOLECULE C-19 THE BEACH,LZ,COCONUT PURITY,234050,1.00KG,360,$ 98
ZARKOPERFUME,PURPLE MOLECULE 070.07,LZ,TURUK HEART,503693,1.00KG,440,$ 120
ZARKOPERFUME,QUANTUM MOLECULE,LZ,ZNICH,702885,1.00KG,440,$ 120
ZARKOPERFUME,THE MUSE,LZ,PIPE DREAM,261267,1.00KG,275,$ 75
ZEGNA,INDONESIAN OUD EAU DE PARFUM,,INDONESIAN OUD EAU DE PARFUM,250415,1.00KG,850,$ 232
ZEGNA,ZEGNA IRIS,,FLORENTINE IRIS,240622,1.00KG,1400,$ 383
ZIELINSKI & ROZEN,VANILLA BLEND,LZ,VANILLA LIFE,700902,1.00KG,275,$ 75
ZIELINSKI & ROZEN,"BLACK PEPPER & AMBER
,NEROLI",LZ,GUNPOWDER,343968,1.00KG,610,$ 167
ZIELINSKI & ROZEN,"ORANGE & JASMINE, VANILLA",LZ,ORANGERIE,462340,1.00KG,450,$ 123
ZIELINSKI & ROZEN,FICTION,LZ,DESTINATION,344142-T,1.00KG,750,$ 205
ZIELINSKI & ROZEN,VETIVER & LEMON.BERGAMOT,LZ,FESTIVAL OF FRESHNESS,354182,1.00KG,500,$ 137
