match_candidate_id,supplier_item_id,candidate_brand,candidate_fragrance_name,candidate_concentration,candidate_source_type,candidate_source_reference,match_method,match_confidence,match_notes,review_status,licensing_risk,created_at_utc
MATCH-20260426-00001,SUP-20260426-00001,Al Majed OUD,Elbrince,,supplier_source,250035,supplier_name_normalisation,0.7,Initial candidate generated from supplier row only. Requires independent verification before approval.,needs_verification,low_supplier_source_only,2026-09-15T23:52:40+00:00
MATCH-20260426-00002,SUP-20260426-00002,Akro,Crush,,supplier_source,250397,supplier_name_normalisation,0.7,Initial candidate generated from supplier row only. Requires independent verification before approval.,needs_verification,low_supplier_source_only,2026-09-15T23:52:40+00:00
MATCH-20260426-00003,SUP-20260426-00003,Akro,Bake,,supplier_source,250167,supplier_name_normalisation,0.7,Initial candidate generated from supplier row only. Requires independent verification before approval.,needs_verification,low_supplier_source_only,2026-09-15T23:52:40+00:00
MATCH-20260426-00004,SUP-20260426-00004,Abdul Samad Al,Furusiyya-pink Incense,,supplier_source,300001,supplier_name_normalisation,0.7,Initial candidate generated from supplier row only. Requires independent verification before approval.,needs_verification,low_supplier_source_only,2026-09-15T23:52:40+00:00
MATCH-20260426-00005,SUP-20260426-00005,Abdul Samad Al,Khashab Al OUD,,supplier_source,300002,supplier_name_normalisation,0.7,Initial candidate generated from supplier row only. Requires independent verification before approval.,needs_verification,low_supplier_source_only,2026-09-15T23:52:40+00:00
MATCH-20260426-00006,SUP-20260426-00006,Abdul Samad Al,Ruh Al OUD,,supplier_source,300003,supplier_name_normalisation,0.7,Initial candidate generated from supplier row only. Requires independent verification before approval.,needs_verification,low_supplier_source_only,2026-09-15T23:52:40+00:00
MATCH-20260426-00007,SUP-20260426-00007,Abdul Samad Al,Safari Extreme,,supplier_source,240231,supplier_name_normalisation,0.7,Initial candidate generated from supplier row only. Requires independent verification before approval.,needs_verification,low_supplier_source_only,2026-09-15T23:52:40+00:00
MATCH-20260426-00008,SUP-20260426-00008,Abdul Samad Al,Charme D' Orient,,supplier_source,300004,supplier_name_normalisation,0.7,Initial candidate generated from supplier row only. Requires independent verification before approval.,needs_verification,low_supplier_source_only,2026-09-15T23:52:40+00:00
MATCH-20260426-00009,SUP-20260426-00009,Abercrombie & Fitch,Fierce,,supplier_source,240903,supplier_name_normalisation,0.7,Initial candidate generated from supplier row only. Requires independent verification before approval.,needs_verification,low_supplier_source_only,2026-09-15T23:52:40+00:00
MATCH-20260426-00010,SUP-20260426-00010,Abercrombie & Fitch,First Instinct Blue,,supplier_source,300005,supplier_name_normalisation,0.7,Initial candidate generated from supplier row only. Requires independent verification before approval.,needs_verification,low_supplier_source_only,2026-09-15T23:52:40+00:00
MATCH-20260426-00011,SUP-20260426-00011,Abercrombie & Fitch,First Instinct For Her,,supplier_source,300006,supplier_name_normalisation,0.7,Initial candidate generated from supplier row only. Requires independent verification before approval.,needs_verification,low_supplier_source_only,2026-09-15T23:52:40+00:00
MATCH-20260426-00012,SUP-20260426-00012,Acqua Di Parma,Colonia II Profumo,,supplier_source,250208,supplier_name_normalisation,0.7,Initial candidate generated from supplier row only. Requires independent verification before approval.,needs_verification,low_supplier_source_only,2026-09-15T23:52:40+00:00
MATCH-20260426-00013,SUP-20260426-00013,Acqua Di Parma,Buongiorno,,supplier_source,250306,supplier_name_normalisation,0.7,Initial candidate generated from supplier row only. Requires independent verification before approval.,needs_verification,low_supplier_source_only,2026-09-15T23:52:40+00:00
MATCH-20260426-00014,SUP-20260426-00014,Acqua Di Parma,OUD & Spice,,supplier_source,233551,supplier_name_normalisation,0.62,Initial candidate generated from supplier row only. Requires independent verification before approval.,needs_verification,low_supplier_source_only,2026-09-15T23:52:40+00:00
MATCH-20260426-00015,SUP-20260426-00015,Acqua Di Parma,OUD,,supplier_source,300007,supplier_name_normalisation,0.7,Initial candidate generated from supplier row only. Requires independent verification before approval.,needs_verification,low_supplier_source_only,2026-09-15T23:52:40+00:00
MATCH-20260426-00016,SUP-20260426-00016,Argos,Triumph Of Bacchus Argos,,supplier_source,240811,supplier_name_normalisation,0.7,Initial candidate generated from supplier row only. Requires independent verification before approval.,needs_verification,low_supplier_source_only,2026-09-15T23:52:40+00:00
MATCH-20260426-00017,SUP-20260426-00017,Afnan,9pm Night Out,,supplier_source,250480,supplier_name_normalisation,0.7,Initial candidate generated from supplier row only. Requires independent verification before approval.,needs_verification,low_supplier_source_only,2026-09-15T23:52:40+00:00
MATCH-20260426-00018,SUP-20260426-00018,Afnan,9pm,,supplier_source,250081,supplier_name_normalisation,0.7,Initial candidate generated from supplier row only. Requires independent verification before approval.,needs_verification,low_supplier_source_only,2026-09-15T23:52:40+00:00
MATCH-20260426-00019,SUP-20260426-00019,Afnan,9pm Rebel,,supplier_source,250033,supplier_name_normalisation,0.7,Initial candidate generated from supplier row only. Requires independent verification before approval.,needs_verification,low_supplier_source_only,2026-09-15T23:52:40+00:00
MATCH-20260426-00020,SUP-20260426-00020,Afnan,9am,,supplier_source,240839,supplier_name_normalisation,0.7,Initial candidate generated from supplier row only. Requires independent verification before approval.,needs_verification,low_supplier_source_only,2026-09-15T23:52:40+00:00
MATCH-20260426-00021,SUP-20260426-00021,Afnan,Turathi Blue,,supplier_source,240813,supplier_name_normalisation,0.7,Initial candidate generated from supplier row only. Requires independent verification before approval.,needs_verification,low_supplier_source_only,2026-09-15T23:52:40+00:00
MATCH-20260426-00022,SUP-20260426-00022,Afnan,Supermacy Silver,,supplier_source,240318,supplier_name_normalisation,0.7,Initial candidate generated from supplier row only. Requires independent verification before approval.,needs_verification,low_supplier_source_only,2026-09-15T23:52:40+00:00
MATCH-20260426-00023,SUP-20260426-00023,AF,Flower Oxy,,supplier_source,339818,supplier_name_normalisation,0.62,Initial candidate generated from supplier row only. Requires independent verification before approval.,needs_verification,low_supplier_source_only,2026-09-15T23:52:40+00:00
MATCH-20260426-00024,SUP-20260426-00024,AF,Citron Oxy,,supplier_source,339816,supplier_name_normalisation,0.62,Initial candidate generated from supplier row only. Requires independent verification before approval.,needs_verification,low_supplier_source_only,2026-09-15T23:52:40+00:00
MATCH-20260426-00025,SUP-20260426-00025,AF,Green Tatera,,supplier_source,300008,supplier_name_normalisation,0.7,Initial candidate generated from supplier row only. Requires independent verification before approval.,needs_verification,low_supplier_source_only,2026-09-15T23:52:40+00:00
MATCH-20260426-00026,SUP-20260426-00026,AF,Musk Tatera,,supplier_source,300009,supplier_name_normalisation,0.7,Initial candidate generated from supplier row only. Requires independent verification before approval.,needs_verification,low_supplier_source_only,2026-09-15T23:52:40+00:00
MATCH-20260426-00027,SUP-20260426-00027,Ajmal,Song Of OUD,,supplier_source,240532,supplier_name_normalisation,0.7,Initial candidate generated from supplier row only. Requires independent verification before approval.,needs_verification,low_supplier_source_only,2026-09-15T23:52:40+00:00
MATCH-20260426-00028,SUP-20260426-00028,Ajmal,1101 Nights,,supplier_source,554861,supplier_name_normalisation,0.62,Initial candidate generated from supplier row only. Requires independent verification before approval.,needs_verification,low_supplier_source_only,2026-09-15T23:52:40+00:00
MATCH-20260426-00029,SUP-20260426-00029,Ajmal,Amber Wood,,supplier_source,240801,supplier_name_normalisation,0.7,Initial candidate generated from supplier row only. Requires independent verification before approval.,needs_verification,low_supplier_source_only,2026-09-15T23:52:40+00:00
MATCH-20260426-00030,SUP-20260426-00030,Ajmal,Amber Wood,,supplier_source,250489,supplier_name_normalisation,0.7,Initial candidate generated from supplier row only. Requires independent verification before approval.,needs_verification,low_supplier_source_only,2026-09-15T23:52:40+00:00
MATCH-20260426-00031,SUP-20260426-00031,Ajmal,Aurum,,supplier_source,240929,supplier_name_normalisation,0.7,Initial candidate generated from supplier row only. Requires independent verification before approval.,needs_verification,low_supplier_source_only,2026-09-15T23:52:40+00:00
MATCH-20260426-00032,SUP-20260426-00032,Ajmal,Ambre Pimente,,supplier_source,353631,supplier_name_normalisation,0.62,Initial candidate generated from supplier row only. Requires independent verification before approval.,needs_verification,low_supplier_source_only,2026-09-15T23:52:40+00:00
MATCH-20260426-00033,SUP-20260426-00033,Ajmal,Silk Musk,,supplier_source,240065,supplier_name_normalisation,0.7,Initial candidate generated from supplier row only. Requires independent verification before approval.,needs_verification,low_supplier_source_only,2026-09-15T23:52:40+00:00
MATCH-20260426-00034,SUP-20260426-00034,Ajmal,Silk Musk,,supplier_source,240305,supplier_name_normalisation,0.7,Initial candidate generated from supplier row only. Requires independent verification before approval.,needs_verification,low_supplier_source_only,2026-09-15T23:52:40+00:00
MATCH-20260426-00035,SUP-20260426-00035,Ajmal,Black Rose,,supplier_source,338565,supplier_name_normalisation,0.62,Initial candidate generated from supplier row only. Requires independent verification before approval.,needs_verification,low_supplier_source_only,2026-09-15T23:52:40+00:00
MATCH-20260426-00036,SUP-20260426-00036,Ajmal,Alif Layla O Layla,,supplier_source,3000010,supplier_name_normalisation,0.7,Initial candidate generated from supplier row only. Requires independent verification before approval.,needs_verification,low_supplier_source_only,2026-09-15T23:52:40+00:00
MATCH-20260426-00037,SUP-20260426-00037,Ajmal,Amber Al OUD,,supplier_source,3000011,supplier_name_normalisation,0.7,Initial candidate generated from supplier row only. Requires independent verification before approval.,needs_verification,low_supplier_source_only,2026-09-15T23:52:40+00:00
MATCH-20260426-00038,SUP-20260426-00038,Ajmal,Amber Musk,,supplier_source,3000012,supplier_name_normalisation,0.7,Initial candidate generated from supplier row only. Requires independent verification before approval.,needs_verification,low_supplier_source_only,2026-09-15T23:52:40+00:00
MATCH-20260426-00039,SUP-20260426-00039,Ajmal,Amber Poivre,,supplier_source,3000013,supplier_name_normalisation,0.7,Initial candidate generated from supplier row only. Requires independent verification before approval.,needs_verification,low_supplier_source_only,2026-09-15T23:52:40+00:00
MATCH-20260426-00040,SUP-20260426-00040,Ajmal,Amber Santal,,supplier_source,3000014,supplier_name_normalisation,0.7,Initial candidate generated from supplier row only. Requires independent verification before approval.,needs_verification,low_supplier_source_only,2026-09-15T23:52:40+00:00
MATCH-20260426-00041,SUP-20260426-00041,Ajmal,Amber Supreme,,supplier_source,3000015,supplier_name_normalisation,0.7,Initial candidate generated from supplier row only. Requires independent verification before approval.,needs_verification,low_supplier_source_only,2026-09-15T23:52:40+00:00
MATCH-20260426-00042,SUP-20260426-00042,Ajmal,Aristocrat,,supplier_source,3000017,supplier_name_normalisation,0.7,Initial candidate generated from supplier row only. Requires independent verification before approval.,needs_verification,low_supplier_source_only,2026-09-15T23:52:40+00:00
MATCH-20260426-00043,SUP-20260426-00043,Ajmal,Cuir Musk,,supplier_source,3000018,supplier_name_normalisation,0.7,Initial candidate generated from supplier row only. Requires independent verification before approval.,needs_verification,low_supplier_source_only,2026-09-15T23:52:40+00:00
MATCH-20260426-00044,SUP-20260426-00044,Ajmal,Incence Wood,,supplier_source,3000019,supplier_name_normalisation,0.7,Initial candidate generated from supplier row only. Requires independent verification before approval.,needs_verification,low_supplier_source_only,2026-09-15T23:52:40+00:00
MATCH-20260426-00045,SUP-20260426-00045,Ajmal,Incense Wood,,supplier_source,3000020,supplier_name_normalisation,0.7,Initial candidate generated from supplier row only. Requires independent verification before approval.,needs_verification,low_supplier_source_only,2026-09-15T23:52:40+00:00
MATCH-20260426-00046,SUP-20260426-00046,Ajmal,Mizyaan,,supplier_source,3000021,supplier_name_normalisation,0.7,Initial candidate generated from supplier row only. Requires independent verification before approval.,needs_verification,low_supplier_source_only,2026-09-15T23:52:40+00:00
MATCH-20260426-00047,SUP-20260426-00047,Ajmal,Mukhallat Shams,,supplier_source,3000022,supplier_name_normalisation,0.7,Initial candidate generated from supplier row only. Requires independent verification before approval.,needs_verification,low_supplier_source_only,2026-09-15T23:52:40+00:00
MATCH-20260426-00048,SUP-20260426-00048,Ajmal,Musk Supreme,,supplier_source,3000023,supplier_name_normalisation,0.7,Initial candidate generated from supplier row only. Requires independent verification before approval.,needs_verification,low_supplier_source_only,2026-09-15T23:52:40+00:00
MATCH-20260426-00049,SUP-20260426-00049,Ajmal,Qafiya,,supplier_source,3000024,supplier_name_normalisation,0.7,Initial candidate generated from supplier row only. Requires independent verification before approval.,needs_verification,low_supplier_source_only,2026-09-15T23:52:40+00:00
MATCH-20260426-00050,SUP-20260426-00050,Ajmal,Tanaasuq,,supplier_source,3000025,supplier_name_normalisation,0.7,Initial candidate generated from supplier row only. Requires independent verification before approval.,needs_verification,low_supplier_source_only,2026-09-15T23:52:40+00:00
MATCH-20260426-00051,SUP-20260426-00051,Ajmal,Tanaasuq,,supplier_source,3000026,supplier_name_normalisation,0.7,Initial candidate generated from supplier row only. Requires independent verification before approval.,needs_verification,low_supplier_source_only,2026-09-15T23:52:40+00:00
MATCH-20260426-00052,SUP-20260426-00052,Ajmal,Violette Musk,,supplier_source,3000027,supplier_name_normalisation,0.7,Initial candidate generated from supplier row only. Requires independent verification before approval.,needs_verification,low_supplier_source_only,2026-09-15T23:52:40+00:00
MATCH-20260426-00053,SUP-20260426-00053,Ajmal,Wisal,,supplier_source,240392,supplier_name_normalisation,0.7,Initial candidate generated from supplier row only. Requires independent verification before approval.,needs_verification,low_supplier_source_only,2026-09-15T23:52:40+00:00
MATCH-20260426-00054,SUP-20260426-00054,Ajmal,Younique,,supplier_source,3000028,supplier_name_normalisation,0.7,Initial candidate generated from supplier row only. Requires independent verification before approval.,needs_verification,low_supplier_source_only,2026-09-15T23:52:40+00:00
MATCH-20260426-00055,SUP-20260426-00055,Ajmal,Musk Silk Supreme,,supplier_source,3000029,supplier_name_normalisation,0.7,Initial candidate generated from supplier row only. Requires independent verification before approval.,needs_verification,low_supplier_source_only,2026-09-15T23:52:40+00:00
MATCH-20260426-00056,SUP-20260426-00056,Al Ameeri,Al Ameeri,,supplier_source,3000030,supplier_name_normalisation,0.7,Initial candidate generated from supplier row only. Requires independent verification before approval.,needs_verification,low_supplier_source_only,2026-09-15T23:52:40+00:00
MATCH-20260426-00057,SUP-20260426-00057,Al Jazeera,Onxy,,supplier_source,702567-D,supplier_name_normalisation,0.62,Initial candidate generated from supplier row only. Requires independent verification before approval.,needs_verification,low_supplier_source_only,2026-09-15T23:52:40+00:00
MATCH-20260426-00058,SUP-20260426-00058,Al Jazeera,Damascus,,supplier_source,343661-H,supplier_name_normalisation,0.62,Initial candidate generated from supplier row only. Requires independent verification before approval.,needs_verification,low_supplier_source_only,2026-09-15T23:52:40+00:00
MATCH-20260426-00059,SUP-20260426-00059,Al Jazeera,Venice,,supplier_source,461944-A,supplier_name_normalisation,0.62,Initial candidate generated from supplier row only. Requires independent verification before approval.,needs_verification,low_supplier_source_only,2026-09-15T23:52:40+00:00
MATCH-20260426-00060,SUP-20260426-00060,Al Jazeera,Wisteria,,supplier_source,680021-T,supplier_name_normalisation,0.62,Initial candidate generated from supplier row only. Requires independent verification before approval.,needs_verification,low_supplier_source_only,2026-09-15T23:52:40+00:00
MATCH-20260426-00061,SUP-20260426-00061,Al Jazeera,Venice,,supplier_source,461944-T,supplier_name_normalisation,0.62,Initial candidate generated from supplier row only. Requires independent verification before approval.,needs_verification,low_supplier_source_only,2026-09-15T23:52:40+00:00
MATCH-20260426-00062,SUP-20260426-00062,Al Jazeera,Magic,,supplier_source,503629,supplier_name_normalisation,0.62,Initial candidate generated from supplier row only. Requires independent verification before approval.,needs_verification,low_supplier_source_only,2026-09-15T23:52:40+00:00
MATCH-20260426-00063,SUP-20260426-00063,Al Teeb,Lora Dar,,supplier_source,693067,supplier_name_normalisation,0.62,Initial candidate generated from supplier row only. Requires independent verification before approval.,needs_verification,low_supplier_source_only,2026-09-15T23:52:40+00:00
MATCH-20260426-00064,SUP-20260426-00064,Al Teeb,Juliet Dar,,supplier_source,261067,supplier_name_normalisation,0.62,Initial candidate generated from supplier row only. Requires independent verification before approval.,needs_verification,low_supplier_source_only,2026-09-15T23:52:40+00:00
MATCH-20260426-00065,SUP-20260426-00065,Al Teeb,Warde-dar,,supplier_source,339927,supplier_name_normalisation,0.62,Initial candidate generated from supplier row only. Requires independent verification before approval.,needs_verification,low_supplier_source_only,2026-09-15T23:52:40+00:00
MATCH-20260426-00066,SUP-20260426-00066,Alexandre. J,Mandarine Sultane,,supplier_source,343622-A,supplier_name_normalisation,0.62,Initial candidate generated from supplier row only. Requires independent verification before approval.,needs_verification,low_supplier_source_only,2026-09-15T23:52:40+00:00
MATCH-20260426-00067,SUP-20260426-00067,Alexandre. J,Mandarine Sultane No,,supplier_source,343622,supplier_name_normalisation,0.62,Initial candidate generated from supplier row only. Requires independent verification before approval.,needs_verification,low_supplier_source_only,2026-09-15T23:52:40+00:00
MATCH-20260426-00068,SUP-20260426-00068,Alexandre. J,Morning Muscs,,supplier_source,461305-B,supplier_name_normalisation,0.62,Initial candidate generated from supplier row only. Requires independent verification before approval.,needs_verification,low_supplier_source_only,2026-09-15T23:52:40+00:00
MATCH-20260426-00069,SUP-20260426-00069,Alexandre. J,The Collector Black,,supplier_source,3000031,supplier_name_normalisation,0.7,Initial candidate generated from supplier row only. Requires independent verification before approval.,needs_verification,low_supplier_source_only,2026-09-15T23:52:40+00:00
MATCH-20260426-00070,SUP-20260426-00070,Alexandre. J,The Collector Zafeer OUD,,supplier_source,3000032,supplier_name_normalisation,0.7,Initial candidate generated from supplier row only. Requires independent verification before approval.,needs_verification,low_supplier_source_only,2026-09-15T23:52:40+00:00
MATCH-20260426-00071,SUP-20260426-00071,Alexandre. J,Rose OUD,,supplier_source,3000033,supplier_name_normalisation,0.7,Initial candidate generated from supplier row only. Requires independent verification before approval.,needs_verification,low_supplier_source_only,2026-09-15T23:52:40+00:00
MATCH-20260426-00072,SUP-20260426-00072,Alexandre J,Altesse,,supplier_source,461250-B,supplier_name_normalisation,0.62,Initial candidate generated from supplier row only. Requires independent verification before approval.,needs_verification,low_supplier_source_only,2026-09-15T23:52:40+00:00
MATCH-20260426-00073,SUP-20260426-00073,Amouage,Enclave,,supplier_source,250416,supplier_name_normalisation,0.7,Initial candidate generated from supplier row only. Requires independent verification before approval.,needs_verification,low_supplier_source_only,2026-09-15T23:52:40+00:00
MATCH-20260426-00074,SUP-20260426-00074,Amouage,Line 618 Essence De Parfume,,supplier_source,250408,supplier_name_normalisation,0.7,Initial candidate generated from supplier row only. Requires independent verification before approval.,needs_verification,low_supplier_source_only,2026-09-15T23:52:40+00:00
MATCH-20260426-00075,SUP-20260426-00075,Amouage,Sindabad,,supplier_source,250401,supplier_name_normalisation,0.7,Initial candidate generated from supplier row only. Requires independent verification before approval.,needs_verification,low_supplier_source_only,2026-09-15T23:52:40+00:00
MATCH-20260426-00076,SUP-20260426-00076,Amouage,Sequence,,supplier_source,250402,supplier_name_normalisation,0.7,Initial candidate generated from supplier row only. Requires independent verification before approval.,needs_verification,low_supplier_source_only,2026-09-15T23:52:40+00:00
MATCH-20260426-00077,SUP-20260426-00077,Amouage,Opus Xvi Timber,,supplier_source,250257,supplier_name_normalisation,0.7,Initial candidate generated from supplier row only. Requires independent verification before approval.,needs_verification,low_supplier_source_only,2026-09-15T23:52:40+00:00
MATCH-20260426-00078,SUP-20260426-00078,Amouage,Reception,,supplier_source,250225,supplier_name_normalisation,0.7,Initial candidate generated from supplier row only. Requires independent verification before approval.,needs_verification,low_supplier_source_only,2026-09-15T23:52:40+00:00
MATCH-20260426-00079,SUP-20260426-00079,Amouage,Love Tuberose,,supplier_source,250183,supplier_name_normalisation,0.7,Initial candidate generated from supplier row only. Requires independent verification before approval.,needs_verification,low_supplier_source_only,2026-09-15T23:52:40+00:00
MATCH-20260426-00080,SUP-20260426-00080,Amouage,Decision,,supplier_source,250161,supplier_name_normalisation,0.7,Initial candidate generated from supplier row only. Requires independent verification before approval.,needs_verification,low_supplier_source_only,2026-09-15T23:52:40+00:00
MATCH-20260426-00081,SUP-20260426-00081,Amouage,Existence,,supplier_source,250162,supplier_name_normalisation,0.7,Initial candidate generated from supplier row only. Requires independent verification before approval.,needs_verification,low_supplier_source_only,2026-09-15T23:52:40+00:00
MATCH-20260426-00082,SUP-20260426-00082,Amouage,Search,,supplier_source,250036,supplier_name_normalisation,0.7,Initial candidate generated from supplier row only. Requires independent verification before approval.,needs_verification,low_supplier_source_only,2026-09-15T23:52:40+00:00
MATCH-20260426-00083,SUP-20260426-00083,Amouage,Dia 40 Women,,supplier_source,240965,supplier_name_normalisation,0.7,Initial candidate generated from supplier row only. Requires independent verification before approval.,needs_verification,low_supplier_source_only,2026-09-15T23:52:40+00:00
MATCH-20260426-00084,SUP-20260426-00084,Amouage,Vanilla Baraka,,supplier_source,240901,supplier_name_normalisation,0.7,Initial candidate generated from supplier row only. Requires independent verification before approval.,needs_verification,low_supplier_source_only,2026-09-15T23:52:40+00:00
MATCH-20260426-00085,SUP-20260426-00085,Amouage,OUD Ulya,,supplier_source,240900,supplier_name_normalisation,0.7,Initial candidate generated from supplier row only. Requires independent verification before approval.,needs_verification,low_supplier_source_only,2026-09-15T23:52:40+00:00
MATCH-20260426-00086,SUP-20260426-00086,Amouage,Purpose 50,,supplier_source,240818,supplier_name_normalisation,0.7,Initial candidate generated from supplier row only. Requires independent verification before approval.,needs_verification,low_supplier_source_only,2026-09-15T23:52:40+00:00
MATCH-20260426-00087,SUP-20260426-00087,Amouage,Purpose,,supplier_source,240804,supplier_name_normalisation,0.7,Initial candidate generated from supplier row only. Requires independent verification before approval.,needs_verification,low_supplier_source_only,2026-09-15T23:52:40+00:00
MATCH-20260426-00088,SUP-20260426-00088,Amouage,Outlands,,supplier_source,240730,supplier_name_normalisation,0.7,Initial candidate generated from supplier row only. Requires independent verification before approval.,needs_verification,low_supplier_source_only,2026-09-15T23:52:40+00:00
MATCH-20260426-00089,SUP-20260426-00089,Amouage,Guidance 46,,supplier_source,240643,supplier_name_normalisation,0.7,Initial candidate generated from supplier row only. Requires independent verification before approval.,needs_verification,low_supplier_source_only,2026-09-15T23:52:40+00:00
MATCH-20260426-00090,SUP-20260426-00090,Amouage,Jubilition 40 Man,,supplier_source,240488,supplier_name_normalisation,0.7,Initial candidate generated from supplier row only. Requires independent verification before approval.,needs_verification,low_supplier_source_only,2026-09-15T23:52:40+00:00
MATCH-20260426-00091,SUP-20260426-00091,Amouage,Lilac Love,,supplier_source,240431,supplier_name_normalisation,0.7,Initial candidate generated from supplier row only. Requires independent verification before approval.,needs_verification,low_supplier_source_only,2026-09-15T23:52:40+00:00
MATCH-20260426-00092,SUP-20260426-00092,Amouage,Reflaction 45,,supplier_source,240618,supplier_name_normalisation,0.7,Initial candidate generated from supplier row only. Requires independent verification before approval.,needs_verification,low_supplier_source_only,2026-09-15T23:52:40+00:00
MATCH-20260426-00093,SUP-20260426-00093,Amouage,Reflaction Men,,supplier_source,240242,supplier_name_normalisation,0.7,Initial candidate generated from supplier row only. Requires independent verification before approval.,needs_verification,low_supplier_source_only,2026-09-15T23:52:40+00:00
MATCH-20260426-00094,SUP-20260426-00094,Amouage,Opus Xiv Royal Tobacco,,supplier_source,240209,supplier_name_normalisation,0.7,Initial candidate generated from supplier row only. Requires independent verification before approval.,needs_verification,low_supplier_source_only,2026-09-15T23:52:40+00:00
MATCH-20260426-00095,SUP-20260426-00095,Amouage,Love Delight,,supplier_source,240203,supplier_name_normalisation,0.7,Initial candidate generated from supplier row only. Requires independent verification before approval.,needs_verification,low_supplier_source_only,2026-09-15T23:52:40+00:00
MATCH-20260426-00096,SUP-20260426-00096,Amouage,Amouage Epic Man,,supplier_source,240438,supplier_name_normalisation,0.7,Initial candidate generated from supplier row only. Requires independent verification before approval.,needs_verification,low_supplier_source_only,2026-09-15T23:52:40+00:00
MATCH-20260426-00097,SUP-20260426-00097,Amouage,"Amouage, Lyric Man",,supplier_source,231633-B,supplier_name_normalisation,0.62,Initial candidate generated from supplier row only. Requires independent verification before approval.,needs_verification,low_supplier_source_only,2026-09-15T23:52:40+00:00
MATCH-20260426-00098,SUP-20260426-00098,Amouage,"Amouage, Opus V",,supplier_source,231662-B,supplier_name_normalisation,0.62,Initial candidate generated from supplier row only. Requires independent verification before approval.,needs_verification,low_supplier_source_only,2026-09-15T23:52:40+00:00
MATCH-20260426-00099,SUP-20260426-00099,Amouage,"Amouage,journey Woman",,supplier_source,701761-B,supplier_name_normalisation,0.62,Initial candidate generated from supplier row only. Requires independent verification before approval.,needs_verification,low_supplier_source_only,2026-09-15T23:52:40+00:00
MATCH-20260426-00100,SUP-20260426-00100,Amouage,Blossom Love Woman,,supplier_source,240432,supplier_name_normalisation,0.7,Initial candidate generated from supplier row only. Requires independent verification before approval.,needs_verification,low_supplier_source_only,2026-09-15T23:52:40+00:00
MATCH-20260426-00101,SUP-20260426-00101,Amouage,Honour Man,,supplier_source,461236-A,supplier_name_normalisation,0.62,Initial candidate generated from supplier row only. Requires independent verification before approval.,needs_verification,low_supplier_source_only,2026-09-15T23:52:40+00:00
MATCH-20260426-00102,SUP-20260426-00102,Amouage,Interlude 53,,supplier_source,240803,supplier_name_normalisation,0.7,Initial candidate generated from supplier row only. Requires independent verification before approval.,needs_verification,low_supplier_source_only,2026-09-15T23:52:40+00:00
MATCH-20260426-00103,SUP-20260426-00103,Amouage,Interlude Woman,,supplier_source,701741,supplier_name_normalisation,0.62,Initial candidate generated from supplier row only. Requires independent verification before approval.,needs_verification,low_supplier_source_only,2026-09-15T23:52:40+00:00
MATCH-20260426-00104,SUP-20260426-00104,Amouage,Interude Man,,supplier_source,340894-A,supplier_name_normalisation,0.62,Initial candidate generated from supplier row only. Requires independent verification before approval.,needs_verification,low_supplier_source_only,2026-09-15T23:52:40+00:00
MATCH-20260426-00105,SUP-20260426-00105,Amouage,Interlude,,supplier_source,240802,supplier_name_normalisation,0.7,Initial candidate generated from supplier row only. Requires independent verification before approval.,needs_verification,low_supplier_source_only,2026-09-15T23:52:40+00:00
MATCH-20260426-00106,SUP-20260426-00106,Amouage,Opus Vi,,supplier_source,342271-A,supplier_name_normalisation,0.62,Initial candidate generated from supplier row only. Requires independent verification before approval.,needs_verification,low_supplier_source_only,2026-09-15T23:52:40+00:00
MATCH-20260426-00107,SUP-20260426-00107,Amouage,Overture Man,,supplier_source,233742,supplier_name_normalisation,0.62,Initial candidate generated from supplier row only. Requires independent verification before approval.,needs_verification,low_supplier_source_only,2026-09-15T23:52:40+00:00
MATCH-20260426-00108,SUP-20260426-00108,Amouage,Portrayal Man,,supplier_source,233724,supplier_name_normalisation,0.62,Initial candidate generated from supplier row only. Requires independent verification before approval.,needs_verification,low_supplier_source_only,2026-09-15T23:52:40+00:00
MATCH-20260426-00109,SUP-20260426-00109,Amouage,Portrayal Woman,,supplier_source,503654,supplier_name_normalisation,0.62,Initial candidate generated from supplier row only. Requires independent verification before approval.,needs_verification,low_supplier_source_only,2026-09-15T23:52:40+00:00
MATCH-20260426-00110,SUP-20260426-00110,Amouage,Rose Incense,,supplier_source,339688,supplier_name_normalisation,0.62,Initial candidate generated from supplier row only. Requires independent verification before approval.,needs_verification,low_supplier_source_only,2026-09-15T23:52:40+00:00
MATCH-20260426-00111,SUP-20260426-00111,Amouage,Silver Men,,supplier_source,230792,supplier_name_normalisation,0.62,Initial candidate generated from supplier row only. Requires independent verification before approval.,needs_verification,low_supplier_source_only,2026-09-15T23:52:40+00:00
MATCH-20260426-00112,SUP-20260426-00112,Amouage,Imitation Woman,,supplier_source,339447,supplier_name_normalisation,0.62,Initial candidate generated from supplier row only. Requires independent verification before approval.,needs_verification,low_supplier_source_only,2026-09-15T23:52:40+00:00
MATCH-20260426-00113,SUP-20260426-00113,Amouage,Honour Woman,,supplier_source,232459,supplier_name_normalisation,0.62,Initial candidate generated from supplier row only. Requires independent verification before approval.,needs_verification,low_supplier_source_only,2026-09-15T23:52:40+00:00
MATCH-20260426-00114,SUP-20260426-00114,Amouage,Guidance,,supplier_source,204567,supplier_name_normalisation,0.7,Initial candidate generated from supplier row only. Requires independent verification before approval.,needs_verification,low_supplier_source_only,2026-09-15T23:52:40+00:00
MATCH-20260426-00115,SUP-20260426-00115,Amouage,Guidance,,supplier_source,240043,supplier_name_normalisation,0.7,Initial candidate generated from supplier row only. Requires independent verification before approval.,needs_verification,low_supplier_source_only,2026-09-15T23:52:40+00:00
MATCH-20260426-00116,SUP-20260426-00116,Amouage,"Amouage,interlude Men",,supplier_source,3000034,supplier_name_normalisation,0.7,Initial candidate generated from supplier row only. Requires independent verification before approval.,needs_verification,low_supplier_source_only,2026-09-15T23:52:40+00:00
MATCH-20260426-00117,SUP-20260426-00117,Amouage,Bracken Eau De Perfume Man,,supplier_source,3000035,supplier_name_normalisation,0.7,Initial candidate generated from supplier row only. Requires independent verification before approval.,needs_verification,low_supplier_source_only,2026-09-15T23:52:40+00:00
MATCH-20260426-00118,SUP-20260426-00118,Amouage,Imitation For Woman,,supplier_source,3000036,supplier_name_normalisation,0.7,Initial candidate generated from supplier row only. Requires independent verification before approval.,needs_verification,low_supplier_source_only,2026-09-15T23:52:40+00:00
MATCH-20260426-00119,SUP-20260426-00119,Amouage,Memoir Men,,supplier_source,3000037,supplier_name_normalisation,0.7,Initial candidate generated from supplier row only. Requires independent verification before approval.,needs_verification,low_supplier_source_only,2026-09-15T23:52:40+00:00
MATCH-20260426-00120,SUP-20260426-00120,Amouage,Opus III,,supplier_source,3000038,supplier_name_normalisation,0.7,Initial candidate generated from supplier row only. Requires independent verification before approval.,needs_verification,low_supplier_source_only,2026-09-15T23:52:40+00:00
MATCH-20260426-00121,SUP-20260426-00121,Amouage,Opus Vii,,supplier_source,3000039,supplier_name_normalisation,0.7,Initial candidate generated from supplier row only. Requires independent verification before approval.,needs_verification,low_supplier_source_only,2026-09-15T23:52:40+00:00
MATCH-20260426-00122,SUP-20260426-00122,Amouage,Sunshine Men,,supplier_source,3000040,supplier_name_normalisation,0.7,Initial candidate generated from supplier row only. Requires independent verification before approval.,needs_verification,low_supplier_source_only,2026-09-15T23:52:40+00:00
MATCH-20260426-00123,SUP-20260426-00123,Amouage,Sunshine Women,,supplier_source,3000041,supplier_name_normalisation,0.7,Initial candidate generated from supplier row only. Requires independent verification before approval.,needs_verification,low_supplier_source_only,2026-09-15T23:52:40+00:00
MATCH-20260426-00124,SUP-20260426-00124,Amouage,Interlude Black Iris,,supplier_source,3000042,supplier_name_normalisation,0.7,Initial candidate generated from supplier row only. Requires independent verification before approval.,needs_verification,low_supplier_source_only,2026-09-15T23:52:40+00:00
MATCH-20260426-00125,SUP-20260426-00125,Amouage,Silver OUD,,supplier_source,3000043,supplier_name_normalisation,0.7,Initial candidate generated from supplier row only. Requires independent verification before approval.,needs_verification,low_supplier_source_only,2026-09-15T23:52:40+00:00
MATCH-20260426-00126,SUP-20260426-00126,Anfasic Dokhoon,Shay Shay,,supplier_source,240860,supplier_name_normalisation,0.7,Initial candidate generated from supplier row only. Requires independent verification before approval.,needs_verification,low_supplier_source_only,2026-09-15T23:52:40+00:00
MATCH-20260426-00127,SUP-20260426-00127,Anfasic Dokhoon,Sukar,,supplier_source,260816-A,supplier_name_normalisation,0.62,Initial candidate generated from supplier row only. Requires independent verification before approval.,needs_verification,low_supplier_source_only,2026-09-15T23:52:40+00:00
MATCH-20260426-00128,SUP-20260426-00128,Anfasic Dokhoon,January,,supplier_source,3000044,supplier_name_normalisation,0.7,Initial candidate generated from supplier row only. Requires independent verification before approval.,needs_verification,low_supplier_source_only,2026-09-15T23:52:40+00:00
MATCH-20260426-00129,SUP-20260426-00129,Anfasic Dokhoon,Shay,,supplier_source,240172,supplier_name_normalisation,0.7,Initial candidate generated from supplier row only. Requires independent verification before approval.,needs_verification,low_supplier_source_only,2026-09-15T23:52:40+00:00
MATCH-20260426-00130,SUP-20260426-00130,Anfasic Dokhoon,Sukar,,supplier_source,3000045,supplier_name_normalisation,0.7,Initial candidate generated from supplier row only. Requires independent verification before approval.,needs_verification,low_supplier_source_only,2026-09-15T23:52:40+00:00
MATCH-20260426-00131,SUP-20260426-00131,Anfasic Dokhoon,Wow,,supplier_source,3000046,supplier_name_normalisation,0.7,Initial candidate generated from supplier row only. Requires independent verification before approval.,needs_verification,low_supplier_source_only,2026-09-15T23:52:40+00:00
MATCH-20260426-00132,SUP-20260426-00132,Angel Shlesser,Angel Schlesser Femme,,supplier_source,346712-B,supplier_name_normalisation,0.62,Initial candidate generated from supplier row only. Requires independent verification before approval.,needs_verification,low_supplier_source_only,2026-09-15T23:52:40+00:00
MATCH-20260426-00133,SUP-20260426-00133,Anna Sui,Fantasia,,supplier_source,343635,supplier_name_normalisation,0.62,Initial candidate generated from supplier row only. Requires independent verification before approval.,needs_verification,low_supplier_source_only,2026-09-15T23:52:40+00:00
MATCH-20260426-00134,SUP-20260426-00134,Anna Sui,Flight Of Fancy Spirit,,supplier_source,343730,supplier_name_normalisation,0.62,Initial candidate generated from supplier row only. Requires independent verification before approval.,needs_verification,low_supplier_source_only,2026-09-15T23:52:40+00:00
MATCH-20260426-00135,SUP-20260426-00135,Anna Sui,Lucky Wish,,supplier_source,342748,supplier_name_normalisation,0.62,Initial candidate generated from supplier row only. Requires independent verification before approval.,needs_verification,low_supplier_source_only,2026-09-15T23:52:40+00:00
MATCH-20260426-00136,SUP-20260426-00136,Antonio,Blue Seduction Men,,supplier_source,238552,supplier_name_normalisation,0.62,Initial candidate generated from supplier row only. Requires independent verification before approval.,needs_verification,low_supplier_source_only,2026-09-15T23:52:40+00:00
MATCH-20260426-00137,SUP-20260426-00137,Antonio,Seduction In Black,,supplier_source,359969,supplier_name_normalisation,0.62,Initial candidate generated from supplier row only. Requires independent verification before approval.,needs_verification,low_supplier_source_only,2026-09-15T23:52:40+00:00
MATCH-20260426-00138,SUP-20260426-00138,Antonio,Seduction In Black,,supplier_source,359969-A,supplier_name_normalisation,0.62,Initial candidate generated from supplier row only. Requires independent verification before approval.,needs_verification,low_supplier_source_only,2026-09-15T23:52:40+00:00
MATCH-20260426-00139,SUP-20260426-00139,Antonio,The Secret,,supplier_source,239297,supplier_name_normalisation,0.62,Initial candidate generated from supplier row only. Requires independent verification before approval.,needs_verification,low_supplier_source_only,2026-09-15T23:52:40+00:00
MATCH-20260426-00140,SUP-20260426-00140,Antonio,The Secret Temptation,,supplier_source,353738,supplier_name_normalisation,0.62,Initial candidate generated from supplier row only. Requires independent verification before approval.,needs_verification,low_supplier_source_only,2026-09-15T23:52:40+00:00
MATCH-20260426-00141,SUP-20260426-00141,Antonio,The Icon,,supplier_source,354007,supplier_name_normalisation,0.62,Initial candidate generated from supplier row only. Requires independent verification before approval.,needs_verification,low_supplier_source_only,2026-09-15T23:52:40+00:00
MATCH-20260426-00142,SUP-20260426-00142,Antonio,Blue Seduction For Men,,supplier_source,461995-A,supplier_name_normalisation,0.62,Initial candidate generated from supplier row only. Requires independent verification before approval.,needs_verification,low_supplier_source_only,2026-09-15T23:52:40+00:00
MATCH-20260426-00143,SUP-20260426-00143,Antonio Banderas,Blue Seduction (blue Colour),,supplier_source,240124,supplier_name_normalisation,0.7,Initial candidate generated from supplier row only. Requires independent verification before approval.,needs_verification,low_supplier_source_only,2026-09-15T23:52:40+00:00
MATCH-20260426-00144,SUP-20260426-00144,Antonio Banderas,Blue Seduction (blue Colour),,supplier_source,240125,supplier_name_normalisation,0.7,Initial candidate generated from supplier row only. Requires independent verification before approval.,needs_verification,low_supplier_source_only,2026-09-15T23:52:40+00:00
MATCH-20260426-00145,SUP-20260426-00145,Aquolina,Pink Sugar,,supplier_source,339416,supplier_name_normalisation,0.62,Initial candidate generated from supplier row only. Requires independent verification before approval.,needs_verification,low_supplier_source_only,2026-09-15T23:52:40+00:00
MATCH-20260426-00146,SUP-20260426-00146,Arabian OUD,Sultani,,supplier_source,250482,supplier_name_normalisation,0.7,Initial candidate generated from supplier row only. Requires independent verification before approval.,needs_verification,low_supplier_source_only,2026-09-15T23:52:40+00:00
MATCH-20260426-00147,SUP-20260426-00147,Arabian OUD,Sultani Amberwood,,supplier_source,250272,supplier_name_normalisation,0.7,Initial candidate generated from supplier row only. Requires independent verification before approval.,needs_verification,low_supplier_source_only,2026-09-15T23:52:40+00:00
MATCH-20260426-00148,SUP-20260426-00148,Arabian OUD,Kashmir Musk,,supplier_source,240578,supplier_name_normalisation,0.7,Initial candidate generated from supplier row only. Requires independent verification before approval.,needs_verification,low_supplier_source_only,2026-09-15T23:52:40+00:00
MATCH-20260426-00149,SUP-20260426-00149,Arabian OUD,Al Fareed,,supplier_source,240308,supplier_name_normalisation,0.7,Initial candidate generated from supplier row only. Requires independent verification before approval.,needs_verification,low_supplier_source_only,2026-09-15T23:52:40+00:00
MATCH-20260426-00150,SUP-20260426-00150,Arabian OUD,Resalah,,supplier_source,240207,supplier_name_normalisation,0.7,Initial candidate generated from supplier row only. Requires independent verification before approval.,needs_verification,low_supplier_source_only,2026-09-15T23:52:40+00:00
MATCH-20260426-00151,SUP-20260426-00151,Arabian OUD,Arabian Knight,,supplier_source,353810-T,supplier_name_normalisation,0.62,Initial candidate generated from supplier row only. Requires independent verification before approval.,needs_verification,low_supplier_source_only,2026-09-15T23:52:40+00:00
MATCH-20260426-00152,SUP-20260426-00152,Arabian OUD,Kalimat,,supplier_source,240256,supplier_name_normalisation,0.7,Initial candidate generated from supplier row only. Requires independent verification before approval.,needs_verification,low_supplier_source_only,2026-09-15T23:52:40+00:00
MATCH-20260426-00153,SUP-20260426-00153,Arabian OUD,Madawi,,supplier_source,240078,supplier_name_normalisation,0.7,Initial candidate generated from supplier row only. Requires independent verification before approval.,needs_verification,low_supplier_source_only,2026-09-15T23:52:40+00:00
MATCH-20260426-00154,SUP-20260426-00154,Arabian OUD,Madawi 40 Years Gold Edition,,supplier_source,240055,supplier_name_normalisation,0.7,Initial candidate generated from supplier row only. Requires independent verification before approval.,needs_verification,low_supplier_source_only,2026-09-15T23:52:40+00:00
MATCH-20260426-00155,SUP-20260426-00155,Arabian OUD,Madawi 40 Years Gold Edition,,supplier_source,240056,supplier_name_normalisation,0.7,Initial candidate generated from supplier row only. Requires independent verification before approval.,needs_verification,low_supplier_source_only,2026-09-15T23:52:40+00:00
MATCH-20260426-00156,SUP-20260426-00156,Arabian OUD,Bakhoor Dewan Al Sharq,,supplier_source,3000047,supplier_name_normalisation,0.7,Initial candidate generated from supplier row only. Requires independent verification before approval.,needs_verification,low_supplier_source_only,2026-09-15T23:52:40+00:00
MATCH-20260426-00157,SUP-20260426-00157,Arabian OUD,Mabsoos,,supplier_source,3000048,supplier_name_normalisation,0.7,Initial candidate generated from supplier row only. Requires independent verification before approval.,needs_verification,low_supplier_source_only,2026-09-15T23:52:40+00:00
MATCH-20260426-00158,SUP-20260426-00158,Arabian OUD,Majestic Special OUD,,supplier_source,3000049,supplier_name_normalisation,0.7,Initial candidate generated from supplier row only. Requires independent verification before approval.,needs_verification,low_supplier_source_only,2026-09-15T23:52:40+00:00
MATCH-20260426-00159,SUP-20260426-00159,Arabian OUD,Majoon,,supplier_source,3000050,supplier_name_normalisation,0.7,Initial candidate generated from supplier row only. Requires independent verification before approval.,needs_verification,low_supplier_source_only,2026-09-15T23:52:40+00:00
MATCH-20260426-00160,SUP-20260426-00160,Arabian OUD,OUD Moody,,supplier_source,3000051,supplier_name_normalisation,0.7,Initial candidate generated from supplier row only. Requires independent verification before approval.,needs_verification,low_supplier_source_only,2026-09-15T23:52:40+00:00
MATCH-20260426-00161,SUP-20260426-00161,Ard Al Zaafran,Hareem Al Sultan,,supplier_source,3000052,supplier_name_normalisation,0.7,Initial candidate generated from supplier row only. Requires independent verification before approval.,needs_verification,low_supplier_source_only,2026-09-15T23:52:40+00:00
MATCH-20260426-00162,SUP-20260426-00162,Ard Al Zafran,Dirham,,supplier_source,3000053,supplier_name_normalisation,0.7,Initial candidate generated from supplier row only. Requires independent verification before approval.,needs_verification,low_supplier_source_only,2026-09-15T23:52:40+00:00
MATCH-20260426-00163,SUP-20260426-00163,Ariana Grande,Cloud,,supplier_source,240170,supplier_name_normalisation,0.7,Initial candidate generated from supplier row only. Requires independent verification before approval.,needs_verification,low_supplier_source_only,2026-09-15T23:52:40+00:00
MATCH-20260426-00164,SUP-20260426-00164,Ariana Grande,Mod Vanilla,,supplier_source,336298,supplier_name_normalisation,0.62,Initial candidate generated from supplier row only. Requires independent verification before approval.,needs_verification,low_supplier_source_only,2026-09-15T23:52:40+00:00
MATCH-20260426-00165,SUP-20260426-00165,Ariana Grande,Cloud Pink,,supplier_source,FXZG634,supplier_name_normalisation,0.7,Initial candidate generated from supplier row only. Requires independent verification before approval.,needs_verification,low_supplier_source_only,2026-09-15T23:52:40+00:00
MATCH-20260426-00166,SUP-20260426-00166,Armaf,Odyssey Dubai Chocolate,,supplier_source,250072,supplier_name_normalisation,0.7,Initial candidate generated from supplier row only. Requires independent verification before approval.,needs_verification,low_supplier_source_only,2026-09-15T23:52:40+00:00
MATCH-20260426-00167,SUP-20260426-00167,Armaf,Club De Nuit Intense,,supplier_source,240551,supplier_name_normalisation,0.7,Initial candidate generated from supplier row only. Requires independent verification before approval.,needs_verification,low_supplier_source_only,2026-09-15T23:52:40+00:00
MATCH-20260426-00168,SUP-20260426-00168,Armand,Basi In Red,,supplier_source,236080,supplier_name_normalisation,0.62,Initial candidate generated from supplier row only. Requires independent verification before approval.,needs_verification,low_supplier_source_only,2026-09-15T23:52:40+00:00
MATCH-20260426-00169,SUP-20260426-00169,Armand,Basi In Red,,supplier_source,240082,supplier_name_normalisation,0.7,Initial candidate generated from supplier row only. Requires independent verification before approval.,needs_verification,low_supplier_source_only,2026-09-15T23:52:40+00:00
MATCH-20260426-00170,SUP-20260426-00170,Arabiyat OUD,Al Layl,,supplier_source,250042,supplier_name_normalisation,0.7,Initial candidate generated from supplier row only. Requires independent verification before approval.,needs_verification,low_supplier_source_only,2026-09-15T23:52:40+00:00
MATCH-20260426-00171,SUP-20260426-00171,Armani,Stronger With You Powerfully,,supplier_source,250421,supplier_name_normalisation,0.7,Initial candidate generated from supplier row only. Requires independent verification before approval.,needs_verification,low_supplier_source_only,2026-09-15T23:52:40+00:00
MATCH-20260426-00172,SUP-20260426-00172,Armani,Stronger With You Powerfully,,supplier_source,250483,supplier_name_normalisation,0.7,Initial candidate generated from supplier row only. Requires independent verification before approval.,needs_verification,low_supplier_source_only,2026-09-15T23:52:40+00:00
MATCH-20260426-00173,SUP-20260426-00173,Armani,Power Of You,,supplier_source,250374,supplier_name_normalisation,0.7,Initial candidate generated from supplier row only. Requires independent verification before approval.,needs_verification,low_supplier_source_only,2026-09-15T23:52:40+00:00
MATCH-20260426-00174,SUP-20260426-00174,Armani,Prive Iris Bleu,,supplier_source,250286,supplier_name_normalisation,0.7,Initial candidate generated from supplier row only. Requires independent verification before approval.,needs_verification,low_supplier_source_only,2026-09-15T23:52:40+00:00
MATCH-20260426-00175,SUP-20260426-00175,Armani,Si Perfume,,supplier_source,250270,supplier_name_normalisation,0.7,Initial candidate generated from supplier row only. Requires independent verification before approval.,needs_verification,low_supplier_source_only,2026-09-15T23:52:40+00:00
MATCH-20260426-00176,SUP-20260426-00176,Armani,Si Passione Red Musk,,supplier_source,250165,supplier_name_normalisation,0.7,Initial candidate generated from supplier row only. Requires independent verification before approval.,needs_verification,low_supplier_source_only,2026-09-15T23:52:40+00:00
MATCH-20260426-00177,SUP-20260426-00177,Armani,Code Elixir,,supplier_source,250062,supplier_name_normalisation,0.7,Initial candidate generated from supplier row only. Requires independent verification before approval.,needs_verification,low_supplier_source_only,2026-09-15T23:52:40+00:00
MATCH-20260426-00178,SUP-20260426-00178,Armani,Acqua Di Gioa,,supplier_source,240990,supplier_name_normalisation,0.7,Initial candidate generated from supplier row only. Requires independent verification before approval.,needs_verification,low_supplier_source_only,2026-09-15T23:52:40+00:00
MATCH-20260426-00179,SUP-20260426-00179,Armani,Aqua Di Gio Elixir,,supplier_source,240954,supplier_name_normalisation,0.7,Initial candidate generated from supplier row only. Requires independent verification before approval.,needs_verification,low_supplier_source_only,2026-09-15T23:52:40+00:00
MATCH-20260426-00180,SUP-20260426-00180,Armani,Code Eau De Parfum,,supplier_source,240935,supplier_name_normalisation,0.7,Initial candidate generated from supplier row only. Requires independent verification before approval.,needs_verification,low_supplier_source_only,2026-09-15T23:52:40+00:00
MATCH-20260426-00181,SUP-20260426-00181,Armani,The Yulong,,supplier_source,240909,supplier_name_normalisation,0.7,Initial candidate generated from supplier row only. Requires independent verification before approval.,needs_verification,low_supplier_source_only,2026-09-15T23:52:40+00:00
MATCH-20260426-00182,SUP-20260426-00182,Armani,Stronger With You Sandalwood,,supplier_source,240897,supplier_name_normalisation,0.7,Initial candidate generated from supplier row only. Requires independent verification before approval.,needs_verification,low_supplier_source_only,2026-09-15T23:52:40+00:00
MATCH-20260426-00183,SUP-20260426-00183,Armani,My Way Ylang,,supplier_source,240859,supplier_name_normalisation,0.7,Initial candidate generated from supplier row only. Requires independent verification before approval.,needs_verification,low_supplier_source_only,2026-09-15T23:52:40+00:00
MATCH-20260426-00184,SUP-20260426-00184,Armani,Stronger With You Parfum,,supplier_source,240812,supplier_name_normalisation,0.7,Initial candidate generated from supplier row only. Requires independent verification before approval.,needs_verification,low_supplier_source_only,2026-09-15T23:52:40+00:00
MATCH-20260426-00185,SUP-20260426-00185,Armani,Acqua Di Gio Parfum,,supplier_source,240676,supplier_name_normalisation,0.7,Initial candidate generated from supplier row only. Requires independent verification before approval.,needs_verification,low_supplier_source_only,2026-09-15T23:52:40+00:00
MATCH-20260426-00186,SUP-20260426-00186,Armani,Prive Rose D Arabie,,supplier_source,240666,supplier_name_normalisation,0.7,Initial candidate generated from supplier row only. Requires independent verification before approval.,needs_verification,low_supplier_source_only,2026-09-15T23:52:40+00:00
MATCH-20260426-00187,SUP-20260426-00187,Armani,Prive OUD Royal,,supplier_source,240603,supplier_name_normalisation,0.7,Initial candidate generated from supplier row only. Requires independent verification before approval.,needs_verification,low_supplier_source_only,2026-09-15T23:52:40+00:00
MATCH-20260426-00188,SUP-20260426-00188,Armani,Attitude,,supplier_source,240593,supplier_name_normalisation,0.7,Initial candidate generated from supplier row only. Requires independent verification before approval.,needs_verification,low_supplier_source_only,2026-09-15T23:52:40+00:00
MATCH-20260426-00189,SUP-20260426-00189,Armani,Si Intense,,supplier_source,240589,supplier_name_normalisation,0.7,Initial candidate generated from supplier row only. Requires independent verification before approval.,needs_verification,low_supplier_source_only,2026-09-15T23:52:40+00:00
MATCH-20260426-00190,SUP-20260426-00190,Armani,Acqua Di Gioia Intense,,supplier_source,240504,supplier_name_normalisation,0.7,Initial candidate generated from supplier row only. Requires independent verification before approval.,needs_verification,low_supplier_source_only,2026-09-15T23:52:40+00:00
MATCH-20260426-00191,SUP-20260426-00191,Armani,Acqua Di Gio Profondo Parfum,,supplier_source,240479,supplier_name_normalisation,0.7,Initial candidate generated from supplier row only. Requires independent verification before approval.,needs_verification,low_supplier_source_only,2026-09-15T23:52:40+00:00
MATCH-20260426-00192,SUP-20260426-00192,Armani,Stronger With You Tobacco,,supplier_source,240205,supplier_name_normalisation,0.7,Initial candidate generated from supplier row only. Requires independent verification before approval.,needs_verification,low_supplier_source_only,2026-09-15T23:52:40+00:00
MATCH-20260426-00193,SUP-20260426-00193,Armani,My Way Nectar,,supplier_source,240160,supplier_name_normalisation,0.7,Initial candidate generated from supplier row only. Requires independent verification before approval.,needs_verification,low_supplier_source_only,2026-09-15T23:52:40+00:00
MATCH-20260426-00194,SUP-20260426-00194,Armani,Armani Prive Pivoine Suzhou,,supplier_source,233612,supplier_name_normalisation,0.62,Initial candidate generated from supplier row only. Requires independent verification before approval.,needs_verification,low_supplier_source_only,2026-09-15T23:52:40+00:00
MATCH-20260426-00195,SUP-20260426-00195,Armani,Si EDP Intense,,supplier_source,240673,supplier_name_normalisation,0.7,Initial candidate generated from supplier row only. Requires independent verification before approval.,needs_verification,low_supplier_source_only,2026-09-15T23:52:40+00:00
MATCH-20260426-00196,SUP-20260426-00196,Armani,Si Armani,,supplier_source,250318,supplier_name_normalisation,0.7,Initial candidate generated from supplier row only. Requires independent verification before approval.,needs_verification,low_supplier_source_only,2026-09-15T23:52:40+00:00
MATCH-20260426-00197,SUP-20260426-00197,Armani,Santal Dan Sha,,supplier_source,344206,supplier_name_normalisation,0.62,Initial candidate generated from supplier row only. Requires independent verification before approval.,needs_verification,low_supplier_source_only,2026-09-15T23:52:40+00:00
MATCH-20260426-00198,SUP-20260426-00198,Armani,My Way,,supplier_source,240177,supplier_name_normalisation,0.7,Initial candidate generated from supplier row only. Requires independent verification before approval.,needs_verification,low_supplier_source_only,2026-09-15T23:52:40+00:00
MATCH-20260426-00199,SUP-20260426-00199,Armani,My Way Luzi,,supplier_source,503781-T,supplier_name_normalisation,0.62,Initial candidate generated from supplier row only. Requires independent verification before approval.,needs_verification,low_supplier_source_only,2026-09-15T23:52:40+00:00
MATCH-20260426-00200,SUP-20260426-00200,Armani,Acqua Di Gio Absolu Instinct,,supplier_source,339713,supplier_name_normalisation,0.62,Initial candidate generated from supplier row only. Requires independent verification before approval.,needs_verification,low_supplier_source_only,2026-09-15T23:52:40+00:00
MATCH-20260426-00201,SUP-20260426-00201,Armani,Musc Shamal,,supplier_source,343743,supplier_name_normalisation,0.62,Initial candidate generated from supplier row only. Requires independent verification before approval.,needs_verification,low_supplier_source_only,2026-09-15T23:52:40+00:00
MATCH-20260426-00202,SUP-20260426-00202,Armani,Si Fiori,,supplier_source,240598,supplier_name_normalisation,0.7,Initial candidate generated from supplier row only. Requires independent verification before approval.,needs_verification,low_supplier_source_only,2026-09-15T23:52:40+00:00
MATCH-20260426-00203,SUP-20260426-00203,Armani,Si Armani LZ,,supplier_source,500951,supplier_name_normalisation,0.62,Initial candidate generated from supplier row only. Requires independent verification before approval.,needs_verification,low_supplier_source_only,2026-09-15T23:52:40+00:00
MATCH-20260426-00204,SUP-20260426-00204,Armani,Acqua Di Gio Homme,,supplier_source,554849,supplier_name_normalisation,0.62,Initial candidate generated from supplier row only. Requires independent verification before approval.,needs_verification,low_supplier_source_only,2026-09-15T23:52:40+00:00
MATCH-20260426-00205,SUP-20260426-00205,Armani,Sable Nuit,,supplier_source,503835,supplier_name_normalisation,0.62,Initial candidate generated from supplier row only. Requires independent verification before approval.,needs_verification,low_supplier_source_only,2026-09-15T23:52:40+00:00
MATCH-20260426-00206,SUP-20260426-00206,Armani,Aqua Di Gio Profondo Lights,,supplier_source,233486,supplier_name_normalisation,0.62,Initial candidate generated from supplier row only. Requires independent verification before approval.,needs_verification,low_supplier_source_only,2026-09-15T23:52:40+00:00
MATCH-20260426-00207,SUP-20260426-00207,Armani,Stronger With You Leather,,supplier_source,339881-X,supplier_name_normalisation,0.62,Initial candidate generated from supplier row only. Requires independent verification before approval.,needs_verification,low_supplier_source_only,2026-09-15T23:52:40+00:00
MATCH-20260426-00208,SUP-20260426-00208,Armani,Stronger With You Man,,supplier_source,233263-I,supplier_name_normalisation,0.62,Initial candidate generated from supplier row only. Requires independent verification before approval.,needs_verification,low_supplier_source_only,2026-09-15T23:52:40+00:00
MATCH-20260426-00209,SUP-20260426-00209,Armani,Armani Code Parfum,,supplier_source,233155,supplier_name_normalisation,0.62,Initial candidate generated from supplier row only. Requires independent verification before approval.,needs_verification,low_supplier_source_only,2026-09-15T23:52:40+00:00
MATCH-20260426-00210,SUP-20260426-00210,Armani,Stronger With You OUD,,supplier_source,261186-TT,supplier_name_normalisation,0.62,Initial candidate generated from supplier row only. Requires independent verification before approval.,needs_verification,low_supplier_source_only,2026-09-15T23:52:40+00:00
MATCH-20260426-00211,SUP-20260426-00211,Armani,Stronger With You OUD,,supplier_source,261186-B,supplier_name_normalisation,0.62,Initial candidate generated from supplier row only. Requires independent verification before approval.,needs_verification,low_supplier_source_only,2026-09-15T23:52:40+00:00
MATCH-20260426-00212,SUP-20260426-00212,Armani,Magenta Tanzanite,,supplier_source,680259,supplier_name_normalisation,0.62,Initial candidate generated from supplier row only. Requires independent verification before approval.,needs_verification,low_supplier_source_only,2026-09-15T23:52:40+00:00
MATCH-20260426-00213,SUP-20260426-00213,Armani,Indigo Tanzanite,,supplier_source,680261,supplier_name_normalisation,0.62,Initial candidate generated from supplier row only. Requires independent verification before approval.,needs_verification,low_supplier_source_only,2026-09-15T23:52:40+00:00
MATCH-20260426-00214,SUP-20260426-00214,Armani,Si Passione Eclat De Parfum,,supplier_source,503937,supplier_name_normalisation,0.62,Initial candidate generated from supplier row only. Requires independent verification before approval.,needs_verification,low_supplier_source_only,2026-09-15T23:52:40+00:00
MATCH-20260426-00215,SUP-20260426-00215,Armani,My Way Parfum,,supplier_source,261245-T,supplier_name_normalisation,0.62,Initial candidate generated from supplier row only. Requires independent verification before approval.,needs_verification,low_supplier_source_only,2026-09-15T23:52:40+00:00
MATCH-20260426-00216,SUP-20260426-00216,Armani,Stronger With You Amber,,supplier_source,234035,supplier_name_normalisation,0.62,Initial candidate generated from supplier row only. Requires independent verification before approval.,needs_verification,low_supplier_source_only,2026-09-15T23:52:40+00:00
MATCH-20260426-00217,SUP-20260426-00217,Armani,Acqua Di Gio Profondo,,supplier_source,240032,supplier_name_normalisation,0.7,Initial candidate generated from supplier row only. Requires independent verification before approval.,needs_verification,low_supplier_source_only,2026-09-15T23:52:40+00:00
MATCH-20260426-00218,SUP-20260426-00218,Armani,Acqua Di Gio Absolu,,supplier_source,240338,supplier_name_normalisation,0.7,Initial candidate generated from supplier row only. Requires independent verification before approval.,needs_verification,low_supplier_source_only,2026-09-15T23:52:40+00:00
MATCH-20260426-00219,SUP-20260426-00219,Armani,Acqua Di Gio Profumo,,supplier_source,240314,supplier_name_normalisation,0.7,Initial candidate generated from supplier row only. Requires independent verification before approval.,needs_verification,low_supplier_source_only,2026-09-15T23:52:40+00:00
MATCH-20260426-00220,SUP-20260426-00220,Armani,Acqua Di Gio Profumo,,supplier_source,240315,supplier_name_normalisation,0.7,Initial candidate generated from supplier row only. Requires independent verification before approval.,needs_verification,low_supplier_source_only,2026-09-15T23:52:40+00:00
MATCH-20260426-00221,SUP-20260426-00221,Armani,Aqua Di Gioia Light,,supplier_source,3000054,supplier_name_normalisation,0.7,Initial candidate generated from supplier row only. Requires independent verification before approval.,needs_verification,low_supplier_source_only,2026-09-15T23:52:40+00:00
MATCH-20260426-00222,SUP-20260426-00222,Armani,Armani Calligraphy Rose,,supplier_source,3000055,supplier_name_normalisation,0.7,Initial candidate generated from supplier row only. Requires independent verification before approval.,needs_verification,low_supplier_source_only,2026-09-15T23:52:40+00:00
MATCH-20260426-00223,SUP-20260426-00223,Armani,Code,,supplier_source,240337,supplier_name_normalisation,0.7,Initial candidate generated from supplier row only. Requires independent verification before approval.,needs_verification,low_supplier_source_only,2026-09-15T23:52:40+00:00
MATCH-20260426-00224,SUP-20260426-00224,Armani,Armani Code Absolu,,supplier_source,240336,supplier_name_normalisation,0.7,Initial candidate generated from supplier row only. Requires independent verification before approval.,needs_verification,low_supplier_source_only,2026-09-15T23:52:40+00:00
MATCH-20260426-00225,SUP-20260426-00225,Armani,Armani Code Cashmere,,supplier_source,3000056,supplier_name_normalisation,0.7,Initial candidate generated from supplier row only. Requires independent verification before approval.,needs_verification,low_supplier_source_only,2026-09-15T23:52:40+00:00
MATCH-20260426-00226,SUP-20260426-00226,Armani,Armani Code Ice,,supplier_source,3000057,supplier_name_normalisation,0.7,Initial candidate generated from supplier row only. Requires independent verification before approval.,needs_verification,low_supplier_source_only,2026-09-15T23:52:40+00:00
MATCH-20260426-00227,SUP-20260426-00227,Armani,In Love With You,,supplier_source,3000058,supplier_name_normalisation,0.7,Initial candidate generated from supplier row only. Requires independent verification before approval.,needs_verification,low_supplier_source_only,2026-09-15T23:52:40+00:00
MATCH-20260426-00228,SUP-20260426-00228,Armani,Musc Shamal Prive,,supplier_source,3000059,supplier_name_normalisation,0.7,Initial candidate generated from supplier row only. Requires independent verification before approval.,needs_verification,low_supplier_source_only,2026-09-15T23:52:40+00:00
MATCH-20260426-00229,SUP-20260426-00229,Armani,Si Fiori,,supplier_source,3000060,supplier_name_normalisation,0.7,Initial candidate generated from supplier row only. Requires independent verification before approval.,needs_verification,low_supplier_source_only,2026-09-15T23:52:40+00:00
MATCH-20260426-00230,SUP-20260426-00230,Armani,Si Passione,,supplier_source,240129,supplier_name_normalisation,0.7,Initial candidate generated from supplier row only. Requires independent verification before approval.,needs_verification,low_supplier_source_only,2026-09-15T23:52:40+00:00
MATCH-20260426-00231,SUP-20260426-00231,Armani,Stronger With You Intensely,,supplier_source,240141,supplier_name_normalisation,0.7,Initial candidate generated from supplier row only. Requires independent verification before approval.,needs_verification,low_supplier_source_only,2026-09-15T23:52:40+00:00
MATCH-20260426-00232,SUP-20260426-00232,Armani,Stronger With You Absouletly,,supplier_source,240142,supplier_name_normalisation,0.7,Initial candidate generated from supplier row only. Requires independent verification before approval.,needs_verification,low_supplier_source_only,2026-09-15T23:52:40+00:00
MATCH-20260426-00233,SUP-20260426-00233,Armani,My Way,,supplier_source,3000061,supplier_name_normalisation,0.7,Initial candidate generated from supplier row only. Requires independent verification before approval.,needs_verification,low_supplier_source_only,2026-09-15T23:52:40+00:00
MATCH-20260426-00234,SUP-20260426-00234,Armani,My Way Intense,,supplier_source,250144,supplier_name_normalisation,0.7,Initial candidate generated from supplier row only. Requires independent verification before approval.,needs_verification,low_supplier_source_only,2026-09-15T23:52:40+00:00
MATCH-20260426-00235,SUP-20260426-00235,Armani,Cuir Zerzura,,supplier_source,3000063,supplier_name_normalisation,0.7,Initial candidate generated from supplier row only. Requires independent verification before approval.,needs_verification,low_supplier_source_only,2026-09-15T23:52:40+00:00
MATCH-20260426-00236,SUP-20260426-00236,Armani,Si Passione Intense,,supplier_source,3000064,supplier_name_normalisation,0.7,Initial candidate generated from supplier row only. Requires independent verification before approval.,needs_verification,low_supplier_source_only,2026-09-15T23:52:40+00:00
MATCH-20260426-00237,SUP-20260426-00237,Armani,Si Passione Eclat,,supplier_source,3000065,supplier_name_normalisation,0.7,Initial candidate generated from supplier row only. Requires independent verification before approval.,needs_verification,low_supplier_source_only,2026-09-15T23:52:40+00:00
MATCH-20260426-00238,SUP-20260426-00238,Armani,Stronger With You Leather,,supplier_source,3000066,supplier_name_normalisation,0.7,Initial candidate generated from supplier row only. Requires independent verification before approval.,needs_verification,low_supplier_source_only,2026-09-15T23:52:40+00:00
MATCH-20260426-00239,SUP-20260426-00239,Armani,Ocean Di Gioia,,supplier_source,3000067,supplier_name_normalisation,0.7,Initial candidate generated from supplier row only. Requires independent verification before approval.,needs_verification,low_supplier_source_only,2026-09-15T23:52:40+00:00
MATCH-20260426-00240,SUP-20260426-00240,Armani,Stronger With You Only Men,,supplier_source,3000068,supplier_name_normalisation,0.7,Initial candidate generated from supplier row only. Requires independent verification before approval.,needs_verification,low_supplier_source_only,2026-09-15T23:52:40+00:00
MATCH-20260426-00241,SUP-20260426-00241,Armani,My Way Floral,,supplier_source,3000069,supplier_name_normalisation,0.7,Initial candidate generated from supplier row only. Requires independent verification before approval.,needs_verification,low_supplier_source_only,2026-09-15T23:52:40+00:00
MATCH-20260426-00242,SUP-20260426-00242,Armani,Stronger With You OUD,,supplier_source,3000070,supplier_name_normalisation,0.7,Initial candidate generated from supplier row only. Requires independent verification before approval.,needs_verification,low_supplier_source_only,2026-09-15T23:52:40+00:00
MATCH-20260426-00243,SUP-20260426-00243,Armani,Si Passione Eclat De Parfum,,supplier_source,3643GH,supplier_name_normalisation,0.7,Initial candidate generated from supplier row only. Requires independent verification before approval.,needs_verification,low_supplier_source_only,2026-09-15T23:52:40+00:00
MATCH-20260426-00244,SUP-20260426-00244,Armani,Jawhara Oriental,,supplier_source,3000071,supplier_name_normalisation,0.7,Initial candidate generated from supplier row only. Requires independent verification before approval.,needs_verification,low_supplier_source_only,2026-09-15T23:52:40+00:00
MATCH-20260426-00245,SUP-20260426-00245,Armani Prive,Prive Vert Malachite,,supplier_source,240223,supplier_name_normalisation,0.7,Initial candidate generated from supplier row only. Requires independent verification before approval.,needs_verification,low_supplier_source_only,2026-09-15T23:52:40+00:00
MATCH-20260426-00246,SUP-20260426-00246,Armani Prive,Rouge Malachite,,supplier_source,240089,supplier_name_normalisation,0.7,Initial candidate generated from supplier row only. Requires independent verification before approval.,needs_verification,low_supplier_source_only,2026-09-15T23:52:40+00:00
MATCH-20260426-00247,SUP-20260426-00247,Armani Prive,Rondò Armaniano,,supplier_source,D3434FGG,supplier_name_normalisation,0.7,Initial candidate generated from supplier row only. Requires independent verification before approval.,needs_verification,low_supplier_source_only,2026-09-15T23:52:40+00:00
MATCH-20260426-00248,SUP-20260426-00248,Ateeq Aloud,Ateeq Al OUD,,supplier_source,555839-K,supplier_name_normalisation,0.62,Initial candidate generated from supplier row only. Requires independent verification before approval.,needs_verification,low_supplier_source_only,2026-09-15T23:52:40+00:00
MATCH-20260426-00249,SUP-20260426-00249,Atelier Colonge,Clementine California,,supplier_source,1.00KG,supplier_name_normalisation,0.7,Initial candidate generated from supplier row only. Requires independent verification before approval.,needs_verification,low_supplier_source_only,2026-09-15T23:52:40+00:00
MATCH-20260426-00250,SUP-20260426-00250,Atelier Cologne,Gold Leather,,supplier_source,3000072,supplier_name_normalisation,0.7,Initial candidate generated from supplier row only. Requires independent verification before approval.,needs_verification,low_supplier_source_only,2026-09-15T23:52:40+00:00
MATCH-20260426-00251,SUP-20260426-00251,Atelier Colonge,OUD Saphir,,supplier_source,3000073,supplier_name_normalisation,0.7,Initial candidate generated from supplier row only. Requires independent verification before approval.,needs_verification,low_supplier_source_only,2026-09-15T23:52:40+00:00
MATCH-20260426-00252,SUP-20260426-00252,Atelier Rebul,Istanbul,,supplier_source,503854,supplier_name_normalisation,0.62,Initial candidate generated from supplier row only. Requires independent verification before approval.,needs_verification,low_supplier_source_only,2026-09-15T23:52:40+00:00
MATCH-20260426-00253,SUP-20260426-00253,Atkinsons,OUD Save The King,,supplier_source,240585,supplier_name_normalisation,0.7,Initial candidate generated from supplier row only. Requires independent verification before approval.,needs_verification,low_supplier_source_only,2026-09-15T23:52:40+00:00
MATCH-20260426-00254,SUP-20260426-00254,Attar Al Hask,Skin Musk,,supplier_source,250457,supplier_name_normalisation,0.7,Initial candidate generated from supplier row only. Requires independent verification before approval.,needs_verification,low_supplier_source_only,2026-09-15T23:52:40+00:00
MATCH-20260426-00255,SUP-20260426-00255,Attar Collection,Al Rayhan,,supplier_source,261024-A,supplier_name_normalisation,0.62,Initial candidate generated from supplier row only. Requires independent verification before approval.,needs_verification,low_supplier_source_only,2026-09-15T23:52:40+00:00
MATCH-20260426-00256,SUP-20260426-00256,Attar Collection,Hayati,,supplier_source,461909,supplier_name_normalisation,0.62,Initial candidate generated from supplier row only. Requires independent verification before approval.,needs_verification,low_supplier_source_only,2026-09-15T23:52:40+00:00
MATCH-20260426-00257,SUP-20260426-00257,Attar Colllection,Musk Kashmir,,supplier_source,240300,supplier_name_normalisation,0.7,Initial candidate generated from supplier row only. Requires independent verification before approval.,needs_verification,low_supplier_source_only,2026-09-15T23:52:40+00:00
MATCH-20260426-00258,SUP-20260426-00258,Attar Colllection,Musk Kashmir,,supplier_source,240178,supplier_name_normalisation,0.7,Initial candidate generated from supplier row only. Requires independent verification before approval.,needs_verification,low_supplier_source_only,2026-09-15T23:52:40+00:00
MATCH-20260426-00259,SUP-20260426-00259,Attar Collection,Musk Kashmir,,supplier_source,233777,supplier_name_normalisation,0.62,Initial candidate generated from supplier row only. Requires independent verification before approval.,needs_verification,low_supplier_source_only,2026-09-15T23:52:40+00:00
MATCH-20260426-00260,SUP-20260426-00260,Attar Collection,Cristal Love For Her,,supplier_source,343883,supplier_name_normalisation,0.62,Initial candidate generated from supplier row only. Requires independent verification before approval.,needs_verification,low_supplier_source_only,2026-09-15T23:52:40+00:00
MATCH-20260426-00261,SUP-20260426-00261,Attar Collection,Areej,,supplier_source,504034,supplier_name_normalisation,0.62,Initial candidate generated from supplier row only. Requires independent verification before approval.,needs_verification,low_supplier_source_only,2026-09-15T23:52:40+00:00
MATCH-20260426-00262,SUP-20260426-00262,Attar Collection,Areej,,supplier_source,504034-C,supplier_name_normalisation,0.62,Initial candidate generated from supplier row only. Requires independent verification before approval.,needs_verification,low_supplier_source_only,2026-09-15T23:52:40+00:00
MATCH-20260426-00263,SUP-20260426-00263,Avon,Today,,supplier_source,232491,supplier_name_normalisation,0.62,Initial candidate generated from supplier row only. Requires independent verification before approval.,needs_verification,low_supplier_source_only,2026-09-15T23:52:40+00:00
MATCH-20260426-00264,SUP-20260426-00264,Axe,Axe Collision,,supplier_source,3000074,supplier_name_normalisation,0.7,Initial candidate generated from supplier row only. Requires independent verification before approval.,needs_verification,low_supplier_source_only,2026-09-15T23:52:40+00:00
MATCH-20260426-00265,SUP-20260426-00265,Azzaro,Pour Elle 2025,,supplier_source,250259,supplier_name_normalisation,0.7,Initial candidate generated from supplier row only. Requires independent verification before approval.,needs_verification,low_supplier_source_only,2026-09-15T23:52:40+00:00
MATCH-20260426-00266,SUP-20260426-00266,Azzaro,Most Wanted Intense,,supplier_source,250041,supplier_name_normalisation,0.7,Initial candidate generated from supplier row only. Requires independent verification before approval.,needs_verification,low_supplier_source_only,2026-09-15T23:52:40+00:00
MATCH-20260426-00267,SUP-20260426-00267,Azzaro,Forever Wanted Elixir,,supplier_source,250015,supplier_name_normalisation,0.7,Initial candidate generated from supplier row only. Requires independent verification before approval.,needs_verification,low_supplier_source_only,2026-09-15T23:52:40+00:00
MATCH-20260426-00268,SUP-20260426-00268,Azzaro,The Most Wanted Parfum,,supplier_source,240709,supplier_name_normalisation,0.7,Initial candidate generated from supplier row only. Requires independent verification before approval.,needs_verification,low_supplier_source_only,2026-09-15T23:52:40+00:00
MATCH-20260426-00269,SUP-20260426-00269,Azzaro,The Most Wanted,,supplier_source,240199,supplier_name_normalisation,0.7,Initial candidate generated from supplier row only. Requires independent verification before approval.,needs_verification,low_supplier_source_only,2026-09-15T23:52:40+00:00
MATCH-20260426-00270,SUP-20260426-00270,Azzaro,Azzaro Club Woman,,supplier_source,3000075,supplier_name_normalisation,0.7,Initial candidate generated from supplier row only. Requires independent verification before approval.,needs_verification,low_supplier_source_only,2026-09-15T23:52:40+00:00
MATCH-20260426-00271,SUP-20260426-00271,Azzaro,Chrome Extreme,,supplier_source,3000076,supplier_name_normalisation,0.7,Initial candidate generated from supplier row only. Requires independent verification before approval.,needs_verification,low_supplier_source_only,2026-09-15T23:52:40+00:00
MATCH-20260426-00272,SUP-20260426-00272,Azzaro,Crome Aqua For Men,,supplier_source,3000077,supplier_name_normalisation,0.7,Initial candidate generated from supplier row only. Requires independent verification before approval.,needs_verification,low_supplier_source_only,2026-09-15T23:52:40+00:00
MATCH-20260426-00273,SUP-20260426-00273,Azzaro,Wanted,,supplier_source,240320,supplier_name_normalisation,0.7,Initial candidate generated from supplier row only. Requires independent verification before approval.,needs_verification,low_supplier_source_only,2026-09-15T23:52:40+00:00
MATCH-20260426-00274,SUP-20260426-00274,Azzaro,Wanted By Night,,supplier_source,240393,supplier_name_normalisation,0.7,Initial candidate generated from supplier row only. Requires independent verification before approval.,needs_verification,low_supplier_source_only,2026-09-15T23:52:40+00:00
MATCH-20260426-00275,SUP-20260426-00275,Azzaro,Wanted Girl By Night,,supplier_source,3000078,supplier_name_normalisation,0.7,Initial candidate generated from supplier row only. Requires independent verification before approval.,needs_verification,low_supplier_source_only,2026-09-15T23:52:40+00:00
MATCH-20260426-00276,SUP-20260426-00276,Ahmed Al,Bin Sheikh,,supplier_source,250180,supplier_name_normalisation,0.7,Initial candidate generated from supplier row only. Requires independent verification before approval.,needs_verification,low_supplier_source_only,2026-09-15T23:52:40+00:00
MATCH-20260426-00277,SUP-20260426-00277,Ahmed Al,OUD & Roses,,supplier_source,250105,supplier_name_normalisation,0.7,Initial candidate generated from supplier row only. Requires independent verification before approval.,needs_verification,low_supplier_source_only,2026-09-15T23:52:40+00:00
MATCH-20260426-00278,SUP-20260426-00278,Ahmed Al,Rose Noir,,supplier_source,250095,supplier_name_normalisation,0.7,Initial candidate generated from supplier row only. Requires independent verification before approval.,needs_verification,low_supplier_source_only,2026-09-15T23:52:40+00:00
MATCH-20260426-00279,SUP-20260426-00279,Ahmed Al,OUD Lavender,,supplier_source,250094,supplier_name_normalisation,0.7,Initial candidate generated from supplier row only. Requires independent verification before approval.,needs_verification,low_supplier_source_only,2026-09-15T23:52:40+00:00
MATCH-20260426-00280,SUP-20260426-00280,Ahmed Al,OUD & Roses,,supplier_source,250080,supplier_name_normalisation,0.7,Initial candidate generated from supplier row only. Requires independent verification before approval.,needs_verification,low_supplier_source_only,2026-09-15T23:52:40+00:00
MATCH-20260426-00281,SUP-20260426-00281,Ahmed Al,Bidun Esam,,supplier_source,250023,supplier_name_normalisation,0.7,Initial candidate generated from supplier row only. Requires independent verification before approval.,needs_verification,low_supplier_source_only,2026-09-15T23:52:40+00:00
MATCH-20260426-00282,SUP-20260426-00282,Ahmed Al,Marj,,supplier_source,240998,supplier_name_normalisation,0.7,Initial candidate generated from supplier row only. Requires independent verification before approval.,needs_verification,low_supplier_source_only,2026-09-15T23:52:40+00:00
MATCH-20260426-00283,SUP-20260426-00283,Ahmed Al,Marj,,supplier_source,250034,supplier_name_normalisation,0.7,Initial candidate generated from supplier row only. Requires independent verification before approval.,needs_verification,low_supplier_source_only,2026-09-15T23:52:40+00:00
MATCH-20260426-00284,SUP-20260426-00284,Ahmed Al,Kaaf,,supplier_source,240826,supplier_name_normalisation,0.7,Initial candidate generated from supplier row only. Requires independent verification before approval.,needs_verification,low_supplier_source_only,2026-09-15T23:52:40+00:00
MATCH-20260426-00285,SUP-20260426-00285,Ahmed Al,Summer OUD,,supplier_source,240743,supplier_name_normalisation,0.7,Initial candidate generated from supplier row only. Requires independent verification before approval.,needs_verification,low_supplier_source_only,2026-09-15T23:52:40+00:00
MATCH-20260426-00286,SUP-20260426-00286,Atyab Al Sheikh,Charisma,,supplier_source,250279,supplier_name_normalisation,0.7,Initial candidate generated from supplier row only. Requires independent verification before approval.,needs_verification,low_supplier_source_only,2026-09-15T23:52:40+00:00
MATCH-20260426-00287,SUP-20260426-00287,Atyab Al,4 Red,,supplier_source,250412,supplier_name_normalisation,0.7,Initial candidate generated from supplier row only. Requires independent verification before approval.,needs_verification,low_supplier_source_only,2026-09-15T23:52:40+00:00
MATCH-20260426-00288,SUP-20260426-00288,Atyab Al,4 White,,supplier_source,240748,supplier_name_normalisation,0.7,Initial candidate generated from supplier row only. Requires independent verification before approval.,needs_verification,low_supplier_source_only,2026-09-15T23:52:40+00:00
MATCH-20260426-00289,SUP-20260426-00289,Bahrara,Faraon Ramses,,supplier_source,250210,supplier_name_normalisation,0.7,Initial candidate generated from supplier row only. Requires independent verification before approval.,needs_verification,low_supplier_source_only,2026-09-15T23:52:40+00:00
MATCH-20260426-00290,SUP-20260426-00290,Bottega Veneta,Hinoki,,supplier_source,250347,supplier_name_normalisation,0.7,Initial candidate generated from supplier row only. Requires independent verification before approval.,needs_verification,low_supplier_source_only,2026-09-15T23:52:40+00:00
MATCH-20260426-00291,SUP-20260426-00291,Bottega Veneta,Eau Legere,,supplier_source,250078,supplier_name_normalisation,0.7,Initial candidate generated from supplier row only. Requires independent verification before approval.,needs_verification,low_supplier_source_only,2026-09-15T23:52:40+00:00
MATCH-20260426-00292,SUP-20260426-00292,Bottega Veneta,Illusione For Him,,supplier_source,250008,supplier_name_normalisation,0.7,Initial candidate generated from supplier row only. Requires independent verification before approval.,needs_verification,low_supplier_source_only,2026-09-15T23:52:40+00:00
MATCH-20260426-00293,SUP-20260426-00293,Borntostandout,Drunk Saffron,,supplier_source,250479,supplier_name_normalisation,0.7,Initial candidate generated from supplier row only. Requires independent verification before approval.,needs_verification,low_supplier_source_only,2026-09-15T23:52:40+00:00
MATCH-20260426-00294,SUP-20260426-00294,Borntostandout,Black Mango,,supplier_source,250346,supplier_name_normalisation,0.7,Initial candidate generated from supplier row only. Requires independent verification before approval.,needs_verification,low_supplier_source_only,2026-09-15T23:52:40+00:00
MATCH-20260426-00295,SUP-20260426-00295,Borntostandout,OUD Candy Extrait De Parfum,,supplier_source,250326,supplier_name_normalisation,0.7,Initial candidate generated from supplier row only. Requires independent verification before approval.,needs_verification,low_supplier_source_only,2026-09-15T23:52:40+00:00
MATCH-20260426-00296,SUP-20260426-00296,Borntostandout,Candy Dust,,supplier_source,250114,supplier_name_normalisation,0.7,Initial candidate generated from supplier row only. Requires independent verification before approval.,needs_verification,low_supplier_source_only,2026-09-15T23:52:40+00:00
MATCH-20260426-00297,SUP-20260426-00297,Borntostandout,Dirty Heaven,,supplier_source,250063,supplier_name_normalisation,0.7,Initial candidate generated from supplier row only. Requires independent verification before approval.,needs_verification,low_supplier_source_only,2026-09-15T23:52:40+00:00
MATCH-20260426-00298,SUP-20260426-00298,Borntostandout,Drunk Lovers,,supplier_source,240946,supplier_name_normalisation,0.7,Initial candidate generated from supplier row only. Requires independent verification before approval.,needs_verification,low_supplier_source_only,2026-09-15T23:52:40+00:00
MATCH-20260426-00299,SUP-20260426-00299,Borntostandout,Sugar Addict,,supplier_source,240945,supplier_name_normalisation,0.7,Initial candidate generated from supplier row only. Requires independent verification before approval.,needs_verification,low_supplier_source_only,2026-09-15T23:52:40+00:00
MATCH-20260426-00300,SUP-20260426-00300,Borntostandout,Filthy Musk,,supplier_source,240842,supplier_name_normalisation,0.7,Initial candidate generated from supplier row only. Requires independent verification before approval.,needs_verification,low_supplier_source_only,2026-09-15T23:52:40+00:00
MATCH-20260426-00301,SUP-20260426-00301,Borntostandout,L Animal,,supplier_source,240843,supplier_name_normalisation,0.7,Initial candidate generated from supplier row only. Requires independent verification before approval.,needs_verification,low_supplier_source_only,2026-09-15T23:52:40+00:00
MATCH-20260426-00302,SUP-20260426-00302,Borntostandout,Not Vanille,,supplier_source,240765,supplier_name_normalisation,0.7,Initial candidate generated from supplier row only. Requires independent verification before approval.,needs_verification,low_supplier_source_only,2026-09-15T23:52:40+00:00
MATCH-20260426-00303,SUP-20260426-00303,Bakhoor,Sweet OUD,,supplier_source,343972-A,supplier_name_normalisation,0.62,Initial candidate generated from supplier row only. Requires independent verification before approval.,needs_verification,low_supplier_source_only,2026-09-15T23:52:40+00:00
MATCH-20260426-00304,SUP-20260426-00304,Bakhoor,Bakhoor Bahar,,supplier_source,3000079,supplier_name_normalisation,0.7,Initial candidate generated from supplier row only. Requires independent verification before approval.,needs_verification,low_supplier_source_only,2026-09-15T23:52:40+00:00
MATCH-20260426-00305,SUP-20260426-00305,Bakhoor,Bakhoor Gr,,supplier_source,3000080,supplier_name_normalisation,0.7,Initial candidate generated from supplier row only. Requires independent verification before approval.,needs_verification,low_supplier_source_only,2026-09-15T23:52:40+00:00
MATCH-20260426-00306,SUP-20260426-00306,Bakhoor,Bakhoor Mooza,,supplier_source,3000081,supplier_name_normalisation,0.7,Initial candidate generated from supplier row only. Requires independent verification before approval.,needs_verification,low_supplier_source_only,2026-09-15T23:52:40+00:00
MATCH-20260426-00307,SUP-20260426-00307,Bakhoor,Combodi Bakhoure,,supplier_source,3000082,supplier_name_normalisation,0.7,Initial candidate generated from supplier row only. Requires independent verification before approval.,needs_verification,low_supplier_source_only,2026-09-15T23:52:40+00:00
MATCH-20260426-00308,SUP-20260426-00308,Bakhoor,Dukhoon Al Haram,,supplier_source,3000083,supplier_name_normalisation,0.7,Initial candidate generated from supplier row only. Requires independent verification before approval.,needs_verification,low_supplier_source_only,2026-09-15T23:52:40+00:00
MATCH-20260426-00309,SUP-20260426-00309,Bakhoor,Excellence Bakhoor,,supplier_source,3000084,supplier_name_normalisation,0.7,Initial candidate generated from supplier row only. Requires independent verification before approval.,needs_verification,low_supplier_source_only,2026-09-15T23:52:40+00:00
MATCH-20260426-00310,SUP-20260426-00310,Bakhoor,Hind Al OUD Bakhoor,,supplier_source,3000085,supplier_name_normalisation,0.7,Initial candidate generated from supplier row only. Requires independent verification before approval.,needs_verification,low_supplier_source_only,2026-09-15T23:52:40+00:00
MATCH-20260426-00311,SUP-20260426-00311,Bakhoor,Mamul Bakhoor,,supplier_source,3000086,supplier_name_normalisation,0.7,Initial candidate generated from supplier row only. Requires independent verification before approval.,needs_verification,low_supplier_source_only,2026-09-15T23:52:40+00:00
MATCH-20260426-00312,SUP-20260426-00312,Bakhoor,Muattar Al Wattan,,supplier_source,3000087,supplier_name_normalisation,0.7,Initial candidate generated from supplier row only. Requires independent verification before approval.,needs_verification,low_supplier_source_only,2026-09-15T23:52:40+00:00
MATCH-20260426-00313,SUP-20260426-00313,Bakhoor,Nabeel Black,,supplier_source,3000088,supplier_name_normalisation,0.7,Initial candidate generated from supplier row only. Requires independent verification before approval.,needs_verification,low_supplier_source_only,2026-09-15T23:52:40+00:00
MATCH-20260426-00314,SUP-20260426-00314,Bakhoor,Special Bakhoor,,supplier_source,3000089,supplier_name_normalisation,0.7,Initial candidate generated from supplier row only. Requires independent verification before approval.,needs_verification,low_supplier_source_only,2026-09-15T23:52:40+00:00
MATCH-20260426-00315,SUP-20260426-00315,Bakhoor,Sweet OUD Bakhoor,,supplier_source,3000090,supplier_name_normalisation,0.7,Initial candidate generated from supplier row only. Requires independent verification before approval.,needs_verification,low_supplier_source_only,2026-09-15T23:52:40+00:00
MATCH-20260426-00316,SUP-20260426-00316,Bakhoor,Muntasira,,supplier_source,3000091,supplier_name_normalisation,0.7,Initial candidate generated from supplier row only. Requires independent verification before approval.,needs_verification,low_supplier_source_only,2026-09-15T23:52:40+00:00
MATCH-20260426-00317,SUP-20260426-00317,Bakhoor,Creation Bakhoor,,supplier_source,3000092,supplier_name_normalisation,0.7,Initial candidate generated from supplier row only. Requires independent verification before approval.,needs_verification,low_supplier_source_only,2026-09-15T23:52:40+00:00
MATCH-20260426-00318,SUP-20260426-00318,Bakhoor,Bakhoor Mina,,supplier_source,3000093,supplier_name_normalisation,0.7,Initial candidate generated from supplier row only. Requires independent verification before approval.,needs_verification,low_supplier_source_only,2026-09-15T23:52:40+00:00
MATCH-20260426-00319,SUP-20260426-00319,Bakhoor,Bakhoor Mamool,,supplier_source,3000094,supplier_name_normalisation,0.7,Initial candidate generated from supplier row only. Requires independent verification before approval.,needs_verification,low_supplier_source_only,2026-09-15T23:52:40+00:00
MATCH-20260426-00320,SUP-20260426-00320,Bakhoor,Hassan Shaheen,,supplier_source,3000095,supplier_name_normalisation,0.7,Initial candidate generated from supplier row only. Requires independent verification before approval.,needs_verification,low_supplier_source_only,2026-09-15T23:52:40+00:00
MATCH-20260426-00321,SUP-20260426-00321,Bakhoor,Majman 96,,supplier_source,3000096,supplier_name_normalisation,0.7,Initial candidate generated from supplier row only. Requires independent verification before approval.,needs_verification,low_supplier_source_only,2026-09-15T23:52:40+00:00
MATCH-20260426-00322,SUP-20260426-00322,Bakoor,Classic Bakhoor,,supplier_source,343802-A,supplier_name_normalisation,0.62,Initial candidate generated from supplier row only. Requires independent verification before approval.,needs_verification,low_supplier_source_only,2026-09-15T23:52:40+00:00
MATCH-20260426-00323,SUP-20260426-00323,Bath & Body,Champagne Toast,,supplier_source,240145,supplier_name_normalisation,0.7,Initial candidate generated from supplier row only. Requires independent verification before approval.,needs_verification,low_supplier_source_only,2026-09-15T23:52:40+00:00
MATCH-20260426-00324,SUP-20260426-00324,Bath & Body,You Are The One,,supplier_source,154525,supplier_name_normalisation,0.62,Initial candidate generated from supplier row only. Requires independent verification before approval.,needs_verification,low_supplier_source_only,2026-09-15T23:52:40+00:00
MATCH-20260426-00325,SUP-20260426-00325,Bath & Body,Vanilla Noir,,supplier_source,650081,supplier_name_normalisation,0.62,Initial candidate generated from supplier row only. Requires independent verification before approval.,needs_verification,low_supplier_source_only,2026-09-15T23:52:40+00:00
MATCH-20260426-00326,SUP-20260426-00326,Bath And Body Works,Pink Chiffon,,supplier_source,339415,supplier_name_normalisation,0.62,Initial candidate generated from supplier row only. Requires independent verification before approval.,needs_verification,low_supplier_source_only,2026-09-15T23:52:40+00:00
MATCH-20260426-00327,SUP-20260426-00327,Bdk Parfums,Nectar OUD,,supplier_source,250395,supplier_name_normalisation,0.7,Initial candidate generated from supplier row only. Requires independent verification before approval.,needs_verification,low_supplier_source_only,2026-09-15T23:52:40+00:00
MATCH-20260426-00328,SUP-20260426-00328,Bdk Parfums,Impadia,,supplier_source,250060,supplier_name_normalisation,0.7,Initial candidate generated from supplier row only. Requires independent verification before approval.,needs_verification,low_supplier_source_only,2026-09-15T23:52:40+00:00
MATCH-20260426-00329,SUP-20260426-00329,Bdk Parfums,Rouge Smoking Extrait,,supplier_source,240844,supplier_name_normalisation,0.7,Initial candidate generated from supplier row only. Requires independent verification before approval.,needs_verification,low_supplier_source_only,2026-09-15T23:52:40+00:00
MATCH-20260426-00330,SUP-20260426-00330,Bdk Parfums,Pas Ce Soir Extrait,,supplier_source,IUTR2R,supplier_name_normalisation,0.7,Initial candidate generated from supplier row only. Requires independent verification before approval.,needs_verification,low_supplier_source_only,2026-09-15T23:52:40+00:00
MATCH-20260426-00331,SUP-20260426-00331,Bdk Parfums,Pas Ce Soir Extrait,,supplier_source,240769,supplier_name_normalisation,0.7,Initial candidate generated from supplier row only. Requires independent verification before approval.,needs_verification,low_supplier_source_only,2026-09-15T23:52:40+00:00
MATCH-20260426-00332,SUP-20260426-00332,Bdk Parfums,Gris Charnel Extrait,,supplier_source,240085,supplier_name_normalisation,0.7,Initial candidate generated from supplier row only. Requires independent verification before approval.,needs_verification,low_supplier_source_only,2026-09-15T23:52:40+00:00
MATCH-20260426-00333,SUP-20260426-00333,Bdk Parfums,Velvet Tonka,,supplier_source,336264,supplier_name_normalisation,0.62,Initial candidate generated from supplier row only. Requires independent verification before approval.,needs_verification,low_supplier_source_only,2026-09-15T23:52:40+00:00
MATCH-20260426-00334,SUP-20260426-00334,Bdk Parfums,Tabac Rose,,supplier_source,462353-T,supplier_name_normalisation,0.62,Initial candidate generated from supplier row only. Requires independent verification before approval.,needs_verification,low_supplier_source_only,2026-09-15T23:52:40+00:00
MATCH-20260426-00335,SUP-20260426-00335,Bdk Parfums,Gris Charnel,,supplier_source,240413,supplier_name_normalisation,0.7,Initial candidate generated from supplier row only. Requires independent verification before approval.,needs_verification,low_supplier_source_only,2026-09-15T23:52:40+00:00
MATCH-20260426-00336,SUP-20260426-00336,Bergamot,Bergamot,,supplier_source,3000097,supplier_name_normalisation,0.7,Initial candidate generated from supplier row only. Requires independent verification before approval.,needs_verification,low_supplier_source_only,2026-09-15T23:52:40+00:00
MATCH-20260426-00337,SUP-20260426-00337,Bill Blass,Nude,,supplier_source,343716,supplier_name_normalisation,0.62,Initial candidate generated from supplier row only. Requires independent verification before approval.,needs_verification,low_supplier_source_only,2026-09-15T23:52:40+00:00
MATCH-20260426-00338,SUP-20260426-00338,Billie Elish,Billie Elish,,supplier_source,240088,supplier_name_normalisation,0.7,Initial candidate generated from supplier row only. Requires independent verification before approval.,needs_verification,low_supplier_source_only,2026-09-15T23:52:40+00:00
MATCH-20260426-00339,SUP-20260426-00339,Bint Al Arab,Bint Al Arab,,supplier_source,3000098,supplier_name_normalisation,0.7,Initial candidate generated from supplier row only. Requires independent verification before approval.,needs_verification,low_supplier_source_only,2026-09-15T23:52:40+00:00
MATCH-20260426-00340,SUP-20260426-00340,Blends Of Love,Ask / Khaltat,,supplier_source,233770-A,supplier_name_normalisation,0.62,Initial candidate generated from supplier row only. Requires independent verification before approval.,needs_verification,low_supplier_source_only,2026-09-15T23:52:40+00:00
MATCH-20260426-00341,SUP-20260426-00341,Blends Of Love,Agape / Khaltat,,supplier_source,3000099,supplier_name_normalisation,0.7,Initial candidate generated from supplier row only. Requires independent verification before approval.,needs_verification,low_supplier_source_only,2026-09-15T23:52:40+00:00
MATCH-20260426-00342,SUP-20260426-00342,Blends Of Love,Ask / Khaltat,,supplier_source,3000100,supplier_name_normalisation,0.7,Initial candidate generated from supplier row only. Requires independent verification before approval.,needs_verification,low_supplier_source_only,2026-09-15T23:52:40+00:00
MATCH-20260426-00343,SUP-20260426-00343,Blends Of Love,Dragoste / Khaltat,,supplier_source,3000101,supplier_name_normalisation,0.7,Initial candidate generated from supplier row only. Requires independent verification before approval.,needs_verification,low_supplier_source_only,2026-09-15T23:52:40+00:00
MATCH-20260426-00344,SUP-20260426-00344,Blends Of Love,Ljubovj / Khaltat,,supplier_source,3000102,supplier_name_normalisation,0.7,Initial candidate generated from supplier row only. Requires independent verification before approval.,needs_verification,low_supplier_source_only,2026-09-15T23:52:40+00:00
MATCH-20260426-00345,SUP-20260426-00345,Boadicea The,Opal,,supplier_source,250199,supplier_name_normalisation,0.7,Initial candidate generated from supplier row only. Requires independent verification before approval.,needs_verification,low_supplier_source_only,2026-09-15T23:52:40+00:00
MATCH-20260426-00346,SUP-20260426-00346,Boadicea The,Defender,,supplier_source,240010,supplier_name_normalisation,0.45,Initial candidate generated from supplier row only. Requires independent verification before approval.,needs_verification,low_supplier_source_only,2026-09-15T23:52:40+00:00
MATCH-20260426-00347,SUP-20260426-00347,Boadicea The,Aqua Saphire,,supplier_source,250012,supplier_name_normalisation,0.7,Initial candidate generated from supplier row only. Requires independent verification before approval.,needs_verification,low_supplier_source_only,2026-09-15T23:52:40+00:00
MATCH-20260426-00348,SUP-20260426-00348,Boadicea The,Tiger,,supplier_source,240894,supplier_name_normalisation,0.7,Initial candidate generated from supplier row only. Requires independent verification before approval.,needs_verification,low_supplier_source_only,2026-09-15T23:52:40+00:00
MATCH-20260426-00349,SUP-20260426-00349,Boadicea The,Nemer,,supplier_source,240669,supplier_name_normalisation,0.7,Initial candidate generated from supplier row only. Requires independent verification before approval.,needs_verification,low_supplier_source_only,2026-09-15T23:52:40+00:00
MATCH-20260426-00350,SUP-20260426-00350,Boadicea The,Dragon,,supplier_source,240509,supplier_name_normalisation,0.7,Initial candidate generated from supplier row only. Requires independent verification before approval.,needs_verification,low_supplier_source_only,2026-09-15T23:52:40+00:00
MATCH-20260426-00351,SUP-20260426-00351,Boadicea The,Valiant,,supplier_source,240197,supplier_name_normalisation,0.7,Initial candidate generated from supplier row only. Requires independent verification before approval.,needs_verification,low_supplier_source_only,2026-09-15T23:52:40+00:00
MATCH-20260426-00352,SUP-20260426-00352,Boadicea The,Blue Sapphire,,supplier_source,240667,supplier_name_normalisation,0.7,Initial candidate generated from supplier row only. Requires independent verification before approval.,needs_verification,low_supplier_source_only,2026-09-15T23:52:40+00:00
MATCH-20260426-00353,SUP-20260426-00353,Boadicea The,Blue Sapphire,,supplier_source,501984,supplier_name_normalisation,0.62,Initial candidate generated from supplier row only. Requires independent verification before approval.,needs_verification,low_supplier_source_only,2026-09-15T23:52:40+00:00
MATCH-20260426-00354,SUP-20260426-00354,Boadicea The,Heroine,,supplier_source,503742,supplier_name_normalisation,0.62,Initial candidate generated from supplier row only. Requires independent verification before approval.,needs_verification,low_supplier_source_only,2026-09-15T23:52:40+00:00
MATCH-20260426-00355,SUP-20260426-00355,Boadicea The,Aurica,,supplier_source,240153,supplier_name_normalisation,0.7,Initial candidate generated from supplier row only. Requires independent verification before approval.,needs_verification,low_supplier_source_only,2026-09-15T23:52:40+00:00
MATCH-20260426-00356,SUP-20260426-00356,Boadicea The,Angelic,,supplier_source,503844,supplier_name_normalisation,0.62,Initial candidate generated from supplier row only. Requires independent verification before approval.,needs_verification,low_supplier_source_only,2026-09-15T23:52:40+00:00
MATCH-20260426-00357,SUP-20260426-00357,Boadicea The,Hanuman,,supplier_source,343945,supplier_name_normalisation,0.62,Initial candidate generated from supplier row only. Requires independent verification before approval.,needs_verification,low_supplier_source_only,2026-09-15T23:52:40+00:00
MATCH-20260426-00358,SUP-20260426-00358,Boadicea The,Green Sapphire,,supplier_source,240668,supplier_name_normalisation,0.7,Initial candidate generated from supplier row only. Requires independent verification before approval.,needs_verification,low_supplier_source_only,2026-09-15T23:52:40+00:00
MATCH-20260426-00359,SUP-20260426-00359,Boadicea The,Complex,,supplier_source,240475,supplier_name_normalisation,0.7,Initial candidate generated from supplier row only. Requires independent verification before approval.,needs_verification,low_supplier_source_only,2026-09-15T23:52:40+00:00
MATCH-20260426-00360,SUP-20260426-00360,Bogart,Silver Scent Bogart,,supplier_source,3000103,supplier_name_normalisation,0.7,Initial candidate generated from supplier row only. Requires independent verification before approval.,needs_verification,low_supplier_source_only,2026-09-15T23:52:40+00:00
MATCH-20260426-00361,SUP-20260426-00361,Bohoboco,Red Wine Brown Sugar,,supplier_source,250025,supplier_name_normalisation,0.7,Initial candidate generated from supplier row only. Requires independent verification before approval.,needs_verification,low_supplier_source_only,2026-09-15T23:52:40+00:00
MATCH-20260426-00362,SUP-20260426-00362,Bohoboco,Jasmine White Leather,,supplier_source,473260JH,supplier_name_normalisation,0.7,Initial candidate generated from supplier row only. Requires independent verification before approval.,needs_verification,low_supplier_source_only,2026-09-15T23:52:40+00:00
MATCH-20260426-00363,SUP-20260426-00363,Bond No 9,Nolita,,supplier_source,240992,supplier_name_normalisation,0.7,Initial candidate generated from supplier row only. Requires independent verification before approval.,needs_verification,low_supplier_source_only,2026-09-15T23:52:40+00:00
MATCH-20260426-00364,SUP-20260426-00364,Bond No 9,My New York,,supplier_source,240911,supplier_name_normalisation,0.7,Initial candidate generated from supplier row only. Requires independent verification before approval.,needs_verification,low_supplier_source_only,2026-09-15T23:52:40+00:00
MATCH-20260426-00365,SUP-20260426-00365,Bond No 9,Nomad,,supplier_source,240713,supplier_name_normalisation,0.7,Initial candidate generated from supplier row only. Requires independent verification before approval.,needs_verification,low_supplier_source_only,2026-09-15T23:52:40+00:00
MATCH-20260426-00366,SUP-20260426-00366,Bond No 9,The Scent Of Peach For Women,,supplier_source,240572,supplier_name_normalisation,0.7,Initial candidate generated from supplier row only. Requires independent verification before approval.,needs_verification,low_supplier_source_only,2026-09-15T23:52:40+00:00
MATCH-20260426-00367,SUP-20260426-00367,Bond No 9,Dubai Gold,,supplier_source,240269,supplier_name_normalisation,0.7,Initial candidate generated from supplier row only. Requires independent verification before approval.,needs_verification,low_supplier_source_only,2026-09-15T23:52:40+00:00
MATCH-20260426-00368,SUP-20260426-00368,Bond No 9,Greenwich Village,,supplier_source,240291,supplier_name_normalisation,0.7,Initial candidate generated from supplier row only. Requires independent verification before approval.,needs_verification,low_supplier_source_only,2026-09-15T23:52:40+00:00
MATCH-20260426-00369,SUP-20260426-00369,Bond No 9,Bleecker Street,,supplier_source,240292,supplier_name_normalisation,0.7,Initial candidate generated from supplier row only. Requires independent verification before approval.,needs_verification,low_supplier_source_only,2026-09-15T23:52:40+00:00
MATCH-20260426-00370,SUP-20260426-00370,Bond No 9,Tribeca,,supplier_source,240267,supplier_name_normalisation,0.7,Initial candidate generated from supplier row only. Requires independent verification before approval.,needs_verification,low_supplier_source_only,2026-09-15T23:52:40+00:00
MATCH-20260426-00371,SUP-20260426-00371,Bond No 9,The Scent Peach For Men,,supplier_source,240268,supplier_name_normalisation,0.7,Initial candidate generated from supplier row only. Requires independent verification before approval.,needs_verification,low_supplier_source_only,2026-09-15T23:52:40+00:00
MATCH-20260426-00372,SUP-20260426-00372,Bond No 9,New York Nights,,supplier_source,240196,supplier_name_normalisation,0.7,Initial candidate generated from supplier row only. Requires independent verification before approval.,needs_verification,low_supplier_source_only,2026-09-15T23:52:40+00:00
MATCH-20260426-00373,SUP-20260426-00373,Bond No 9,Lafaytee Street,,supplier_source,240111,supplier_name_normalisation,0.7,Initial candidate generated from supplier row only. Requires independent verification before approval.,needs_verification,low_supplier_source_only,2026-09-15T23:52:40+00:00
MATCH-20260426-00374,SUP-20260426-00374,Bond No 9,New York Amber W,,supplier_source,232073,supplier_name_normalisation,0.62,Initial candidate generated from supplier row only. Requires independent verification before approval.,needs_verification,low_supplier_source_only,2026-09-15T23:52:40+00:00
MATCH-20260426-00375,SUP-20260426-00375,Bond No 9,New York Musk,,supplier_source,338922,supplier_name_normalisation,0.62,Initial candidate generated from supplier row only. Requires independent verification before approval.,needs_verification,low_supplier_source_only,2026-09-15T23:52:40+00:00
MATCH-20260426-00376,SUP-20260426-00376,Bond No 9,New York OUD W,,supplier_source,509543,supplier_name_normalisation,0.62,Initial candidate generated from supplier row only. Requires independent verification before approval.,needs_verification,low_supplier_source_only,2026-09-15T23:52:40+00:00
MATCH-20260426-00377,SUP-20260426-00377,Bond No 9,Perfume Bond No 9 W,,supplier_source,342235,supplier_name_normalisation,0.62,Initial candidate generated from supplier row only. Requires independent verification before approval.,needs_verification,low_supplier_source_only,2026-09-15T23:52:40+00:00
MATCH-20260426-00378,SUP-20260426-00378,Bond No 9,West Side W,,supplier_source,339031,supplier_name_normalisation,0.62,Initial candidate generated from supplier row only. Requires independent verification before approval.,needs_verification,low_supplier_source_only,2026-09-15T23:52:40+00:00
MATCH-20260426-00379,SUP-20260426-00379,Bond No 9,New York OUD Unisex,,supplier_source,3000104,supplier_name_normalisation,0.7,Initial candidate generated from supplier row only. Requires independent verification before approval.,needs_verification,low_supplier_source_only,2026-09-15T23:52:40+00:00
MATCH-20260426-00380,SUP-20260426-00380,Borntostandout,Black Guava,,supplier_source,250407,supplier_name_normalisation,0.7,Initial candidate generated from supplier row only. Requires independent verification before approval.,needs_verification,low_supplier_source_only,2026-09-15T23:52:40+00:00
MATCH-20260426-00381,SUP-20260426-00381,Borntostandout,Dirty Milk,,supplier_source,250398,supplier_name_normalisation,0.7,Initial candidate generated from supplier row only. Requires independent verification before approval.,needs_verification,low_supplier_source_only,2026-09-15T23:52:40+00:00
MATCH-20260426-00382,SUP-20260426-00382,Borntostandout,A Corps Secret,,supplier_source,250370,supplier_name_normalisation,0.7,Initial candidate generated from supplier row only. Requires independent verification before approval.,needs_verification,low_supplier_source_only,2026-09-15T23:52:40+00:00
MATCH-20260426-00383,SUP-20260426-00383,Borntostandout,Purple Stain,,supplier_source,250371,supplier_name_normalisation,0.7,Initial candidate generated from supplier row only. Requires independent verification before approval.,needs_verification,low_supplier_source_only,2026-09-15T23:52:40+00:00
MATCH-20260426-00384,SUP-20260426-00384,Borntostandout,Dgaf,,supplier_source,240678,supplier_name_normalisation,0.7,Initial candidate generated from supplier row only. Requires independent verification before approval.,needs_verification,low_supplier_source_only,2026-09-15T23:52:40+00:00
MATCH-20260426-00385,SUP-20260426-00385,Borntostandout,Not A Vanille,,supplier_source,U463283,supplier_name_normalisation,0.7,Initial candidate generated from supplier row only. Requires independent verification before approval.,needs_verification,low_supplier_source_only,2026-09-15T23:52:40+00:00
MATCH-20260426-00386,SUP-20260426-00386,Boucheron,Boucheron Quatre,,supplier_source,233370,supplier_name_normalisation,0.62,Initial candidate generated from supplier row only. Requires independent verification before approval.,needs_verification,low_supplier_source_only,2026-09-15T23:52:40+00:00
MATCH-20260426-00387,SUP-20260426-00387,Boucheron,Rose D'isparta,,supplier_source,353996,supplier_name_normalisation,0.62,Initial candidate generated from supplier row only. Requires independent verification before approval.,needs_verification,low_supplier_source_only,2026-09-15T23:52:40+00:00
MATCH-20260426-00388,SUP-20260426-00388,Britney Spears,Midnight Fantasy LZ,,supplier_source,338252-L,supplier_name_normalisation,0.62,Initial candidate generated from supplier row only. Requires independent verification before approval.,needs_verification,low_supplier_source_only,2026-09-15T23:52:40+00:00
MATCH-20260426-00389,SUP-20260426-00389,Britney Spears,Fantacy Hm,,supplier_source,240006,supplier_name_normalisation,0.7,Initial candidate generated from supplier row only. Requires independent verification before approval.,needs_verification,low_supplier_source_only,2026-09-15T23:52:40+00:00
MATCH-20260426-00390,SUP-20260426-00390,Britney Spears,Fantasy The Nice Remix,,supplier_source,3000105,supplier_name_normalisation,0.7,Initial candidate generated from supplier row only. Requires independent verification before approval.,needs_verification,low_supplier_source_only,2026-09-15T23:52:40+00:00
MATCH-20260426-00391,SUP-20260426-00391,Britney Spears,Midnight Fantasy,,supplier_source,3000106,supplier_name_normalisation,0.7,Initial candidate generated from supplier row only. Requires independent verification before approval.,needs_verification,low_supplier_source_only,2026-09-15T23:52:40+00:00
MATCH-20260426-00392,SUP-20260426-00392,Britney Spears,Sunset Fantasy,,supplier_source,3000107,supplier_name_normalisation,0.7,Initial candidate generated from supplier row only. Requires independent verification before approval.,needs_verification,low_supplier_source_only,2026-09-15T23:52:40+00:00
MATCH-20260426-00393,SUP-20260426-00393,Britney Spears,Jungle Fantasy,,supplier_source,3000108,supplier_name_normalisation,0.7,Initial candidate generated from supplier row only. Requires independent verification before approval.,needs_verification,low_supplier_source_only,2026-09-15T23:52:40+00:00
MATCH-20260426-00394,SUP-20260426-00394,Burberry,Her Intense,,supplier_source,250141,supplier_name_normalisation,0.7,Initial candidate generated from supplier row only. Requires independent verification before approval.,needs_verification,low_supplier_source_only,2026-09-15T23:52:40+00:00
MATCH-20260426-00395,SUP-20260426-00395,Burberry,Touch For Women,,supplier_source,240917,supplier_name_normalisation,0.7,Initial candidate generated from supplier row only. Requires independent verification before approval.,needs_verification,low_supplier_source_only,2026-09-15T23:52:40+00:00
MATCH-20260426-00396,SUP-20260426-00396,Burberry,Goddes Intense,,supplier_source,240829,supplier_name_normalisation,0.7,Initial candidate generated from supplier row only. Requires independent verification before approval.,needs_verification,low_supplier_source_only,2026-09-15T23:52:40+00:00
MATCH-20260426-00397,SUP-20260426-00397,Burberry,Goddes,,supplier_source,240608,supplier_name_normalisation,0.7,Initial candidate generated from supplier row only. Requires independent verification before approval.,needs_verification,low_supplier_source_only,2026-09-15T23:52:40+00:00
MATCH-20260426-00398,SUP-20260426-00398,Burberry,Burberry Her,,supplier_source,240321,supplier_name_normalisation,0.7,Initial candidate generated from supplier row only. Requires independent verification before approval.,needs_verification,low_supplier_source_only,2026-09-15T23:52:40+00:00
MATCH-20260426-00399,SUP-20260426-00399,Burberry,Her Elixir,,supplier_source,240149,supplier_name_normalisation,0.7,Initial candidate generated from supplier row only. Requires independent verification before approval.,needs_verification,low_supplier_source_only,2026-09-15T23:52:40+00:00
MATCH-20260426-00400,SUP-20260426-00400,Burberry,Burberry Her Blossom,,supplier_source,339711,supplier_name_normalisation,0.62,Initial candidate generated from supplier row only. Requires independent verification before approval.,needs_verification,low_supplier_source_only,2026-09-15T23:52:40+00:00
MATCH-20260426-00401,SUP-20260426-00401,Burberry,My Burberry Blush,,supplier_source,233290-A,supplier_name_normalisation,0.62,Initial candidate generated from supplier row only. Requires independent verification before approval.,needs_verification,low_supplier_source_only,2026-09-15T23:52:40+00:00
MATCH-20260426-00402,SUP-20260426-00402,Burberry,Burberry Weekend For,,supplier_source,343297-A,supplier_name_normalisation,0.62,Initial candidate generated from supplier row only. Requires independent verification before approval.,needs_verification,low_supplier_source_only,2026-09-15T23:52:40+00:00
MATCH-20260426-00403,SUP-20260426-00403,Burberry,Burberry Body,,supplier_source,3000110,supplier_name_normalisation,0.7,Initial candidate generated from supplier row only. Requires independent verification before approval.,needs_verification,low_supplier_source_only,2026-09-15T23:52:40+00:00
MATCH-20260426-00404,SUP-20260426-00404,Burberry,Burberry The Beat Woman,,supplier_source,3000111,supplier_name_normalisation,0.7,Initial candidate generated from supplier row only. Requires independent verification before approval.,needs_verification,low_supplier_source_only,2026-09-15T23:52:40+00:00
MATCH-20260426-00405,SUP-20260426-00405,Burberry,Burberry Weekend Women,,supplier_source,240664,supplier_name_normalisation,0.7,Initial candidate generated from supplier row only. Requires independent verification before approval.,needs_verification,low_supplier_source_only,2026-09-15T23:52:40+00:00
MATCH-20260426-00406,SUP-20260426-00406,Burberry,My Burberry,,supplier_source,250139,supplier_name_normalisation,0.7,Initial candidate generated from supplier row only. Requires independent verification before approval.,needs_verification,low_supplier_source_only,2026-09-15T23:52:40+00:00
MATCH-20260426-00407,SUP-20260426-00407,Burberry,Hero,,supplier_source,240394,supplier_name_normalisation,0.7,Initial candidate generated from supplier row only. Requires independent verification before approval.,needs_verification,low_supplier_source_only,2026-09-15T23:52:40+00:00
MATCH-20260426-00408,SUP-20260426-00408,Bvlgari,Tygar Extrait,,supplier_source,250465,supplier_name_normalisation,0.7,Initial candidate generated from supplier row only. Requires independent verification before approval.,needs_verification,low_supplier_source_only,2026-09-15T23:52:40+00:00
MATCH-20260426-00409,SUP-20260426-00409,Bvlgari,Pour Homme,,supplier_source,250459,supplier_name_normalisation,0.7,Initial candidate generated from supplier row only. Requires independent verification before approval.,needs_verification,low_supplier_source_only,2026-09-15T23:52:40+00:00
MATCH-20260426-00410,SUP-20260426-00410,Bvlgari,Man Wood Essence Perfume,,supplier_source,250473,supplier_name_normalisation,0.7,Initial candidate generated from supplier row only. Requires independent verification before approval.,needs_verification,low_supplier_source_only,2026-09-15T23:52:40+00:00
MATCH-20260426-00411,SUP-20260426-00411,Bvlgari,Allegra Magnifying Musk Essence,,supplier_source,250455,supplier_name_normalisation,0.7,Initial candidate generated from supplier row only. Requires independent verification before approval.,needs_verification,low_supplier_source_only,2026-09-15T23:52:40+00:00
MATCH-20260426-00412,SUP-20260426-00412,Bvlgari,Pour Homme Extrem,,supplier_source,250193,supplier_name_normalisation,0.7,Initial candidate generated from supplier row only. Requires independent verification before approval.,needs_verification,low_supplier_source_only,2026-09-15T23:52:40+00:00
MATCH-20260426-00413,SUP-20260426-00413,Bvlgari,Amythyste,,supplier_source,250156,supplier_name_normalisation,0.7,Initial candidate generated from supplier row only. Requires independent verification before approval.,needs_verification,low_supplier_source_only,2026-09-15T23:52:40+00:00
MATCH-20260426-00414,SUP-20260426-00414,Bvlgari,Amunae,,supplier_source,240983,supplier_name_normalisation,0.7,Initial candidate generated from supplier row only. Requires independent verification before approval.,needs_verification,low_supplier_source_only,2026-09-15T23:52:40+00:00
MATCH-20260426-00415,SUP-20260426-00415,Bvlgari,Yaseep,,supplier_source,240886,supplier_name_normalisation,0.7,Initial candidate generated from supplier row only. Requires independent verification before approval.,needs_verification,low_supplier_source_only,2026-09-15T23:52:40+00:00
MATCH-20260426-00416,SUP-20260426-00416,Bvlgari,Pour Homme Soir,,supplier_source,240805,supplier_name_normalisation,0.7,Initial candidate generated from supplier row only. Requires independent verification before approval.,needs_verification,low_supplier_source_only,2026-09-15T23:52:40+00:00
MATCH-20260426-00417,SUP-20260426-00417,Bvlgari,Man In Black Parfum,,supplier_source,240744,supplier_name_normalisation,0.7,Initial candidate generated from supplier row only. Requires independent verification before approval.,needs_verification,low_supplier_source_only,2026-09-15T23:52:40+00:00
MATCH-20260426-00418,SUP-20260426-00418,Bvlgari,Le Gemme Empyr,,supplier_source,240640,supplier_name_normalisation,0.7,Initial candidate generated from supplier row only. Requires independent verification before approval.,needs_verification,low_supplier_source_only,2026-09-15T23:52:40+00:00
MATCH-20260426-00419,SUP-20260426-00419,Bvlgari,Baciami,,supplier_source,240625,supplier_name_normalisation,0.7,Initial candidate generated from supplier row only. Requires independent verification before approval.,needs_verification,low_supplier_source_only,2026-09-15T23:52:40+00:00
MATCH-20260426-00420,SUP-20260426-00420,Bvlgari,Aqva Amara,,supplier_source,240550,supplier_name_normalisation,0.7,Initial candidate generated from supplier row only. Requires independent verification before approval.,needs_verification,low_supplier_source_only,2026-09-15T23:52:40+00:00
MATCH-20260426-00421,SUP-20260426-00421,Bvlgari,Sahare,,supplier_source,240381,supplier_name_normalisation,0.7,Initial candidate generated from supplier row only. Requires independent verification before approval.,needs_verification,low_supplier_source_only,2026-09-15T23:52:40+00:00
MATCH-20260426-00422,SUP-20260426-00422,Bvlgari,Pour Homme,,supplier_source,240360,supplier_name_normalisation,0.7,Initial candidate generated from supplier row only. Requires independent verification before approval.,needs_verification,low_supplier_source_only,2026-09-15T23:52:40+00:00
MATCH-20260426-00423,SUP-20260426-00423,Bvlgari,Azaran,,supplier_source,240317,supplier_name_normalisation,0.7,Initial candidate generated from supplier row only. Requires independent verification before approval.,needs_verification,low_supplier_source_only,2026-09-15T23:52:40+00:00
MATCH-20260426-00424,SUP-20260426-00424,Bvlgari,Aqva Pour Homme Marine,,supplier_source,240357,supplier_name_normalisation,0.7,Initial candidate generated from supplier row only. Requires independent verification before approval.,needs_verification,low_supplier_source_only,2026-09-15T23:52:40+00:00
MATCH-20260426-00425,SUP-20260426-00425,Bvlgari,Bvlgari Omnia Crystlinne,,supplier_source,240169,supplier_name_normalisation,0.7,Initial candidate generated from supplier row only. Requires independent verification before approval.,needs_verification,low_supplier_source_only,2026-09-15T23:52:40+00:00
MATCH-20260426-00426,SUP-20260426-00426,Bvlgari,Bvlgari Man Wood Neroli,,supplier_source,260948,supplier_name_normalisation,0.62,Initial candidate generated from supplier row only. Requires independent verification before approval.,needs_verification,low_supplier_source_only,2026-09-15T23:52:40+00:00
MATCH-20260426-00427,SUP-20260426-00427,Bvlgari,Falker,,supplier_source,240265,supplier_name_normalisation,0.7,Initial candidate generated from supplier row only. Requires independent verification before approval.,needs_verification,low_supplier_source_only,2026-09-15T23:52:40+00:00
MATCH-20260426-00428,SUP-20260426-00428,Bvlgari,Gayan,,supplier_source,240156,supplier_name_normalisation,0.7,Initial candidate generated from supplier row only. Requires independent verification before approval.,needs_verification,low_supplier_source_only,2026-09-15T23:52:40+00:00
MATCH-20260426-00429,SUP-20260426-00429,Bvlgari,Onekh,,supplier_source,240266,supplier_name_normalisation,0.7,Initial candidate generated from supplier row only. Requires independent verification before approval.,needs_verification,low_supplier_source_only,2026-09-15T23:52:40+00:00
MATCH-20260426-00430,SUP-20260426-00430,Bvlgari,Rose Goldea,,supplier_source,503522,supplier_name_normalisation,0.62,Initial candidate generated from supplier row only. Requires independent verification before approval.,needs_verification,low_supplier_source_only,2026-09-15T23:52:40+00:00
MATCH-20260426-00431,SUP-20260426-00431,Bvlgari,Aqva Pour Homme Atlantiqve,,supplier_source,339368-B,supplier_name_normalisation,0.62,Initial candidate generated from supplier row only. Requires independent verification before approval.,needs_verification,low_supplier_source_only,2026-09-15T23:52:40+00:00
MATCH-20260426-00432,SUP-20260426-00432,Bvlgari,Bvlgari Man Terrae Essence,,supplier_source,233525,supplier_name_normalisation,0.62,Initial candidate generated from supplier row only. Requires independent verification before approval.,needs_verification,low_supplier_source_only,2026-09-15T23:52:40+00:00
MATCH-20260426-00433,SUP-20260426-00433,Bvlgari,Le Gemme Orom,,supplier_source,240154,supplier_name_normalisation,0.7,Initial candidate generated from supplier row only. Requires independent verification before approval.,needs_verification,low_supplier_source_only,2026-09-15T23:52:40+00:00
MATCH-20260426-00434,SUP-20260426-00434,Bvlgari,Aqva Pour Homme,,supplier_source,240127,supplier_name_normalisation,0.7,Initial candidate generated from supplier row only. Requires independent verification before approval.,needs_verification,low_supplier_source_only,2026-09-15T23:52:40+00:00
MATCH-20260426-00435,SUP-20260426-00435,Bvlgari,Bvlgari Amara Aqua,,supplier_source,3000113,supplier_name_normalisation,0.7,Initial candidate generated from supplier row only. Requires independent verification before approval.,needs_verification,low_supplier_source_only,2026-09-15T23:52:40+00:00
MATCH-20260426-00436,SUP-20260426-00436,Bvlgari,Bvlgari Man,,supplier_source,3000114,supplier_name_normalisation,0.7,Initial candidate generated from supplier row only. Requires independent verification before approval.,needs_verification,low_supplier_source_only,2026-09-15T23:52:40+00:00
MATCH-20260426-00437,SUP-20260426-00437,Bvlgari,Eau Perfumee Au The Noir,,supplier_source,3000115,supplier_name_normalisation,0.7,Initial candidate generated from supplier row only. Requires independent verification before approval.,needs_verification,low_supplier_source_only,2026-09-15T23:52:40+00:00
MATCH-20260426-00438,SUP-20260426-00438,Bvlgari,Gayan,,supplier_source,JD732445,supplier_name_normalisation,0.7,Initial candidate generated from supplier row only. Requires independent verification before approval.,needs_verification,low_supplier_source_only,2026-09-15T23:52:40+00:00
MATCH-20260426-00439,SUP-20260426-00439,Bvlgari,Man In Black,,supplier_source,240080,supplier_name_normalisation,0.7,Initial candidate generated from supplier row only. Requires independent verification before approval.,needs_verification,low_supplier_source_only,2026-09-15T23:52:40+00:00
MATCH-20260426-00440,SUP-20260426-00440,Bvlgari,Omania Pink Sapphire,,supplier_source,3000116,supplier_name_normalisation,0.7,Initial candidate generated from supplier row only. Requires independent verification before approval.,needs_verification,low_supplier_source_only,2026-09-15T23:52:40+00:00
MATCH-20260426-00441,SUP-20260426-00441,Bvlgari,Rose Essentielle,,supplier_source,3000117,supplier_name_normalisation,0.7,Initial candidate generated from supplier row only. Requires independent verification before approval.,needs_verification,low_supplier_source_only,2026-09-15T23:52:40+00:00
MATCH-20260426-00442,SUP-20260426-00442,Bvlgari,Le Gemme Koobra,,supplier_source,240185,supplier_name_normalisation,0.7,Initial candidate generated from supplier row only. Requires independent verification before approval.,needs_verification,low_supplier_source_only,2026-09-15T23:52:40+00:00
MATCH-20260426-00443,SUP-20260426-00443,Bvlgari,Tygar,,supplier_source,240624,supplier_name_normalisation,0.7,Initial candidate generated from supplier row only. Requires independent verification before approval.,needs_verification,low_supplier_source_only,2026-09-15T23:52:40+00:00
MATCH-20260426-00444,SUP-20260426-00444,Bvlgari,Tygar,,supplier_source,343645,supplier_name_normalisation,0.62,Initial candidate generated from supplier row only. Requires independent verification before approval.,needs_verification,low_supplier_source_only,2026-09-15T23:52:40+00:00
MATCH-20260426-00445,SUP-20260426-00445,Bvlgari,Tyger,,supplier_source,343645-T,supplier_name_normalisation,0.62,Initial candidate generated from supplier row only. Requires independent verification before approval.,needs_verification,low_supplier_source_only,2026-09-15T23:52:40+00:00
MATCH-20260426-00446,SUP-20260426-00446,Bvlgari,Tygar,,supplier_source,240071,supplier_name_normalisation,0.7,Initial candidate generated from supplier row only. Requires independent verification before approval.,needs_verification,low_supplier_source_only,2026-09-15T23:52:40+00:00
MATCH-20260426-00447,SUP-20260426-00447,Bvlgari,Tygar,,supplier_source,240072,supplier_name_normalisation,0.7,Initial candidate generated from supplier row only. Requires independent verification before approval.,needs_verification,low_supplier_source_only,2026-09-15T23:52:40+00:00
MATCH-20260426-00448,SUP-20260426-00448,Bvlgari,Bvlgari Man Rain Essence,,supplier_source,240157,supplier_name_normalisation,0.7,Initial candidate generated from supplier row only. Requires independent verification before approval.,needs_verification,low_supplier_source_only,2026-09-15T23:52:40+00:00
MATCH-20260426-00449,SUP-20260426-00449,Byredo,Blance Absolue,,supplier_source,250447,supplier_name_normalisation,0.45,Initial candidate generated from supplier row only. Requires independent verification before approval.,needs_verification,low_supplier_source_only,2026-09-15T23:52:40+00:00
MATCH-20260426-00450,SUP-20260426-00450,Byredo,Alto Astrale,,supplier_source,250425,supplier_name_normalisation,0.45,Initial candidate generated from supplier row only. Requires independent verification before approval.,needs_verification,low_supplier_source_only,2026-09-15T23:52:40+00:00
MATCH-20260426-00451,SUP-20260426-00451,Byredo,Bal D Afrique Absolu,,supplier_source,250196,supplier_name_normalisation,0.45,Initial candidate generated from supplier row only. Requires independent verification before approval.,needs_verification,low_supplier_source_only,2026-09-15T23:52:40+00:00
MATCH-20260426-00452,SUP-20260426-00452,Byredo,Desert Dawn,,supplier_source,240554,supplier_name_normalisation,0.45,Initial candidate generated from supplier row only. Requires independent verification before approval.,needs_verification,low_supplier_source_only,2026-09-15T23:52:40+00:00
MATCH-20260426-00453,SUP-20260426-00453,Byredo,La Tulipe,,supplier_source,240468,supplier_name_normalisation,0.45,Initial candidate generated from supplier row only. Requires independent verification before approval.,needs_verification,low_supplier_source_only,2026-09-15T23:52:40+00:00
MATCH-20260426-00454,SUP-20260426-00454,Byredo,Rose Of No Mans Land,,supplier_source,240235,supplier_name_normalisation,0.45,Initial candidate generated from supplier row only. Requires independent verification before approval.,needs_verification,low_supplier_source_only,2026-09-15T23:52:40+00:00
MATCH-20260426-00455,SUP-20260426-00455,Byredo,Tobacco Mandarin,,supplier_source,339883-B,supplier_name_normalisation,0.45,Initial candidate generated from supplier row only. Requires independent verification before approval.,needs_verification,low_supplier_source_only,2026-09-15T23:52:40+00:00
MATCH-20260426-00456,SUP-20260426-00456,Byredo,Animalique,,supplier_source,FJSGTE45,supplier_name_normalisation,0.45,Initial candidate generated from supplier row only. Requires independent verification before approval.,needs_verification,low_supplier_source_only,2026-09-15T23:52:40+00:00
MATCH-20260426-00457,SUP-20260426-00457,Byredo,Rouge Chatique,,supplier_source,240121,supplier_name_normalisation,0.45,Initial candidate generated from supplier row only. Requires independent verification before approval.,needs_verification,low_supplier_source_only,2026-09-15T23:52:40+00:00
MATCH-20260426-00458,SUP-20260426-00458,Byredo,Gypsy Water,,supplier_source,338847,supplier_name_normalisation,0.62,Initial candidate generated from supplier row only. Requires independent verification before approval.,needs_verification,low_supplier_source_only,2026-09-15T23:52:40+00:00
MATCH-20260426-00459,SUP-20260426-00459,Byredo,Gypsy Water,,supplier_source,240642,supplier_name_normalisation,0.7,Initial candidate generated from supplier row only. Requires independent verification before approval.,needs_verification,low_supplier_source_only,2026-09-15T23:52:40+00:00
MATCH-20260426-00460,SUP-20260426-00460,Byredo,Black Saffron,,supplier_source,240395,supplier_name_normalisation,0.7,Initial candidate generated from supplier row only. Requires independent verification before approval.,needs_verification,low_supplier_source_only,2026-09-15T23:52:40+00:00
MATCH-20260426-00461,SUP-20260426-00461,Byredo,Sundazed,,supplier_source,261060,supplier_name_normalisation,0.62,Initial candidate generated from supplier row only. Requires independent verification before approval.,needs_verification,low_supplier_source_only,2026-09-15T23:52:40+00:00
MATCH-20260426-00462,SUP-20260426-00462,Byredo,Tabacco Mandarin,,supplier_source,339883,supplier_name_normalisation,0.62,Initial candidate generated from supplier row only. Requires independent verification before approval.,needs_verification,low_supplier_source_only,2026-09-15T23:52:40+00:00
MATCH-20260426-00463,SUP-20260426-00463,Byredo,Flowerhead,,supplier_source,240601,supplier_name_normalisation,0.7,Initial candidate generated from supplier row only. Requires independent verification before approval.,needs_verification,low_supplier_source_only,2026-09-15T23:52:40+00:00
MATCH-20260426-00464,SUP-20260426-00464,Byredo,Open Sky,,supplier_source,261088,supplier_name_normalisation,0.62,Initial candidate generated from supplier row only. Requires independent verification before approval.,needs_verification,low_supplier_source_only,2026-09-15T23:52:40+00:00
MATCH-20260426-00465,SUP-20260426-00465,Byredo,Blanche,,supplier_source,280100,supplier_name_normalisation,0.62,Initial candidate generated from supplier row only. Requires independent verification before approval.,needs_verification,low_supplier_source_only,2026-09-15T23:52:40+00:00
MATCH-20260426-00466,SUP-20260426-00466,Byredo,De Los Santos,,supplier_source,503947,supplier_name_normalisation,0.62,Initial candidate generated from supplier row only. Requires independent verification before approval.,needs_verification,low_supplier_source_only,2026-09-15T23:52:40+00:00
MATCH-20260426-00467,SUP-20260426-00467,Byredo,Bal D Afrique,,supplier_source,3000118,supplier_name_normalisation,0.7,Initial candidate generated from supplier row only. Requires independent verification before approval.,needs_verification,low_supplier_source_only,2026-09-15T23:52:40+00:00
MATCH-20260426-00468,SUP-20260426-00468,Byredo,Biblotique,,supplier_source,3000119,supplier_name_normalisation,0.7,Initial candidate generated from supplier row only. Requires independent verification before approval.,needs_verification,low_supplier_source_only,2026-09-15T23:52:40+00:00
MATCH-20260426-00469,SUP-20260426-00469,Byredo,Black Saffron Fr,,supplier_source,3000120,supplier_name_normalisation,0.7,Initial candidate generated from supplier row only. Requires independent verification before approval.,needs_verification,low_supplier_source_only,2026-09-15T23:52:40+00:00
MATCH-20260426-00470,SUP-20260426-00470,Byredo,Immortal OUD,,supplier_source,3000121,supplier_name_normalisation,0.7,Initial candidate generated from supplier row only. Requires independent verification before approval.,needs_verification,low_supplier_source_only,2026-09-15T23:52:40+00:00
MATCH-20260426-00471,SUP-20260426-00471,Byredo,De Los Santos,,supplier_source,459882JK,supplier_name_normalisation,0.7,Initial candidate generated from supplier row only. Requires independent verification before approval.,needs_verification,low_supplier_source_only,2026-09-15T23:52:40+00:00
MATCH-20260426-00472,SUP-20260426-00472,Byredo,Bois Obscur,,supplier_source,250297,supplier_name_normalisation,0.7,Initial candidate generated from supplier row only. Requires independent verification before approval.,needs_verification,low_supplier_source_only,2026-09-15T23:52:40+00:00
MATCH-20260426-00473,SUP-20260426-00473,Byredo,Mixed Emotions,,supplier_source,250153,supplier_name_normalisation,0.7,Initial candidate generated from supplier row only. Requires independent verification before approval.,needs_verification,low_supplier_source_only,2026-09-15T23:52:40+00:00
MATCH-20260426-00474,SUP-20260426-00474,Byredo,Bal D' Afrique,,supplier_source,233942,supplier_name_normalisation,0.62,Initial candidate generated from supplier row only. Requires independent verification before approval.,needs_verification,low_supplier_source_only,2026-09-15T23:52:40+00:00
MATCH-20260426-00475,SUP-20260426-00475,Byredo,Mojave Ghost,,supplier_source,240599,supplier_name_normalisation,0.7,Initial candidate generated from supplier row only. Requires independent verification before approval.,needs_verification,low_supplier_source_only,2026-09-15T23:52:40+00:00
MATCH-20260426-00476,SUP-20260426-00476,Byredo,Mojave Ghost,,supplier_source,260941,supplier_name_normalisation,0.62,Initial candidate generated from supplier row only. Requires independent verification before approval.,needs_verification,low_supplier_source_only,2026-09-15T23:52:40+00:00
MATCH-20260426-00477,SUP-20260426-00477,Byredo,Sellier,,supplier_source,261137,supplier_name_normalisation,0.62,Initial candidate generated from supplier row only. Requires independent verification before approval.,needs_verification,low_supplier_source_only,2026-09-15T23:52:40+00:00
MATCH-20260426-00478,SUP-20260426-00478,Byredo,Mumbai Noise,,supplier_source,702880-T,supplier_name_normalisation,0.62,Initial candidate generated from supplier row only. Requires independent verification before approval.,needs_verification,low_supplier_source_only,2026-09-15T23:52:40+00:00
MATCH-20260426-00479,SUP-20260426-00479,Byredo,Eyes Closed,,supplier_source,240591,supplier_name_normalisation,0.7,Initial candidate generated from supplier row only. Requires independent verification before approval.,needs_verification,low_supplier_source_only,2026-09-15T23:52:40+00:00
MATCH-20260426-00480,SUP-20260426-00480,Byredo,Bibliotheque,,supplier_source,580248,supplier_name_normalisation,0.62,Initial candidate generated from supplier row only. Requires independent verification before approval.,needs_verification,low_supplier_source_only,2026-09-15T23:52:40+00:00
MATCH-20260426-00481,SUP-20260426-00481,Byredo,Vanilla Antique,,supplier_source,240515,supplier_name_normalisation,0.7,Initial candidate generated from supplier row only. Requires independent verification before approval.,needs_verification,low_supplier_source_only,2026-09-15T23:52:40+00:00
MATCH-20260426-00482,SUP-20260426-00482,Byredo,Black Saffron,,supplier_source,3000123,supplier_name_normalisation,0.7,Initial candidate generated from supplier row only. Requires independent verification before approval.,needs_verification,low_supplier_source_only,2026-09-15T23:52:40+00:00
MATCH-20260426-00483,SUP-20260426-00483,Perfume Compounds,Ambraxon,,supplier_source,2794,supplier_name_normalisation,0.7,Initial candidate generated from supplier row only. Requires independent verification before approval.,needs_verification,low_supplier_source_only,2026-09-15T23:52:40+00:00
MATCH-20260426-00484,SUP-20260426-00484,Perfume Compounds,Habanolide,,supplier_source,2795,supplier_name_normalisation,0.7,Initial candidate generated from supplier row only. Requires independent verification before approval.,needs_verification,low_supplier_source_only,2026-09-15T23:52:40+00:00
MATCH-20260426-00485,SUP-20260426-00485,Perfume Compounds,Hedoine,,supplier_source,2796,supplier_name_normalisation,0.7,Initial candidate generated from supplier row only. Requires independent verification before approval.,needs_verification,low_supplier_source_only,2026-09-15T23:52:40+00:00
MATCH-20260426-00486,SUP-20260426-00486,Perfume Compounds,Benzoin,,supplier_source,2797,supplier_name_normalisation,0.7,Initial candidate generated from supplier row only. Requires independent verification before approval.,needs_verification,low_supplier_source_only,2026-09-15T23:52:40+00:00
MATCH-20260426-00487,SUP-20260426-00487,Perfume Compounds,Cashmeran,,supplier_source,2798,supplier_name_normalisation,0.7,Initial candidate generated from supplier row only. Requires independent verification before approval.,needs_verification,low_supplier_source_only,2026-09-15T23:52:40+00:00
MATCH-20260426-00488,SUP-20260426-00488,Perfume Compounds,Fixative,,supplier_source,2778,supplier_name_normalisation,0.45,Initial candidate generated from supplier row only. Requires independent verification before approval.,needs_verification,low_supplier_source_only,2026-09-15T23:52:40+00:00
MATCH-20260426-00489,SUP-20260426-00489,Perfume Compounds,Fixative,,supplier_source,2777,supplier_name_normalisation,0.45,Initial candidate generated from supplier row only. Requires independent verification before approval.,needs_verification,low_supplier_source_only,2026-09-15T23:52:40+00:00
MATCH-20260426-00490,SUP-20260426-00490,Perfume Compounds,Rose Milk,,supplier_source,240311,supplier_name_normalisation,0.7,Initial candidate generated from supplier row only. Requires independent verification before approval.,needs_verification,low_supplier_source_only,2026-09-15T23:52:40+00:00
MATCH-20260426-00491,SUP-20260426-00491,Perfume Colour,Apple Green,,supplier_source,CL2781,supplier_name_normalisation,0.7,Initial candidate generated from supplier row only. Requires independent verification before approval.,needs_verification,low_supplier_source_only,2026-09-15T23:52:40+00:00
MATCH-20260426-00492,SUP-20260426-00492,Perfume Colour,Green,,supplier_source,CL2782,supplier_name_normalisation,0.7,Initial candidate generated from supplier row only. Requires independent verification before approval.,needs_verification,low_supplier_source_only,2026-09-15T23:52:40+00:00
MATCH-20260426-00493,SUP-20260426-00493,Perfume Colour,Red,,supplier_source,CL2783,supplier_name_normalisation,0.7,Initial candidate generated from supplier row only. Requires independent verification before approval.,needs_verification,low_supplier_source_only,2026-09-15T23:52:40+00:00
MATCH-20260426-00494,SUP-20260426-00494,Perfume Colour,Blue,,supplier_source,CL2784,supplier_name_normalisation,0.7,Initial candidate generated from supplier row only. Requires independent verification before approval.,needs_verification,low_supplier_source_only,2026-09-15T23:52:40+00:00
MATCH-20260426-00495,SUP-20260426-00495,Perfume Colour,Pink,,supplier_source,CL2785,supplier_name_normalisation,0.7,Initial candidate generated from supplier row only. Requires independent verification before approval.,needs_verification,low_supplier_source_only,2026-09-15T23:52:40+00:00
MATCH-20260426-00496,SUP-20260426-00496,Perfume Colour,Purple,,supplier_source,CL2786,supplier_name_normalisation,0.7,Initial candidate generated from supplier row only. Requires independent verification before approval.,needs_verification,low_supplier_source_only,2026-09-15T23:52:40+00:00
MATCH-20260426-00497,SUP-20260426-00497,Perfume Colour,Orange,,supplier_source,CL2787,supplier_name_normalisation,0.7,Initial candidate generated from supplier row only. Requires independent verification before approval.,needs_verification,low_supplier_source_only,2026-09-15T23:52:40+00:00
MATCH-20260426-00498,SUP-20260426-00498,Perfume Colour,Yellow,,supplier_source,CL2788,supplier_name_normalisation,0.7,Initial candidate generated from supplier row only. Requires independent verification before approval.,needs_verification,low_supplier_source_only,2026-09-15T23:52:40+00:00
MATCH-20260426-00499,SUP-20260426-00499,Perfume Colour,Black,,supplier_source,CL2789,supplier_name_normalisation,0.7,Initial candidate generated from supplier row only. Requires independent verification before approval.,needs_verification,low_supplier_source_only,2026-09-15T23:52:40+00:00
MATCH-20260426-00500,SUP-20260426-00500,Perfume Colour,Brown,,supplier_source,CL2790,supplier_name_normalisation,0.7,Initial candidate generated from supplier row only. Requires independent verification before approval.,needs_verification,low_supplier_source_only,2026-09-15T23:52:40+00:00
MATCH-20260426-00501,SUP-20260426-00501,Perfume Colour,Golden Brown,,supplier_source,CL2791,supplier_name_normalisation,0.7,Initial candidate generated from supplier row only. Requires independent verification before approval.,needs_verification,low_supplier_source_only,2026-09-15T23:52:40+00:00
MATCH-20260426-00502,SUP-20260426-00502,Perfume Colour,Aqua /ferozi,,supplier_source,CL2792,supplier_name_normalisation,0.7,Initial candidate generated from supplier row only. Requires independent verification before approval.,needs_verification,low_supplier_source_only,2026-09-15T23:52:40+00:00
MATCH-20260426-00503,SUP-20260426-00503,Perfume Colour,Maron,,supplier_source,CL2793,supplier_name_normalisation,0.7,Initial candidate generated from supplier row only. Requires independent verification before approval.,needs_verification,low_supplier_source_only,2026-09-15T23:52:40+00:00
MATCH-20260426-00504,SUP-20260426-00504,Caron,Tabac Excuis,,supplier_source,250334,supplier_name_normalisation,0.7,Initial candidate generated from supplier row only. Requires independent verification before approval.,needs_verification,low_supplier_source_only,2026-09-15T23:52:40+00:00
MATCH-20260426-00505,SUP-20260426-00505,Cacharel,Amor Amor,,supplier_source,3000124,supplier_name_normalisation,0.7,Initial candidate generated from supplier row only. Requires independent verification before approval.,needs_verification,low_supplier_source_only,2026-09-15T23:52:40+00:00
MATCH-20260426-00506,SUP-20260426-00506,Cacharel,Yes I Am Fabulous,,supplier_source,3000125,supplier_name_normalisation,0.7,Initial candidate generated from supplier row only. Requires independent verification before approval.,needs_verification,low_supplier_source_only,2026-09-15T23:52:40+00:00
MATCH-20260426-00507,SUP-20260426-00507,Celine,Black Tie,,supplier_source,250119,supplier_name_normalisation,0.7,Initial candidate generated from supplier row only. Requires independent verification before approval.,needs_verification,low_supplier_source_only,2026-09-15T23:52:40+00:00
MATCH-20260426-00508,SUP-20260426-00508,Calvin Klein,Eternity Man,,supplier_source,250137,supplier_name_normalisation,0.7,Initial candidate generated from supplier row only. Requires independent verification before approval.,needs_verification,low_supplier_source_only,2026-09-15T23:52:40+00:00
MATCH-20260426-00509,SUP-20260426-00509,Calvin Klein,Women,,supplier_source,240638,supplier_name_normalisation,0.7,Initial candidate generated from supplier row only. Requires independent verification before approval.,needs_verification,low_supplier_source_only,2026-09-15T23:52:40+00:00
MATCH-20260426-00510,SUP-20260426-00510,Calvin Klein,Escape,,supplier_source,931569-G,supplier_name_normalisation,0.62,Initial candidate generated from supplier row only. Requires independent verification before approval.,needs_verification,low_supplier_source_only,2026-09-15T23:52:40+00:00
MATCH-20260426-00511,SUP-20260426-00511,Calvin Klein,C.k Beauty,,supplier_source,3000126,supplier_name_normalisation,0.7,Initial candidate generated from supplier row only. Requires independent verification before approval.,needs_verification,low_supplier_source_only,2026-09-15T23:52:40+00:00
MATCH-20260426-00512,SUP-20260426-00512,Calvin Klein,Ck One,,supplier_source,250154,supplier_name_normalisation,0.7,Initial candidate generated from supplier row only. Requires independent verification before approval.,needs_verification,low_supplier_source_only,2026-09-15T23:52:40+00:00
MATCH-20260426-00513,SUP-20260426-00513,Calvin Klein,Ck One,,supplier_source,250083,supplier_name_normalisation,0.7,Initial candidate generated from supplier row only. Requires independent verification before approval.,needs_verification,low_supplier_source_only,2026-09-15T23:52:40+00:00
MATCH-20260426-00514,SUP-20260426-00514,Calvin Klein,Deep Euphoria,,supplier_source,3000128,supplier_name_normalisation,0.7,Initial candidate generated from supplier row only. Requires independent verification before approval.,needs_verification,low_supplier_source_only,2026-09-15T23:52:40+00:00
MATCH-20260426-00515,SUP-20260426-00515,Calvin Klein,Escape Woman,,supplier_source,3000129,supplier_name_normalisation,0.7,Initial candidate generated from supplier row only. Requires independent verification before approval.,needs_verification,low_supplier_source_only,2026-09-15T23:52:40+00:00
MATCH-20260426-00516,SUP-20260426-00516,Calvin Klein,Eternity Air Men,,supplier_source,3000130,supplier_name_normalisation,0.7,Initial candidate generated from supplier row only. Requires independent verification before approval.,needs_verification,low_supplier_source_only,2026-09-15T23:52:40+00:00
MATCH-20260426-00517,SUP-20260426-00517,Calvin Klein,Eternity Air Woman,,supplier_source,3000131,supplier_name_normalisation,0.7,Initial candidate generated from supplier row only. Requires independent verification before approval.,needs_verification,low_supplier_source_only,2026-09-15T23:52:40+00:00
MATCH-20260426-00518,SUP-20260426-00518,Calvin Klein,Eternity Flame,,supplier_source,3000132,supplier_name_normalisation,0.7,Initial candidate generated from supplier row only. Requires independent verification before approval.,needs_verification,low_supplier_source_only,2026-09-15T23:52:40+00:00
MATCH-20260426-00519,SUP-20260426-00519,Calvin Klein,Eternity Man,,supplier_source,3000133,supplier_name_normalisation,0.7,Initial candidate generated from supplier row only. Requires independent verification before approval.,needs_verification,low_supplier_source_only,2026-09-15T23:52:40+00:00
MATCH-20260426-00520,SUP-20260426-00520,Calvin Klein,Eternity Woman,,supplier_source,3000134,supplier_name_normalisation,0.7,Initial candidate generated from supplier row only. Requires independent verification before approval.,needs_verification,low_supplier_source_only,2026-09-15T23:52:40+00:00
MATCH-20260426-00521,SUP-20260426-00521,Calvin Klein,Euphoria Forbidden Woman,,supplier_source,3000135,supplier_name_normalisation,0.7,Initial candidate generated from supplier row only. Requires independent verification before approval.,needs_verification,low_supplier_source_only,2026-09-15T23:52:40+00:00
MATCH-20260426-00522,SUP-20260426-00522,Calvin Klein,Euphoria Pure Gold Men,,supplier_source,3000136,supplier_name_normalisation,0.7,Initial candidate generated from supplier row only. Requires independent verification before approval.,needs_verification,low_supplier_source_only,2026-09-15T23:52:40+00:00
MATCH-20260426-00523,SUP-20260426-00523,Calvin Klein,Euphoria Pure Gold Woman,,supplier_source,3000137,supplier_name_normalisation,0.7,Initial candidate generated from supplier row only. Requires independent verification before approval.,needs_verification,low_supplier_source_only,2026-09-15T23:52:40+00:00
MATCH-20260426-00524,SUP-20260426-00524,Calvin Klein,Euphoria Woman,,supplier_source,3000138,supplier_name_normalisation,0.7,Initial candidate generated from supplier row only. Requires independent verification before approval.,needs_verification,low_supplier_source_only,2026-09-15T23:52:40+00:00
MATCH-20260426-00525,SUP-20260426-00525,Canali,Canali Dal 1934,,supplier_source,239200-T,supplier_name_normalisation,0.62,Initial candidate generated from supplier row only. Requires independent verification before approval.,needs_verification,low_supplier_source_only,2026-09-15T23:52:40+00:00
MATCH-20260426-00526,SUP-20260426-00526,Carner,Black Calamus,,supplier_source,3000139,supplier_name_normalisation,0.7,Initial candidate generated from supplier row only. Requires independent verification before approval.,needs_verification,low_supplier_source_only,2026-09-15T23:52:40+00:00
MATCH-20260426-00527,SUP-20260426-00527,Carner,Volcano,,supplier_source,3000140,supplier_name_normalisation,0.7,Initial candidate generated from supplier row only. Requires independent verification before approval.,needs_verification,low_supplier_source_only,2026-09-15T23:52:40+00:00
MATCH-20260426-00528,SUP-20260426-00528,Carolina Herrera,Cedar Chic,,supplier_source,250348,supplier_name_normalisation,0.7,Initial candidate generated from supplier row only. Requires independent verification before approval.,needs_verification,low_supplier_source_only,2026-09-15T23:52:40+00:00
MATCH-20260426-00529,SUP-20260426-00529,Carolina Herrera,Bad Boy Elixir,,supplier_source,250118,supplier_name_normalisation,0.7,Initial candidate generated from supplier row only. Requires independent verification before approval.,needs_verification,low_supplier_source_only,2026-09-15T23:52:40+00:00
MATCH-20260426-00530,SUP-20260426-00530,Carolina Herrera,La Bomba,,supplier_source,250117,supplier_name_normalisation,0.7,Initial candidate generated from supplier row only. Requires independent verification before approval.,needs_verification,low_supplier_source_only,2026-09-15T23:52:40+00:00
MATCH-20260426-00531,SUP-20260426-00531,Carolina Herrera,Stallion Leather Suede,,supplier_source,250051,supplier_name_normalisation,0.7,Initial candidate generated from supplier row only. Requires independent verification before approval.,needs_verification,low_supplier_source_only,2026-09-15T23:52:40+00:00
MATCH-20260426-00532,SUP-20260426-00532,Carolina Herrera,Very Good Girl Elixir,,supplier_source,240962,supplier_name_normalisation,0.7,Initial candidate generated from supplier row only. Requires independent verification before approval.,needs_verification,low_supplier_source_only,2026-09-15T23:52:40+00:00
MATCH-20260426-00533,SUP-20260426-00533,Carolina Herrera,Good Girl Sparkling Ice,,supplier_source,240936,supplier_name_normalisation,0.7,Initial candidate generated from supplier row only. Requires independent verification before approval.,needs_verification,low_supplier_source_only,2026-09-15T23:52:40+00:00
MATCH-20260426-00534,SUP-20260426-00534,Carolina Herrera,Good Girl Supreme,,supplier_source,240922,supplier_name_normalisation,0.7,Initial candidate generated from supplier row only. Requires independent verification before approval.,needs_verification,low_supplier_source_only,2026-09-15T23:52:40+00:00
MATCH-20260426-00535,SUP-20260426-00535,Carolina Herrera,Bad Boy Cobalt Elixir,,supplier_source,240756,supplier_name_normalisation,0.7,Initial candidate generated from supplier row only. Requires independent verification before approval.,needs_verification,low_supplier_source_only,2026-09-15T23:52:40+00:00
MATCH-20260426-00536,SUP-20260426-00536,Carolina Herrera,212 VIP Black,,supplier_source,240704,supplier_name_normalisation,0.7,Initial candidate generated from supplier row only. Requires independent verification before approval.,needs_verification,low_supplier_source_only,2026-09-15T23:52:40+00:00
MATCH-20260426-00537,SUP-20260426-00537,Carolina Herrera,Birds Of Paradise For Her,,supplier_source,240677,supplier_name_normalisation,0.7,Initial candidate generated from supplier row only. Requires independent verification before approval.,needs_verification,low_supplier_source_only,2026-09-15T23:52:40+00:00
MATCH-20260426-00538,SUP-20260426-00538,Carolina Herrera,Good Girl Blush Elixir,,supplier_source,240359,supplier_name_normalisation,0.7,Initial candidate generated from supplier row only. Requires independent verification before approval.,needs_verification,low_supplier_source_only,2026-09-15T23:52:40+00:00
MATCH-20260426-00539,SUP-20260426-00539,Carolina Herrera,Good Girl Blush,,supplier_source,240162,supplier_name_normalisation,0.7,Initial candidate generated from supplier row only. Requires independent verification before approval.,needs_verification,low_supplier_source_only,2026-09-15T23:52:40+00:00
MATCH-20260426-00540,SUP-20260426-00540,Carolina Herrera,212 Men Ice,,supplier_source,345210-B,supplier_name_normalisation,0.62,Initial candidate generated from supplier row only. Requires independent verification before approval.,needs_verification,low_supplier_source_only,2026-09-15T23:52:40+00:00
MATCH-20260426-00541,SUP-20260426-00541,Carolina Herrera,Stallion Leather,,supplier_source,261248,supplier_name_normalisation,0.62,Initial candidate generated from supplier row only. Requires independent verification before approval.,needs_verification,low_supplier_source_only,2026-09-15T23:52:40+00:00
MATCH-20260426-00542,SUP-20260426-00542,Carolina Herrera,212 VIP Men,,supplier_source,240179,supplier_name_normalisation,0.7,Initial candidate generated from supplier row only. Requires independent verification before approval.,needs_verification,low_supplier_source_only,2026-09-15T23:52:40+00:00
MATCH-20260426-00543,SUP-20260426-00543,Carolina Herrera,Good Girl,,supplier_source,250187,supplier_name_normalisation,0.7,Initial candidate generated from supplier row only. Requires independent verification before approval.,needs_verification,low_supplier_source_only,2026-09-15T23:52:40+00:00
MATCH-20260426-00544,SUP-20260426-00544,Carolina Herrera,Very Good Girl,,supplier_source,240596,supplier_name_normalisation,0.7,Initial candidate generated from supplier row only. Requires independent verification before approval.,needs_verification,low_supplier_source_only,2026-09-15T23:52:40+00:00
MATCH-20260426-00545,SUP-20260426-00545,Carolina Herrera,Saffron Lazuli,,supplier_source,353950-B,supplier_name_normalisation,0.62,Initial candidate generated from supplier row only. Requires independent verification before approval.,needs_verification,low_supplier_source_only,2026-09-15T23:52:40+00:00
MATCH-20260426-00546,SUP-20260426-00546,Carolina Herrera,212 Heroes,,supplier_source,336022,supplier_name_normalisation,0.62,Initial candidate generated from supplier row only. Requires independent verification before approval.,needs_verification,low_supplier_source_only,2026-09-15T23:52:40+00:00
MATCH-20260426-00547,SUP-20260426-00547,Carolina Herrera,212 Man,,supplier_source,240808,supplier_name_normalisation,0.7,Initial candidate generated from supplier row only. Requires independent verification before approval.,needs_verification,low_supplier_source_only,2026-09-15T23:52:40+00:00
MATCH-20260426-00548,SUP-20260426-00548,Carolina Herrera,212 VIP Rose Love Ny,,supplier_source,154589,supplier_name_normalisation,0.62,Initial candidate generated from supplier row only. Requires independent verification before approval.,needs_verification,low_supplier_source_only,2026-09-15T23:52:40+00:00
MATCH-20260426-00549,SUP-20260426-00549,Carolina Herrera,Chic For Men,,supplier_source,240028,supplier_name_normalisation,0.7,Initial candidate generated from supplier row only. Requires independent verification before approval.,needs_verification,low_supplier_source_only,2026-09-15T23:52:40+00:00
MATCH-20260426-00550,SUP-20260426-00550,Carolina Herrera,212 Man,,supplier_source,3000141,supplier_name_normalisation,0.7,Initial candidate generated from supplier row only. Requires independent verification before approval.,needs_verification,low_supplier_source_only,2026-09-15T23:52:40+00:00
MATCH-20260426-00551,SUP-20260426-00551,Carolina Herrera,212 Men Acqua,,supplier_source,3000142,supplier_name_normalisation,0.7,Initial candidate generated from supplier row only. Requires independent verification before approval.,needs_verification,low_supplier_source_only,2026-09-15T23:52:40+00:00
MATCH-20260426-00552,SUP-20260426-00552,Carolina Herrera,212 Sexy Man,,supplier_source,3000143,supplier_name_normalisation,0.7,Initial candidate generated from supplier row only. Requires independent verification before approval.,needs_verification,low_supplier_source_only,2026-09-15T23:52:40+00:00
MATCH-20260426-00553,SUP-20260426-00553,Carolina Herrera,212 Sexy Woman,,supplier_source,3000144,supplier_name_normalisation,0.7,Initial candidate generated from supplier row only. Requires independent verification before approval.,needs_verification,low_supplier_source_only,2026-09-15T23:52:40+00:00
MATCH-20260426-00554,SUP-20260426-00554,Carolina Herrera,212 VIP Club,,supplier_source,3000145,supplier_name_normalisation,0.7,Initial candidate generated from supplier row only. Requires independent verification before approval.,needs_verification,low_supplier_source_only,2026-09-15T23:52:40+00:00
MATCH-20260426-00555,SUP-20260426-00555,Carolina Herrera,212 VIP Red Rose,,supplier_source,3000146,supplier_name_normalisation,0.7,Initial candidate generated from supplier row only. Requires independent verification before approval.,needs_verification,low_supplier_source_only,2026-09-15T23:52:40+00:00
MATCH-20260426-00556,SUP-20260426-00556,Carolina Herrera,212 VIP Rose,,supplier_source,3000147,supplier_name_normalisation,0.7,Initial candidate generated from supplier row only. Requires independent verification before approval.,needs_verification,low_supplier_source_only,2026-09-15T23:52:40+00:00
MATCH-20260426-00557,SUP-20260426-00557,Carolina Herrera,Bad Boy,,supplier_source,240388,supplier_name_normalisation,0.7,Initial candidate generated from supplier row only. Requires independent verification before approval.,needs_verification,low_supplier_source_only,2026-09-15T23:52:40+00:00
MATCH-20260426-00558,SUP-20260426-00558,Carolina Herrera,Burning Rose,,supplier_source,3000148,supplier_name_normalisation,0.7,Initial candidate generated from supplier row only. Requires independent verification before approval.,needs_verification,low_supplier_source_only,2026-09-15T23:52:40+00:00
MATCH-20260426-00559,SUP-20260426-00559,Carolina Herrera,Ch Ch Man,,supplier_source,3000149,supplier_name_normalisation,0.7,Initial candidate generated from supplier row only. Requires independent verification before approval.,needs_verification,low_supplier_source_only,2026-09-15T23:52:40+00:00
MATCH-20260426-00560,SUP-20260426-00560,Carolina Herrera,Ch Ch Woman,,supplier_source,3000150,supplier_name_normalisation,0.7,Initial candidate generated from supplier row only. Requires independent verification before approval.,needs_verification,low_supplier_source_only,2026-09-15T23:52:40+00:00
MATCH-20260426-00561,SUP-20260426-00561,Carolina Herrera,Good Girl,,supplier_source,240964,supplier_name_normalisation,0.7,Initial candidate generated from supplier row only. Requires independent verification before approval.,needs_verification,low_supplier_source_only,2026-09-15T23:52:40+00:00
MATCH-20260426-00562,SUP-20260426-00562,Carolina Herrera,Mystery Tobacco,,supplier_source,3000153,supplier_name_normalisation,0.7,Initial candidate generated from supplier row only. Requires independent verification before approval.,needs_verification,low_supplier_source_only,2026-09-15T23:52:40+00:00
MATCH-20260426-00563,SUP-20260426-00563,Carolina Herrera,OUD Couture,,supplier_source,3000154,supplier_name_normalisation,0.7,Initial candidate generated from supplier row only. Requires independent verification before approval.,needs_verification,low_supplier_source_only,2026-09-15T23:52:40+00:00
MATCH-20260426-00564,SUP-20260426-00564,Carolina Herrera,Very Good Girl,,supplier_source,3000155,supplier_name_normalisation,0.7,Initial candidate generated from supplier row only. Requires independent verification before approval.,needs_verification,low_supplier_source_only,2026-09-15T23:52:40+00:00
MATCH-20260426-00565,SUP-20260426-00565,Carolina Herrera,Saffron Lazuli,,supplier_source,3000156,supplier_name_normalisation,0.7,Initial candidate generated from supplier row only. Requires independent verification before approval.,needs_verification,low_supplier_source_only,2026-09-15T23:52:40+00:00
MATCH-20260426-00566,SUP-20260426-00566,Carolina Herrera,212 Men Heroes Forever,,supplier_source,3000157,supplier_name_normalisation,0.7,Initial candidate generated from supplier row only. Requires independent verification before approval.,needs_verification,low_supplier_source_only,2026-09-15T23:52:40+00:00
MATCH-20260426-00567,SUP-20260426-00567,Carolina Herrera,Good Girl Midnight,,supplier_source,3000158,supplier_name_normalisation,0.7,Initial candidate generated from supplier row only. Requires independent verification before approval.,needs_verification,low_supplier_source_only,2026-09-15T23:52:40+00:00
MATCH-20260426-00568,SUP-20260426-00568,Cartier,Pasha De Cartier,,supplier_source,250182,supplier_name_normalisation,0.7,Initial candidate generated from supplier row only. Requires independent verification before approval.,needs_verification,low_supplier_source_only,2026-09-15T23:52:40+00:00
MATCH-20260426-00569,SUP-20260426-00569,Cartier,La Panthere,,supplier_source,240396,supplier_name_normalisation,0.7,Initial candidate generated from supplier row only. Requires independent verification before approval.,needs_verification,low_supplier_source_only,2026-09-15T23:52:40+00:00
MATCH-20260426-00570,SUP-20260426-00570,Cartier,La Panthere,,supplier_source,501901,supplier_name_normalisation,0.62,Initial candidate generated from supplier row only. Requires independent verification before approval.,needs_verification,low_supplier_source_only,2026-09-15T23:52:40+00:00
MATCH-20260426-00571,SUP-20260426-00571,Cartier,Must De Cartier Gold,,supplier_source,503556,supplier_name_normalisation,0.62,Initial candidate generated from supplier row only. Requires independent verification before approval.,needs_verification,low_supplier_source_only,2026-09-15T23:52:40+00:00
MATCH-20260426-00572,SUP-20260426-00572,Cartier,Declaration,,supplier_source,234710,supplier_name_normalisation,0.62,Initial candidate generated from supplier row only. Requires independent verification before approval.,needs_verification,low_supplier_source_only,2026-09-15T23:52:40+00:00
MATCH-20260426-00573,SUP-20260426-00573,Cartier,Cartier Pasha,,supplier_source,3000159,supplier_name_normalisation,0.7,Initial candidate generated from supplier row only. Requires independent verification before approval.,needs_verification,low_supplier_source_only,2026-09-15T23:52:40+00:00
MATCH-20260426-00574,SUP-20260426-00574,Cartier,Cartier Roadster Man,,supplier_source,3000160,supplier_name_normalisation,0.7,Initial candidate generated from supplier row only. Requires independent verification before approval.,needs_verification,low_supplier_source_only,2026-09-15T23:52:40+00:00
MATCH-20260426-00575,SUP-20260426-00575,Cartier,Declaration,,supplier_source,3000161,supplier_name_normalisation,0.7,Initial candidate generated from supplier row only. Requires independent verification before approval.,needs_verification,low_supplier_source_only,2026-09-15T23:52:40+00:00
MATCH-20260426-00576,SUP-20260426-00576,Cassamorati,1888,,supplier_source,701293,supplier_name_normalisation,0.62,Initial candidate generated from supplier row only. Requires independent verification before approval.,needs_verification,low_supplier_source_only,2026-09-15T23:52:40+00:00
MATCH-20260426-00577,SUP-20260426-00577,Cassamorati,Dama Bianca,,supplier_source,503860,supplier_name_normalisation,0.62,Initial candidate generated from supplier row only. Requires independent verification before approval.,needs_verification,low_supplier_source_only,2026-09-15T23:52:40+00:00
MATCH-20260426-00578,SUP-20260426-00578,Cassamorati,Fiore D Ulivo,,supplier_source,462059 T,supplier_name_normalisation,0.62,Initial candidate generated from supplier row only. Requires independent verification before approval.,needs_verification,low_supplier_source_only,2026-09-15T23:52:40+00:00
MATCH-20260426-00579,SUP-20260426-00579,Cassamorati,Gran Ballo,,supplier_source,693275,supplier_name_normalisation,0.62,Initial candidate generated from supplier row only. Requires independent verification before approval.,needs_verification,low_supplier_source_only,2026-09-15T23:52:40+00:00
MATCH-20260426-00580,SUP-20260426-00580,Cassamorati,Regio,,supplier_source,343891,supplier_name_normalisation,0.62,Initial candidate generated from supplier row only. Requires independent verification before approval.,needs_verification,low_supplier_source_only,2026-09-15T23:52:40+00:00
MATCH-20260426-00581,SUP-20260426-00581,Cedarwood Super,Cedarwood,,supplier_source,3000162,supplier_name_normalisation,0.7,Initial candidate generated from supplier row only. Requires independent verification before approval.,needs_verification,low_supplier_source_only,2026-09-15T23:52:40+00:00
MATCH-20260426-00582,SUP-20260426-00582,Chanel,Gabrielle EDP 2017,,supplier_source,250450,supplier_name_normalisation,0.7,Initial candidate generated from supplier row only. Requires independent verification before approval.,needs_verification,low_supplier_source_only,2026-09-15T23:52:40+00:00
MATCH-20260426-00583,SUP-20260426-00583,Chanel,Coco Mademoisell Fragrance Premier 2025,,supplier_source,250390,supplier_name_normalisation,0.7,Initial candidate generated from supplier row only. Requires independent verification before approval.,needs_verification,low_supplier_source_only,2026-09-15T23:52:40+00:00
MATCH-20260426-00584,SUP-20260426-00584,Chanel,Blue De Chanel Lexclusif,,supplier_source,250200,supplier_name_normalisation,0.7,Initial candidate generated from supplier row only. Requires independent verification before approval.,needs_verification,low_supplier_source_only,2026-09-15T23:52:40+00:00
MATCH-20260426-00585,SUP-20260426-00585,Chanel,Blue De Chanel Lexclusif,,supplier_source,250227,supplier_name_normalisation,0.7,Initial candidate generated from supplier row only. Requires independent verification before approval.,needs_verification,low_supplier_source_only,2026-09-15T23:52:40+00:00
MATCH-20260426-00586,SUP-20260426-00586,Chanel,Chance Eau Splendide,,supplier_source,240988,supplier_name_normalisation,0.7,Initial candidate generated from supplier row only. Requires independent verification before approval.,needs_verification,low_supplier_source_only,2026-09-15T23:52:40+00:00
MATCH-20260426-00587,SUP-20260426-00587,Chanel,Sycomore Perfume,,supplier_source,240924,supplier_name_normalisation,0.7,Initial candidate generated from supplier row only. Requires independent verification before approval.,needs_verification,low_supplier_source_only,2026-09-15T23:52:40+00:00
MATCH-20260426-00588,SUP-20260426-00588,Chanel,Sycomore,,supplier_source,240902,supplier_name_normalisation,0.7,Initial candidate generated from supplier row only. Requires independent verification before approval.,needs_verification,low_supplier_source_only,2026-09-15T23:52:40+00:00
MATCH-20260426-00589,SUP-20260426-00589,Chanel,Allure Home Sport Superleggera,,supplier_source,240580,supplier_name_normalisation,0.7,Initial candidate generated from supplier row only. Requires independent verification before approval.,needs_verification,low_supplier_source_only,2026-09-15T23:52:40+00:00
MATCH-20260426-00590,SUP-20260426-00590,Chanel,Comete,,supplier_source,240505,supplier_name_normalisation,0.7,Initial candidate generated from supplier row only. Requires independent verification before approval.,needs_verification,low_supplier_source_only,2026-09-15T23:52:40+00:00
MATCH-20260426-00591,SUP-20260426-00591,Chanel,Coromandel EDP,,supplier_source,240363,supplier_name_normalisation,0.7,Initial candidate generated from supplier row only. Requires independent verification before approval.,needs_verification,low_supplier_source_only,2026-09-15T23:52:40+00:00
MATCH-20260426-00592,SUP-20260426-00592,Chanel,Coco Noir,,supplier_source,240389,supplier_name_normalisation,0.7,Initial candidate generated from supplier row only. Requires independent verification before approval.,needs_verification,low_supplier_source_only,2026-09-15T23:52:40+00:00
MATCH-20260426-00593,SUP-20260426-00593,Chanel,Allure Homme Edition Blanche,,supplier_source,240290,supplier_name_normalisation,0.7,Initial candidate generated from supplier row only. Requires independent verification before approval.,needs_verification,low_supplier_source_only,2026-09-15T23:52:40+00:00
MATCH-20260426-00594,SUP-20260426-00594,Chanel,Blue De Chanel,,supplier_source,240536,supplier_name_normalisation,0.7,Initial candidate generated from supplier row only. Requires independent verification before approval.,needs_verification,low_supplier_source_only,2026-09-15T23:52:40+00:00
MATCH-20260426-00595,SUP-20260426-00595,Chanel,Blue De Chanel,,supplier_source,239280-T,supplier_name_normalisation,0.62,Initial candidate generated from supplier row only. Requires independent verification before approval.,needs_verification,low_supplier_source_only,2026-09-15T23:52:40+00:00
MATCH-20260426-00596,SUP-20260426-00596,Chanel,Blue De Chanel,,supplier_source,239280,supplier_name_normalisation,0.62,Initial candidate generated from supplier row only. Requires independent verification before approval.,needs_verification,low_supplier_source_only,2026-09-15T23:52:40+00:00
MATCH-20260426-00597,SUP-20260426-00597,Chanel,Blue De Chanel,,supplier_source,250492,supplier_name_normalisation,0.7,Initial candidate generated from supplier row only. Requires independent verification before approval.,needs_verification,low_supplier_source_only,2026-09-15T23:52:40+00:00
MATCH-20260426-00598,SUP-20260426-00598,Chanel,Blue De Chanel,,supplier_source,239280-Z,supplier_name_normalisation,0.62,Initial candidate generated from supplier row only. Requires independent verification before approval.,needs_verification,low_supplier_source_only,2026-09-15T23:52:40+00:00
MATCH-20260426-00599,SUP-20260426-00599,Chanel,Chanel No 5,,supplier_source,343251-C,supplier_name_normalisation,0.62,Initial candidate generated from supplier row only. Requires independent verification before approval.,needs_verification,low_supplier_source_only,2026-09-15T23:52:40+00:00
MATCH-20260426-00600,SUP-20260426-00600,Chanel,Chanel 1957,,supplier_source,233708,supplier_name_normalisation,0.62,Initial candidate generated from supplier row only. Requires independent verification before approval.,needs_verification,low_supplier_source_only,2026-09-15T23:52:40+00:00
MATCH-20260426-00601,SUP-20260426-00601,Chanel,Chanel Allure Home Sport LZ,,supplier_source,606203,supplier_name_normalisation,0.62,Initial candidate generated from supplier row only. Requires independent verification before approval.,needs_verification,low_supplier_source_only,2026-09-15T23:52:40+00:00
MATCH-20260426-00602,SUP-20260426-00602,Chanel,Chanel Chance,,supplier_source,240545,supplier_name_normalisation,0.7,Initial candidate generated from supplier row only. Requires independent verification before approval.,needs_verification,low_supplier_source_only,2026-09-15T23:52:40+00:00
MATCH-20260426-00603,SUP-20260426-00603,Chanel,Chanel Chance,,supplier_source,355450-A,supplier_name_normalisation,0.62,Initial candidate generated from supplier row only. Requires independent verification before approval.,needs_verification,low_supplier_source_only,2026-09-15T23:52:40+00:00
MATCH-20260426-00604,SUP-20260426-00604,Chanel,Chanel No : 19,,supplier_source,507839,supplier_name_normalisation,0.62,Initial candidate generated from supplier row only. Requires independent verification before approval.,needs_verification,low_supplier_source_only,2026-09-15T23:52:40+00:00
MATCH-20260426-00605,SUP-20260426-00605,Chanel,Coco Mademoiselle,,supplier_source,240374,supplier_name_normalisation,0.7,Initial candidate generated from supplier row only. Requires independent verification before approval.,needs_verification,low_supplier_source_only,2026-09-15T23:52:40+00:00
MATCH-20260426-00606,SUP-20260426-00606,Chanel,Coco Mademoiselle,,supplier_source,234740,supplier_name_normalisation,0.62,Initial candidate generated from supplier row only. Requires independent verification before approval.,needs_verification,low_supplier_source_only,2026-09-15T23:52:40+00:00
MATCH-20260426-00607,SUP-20260426-00607,Chanel,1957 Chanel,,supplier_source,233708-B,supplier_name_normalisation,0.62,Initial candidate generated from supplier row only. Requires independent verification before approval.,needs_verification,low_supplier_source_only,2026-09-15T23:52:40+00:00
MATCH-20260426-00608,SUP-20260426-00608,Chanel,Les Exclusive Coromandel,,supplier_source,342250,supplier_name_normalisation,0.62,Initial candidate generated from supplier row only. Requires independent verification before approval.,needs_verification,low_supplier_source_only,2026-09-15T23:52:40+00:00
MATCH-20260426-00609,SUP-20260426-00609,Chanel,Paris-deauville,,supplier_source,260960,supplier_name_normalisation,0.62,Initial candidate generated from supplier row only. Requires independent verification before approval.,needs_verification,low_supplier_source_only,2026-09-15T23:52:40+00:00
MATCH-20260426-00610,SUP-20260426-00610,Chanel,Egoiste Platinum LZ,,supplier_source,605643-A,supplier_name_normalisation,0.62,Initial candidate generated from supplier row only. Requires independent verification before approval.,needs_verification,low_supplier_source_only,2026-09-15T23:52:40+00:00
MATCH-20260426-00611,SUP-20260426-00611,Chanel,Egoiste Platinum LZ,,supplier_source,605643-B,supplier_name_normalisation,0.62,Initial candidate generated from supplier row only. Requires independent verification before approval.,needs_verification,low_supplier_source_only,2026-09-15T23:52:40+00:00
MATCH-20260426-00612,SUP-20260426-00612,Chanel,Chance Eau Fraiche,,supplier_source,237281,supplier_name_normalisation,0.62,Initial candidate generated from supplier row only. Requires independent verification before approval.,needs_verification,low_supplier_source_only,2026-09-15T23:52:40+00:00
MATCH-20260426-00613,SUP-20260426-00613,Chanel,Chance Eau Tender,,supplier_source,240376,supplier_name_normalisation,0.7,Initial candidate generated from supplier row only. Requires independent verification before approval.,needs_verification,low_supplier_source_only,2026-09-15T23:52:40+00:00
MATCH-20260426-00614,SUP-20260426-00614,Chanel,Chance Eau Tender LZ,,supplier_source,230762-A,supplier_name_normalisation,0.62,Initial candidate generated from supplier row only. Requires independent verification before approval.,needs_verification,low_supplier_source_only,2026-09-15T23:52:40+00:00
MATCH-20260426-00615,SUP-20260426-00615,Chanel,Gabrielle Parfum,,supplier_source,233154,supplier_name_normalisation,0.62,Initial candidate generated from supplier row only. Requires independent verification before approval.,needs_verification,low_supplier_source_only,2026-09-15T23:52:40+00:00
MATCH-20260426-00616,SUP-20260426-00616,Chanel,Paris-paris,,supplier_source,240518,supplier_name_normalisation,0.7,Initial candidate generated from supplier row only. Requires independent verification before approval.,needs_verification,low_supplier_source_only,2026-09-15T23:52:40+00:00
MATCH-20260426-00617,SUP-20260426-00617,Chanel,Coco,,supplier_source,240397,supplier_name_normalisation,0.7,Initial candidate generated from supplier row only. Requires independent verification before approval.,needs_verification,low_supplier_source_only,2026-09-15T23:52:40+00:00
MATCH-20260426-00618,SUP-20260426-00618,Chanel,Chanel No 5,,supplier_source,693250,supplier_name_normalisation,0.62,Initial candidate generated from supplier row only. Requires independent verification before approval.,needs_verification,low_supplier_source_only,2026-09-15T23:52:40+00:00
MATCH-20260426-00619,SUP-20260426-00619,Chanel,Allure Home Sport,,supplier_source,240094,supplier_name_normalisation,0.7,Initial candidate generated from supplier row only. Requires independent verification before approval.,needs_verification,low_supplier_source_only,2026-09-15T23:52:40+00:00
MATCH-20260426-00620,SUP-20260426-00620,Chanel,Blue De Chanel,,supplier_source,240018,supplier_name_normalisation,0.7,Initial candidate generated from supplier row only. Requires independent verification before approval.,needs_verification,low_supplier_source_only,2026-09-15T23:52:40+00:00
MATCH-20260426-00621,SUP-20260426-00621,Chanel,Blue De Chanel,,supplier_source,240010,supplier_name_normalisation,0.45,Initial candidate generated from supplier row only. Requires independent verification before approval.,needs_verification,low_supplier_source_only,2026-09-15T23:52:40+00:00
MATCH-20260426-00622,SUP-20260426-00622,Chanel,Boy Chanel,,supplier_source,3000163,supplier_name_normalisation,0.7,Initial candidate generated from supplier row only. Requires independent verification before approval.,needs_verification,low_supplier_source_only,2026-09-15T23:52:40+00:00
MATCH-20260426-00623,SUP-20260426-00623,Chanel,Chanel No 5,,supplier_source,240095,supplier_name_normalisation,0.7,Initial candidate generated from supplier row only. Requires independent verification before approval.,needs_verification,low_supplier_source_only,2026-09-15T23:52:40+00:00
MATCH-20260426-00624,SUP-20260426-00624,Chanel,Chanel Allure Pour Femme,,supplier_source,3000164,supplier_name_normalisation,0.7,Initial candidate generated from supplier row only. Requires independent verification before approval.,needs_verification,low_supplier_source_only,2026-09-15T23:52:40+00:00
MATCH-20260426-00625,SUP-20260426-00625,Chanel,Chanel Chance Vivie,,supplier_source,3000740,supplier_name_normalisation,0.7,Initial candidate generated from supplier row only. Requires independent verification before approval.,needs_verification,low_supplier_source_only,2026-09-15T23:52:40+00:00
MATCH-20260426-00626,SUP-20260426-00626,Chanel,Gabrielle Essence,,supplier_source,240355,supplier_name_normalisation,0.7,Initial candidate generated from supplier row only. Requires independent verification before approval.,needs_verification,low_supplier_source_only,2026-09-15T23:52:40+00:00
MATCH-20260426-00627,SUP-20260426-00627,Chanel,Coco Mademoiselle L'eau,,supplier_source,3000165,supplier_name_normalisation,0.7,Initial candidate generated from supplier row only. Requires independent verification before approval.,needs_verification,low_supplier_source_only,2026-09-15T23:52:40+00:00
MATCH-20260426-00628,SUP-20260426-00628,Chanel,N°1 De Chanel L'eau Rouge,,supplier_source,3000167,supplier_name_normalisation,0.7,Initial candidate generated from supplier row only. Requires independent verification before approval.,needs_verification,low_supplier_source_only,2026-09-15T23:52:40+00:00
MATCH-20260426-00629,SUP-20260426-00629,Chloe,Eau De Parfum,,supplier_source,250449,supplier_name_normalisation,0.7,Initial candidate generated from supplier row only. Requires independent verification before approval.,needs_verification,low_supplier_source_only,2026-09-15T23:52:40+00:00
MATCH-20260426-00630,SUP-20260426-00630,Chloe,Cedrus,,supplier_source,250359,supplier_name_normalisation,0.7,Initial candidate generated from supplier row only. Requires independent verification before approval.,needs_verification,low_supplier_source_only,2026-09-15T23:52:40+00:00
MATCH-20260426-00631,SUP-20260426-00631,Chloe,Eau De Parfum Intense 2024,,supplier_source,240947,supplier_name_normalisation,0.7,Initial candidate generated from supplier row only. Requires independent verification before approval.,needs_verification,low_supplier_source_only,2026-09-15T23:52:40+00:00
MATCH-20260426-00632,SUP-20260426-00632,Chloe,Nomade,,supplier_source,240705,supplier_name_normalisation,0.7,Initial candidate generated from supplier row only. Requires independent verification before approval.,needs_verification,low_supplier_source_only,2026-09-15T23:52:40+00:00
MATCH-20260426-00633,SUP-20260426-00633,Chloe,"Chloe, Belle For Woman",,supplier_source,3000168,supplier_name_normalisation,0.7,Initial candidate generated from supplier row only. Requires independent verification before approval.,needs_verification,low_supplier_source_only,2026-09-15T23:52:40+00:00
MATCH-20260426-00634,SUP-20260426-00634,Chopard,Vetiver D Haiti Au The Vert,,supplier_source,250079,supplier_name_normalisation,0.7,Initial candidate generated from supplier row only. Requires independent verification before approval.,needs_verification,low_supplier_source_only,2026-09-15T23:52:40+00:00
MATCH-20260426-00635,SUP-20260426-00635,Chopard,Malaki Leather,,supplier_source,240895,supplier_name_normalisation,0.7,Initial candidate generated from supplier row only. Requires independent verification before approval.,needs_verification,low_supplier_source_only,2026-09-15T23:52:40+00:00
MATCH-20260426-00636,SUP-20260426-00636,Chopard,Cedar Malaki,,supplier_source,240833,supplier_name_normalisation,0.7,Initial candidate generated from supplier row only. Requires independent verification before approval.,needs_verification,low_supplier_source_only,2026-09-15T23:52:40+00:00
MATCH-20260426-00637,SUP-20260426-00637,Chopard,OUD Maliki,,supplier_source,240716,supplier_name_normalisation,0.7,Initial candidate generated from supplier row only. Requires independent verification before approval.,needs_verification,low_supplier_source_only,2026-09-15T23:52:40+00:00
MATCH-20260426-00638,SUP-20260426-00638,Chopard,Happy Spirit Chopard,,supplier_source,3000169,supplier_name_normalisation,0.7,Initial candidate generated from supplier row only. Requires independent verification before approval.,needs_verification,low_supplier_source_only,2026-09-15T23:52:40+00:00
MATCH-20260426-00639,SUP-20260426-00639,Chopard,1000 Mai Chopart,,supplier_source,3000170,supplier_name_normalisation,0.7,Initial candidate generated from supplier row only. Requires independent verification before approval.,needs_verification,low_supplier_source_only,2026-09-15T23:52:40+00:00
MATCH-20260426-00640,SUP-20260426-00640,Christian Louboutin,Loubifunk,,supplier_source,344143,supplier_name_normalisation,0.62,Initial candidate generated from supplier row only. Requires independent verification before approval.,needs_verification,low_supplier_source_only,2026-09-15T23:52:40+00:00
MATCH-20260426-00641,SUP-20260426-00641,Cilinque,Happy Cilinque,,supplier_source,693265,supplier_name_normalisation,0.62,Initial candidate generated from supplier row only. Requires independent verification before approval.,needs_verification,low_supplier_source_only,2026-09-15T23:52:40+00:00
MATCH-20260426-00642,SUP-20260426-00642,Cristiano Ronaldo,Cr7,,supplier_source,250194,supplier_name_normalisation,0.7,Initial candidate generated from supplier row only. Requires independent verification before approval.,needs_verification,low_supplier_source_only,2026-09-15T23:52:40+00:00
MATCH-20260426-00643,SUP-20260426-00643,Clinique Happy,Happy For Men,,supplier_source,605636-E,supplier_name_normalisation,0.62,Initial candidate generated from supplier row only. Requires independent verification before approval.,needs_verification,low_supplier_source_only,2026-09-15T23:52:40+00:00
MATCH-20260426-00644,SUP-20260426-00644,Clinique Happy,Aromatics In Black,,supplier_source,3000171,supplier_name_normalisation,0.7,Initial candidate generated from supplier row only. Requires independent verification before approval.,needs_verification,low_supplier_source_only,2026-09-15T23:52:40+00:00
MATCH-20260426-00645,SUP-20260426-00645,Clinique Happy,Happy For Men,,supplier_source,3000172,supplier_name_normalisation,0.7,Initial candidate generated from supplier row only. Requires independent verification before approval.,needs_verification,low_supplier_source_only,2026-09-15T23:52:40+00:00
MATCH-20260426-00646,SUP-20260426-00646,Clinique Happy,Happy For Women,,supplier_source,3000173,supplier_name_normalisation,0.7,Initial candidate generated from supplier row only. Requires independent verification before approval.,needs_verification,low_supplier_source_only,2026-09-15T23:52:40+00:00
MATCH-20260426-00647,SUP-20260426-00647,Clive Christian,Town & Country,,supplier_source,250116,supplier_name_normalisation,0.7,Initial candidate generated from supplier row only. Requires independent verification before approval.,needs_verification,low_supplier_source_only,2026-09-15T23:52:40+00:00
MATCH-20260426-00648,SUP-20260426-00648,Clive Christian,Iconic Feminine,,supplier_source,250349,supplier_name_normalisation,0.7,Initial candidate generated from supplier row only. Requires independent verification before approval.,needs_verification,low_supplier_source_only,2026-09-15T23:52:40+00:00
MATCH-20260426-00649,SUP-20260426-00649,Clive Christian,Red Tea Vetiver,,supplier_source,250013,supplier_name_normalisation,0.7,Initial candidate generated from supplier row only. Requires independent verification before approval.,needs_verification,low_supplier_source_only,2026-09-15T23:52:40+00:00
MATCH-20260426-00650,SUP-20260426-00650,Clive Christian,20 Iconic Masculine,,supplier_source,240975,supplier_name_normalisation,0.7,Initial candidate generated from supplier row only. Requires independent verification before approval.,needs_verification,low_supplier_source_only,2026-09-15T23:52:40+00:00
MATCH-20260426-00651,SUP-20260426-00651,Clive Christian,Timeless,,supplier_source,240795,supplier_name_normalisation,0.7,Initial candidate generated from supplier row only. Requires independent verification before approval.,needs_verification,low_supplier_source_only,2026-09-15T23:52:40+00:00
MATCH-20260426-00652,SUP-20260426-00652,Clive Christian,Crab Apple Blossom,,supplier_source,240750,supplier_name_normalisation,0.7,Initial candidate generated from supplier row only. Requires independent verification before approval.,needs_verification,low_supplier_source_only,2026-09-15T23:52:40+00:00
MATCH-20260426-00653,SUP-20260426-00653,Clive Christian,Vii Queen Anne Rock Rose,,supplier_source,240516,supplier_name_normalisation,0.7,Initial candidate generated from supplier row only. Requires independent verification before approval.,needs_verification,low_supplier_source_only,2026-09-15T23:52:40+00:00
MATCH-20260426-00654,SUP-20260426-00654,Clive Christian,1872 For Men,,supplier_source,240326,supplier_name_normalisation,0.7,Initial candidate generated from supplier row only. Requires independent verification before approval.,needs_verification,low_supplier_source_only,2026-09-15T23:52:40+00:00
MATCH-20260426-00655,SUP-20260426-00655,Clive Christian,Blonde Amber,,supplier_source,240232,supplier_name_normalisation,0.7,Initial candidate generated from supplier row only. Requires independent verification before approval.,needs_verification,low_supplier_source_only,2026-09-15T23:52:40+00:00
MATCH-20260426-00656,SUP-20260426-00656,Clive Christian,X For Men,,supplier_source,240327,supplier_name_normalisation,0.7,Initial candidate generated from supplier row only. Requires independent verification before approval.,needs_verification,low_supplier_source_only,2026-09-15T23:52:40+00:00
MATCH-20260426-00657,SUP-20260426-00657,Clive Christian,Matsukita,,supplier_source,240254,supplier_name_normalisation,0.7,Initial candidate generated from supplier row only. Requires independent verification before approval.,needs_verification,low_supplier_source_only,2026-09-15T23:52:40+00:00
MATCH-20260426-00658,SUP-20260426-00658,Clive Christian,No.1 Men,,supplier_source,240328,supplier_name_normalisation,0.7,Initial candidate generated from supplier row only. Requires independent verification before approval.,needs_verification,low_supplier_source_only,2026-09-15T23:52:40+00:00
MATCH-20260426-00659,SUP-20260426-00659,Clive Christian,Jump Up And Kiss Me Hedonistic,,supplier_source,240110,supplier_name_normalisation,0.7,Initial candidate generated from supplier row only. Requires independent verification before approval.,needs_verification,low_supplier_source_only,2026-09-15T23:52:40+00:00
MATCH-20260426-00660,SUP-20260426-00660,Coach,Coach Man,,supplier_source,3000174,supplier_name_normalisation,0.7,Initial candidate generated from supplier row only. Requires independent verification before approval.,needs_verification,low_supplier_source_only,2026-09-15T23:52:40+00:00
MATCH-20260426-00661,SUP-20260426-00661,Coach,Coach Platinum,,supplier_source,3000175,supplier_name_normalisation,0.7,Initial candidate generated from supplier row only. Requires independent verification before approval.,needs_verification,low_supplier_source_only,2026-09-15T23:52:40+00:00
MATCH-20260426-00662,SUP-20260426-00662,Coco OUD,Coco OUD,,supplier_source,3000176,supplier_name_normalisation,0.7,Initial candidate generated from supplier row only. Requires independent verification before approval.,needs_verification,low_supplier_source_only,2026-09-15T23:52:40+00:00
MATCH-20260426-00663,SUP-20260426-00663,Cologne,Ramage,,supplier_source,3000177,supplier_name_normalisation,0.7,Initial candidate generated from supplier row only. Requires independent verification before approval.,needs_verification,low_supplier_source_only,2026-09-15T23:52:40+00:00
MATCH-20260426-00664,SUP-20260426-00664,Cologne,Fleurs D' Amoure,,supplier_source,3000178,supplier_name_normalisation,0.7,Initial candidate generated from supplier row only. Requires independent verification before approval.,needs_verification,low_supplier_source_only,2026-09-15T23:52:40+00:00
MATCH-20260426-00665,SUP-20260426-00665,Comme Des Garcons,Wonderwood,,supplier_source,240491,supplier_name_normalisation,0.7,Initial candidate generated from supplier row only. Requires independent verification before approval.,needs_verification,low_supplier_source_only,2026-09-15T23:52:40+00:00
MATCH-20260426-00666,SUP-20260426-00666,Compound Aa,Compound Aa,,supplier_source,3000179,supplier_name_normalisation,0.7,Initial candidate generated from supplier row only. Requires independent verification before approval.,needs_verification,low_supplier_source_only,2026-09-15T23:52:40+00:00
MATCH-20260426-00667,SUP-20260426-00667,Costume,Scent Intense,,supplier_source,353854,supplier_name_normalisation,0.62,Initial candidate generated from supplier row only. Requires independent verification before approval.,needs_verification,low_supplier_source_only,2026-09-15T23:52:40+00:00
MATCH-20260426-00668,SUP-20260426-00668,Creation,OUD & Musk,,supplier_source,240763,supplier_name_normalisation,0.7,Initial candidate generated from supplier row only. Requires independent verification before approval.,needs_verification,low_supplier_source_only,2026-09-15T23:52:40+00:00
MATCH-20260426-00669,SUP-20260426-00669,Creation,Orange Musk,,supplier_source,240764,supplier_name_normalisation,0.7,Initial candidate generated from supplier row only. Requires independent verification before approval.,needs_verification,low_supplier_source_only,2026-09-15T23:52:40+00:00
MATCH-20260426-00670,SUP-20260426-00670,Creation,Rose Musk,,supplier_source,240762,supplier_name_normalisation,0.7,Initial candidate generated from supplier row only. Requires independent verification before approval.,needs_verification,low_supplier_source_only,2026-09-15T23:52:40+00:00
MATCH-20260426-00671,SUP-20260426-00671,Creation,Black Musk,,supplier_source,240724,supplier_name_normalisation,0.7,Initial candidate generated from supplier row only. Requires independent verification before approval.,needs_verification,low_supplier_source_only,2026-09-15T23:52:40+00:00
MATCH-20260426-00672,SUP-20260426-00672,Creation,Egyptian Musk,,supplier_source,240544,supplier_name_normalisation,0.7,Initial candidate generated from supplier row only. Requires independent verification before approval.,needs_verification,low_supplier_source_only,2026-09-15T23:52:40+00:00
MATCH-20260426-00673,SUP-20260426-00673,Creation,Golden Sand,,supplier_source,240312,supplier_name_normalisation,0.7,Initial candidate generated from supplier row only. Requires independent verification before approval.,needs_verification,low_supplier_source_only,2026-09-15T23:52:40+00:00
MATCH-20260426-00674,SUP-20260426-00674,Creation,Abeer,,supplier_source,443674,supplier_name_normalisation,0.62,Initial candidate generated from supplier row only. Requires independent verification before approval.,needs_verification,low_supplier_source_only,2026-09-15T23:52:40+00:00
MATCH-20260426-00675,SUP-20260426-00675,Creation,Bakhoor / Luzi,,supplier_source,343200,supplier_name_normalisation,0.62,Initial candidate generated from supplier row only. Requires independent verification before approval.,needs_verification,low_supplier_source_only,2026-09-15T23:52:40+00:00
MATCH-20260426-00676,SUP-20260426-00676,Creation,Cosmea,,supplier_source,801054/E,supplier_name_normalisation,0.62,Initial candidate generated from supplier row only. Requires independent verification before approval.,needs_verification,low_supplier_source_only,2026-09-15T23:52:40+00:00
MATCH-20260426-00677,SUP-20260426-00677,Creation,Rose And Musk,,supplier_source,702556,supplier_name_normalisation,0.62,Initial candidate generated from supplier row only. Requires independent verification before approval.,needs_verification,low_supplier_source_only,2026-09-15T23:52:40+00:00
MATCH-20260426-00678,SUP-20260426-00678,Creation,Soft Rose & OUD,,supplier_source,261033,supplier_name_normalisation,0.62,Initial candidate generated from supplier row only. Requires independent verification before approval.,needs_verification,low_supplier_source_only,2026-09-15T23:52:40+00:00
MATCH-20260426-00679,SUP-20260426-00679,Creation,My First Rose,,supplier_source,490000,supplier_name_normalisation,0.62,Initial candidate generated from supplier row only. Requires independent verification before approval.,needs_verification,low_supplier_source_only,2026-09-15T23:52:40+00:00
MATCH-20260426-00680,SUP-20260426-00680,Creation,Smoke Rose,,supplier_source,490004,supplier_name_normalisation,0.62,Initial candidate generated from supplier row only. Requires independent verification before approval.,needs_verification,low_supplier_source_only,2026-09-15T23:52:40+00:00
MATCH-20260426-00681,SUP-20260426-00681,Creation,Golden Peak,,supplier_source,339453,supplier_name_normalisation,0.62,Initial candidate generated from supplier row only. Requires independent verification before approval.,needs_verification,low_supplier_source_only,2026-09-15T23:52:40+00:00
MATCH-20260426-00682,SUP-20260426-00682,Creation,Shaikh Hamdan,,supplier_source,339788,supplier_name_normalisation,0.62,Initial candidate generated from supplier row only. Requires independent verification before approval.,needs_verification,low_supplier_source_only,2026-09-15T23:52:40+00:00
MATCH-20260426-00683,SUP-20260426-00683,Creation,Shaikh Hamdan,,supplier_source,339788-A,supplier_name_normalisation,0.62,Initial candidate generated from supplier row only. Requires independent verification before approval.,needs_verification,low_supplier_source_only,2026-09-15T23:52:40+00:00
MATCH-20260426-00684,SUP-20260426-00684,Creation,Dominator,,supplier_source,237209,supplier_name_normalisation,0.62,Initial candidate generated from supplier row only. Requires independent verification before approval.,needs_verification,low_supplier_source_only,2026-09-15T23:52:40+00:00
MATCH-20260426-00685,SUP-20260426-00685,Creation,Escafawa Luzi,,supplier_source,507158,supplier_name_normalisation,0.62,Initial candidate generated from supplier row only. Requires independent verification before approval.,needs_verification,low_supplier_source_only,2026-09-15T23:52:40+00:00
MATCH-20260426-00686,SUP-20260426-00686,Creation,Magic Fruit,,supplier_source,353414,supplier_name_normalisation,0.62,Initial candidate generated from supplier row only. Requires independent verification before approval.,needs_verification,low_supplier_source_only,2026-09-15T23:52:40+00:00
MATCH-20260426-00687,SUP-20260426-00687,Creation,Abeer Bakhoor,,supplier_source,340820,supplier_name_normalisation,0.62,Initial candidate generated from supplier row only. Requires independent verification before approval.,needs_verification,low_supplier_source_only,2026-09-15T23:52:40+00:00
MATCH-20260426-00688,SUP-20260426-00688,Creation,Raspberry In Blue,,supplier_source,650074-A,supplier_name_normalisation,0.62,Initial candidate generated from supplier row only. Requires independent verification before approval.,needs_verification,low_supplier_source_only,2026-09-15T23:52:40+00:00
MATCH-20260426-00689,SUP-20260426-00689,Creation,Three G,,supplier_source,339072,supplier_name_normalisation,0.62,Initial candidate generated from supplier row only. Requires independent verification before approval.,needs_verification,low_supplier_source_only,2026-09-15T23:52:40+00:00
MATCH-20260426-00690,SUP-20260426-00690,Creation,Sabaik Luzi,,supplier_source,500919,supplier_name_normalisation,0.62,Initial candidate generated from supplier row only. Requires independent verification before approval.,needs_verification,low_supplier_source_only,2026-09-15T23:52:40+00:00
MATCH-20260426-00691,SUP-20260426-00691,Creation,Silk Wood,,supplier_source,349441,supplier_name_normalisation,0.62,Initial candidate generated from supplier row only. Requires independent verification before approval.,needs_verification,low_supplier_source_only,2026-09-15T23:52:40+00:00
MATCH-20260426-00692,SUP-20260426-00692,Creation,Sultan,,supplier_source,240835,supplier_name_normalisation,0.7,Initial candidate generated from supplier row only. Requires independent verification before approval.,needs_verification,low_supplier_source_only,2026-09-15T23:52:40+00:00
MATCH-20260426-00693,SUP-20260426-00693,Creation,Tootsy,,supplier_source,338300,supplier_name_normalisation,0.62,Initial candidate generated from supplier row only. Requires independent verification before approval.,needs_verification,low_supplier_source_only,2026-09-15T23:52:40+00:00
MATCH-20260426-00694,SUP-20260426-00694,Creation,Ward Al Taif,,supplier_source,941592-A,supplier_name_normalisation,0.62,Initial candidate generated from supplier row only. Requires independent verification before approval.,needs_verification,low_supplier_source_only,2026-09-15T23:52:40+00:00
MATCH-20260426-00695,SUP-20260426-00695,Creation,Oriental Bakhoor,,supplier_source,336000,supplier_name_normalisation,0.62,Initial candidate generated from supplier row only. Requires independent verification before approval.,needs_verification,low_supplier_source_only,2026-09-15T23:52:40+00:00
MATCH-20260426-00696,SUP-20260426-00696,Creation,New Oriental Fitness,,supplier_source,343889,supplier_name_normalisation,0.62,Initial candidate generated from supplier row only. Requires independent verification before approval.,needs_verification,low_supplier_source_only,2026-09-15T23:52:40+00:00
MATCH-20260426-00697,SUP-20260426-00697,Creation,Suisse Essence,,supplier_source,351827,supplier_name_normalisation,0.62,Initial candidate generated from supplier row only. Requires independent verification before approval.,needs_verification,low_supplier_source_only,2026-09-15T23:52:40+00:00
MATCH-20260426-00698,SUP-20260426-00698,Creation,Mussabat,,supplier_source,351550,supplier_name_normalisation,0.62,Initial candidate generated from supplier row only. Requires independent verification before approval.,needs_verification,low_supplier_source_only,2026-09-15T23:52:40+00:00
MATCH-20260426-00699,SUP-20260426-00699,Creation,Burj Al Arab,,supplier_source,3000180,supplier_name_normalisation,0.7,Initial candidate generated from supplier row only. Requires independent verification before approval.,needs_verification,low_supplier_source_only,2026-09-15T23:52:40+00:00
MATCH-20260426-00700,SUP-20260426-00700,Creation,Dubai Hill,,supplier_source,3000181,supplier_name_normalisation,0.7,Initial candidate generated from supplier row only. Requires independent verification before approval.,needs_verification,low_supplier_source_only,2026-09-15T23:52:40+00:00
MATCH-20260426-00701,SUP-20260426-00701,Creation,Jumeirah,,supplier_source,3000182,supplier_name_normalisation,0.7,Initial candidate generated from supplier row only. Requires independent verification before approval.,needs_verification,low_supplier_source_only,2026-09-15T23:52:40+00:00
MATCH-20260426-00702,SUP-20260426-00702,Creation,Madina,,supplier_source,3000183,supplier_name_normalisation,0.7,Initial candidate generated from supplier row only. Requires independent verification before approval.,needs_verification,low_supplier_source_only,2026-09-15T23:52:40+00:00
MATCH-20260426-00703,SUP-20260426-00703,Creation,Silver Dust,,supplier_source,250277,supplier_name_normalisation,0.7,Initial candidate generated from supplier row only. Requires independent verification before approval.,needs_verification,low_supplier_source_only,2026-09-15T23:52:40+00:00
MATCH-20260426-00704,SUP-20260426-00704,Creed,Royal Mayfair 2024,,supplier_source,250211,supplier_name_normalisation,0.7,Initial candidate generated from supplier row only. Requires independent verification before approval.,needs_verification,low_supplier_source_only,2026-09-15T23:52:40+00:00
MATCH-20260426-00705,SUP-20260426-00705,Creed,Aventus (smoky),,supplier_source,250292,supplier_name_normalisation,0.7,Initial candidate generated from supplier row only. Requires independent verification before approval.,needs_verification,low_supplier_source_only,2026-09-15T23:52:40+00:00
MATCH-20260426-00706,SUP-20260426-00706,Creed,OUD Zarian,,supplier_source,250198,supplier_name_normalisation,0.7,Initial candidate generated from supplier row only. Requires independent verification before approval.,needs_verification,low_supplier_source_only,2026-09-15T23:52:40+00:00
MATCH-20260426-00707,SUP-20260426-00707,Creed,OUD Zarian,,supplier_source,250304,supplier_name_normalisation,0.7,Initial candidate generated from supplier row only. Requires independent verification before approval.,needs_verification,low_supplier_source_only,2026-09-15T23:52:40+00:00
MATCH-20260426-00708,SUP-20260426-00708,Creed,Eladaria,,supplier_source,240982,supplier_name_normalisation,0.7,Initial candidate generated from supplier row only. Requires independent verification before approval.,needs_verification,low_supplier_source_only,2026-09-15T23:52:40+00:00
MATCH-20260426-00709,SUP-20260426-00709,Creed,Fleurissimo,,supplier_source,240934,supplier_name_normalisation,0.7,Initial candidate generated from supplier row only. Requires independent verification before approval.,needs_verification,low_supplier_source_only,2026-09-15T23:52:40+00:00
MATCH-20260426-00710,SUP-20260426-00710,Creed,Royal Mayfair 2015,,supplier_source,240921,supplier_name_normalisation,0.7,Initial candidate generated from supplier row only. Requires independent verification before approval.,needs_verification,low_supplier_source_only,2026-09-15T23:52:40+00:00
MATCH-20260426-00711,SUP-20260426-00711,Creed,Fragaria,,supplier_source,240823,supplier_name_normalisation,0.7,Initial candidate generated from supplier row only. Requires independent verification before approval.,needs_verification,low_supplier_source_only,2026-09-15T23:52:40+00:00
MATCH-20260426-00712,SUP-20260426-00712,Creed,Royal Water,,supplier_source,240815,supplier_name_normalisation,0.7,Initial candidate generated from supplier row only. Requires independent verification before approval.,needs_verification,low_supplier_source_only,2026-09-15T23:52:40+00:00
MATCH-20260426-00713,SUP-20260426-00713,Creed,Orginal Santal,,supplier_source,240740,supplier_name_normalisation,0.7,Initial candidate generated from supplier row only. Requires independent verification before approval.,needs_verification,low_supplier_source_only,2026-09-15T23:52:40+00:00
MATCH-20260426-00714,SUP-20260426-00714,Creed,Centaurus,,supplier_source,240567,supplier_name_normalisation,0.7,Initial candidate generated from supplier row only. Requires independent verification before approval.,needs_verification,low_supplier_source_only,2026-09-15T23:52:40+00:00
MATCH-20260426-00715,SUP-20260426-00715,Creed,Centaurus,,supplier_source,240556,supplier_name_normalisation,0.7,Initial candidate generated from supplier row only. Requires independent verification before approval.,needs_verification,low_supplier_source_only,2026-09-15T23:52:40+00:00
MATCH-20260426-00716,SUP-20260426-00716,Creed,Delphinus,,supplier_source,240566,supplier_name_normalisation,0.7,Initial candidate generated from supplier row only. Requires independent verification before approval.,needs_verification,low_supplier_source_only,2026-09-15T23:52:40+00:00
MATCH-20260426-00717,SUP-20260426-00717,Creed,Spring Flowers,,supplier_source,240262,supplier_name_normalisation,0.7,Initial candidate generated from supplier row only. Requires independent verification before approval.,needs_verification,low_supplier_source_only,2026-09-15T23:52:40+00:00
MATCH-20260426-00718,SUP-20260426-00718,Creed,Spice & Wood,,supplier_source,240441,supplier_name_normalisation,0.7,Initial candidate generated from supplier row only. Requires independent verification before approval.,needs_verification,low_supplier_source_only,2026-09-15T23:52:40+00:00
MATCH-20260426-00719,SUP-20260426-00719,Creed,Aventus Colonge,,supplier_source,240418,supplier_name_normalisation,0.7,Initial candidate generated from supplier row only. Requires independent verification before approval.,needs_verification,low_supplier_source_only,2026-09-15T23:52:40+00:00
MATCH-20260426-00720,SUP-20260426-00720,Creed,Love In White,,supplier_source,240274,supplier_name_normalisation,0.7,Initial candidate generated from supplier row only. Requires independent verification before approval.,needs_verification,low_supplier_source_only,2026-09-15T23:52:40+00:00
MATCH-20260426-00721,SUP-20260426-00721,Creed,Queen Of Silk,,supplier_source,240187,supplier_name_normalisation,0.7,Initial candidate generated from supplier row only. Requires independent verification before approval.,needs_verification,low_supplier_source_only,2026-09-15T23:52:40+00:00
MATCH-20260426-00722,SUP-20260426-00722,Creed,Queen Of Silk,,supplier_source,240188,supplier_name_normalisation,0.7,Initial candidate generated from supplier row only. Requires independent verification before approval.,needs_verification,low_supplier_source_only,2026-09-15T23:52:40+00:00
MATCH-20260426-00723,SUP-20260426-00723,Creed,Orginal Vetiver 2024,,supplier_source,250056,supplier_name_normalisation,0.7,Initial candidate generated from supplier row only. Requires independent verification before approval.,needs_verification,low_supplier_source_only,2026-09-15T23:52:40+00:00
MATCH-20260426-00724,SUP-20260426-00724,Creed,Orginal Vetiver,,supplier_source,240218,supplier_name_normalisation,0.7,Initial candidate generated from supplier row only. Requires independent verification before approval.,needs_verification,low_supplier_source_only,2026-09-15T23:52:40+00:00
MATCH-20260426-00725,SUP-20260426-00725,Creed,Virgin Island Water,,supplier_source,240213,supplier_name_normalisation,0.7,Initial candidate generated from supplier row only. Requires independent verification before approval.,needs_verification,low_supplier_source_only,2026-09-15T23:52:40+00:00
MATCH-20260426-00726,SUP-20260426-00726,Creed,Creed Aventus,,supplier_source,240825,supplier_name_normalisation,0.7,Initial candidate generated from supplier row only. Requires independent verification before approval.,needs_verification,low_supplier_source_only,2026-09-15T23:52:40+00:00
MATCH-20260426-00727,SUP-20260426-00727,Creed,Creed Aventus,,supplier_source,239790-T,supplier_name_normalisation,0.62,Initial candidate generated from supplier row only. Requires independent verification before approval.,needs_verification,low_supplier_source_only,2026-09-15T23:52:40+00:00
MATCH-20260426-00728,SUP-20260426-00728,Creed,Creed Aventus,,supplier_source,240033,supplier_name_normalisation,0.7,Initial candidate generated from supplier row only. Requires independent verification before approval.,needs_verification,low_supplier_source_only,2026-09-15T23:52:40+00:00
MATCH-20260426-00729,SUP-20260426-00729,Creed,Creed Aventus,,supplier_source,239790,supplier_name_normalisation,0.62,Initial candidate generated from supplier row only. Requires independent verification before approval.,needs_verification,low_supplier_source_only,2026-09-15T23:52:40+00:00
MATCH-20260426-00730,SUP-20260426-00730,Creed,Creed Aventus,,supplier_source,239790-C,supplier_name_normalisation,0.62,Initial candidate generated from supplier row only. Requires independent verification before approval.,needs_verification,low_supplier_source_only,2026-09-15T23:52:40+00:00
MATCH-20260426-00731,SUP-20260426-00731,Creed,Creed Aventus,,supplier_source,240008,supplier_name_normalisation,0.7,Initial candidate generated from supplier row only. Requires independent verification before approval.,needs_verification,low_supplier_source_only,2026-09-15T23:52:40+00:00
MATCH-20260426-00732,SUP-20260426-00732,Creed,Creed Aventus,,supplier_source,240020,supplier_name_normalisation,0.7,Initial candidate generated from supplier row only. Requires independent verification before approval.,needs_verification,low_supplier_source_only,2026-09-15T23:52:40+00:00
MATCH-20260426-00733,SUP-20260426-00733,Creed,Absolu Aventus,,supplier_source,240022,supplier_name_normalisation,0.7,Initial candidate generated from supplier row only. Requires independent verification before approval.,needs_verification,low_supplier_source_only,2026-09-15T23:52:40+00:00
MATCH-20260426-00734,SUP-20260426-00734,Creed,Absolu Aventus,,supplier_source,240024,supplier_name_normalisation,0.7,Initial candidate generated from supplier row only. Requires independent verification before approval.,needs_verification,low_supplier_source_only,2026-09-15T23:52:40+00:00
MATCH-20260426-00735,SUP-20260426-00735,Creed,Aventus For Her,,supplier_source,232942,supplier_name_normalisation,0.62,Initial candidate generated from supplier row only. Requires independent verification before approval.,needs_verification,low_supplier_source_only,2026-09-15T23:52:40+00:00
MATCH-20260426-00736,SUP-20260426-00736,Creed,Aventus For Her,,supplier_source,232942-A,supplier_name_normalisation,0.62,Initial candidate generated from supplier row only. Requires independent verification before approval.,needs_verification,low_supplier_source_only,2026-09-15T23:52:40+00:00
MATCH-20260426-00737,SUP-20260426-00737,Creed,Silver Mountain Water,,supplier_source,240330,supplier_name_normalisation,0.7,Initial candidate generated from supplier row only. Requires independent verification before approval.,needs_verification,low_supplier_source_only,2026-09-15T23:52:40+00:00
MATCH-20260426-00738,SUP-20260426-00738,Creed,Silver Mountain Water,,supplier_source,234738-A,supplier_name_normalisation,0.62,Initial candidate generated from supplier row only. Requires independent verification before approval.,needs_verification,low_supplier_source_only,2026-09-15T23:52:40+00:00
MATCH-20260426-00739,SUP-20260426-00739,Creed,Green Irish Tweed,,supplier_source,240180,supplier_name_normalisation,0.7,Initial candidate generated from supplier row only. Requires independent verification before approval.,needs_verification,low_supplier_source_only,2026-09-15T23:52:40+00:00
MATCH-20260426-00740,SUP-20260426-00740,Creed,Viking,,supplier_source,240641,supplier_name_normalisation,0.7,Initial candidate generated from supplier row only. Requires independent verification before approval.,needs_verification,low_supplier_source_only,2026-09-15T23:52:40+00:00
MATCH-20260426-00741,SUP-20260426-00741,Creed,Viking Cologne Men,,supplier_source,240631,supplier_name_normalisation,0.7,Initial candidate generated from supplier row only. Requires independent verification before approval.,needs_verification,low_supplier_source_only,2026-09-15T23:52:40+00:00
MATCH-20260426-00742,SUP-20260426-00742,Creed,Wind Flowers,,supplier_source,240329,supplier_name_normalisation,0.7,Initial candidate generated from supplier row only. Requires independent verification before approval.,needs_verification,low_supplier_source_only,2026-09-15T23:52:40+00:00
MATCH-20260426-00743,SUP-20260426-00743,Creed,Creed Aventus Colonge,,supplier_source,503661,supplier_name_normalisation,0.62,Initial candidate generated from supplier row only. Requires independent verification before approval.,needs_verification,low_supplier_source_only,2026-09-15T23:52:40+00:00
MATCH-20260426-00744,SUP-20260426-00744,Creed,Sublim Vanille,,supplier_source,501997,supplier_name_normalisation,0.62,Initial candidate generated from supplier row only. Requires independent verification before approval.,needs_verification,low_supplier_source_only,2026-09-15T23:52:40+00:00
MATCH-20260426-00745,SUP-20260426-00745,Creed,Himalaya,,supplier_source,233928-A,supplier_name_normalisation,0.62,Initial candidate generated from supplier row only. Requires independent verification before approval.,needs_verification,low_supplier_source_only,2026-09-15T23:52:40+00:00
MATCH-20260426-00746,SUP-20260426-00746,Creed,Carmina,,supplier_source,240373,supplier_name_normalisation,0.7,Initial candidate generated from supplier row only. Requires independent verification before approval.,needs_verification,low_supplier_source_only,2026-09-15T23:52:40+00:00
MATCH-20260426-00747,SUP-20260426-00747,Creed,Carmina,,supplier_source,240036,supplier_name_normalisation,0.45,Initial candidate generated from supplier row only. Requires independent verification before approval.,needs_verification,low_supplier_source_only,2026-09-15T23:52:40+00:00
MATCH-20260426-00748,SUP-20260426-00748,Creed,Creed Black,,supplier_source,3000185,supplier_name_normalisation,0.7,Initial candidate generated from supplier row only. Requires independent verification before approval.,needs_verification,low_supplier_source_only,2026-09-15T23:52:40+00:00
MATCH-20260426-00749,SUP-20260426-00749,Creed,Creed Silver,,supplier_source,3000186,supplier_name_normalisation,0.7,Initial candidate generated from supplier row only. Requires independent verification before approval.,needs_verification,low_supplier_source_only,2026-09-15T23:52:40+00:00
MATCH-20260426-00750,SUP-20260426-00750,Creed,Pure White Cologne,,supplier_source,3000187,supplier_name_normalisation,0.7,Initial candidate generated from supplier row only. Requires independent verification before approval.,needs_verification,low_supplier_source_only,2026-09-15T23:52:40+00:00
MATCH-20260426-00751,SUP-20260426-00751,Creed,Royal OUD,,supplier_source,240224,supplier_name_normalisation,0.7,Initial candidate generated from supplier row only. Requires independent verification before approval.,needs_verification,low_supplier_source_only,2026-09-15T23:52:40+00:00
MATCH-20260426-00752,SUP-20260426-00752,Creed,White Amber,,supplier_source,250173,supplier_name_normalisation,0.7,Initial candidate generated from supplier row only. Requires independent verification before approval.,needs_verification,low_supplier_source_only,2026-09-15T23:52:40+00:00
MATCH-20260426-00753,SUP-20260426-00753,Creed,Creed Aventus 10th Anniversary,,supplier_source,240398,supplier_name_normalisation,0.7,Initial candidate generated from supplier row only. Requires independent verification before approval.,needs_verification,low_supplier_source_only,2026-09-15T23:52:40+00:00
MATCH-20260426-00754,SUP-20260426-00754,Creed,Millesime Imperial,,supplier_source,3000741,supplier_name_normalisation,0.7,Initial candidate generated from supplier row only. Requires independent verification before approval.,needs_verification,low_supplier_source_only,2026-09-15T23:52:40+00:00
MATCH-20260426-00755,SUP-20260426-00755,Creed,Millesime Imperial,,supplier_source,240123,supplier_name_normalisation,0.7,Initial candidate generated from supplier row only. Requires independent verification before approval.,needs_verification,low_supplier_source_only,2026-09-15T23:52:40+00:00
MATCH-20260426-00756,SUP-20260426-00756,Diffuser Oil,Luxury Final,,supplier_source,250377,supplier_name_normalisation,0.7,Initial candidate generated from supplier row only. Requires independent verification before approval.,needs_verification,low_supplier_source_only,2026-09-15T23:52:40+00:00
MATCH-20260426-00757,SUP-20260426-00757,Diffuser Oil,Malequi,,supplier_source,250378,supplier_name_normalisation,0.7,Initial candidate generated from supplier row only. Requires independent verification before approval.,needs_verification,low_supplier_source_only,2026-09-15T23:52:40+00:00
MATCH-20260426-00758,SUP-20260426-00758,Diffuser Oil,Tuscany Vibe,,supplier_source,250379,supplier_name_normalisation,0.7,Initial candidate generated from supplier row only. Requires independent verification before approval.,needs_verification,low_supplier_source_only,2026-09-15T23:52:40+00:00
MATCH-20260426-00759,SUP-20260426-00759,Diffuser Oil,Suellen,,supplier_source,250380,supplier_name_normalisation,0.7,Initial candidate generated from supplier row only. Requires independent verification before approval.,needs_verification,low_supplier_source_only,2026-09-15T23:52:40+00:00
MATCH-20260426-00760,SUP-20260426-00760,Diffuser Oil,Address Final,,supplier_source,250381,supplier_name_normalisation,0.7,Initial candidate generated from supplier row only. Requires independent verification before approval.,needs_verification,low_supplier_source_only,2026-09-15T23:52:40+00:00
MATCH-20260426-00761,SUP-20260426-00761,Diffuser Oil,Midnight Final,,supplier_source,250382,supplier_name_normalisation,0.7,Initial candidate generated from supplier row only. Requires independent verification before approval.,needs_verification,low_supplier_source_only,2026-09-15T23:52:40+00:00
MATCH-20260426-00762,SUP-20260426-00762,Diffuser Oil,Exotic Fruits,,supplier_source,250383,supplier_name_normalisation,0.7,Initial candidate generated from supplier row only. Requires independent verification before approval.,needs_verification,low_supplier_source_only,2026-09-15T23:52:40+00:00
MATCH-20260426-00763,SUP-20260426-00763,Diffuser Oil,Suede Vanilla,,supplier_source,250384,supplier_name_normalisation,0.7,Initial candidate generated from supplier row only. Requires independent verification before approval.,needs_verification,low_supplier_source_only,2026-09-15T23:52:40+00:00
MATCH-20260426-00764,SUP-20260426-00764,Diffuser Oil,Laban,,supplier_source,250385,supplier_name_normalisation,0.7,Initial candidate generated from supplier row only. Requires independent verification before approval.,needs_verification,low_supplier_source_only,2026-09-15T23:52:40+00:00
MATCH-20260426-00765,SUP-20260426-00765,Diffuser Oil,Powder,,supplier_source,250386,supplier_name_normalisation,0.7,Initial candidate generated from supplier row only. Requires independent verification before approval.,needs_verification,low_supplier_source_only,2026-09-15T23:52:40+00:00
MATCH-20260426-00766,SUP-20260426-00766,Diffuser Oil,Wildberyy,,supplier_source,250387,supplier_name_normalisation,0.7,Initial candidate generated from supplier row only. Requires independent verification before approval.,needs_verification,low_supplier_source_only,2026-09-15T23:52:40+00:00
MATCH-20260426-00767,SUP-20260426-00767,Diffuser Oil,Mango,,supplier_source,250388,supplier_name_normalisation,0.7,Initial candidate generated from supplier row only. Requires independent verification before approval.,needs_verification,low_supplier_source_only,2026-09-15T23:52:40+00:00
MATCH-20260426-00768,SUP-20260426-00768,Diffuser Oil,Mango 2,,supplier_source,250389,supplier_name_normalisation,0.7,Initial candidate generated from supplier row only. Requires independent verification before approval.,needs_verification,low_supplier_source_only,2026-09-15T23:52:40+00:00
MATCH-20260426-00769,SUP-20260426-00769,Diffuser Oil,Adress,,supplier_source,250228,supplier_name_normalisation,0.7,Initial candidate generated from supplier row only. Requires independent verification before approval.,needs_verification,low_supplier_source_only,2026-09-15T23:52:40+00:00
MATCH-20260426-00770,SUP-20260426-00770,Diffuser Oil,Ases,,supplier_source,250229,supplier_name_normalisation,0.7,Initial candidate generated from supplier row only. Requires independent verification before approval.,needs_verification,low_supplier_source_only,2026-09-15T23:52:40+00:00
MATCH-20260426-00771,SUP-20260426-00771,Diffuser Oil,Damask Rose,,supplier_source,250230,supplier_name_normalisation,0.7,Initial candidate generated from supplier row only. Requires independent verification before approval.,needs_verification,low_supplier_source_only,2026-09-15T23:52:40+00:00
MATCH-20260426-00772,SUP-20260426-00772,Diffuser Oil,Exotic Infusion,,supplier_source,250231,supplier_name_normalisation,0.7,Initial candidate generated from supplier row only. Requires independent verification before approval.,needs_verification,low_supplier_source_only,2026-09-15T23:52:40+00:00
MATCH-20260426-00773,SUP-20260426-00773,Diffuser Oil,Juicy Melon,,supplier_source,250232,supplier_name_normalisation,0.7,Initial candidate generated from supplier row only. Requires independent verification before approval.,needs_verification,low_supplier_source_only,2026-09-15T23:52:40+00:00
MATCH-20260426-00774,SUP-20260426-00774,Diffuser Oil,King Valley,,supplier_source,250233,supplier_name_normalisation,0.7,Initial candidate generated from supplier row only. Requires independent verification before approval.,needs_verification,low_supplier_source_only,2026-09-15T23:52:40+00:00
MATCH-20260426-00775,SUP-20260426-00775,Diffuser Oil,Maracuya,,supplier_source,250234,supplier_name_normalisation,0.7,Initial candidate generated from supplier row only. Requires independent verification before approval.,needs_verification,low_supplier_source_only,2026-09-15T23:52:40+00:00
MATCH-20260426-00776,SUP-20260426-00776,Diffuser Oil,Midnight,,supplier_source,250235,supplier_name_normalisation,0.7,Initial candidate generated from supplier row only. Requires independent verification before approval.,needs_verification,low_supplier_source_only,2026-09-15T23:52:40+00:00
MATCH-20260426-00777,SUP-20260426-00777,Diffuser Oil,Passion,,supplier_source,250236,supplier_name_normalisation,0.7,Initial candidate generated from supplier row only. Requires independent verification before approval.,needs_verification,low_supplier_source_only,2026-09-15T23:52:40+00:00
MATCH-20260426-00778,SUP-20260426-00778,Diffuser Oil,Passion Flower,,supplier_source,250237,supplier_name_normalisation,0.7,Initial candidate generated from supplier row only. Requires independent verification before approval.,needs_verification,low_supplier_source_only,2026-09-15T23:52:40+00:00
MATCH-20260426-00779,SUP-20260426-00779,Diffuser Oil,Peach,,supplier_source,250238,supplier_name_normalisation,0.7,Initial candidate generated from supplier row only. Requires independent verification before approval.,needs_verification,low_supplier_source_only,2026-09-15T23:52:40+00:00
MATCH-20260426-00780,SUP-20260426-00780,Diffuser Oil,Pink Sweet,,supplier_source,250239,supplier_name_normalisation,0.7,Initial candidate generated from supplier row only. Requires independent verification before approval.,needs_verification,low_supplier_source_only,2026-09-15T23:52:40+00:00
MATCH-20260426-00781,SUP-20260426-00781,Diffuser Oil,Afkar,,supplier_source,250240,supplier_name_normalisation,0.7,Initial candidate generated from supplier row only. Requires independent verification before approval.,needs_verification,low_supplier_source_only,2026-09-15T23:52:40+00:00
MATCH-20260426-00782,SUP-20260426-00782,Diffuser Oil,Dfx,,supplier_source,250241,supplier_name_normalisation,0.7,Initial candidate generated from supplier row only. Requires independent verification before approval.,needs_verification,low_supplier_source_only,2026-09-15T23:52:40+00:00
MATCH-20260426-00783,SUP-20260426-00783,Dkny,Be Delicious,,supplier_source,250414,supplier_name_normalisation,0.7,Initial candidate generated from supplier row only. Requires independent verification before approval.,needs_verification,low_supplier_source_only,2026-09-15T23:52:40+00:00
MATCH-20260426-00784,SUP-20260426-00784,Dusita,Tonka Latte,,supplier_source,250054,supplier_name_normalisation,0.7,Initial candidate generated from supplier row only. Requires independent verification before approval.,needs_verification,low_supplier_source_only,2026-09-15T23:52:40+00:00
MATCH-20260426-00785,SUP-20260426-00785,Donna Karan,Cashmere & Vanilla Essence,,supplier_source,250223,supplier_name_normalisation,0.7,Initial candidate generated from supplier row only. Requires independent verification before approval.,needs_verification,low_supplier_source_only,2026-09-15T23:52:40+00:00
MATCH-20260426-00786,SUP-20260426-00786,Donna Karan,24/7,,supplier_source,240880,supplier_name_normalisation,0.7,Initial candidate generated from supplier row only. Requires independent verification before approval.,needs_verification,low_supplier_source_only,2026-09-15T23:52:40+00:00
MATCH-20260426-00787,SUP-20260426-00787,Dolce & Gabbana,Fefe,,supplier_source,250393,supplier_name_normalisation,0.7,Initial candidate generated from supplier row only. Requires independent verification before approval.,needs_verification,low_supplier_source_only,2026-09-15T23:52:40+00:00
MATCH-20260426-00788,SUP-20260426-00788,Dolce & Gabbana,Velvet Passion OUD,,supplier_source,250360,supplier_name_normalisation,0.7,Initial candidate generated from supplier row only. Requires independent verification before approval.,needs_verification,low_supplier_source_only,2026-09-15T23:52:40+00:00
MATCH-20260426-00789,SUP-20260426-00789,Dolce & Gabbana,Velvet Bergamot,,supplier_source,250220,supplier_name_normalisation,0.7,Initial candidate generated from supplier row only. Requires independent verification before approval.,needs_verification,low_supplier_source_only,2026-09-15T23:52:40+00:00
MATCH-20260426-00790,SUP-20260426-00790,Dolce & Gabbana,Dolce Peony,,supplier_source,250120,supplier_name_normalisation,0.7,Initial candidate generated from supplier row only. Requires independent verification before approval.,needs_verification,low_supplier_source_only,2026-09-15T23:52:40+00:00
MATCH-20260426-00791,SUP-20260426-00791,Dolce & Gabbana,By Women,,supplier_source,250066,supplier_name_normalisation,0.7,Initial candidate generated from supplier row only. Requires independent verification before approval.,needs_verification,low_supplier_source_only,2026-09-15T23:52:40+00:00
MATCH-20260426-00792,SUP-20260426-00792,Dolce & Gabbana,Devoution Pour Homme,,supplier_source,250003,supplier_name_normalisation,0.7,Initial candidate generated from supplier row only. Requires independent verification before approval.,needs_verification,low_supplier_source_only,2026-09-15T23:52:40+00:00
MATCH-20260426-00793,SUP-20260426-00793,Dolce & Gabbana,Light Blue Capri In Love,,supplier_source,240978,supplier_name_normalisation,0.7,Initial candidate generated from supplier row only. Requires independent verification before approval.,needs_verification,low_supplier_source_only,2026-09-15T23:52:40+00:00
MATCH-20260426-00794,SUP-20260426-00794,Dolce & Gabbana,L'imperatrice Royale,,supplier_source,240948,supplier_name_normalisation,0.7,Initial candidate generated from supplier row only. Requires independent verification before approval.,needs_verification,low_supplier_source_only,2026-09-15T23:52:40+00:00
MATCH-20260426-00795,SUP-20260426-00795,Dolce & Gabbana,Velvet Zaffrano,,supplier_source,240898,supplier_name_normalisation,0.7,Initial candidate generated from supplier row only. Requires independent verification before approval.,needs_verification,low_supplier_source_only,2026-09-15T23:52:40+00:00
MATCH-20260426-00796,SUP-20260426-00796,Dolce & Gabbana,The One For Men EDP Intense,,supplier_source,240796,supplier_name_normalisation,0.7,Initial candidate generated from supplier row only. Requires independent verification before approval.,needs_verification,low_supplier_source_only,2026-09-15T23:52:40+00:00
MATCH-20260426-00797,SUP-20260426-00797,Dolce & Gabbana,The One Royal Night,,supplier_source,240600,supplier_name_normalisation,0.7,Initial candidate generated from supplier row only. Requires independent verification before approval.,needs_verification,low_supplier_source_only,2026-09-15T23:52:40+00:00
MATCH-20260426-00798,SUP-20260426-00798,Dolce & Gabbana,Devoution Intense,,supplier_source,240563,supplier_name_normalisation,0.7,Initial candidate generated from supplier row only. Requires independent verification before approval.,needs_verification,low_supplier_source_only,2026-09-15T23:52:40+00:00
MATCH-20260426-00799,SUP-20260426-00799,Dolce & Gabbana,The One Luminous Night,,supplier_source,240332,supplier_name_normalisation,0.7,Initial candidate generated from supplier row only. Requires independent verification before approval.,needs_verification,low_supplier_source_only,2026-09-15T23:52:40+00:00
MATCH-20260426-00800,SUP-20260426-00800,Dolce & Gabbana,Orange,,supplier_source,240333,supplier_name_normalisation,0.7,Initial candidate generated from supplier row only. Requires independent verification before approval.,needs_verification,low_supplier_source_only,2026-09-15T23:52:40+00:00
MATCH-20260426-00801,SUP-20260426-00801,Dolce & Gabbana,Lemon,,supplier_source,240331,supplier_name_normalisation,0.7,Initial candidate generated from supplier row only. Requires independent verification before approval.,needs_verification,low_supplier_source_only,2026-09-15T23:52:40+00:00
MATCH-20260426-00802,SUP-20260426-00802,Dolce & Gabbana,Pineapple,,supplier_source,240251,supplier_name_normalisation,0.7,Initial candidate generated from supplier row only. Requires independent verification before approval.,needs_verification,low_supplier_source_only,2026-09-15T23:52:40+00:00
MATCH-20260426-00803,SUP-20260426-00803,Dolce & Gabbana,3 L' Imperatrice,,supplier_source,338534,supplier_name_normalisation,0.62,Initial candidate generated from supplier row only. Requires independent verification before approval.,needs_verification,low_supplier_source_only,2026-09-15T23:52:40+00:00
MATCH-20260426-00804,SUP-20260426-00804,Dolce & Gabbana,Dolce Garden,,supplier_source,503506,supplier_name_normalisation,0.62,Initial candidate generated from supplier row only. Requires independent verification before approval.,needs_verification,low_supplier_source_only,2026-09-15T23:52:40+00:00
MATCH-20260426-00805,SUP-20260426-00805,Dolce & Gabbana,D & G King,,supplier_source,250195,supplier_name_normalisation,0.7,Initial candidate generated from supplier row only. Requires independent verification before approval.,needs_verification,low_supplier_source_only,2026-09-15T23:52:40+00:00
MATCH-20260426-00806,SUP-20260426-00806,Dolce & Gabbana,Q By Dolce & Gabbana,,supplier_source,336301-A,supplier_name_normalisation,0.62,Initial candidate generated from supplier row only. Requires independent verification before approval.,needs_verification,low_supplier_source_only,2026-09-15T23:52:40+00:00
MATCH-20260426-00807,SUP-20260426-00807,Dolce & Gabbana,Light Blue Women,,supplier_source,250185,supplier_name_normalisation,0.7,Initial candidate generated from supplier row only. Requires independent verification before approval.,needs_verification,low_supplier_source_only,2026-09-15T23:52:40+00:00
MATCH-20260426-00808,SUP-20260426-00808,Dolce & Gabbana,Light Blue Men,,supplier_source,250184,supplier_name_normalisation,0.7,Initial candidate generated from supplier row only. Requires independent verification before approval.,needs_verification,low_supplier_source_only,2026-09-15T23:52:40+00:00
MATCH-20260426-00809,SUP-20260426-00809,Dolce & Gabbana,The Only One,,supplier_source,461488,supplier_name_normalisation,0.62,Initial candidate generated from supplier row only. Requires independent verification before approval.,needs_verification,low_supplier_source_only,2026-09-15T23:52:40+00:00
MATCH-20260426-00810,SUP-20260426-00810,Dolce & Gabbana,Velvet Desert OUD,,supplier_source,230798-B,supplier_name_normalisation,0.62,Initial candidate generated from supplier row only. Requires independent verification before approval.,needs_verification,low_supplier_source_only,2026-09-15T23:52:40+00:00
MATCH-20260426-00811,SUP-20260426-00811,Dolce & Gabbana,Velvet Desert OUD,,supplier_source,230798,supplier_name_normalisation,0.62,Initial candidate generated from supplier row only. Requires independent verification before approval.,needs_verification,low_supplier_source_only,2026-09-15T23:52:40+00:00
MATCH-20260426-00812,SUP-20260426-00812,Dolce & Gabbana,Velvet Incenso,,supplier_source,343664,supplier_name_normalisation,0.62,Initial candidate generated from supplier row only. Requires independent verification before approval.,needs_verification,low_supplier_source_only,2026-09-15T23:52:40+00:00
MATCH-20260426-00813,SUP-20260426-00813,Dolce & Gabbana,Velvet Incenso,,supplier_source,343664-B,supplier_name_normalisation,0.62,Initial candidate generated from supplier row only. Requires independent verification before approval.,needs_verification,low_supplier_source_only,2026-09-15T23:52:40+00:00
MATCH-20260426-00814,SUP-20260426-00814,Dolce & Gabbana,Velvet Oriental Musk,,supplier_source,462109-A,supplier_name_normalisation,0.62,Initial candidate generated from supplier row only. Requires independent verification before approval.,needs_verification,low_supplier_source_only,2026-09-15T23:52:40+00:00
MATCH-20260426-00815,SUP-20260426-00815,Dolce & Gabbana,Rose The One,,supplier_source,359610,supplier_name_normalisation,0.62,Initial candidate generated from supplier row only. Requires independent verification before approval.,needs_verification,low_supplier_source_only,2026-09-15T23:52:40+00:00
MATCH-20260426-00816,SUP-20260426-00816,Dolce & Gabbana,Light Blue Forever,,supplier_source,343928,supplier_name_normalisation,0.62,Initial candidate generated from supplier row only. Requires independent verification before approval.,needs_verification,low_supplier_source_only,2026-09-15T23:52:40+00:00
MATCH-20260426-00817,SUP-20260426-00817,Dolce & Gabbana,Velvet Black Patchouli,,supplier_source,343953,supplier_name_normalisation,0.62,Initial candidate generated from supplier row only. Requires independent verification before approval.,needs_verification,low_supplier_source_only,2026-09-15T23:52:40+00:00
MATCH-20260426-00818,SUP-20260426-00818,Dolce & Gabbana,Devoution,,supplier_source,240117,supplier_name_normalisation,0.7,Initial candidate generated from supplier row only. Requires independent verification before approval.,needs_verification,low_supplier_source_only,2026-09-15T23:52:40+00:00
MATCH-20260426-00819,SUP-20260426-00819,Dolce & Gabbana,My Devoution Intense,,supplier_source,250248,supplier_name_normalisation,0.7,Initial candidate generated from supplier row only. Requires independent verification before approval.,needs_verification,low_supplier_source_only,2026-09-15T23:52:40+00:00
MATCH-20260426-00820,SUP-20260426-00820,Dolce & Gabbana,D & G The One Woman,,supplier_source,3000189,supplier_name_normalisation,0.7,Initial candidate generated from supplier row only. Requires independent verification before approval.,needs_verification,low_supplier_source_only,2026-09-15T23:52:40+00:00
MATCH-20260426-00821,SUP-20260426-00821,Dolce & Gabbana,D & G The One Man,,supplier_source,240451,supplier_name_normalisation,0.7,Initial candidate generated from supplier row only. Requires independent verification before approval.,needs_verification,low_supplier_source_only,2026-09-15T23:52:40+00:00
MATCH-20260426-00822,SUP-20260426-00822,Dolce & Gabbana,D & G The One Man,,supplier_source,240030,supplier_name_normalisation,0.7,Initial candidate generated from supplier row only. Requires independent verification before approval.,needs_verification,low_supplier_source_only,2026-09-15T23:52:40+00:00
MATCH-20260426-00823,SUP-20260426-00823,Dolce & Gabbana,Grey,,supplier_source,3000190,supplier_name_normalisation,0.7,Initial candidate generated from supplier row only. Requires independent verification before approval.,needs_verification,low_supplier_source_only,2026-09-15T23:52:40+00:00
MATCH-20260426-00824,SUP-20260426-00824,Dolce & Gabbana,Intense Woman,,supplier_source,3000191,supplier_name_normalisation,0.7,Initial candidate generated from supplier row only. Requires independent verification before approval.,needs_verification,low_supplier_source_only,2026-09-15T23:52:40+00:00
MATCH-20260426-00825,SUP-20260426-00825,Dolce & Gabbana,Intenso D & G,,supplier_source,3000192,supplier_name_normalisation,0.7,Initial candidate generated from supplier row only. Requires independent verification before approval.,needs_verification,low_supplier_source_only,2026-09-15T23:52:40+00:00
MATCH-20260426-00826,SUP-20260426-00826,Dolce & Gabbana,K By D & G,,supplier_source,3000193,supplier_name_normalisation,0.7,Initial candidate generated from supplier row only. Requires independent verification before approval.,needs_verification,low_supplier_source_only,2026-09-15T23:52:40+00:00
MATCH-20260426-00827,SUP-20260426-00827,Dolce & Gabbana,Light Blue Love Is Love,,supplier_source,3000194,supplier_name_normalisation,0.7,Initial candidate generated from supplier row only. Requires independent verification before approval.,needs_verification,low_supplier_source_only,2026-09-15T23:52:40+00:00
MATCH-20260426-00828,SUP-20260426-00828,Dolce & Gabbana,Light Blue Woman,,supplier_source,3000195,supplier_name_normalisation,0.7,Initial candidate generated from supplier row only. Requires independent verification before approval.,needs_verification,low_supplier_source_only,2026-09-15T23:52:40+00:00
MATCH-20260426-00829,SUP-20260426-00829,Dolce & Gabbana,The One Mysterious,,supplier_source,3000196,supplier_name_normalisation,0.7,Initial candidate generated from supplier row only. Requires independent verification before approval.,needs_verification,low_supplier_source_only,2026-09-15T23:52:40+00:00
MATCH-20260426-00830,SUP-20260426-00830,Dolce & Gabbana,The Only One,,supplier_source,3000197,supplier_name_normalisation,0.7,Initial candidate generated from supplier row only. Requires independent verification before approval.,needs_verification,low_supplier_source_only,2026-09-15T23:52:40+00:00
MATCH-20260426-00831,SUP-20260426-00831,Dolce & Gabbana,Velvet Desert OUD,,supplier_source,3000198,supplier_name_normalisation,0.7,Initial candidate generated from supplier row only. Requires independent verification before approval.,needs_verification,low_supplier_source_only,2026-09-15T23:52:40+00:00
MATCH-20260426-00832,SUP-20260426-00832,Dolce & Gabbana,Velvet Oriental Musk,,supplier_source,3000199,supplier_name_normalisation,0.7,Initial candidate generated from supplier row only. Requires independent verification before approval.,needs_verification,low_supplier_source_only,2026-09-15T23:52:40+00:00
MATCH-20260426-00833,SUP-20260426-00833,Dolce & Gabbana,Velvet Oriental Musk,,supplier_source,3000200,supplier_name_normalisation,0.7,Initial candidate generated from supplier row only. Requires independent verification before approval.,needs_verification,low_supplier_source_only,2026-09-15T23:52:40+00:00
MATCH-20260426-00834,SUP-20260426-00834,Dolce & Gabbana,Velvet Black Patchouly,,supplier_source,3000201,supplier_name_normalisation,0.7,Initial candidate generated from supplier row only. Requires independent verification before approval.,needs_verification,low_supplier_source_only,2026-09-15T23:52:40+00:00
MATCH-20260426-00835,SUP-20260426-00835,Dolce & Gabbana,L' Imperatrice 2020 Limited,,supplier_source,233468,supplier_name_normalisation,0.62,Initial candidate generated from supplier row only. Requires independent verification before approval.,needs_verification,low_supplier_source_only,2026-09-15T23:52:40+00:00
MATCH-20260426-00836,SUP-20260426-00836,Dolce & Gabbana,Dolce,,supplier_source,231643-A,supplier_name_normalisation,0.62,Initial candidate generated from supplier row only. Requires independent verification before approval.,needs_verification,low_supplier_source_only,2026-09-15T23:52:40+00:00
MATCH-20260426-00837,SUP-20260426-00837,Dolce & Gabbana,The Only Grey,,supplier_source,3000203,supplier_name_normalisation,0.7,Initial candidate generated from supplier row only. Requires independent verification before approval.,needs_verification,low_supplier_source_only,2026-09-15T23:52:40+00:00
MATCH-20260426-00838,SUP-20260426-00838,Dolce & Gabbana,The Only One 2,,supplier_source,3000204,supplier_name_normalisation,0.7,Initial candidate generated from supplier row only. Requires independent verification before approval.,needs_verification,low_supplier_source_only,2026-09-15T23:52:40+00:00
MATCH-20260426-00839,SUP-20260426-00839,Dalah Al Banat,Dalah Al Banat,,supplier_source,3000205,supplier_name_normalisation,0.7,Initial candidate generated from supplier row only. Requires independent verification before approval.,needs_verification,low_supplier_source_only,2026-09-15T23:52:40+00:00
MATCH-20260426-00840,SUP-20260426-00840,Dana,Dana,,supplier_source,3000206,supplier_name_normalisation,0.7,Initial candidate generated from supplier row only. Requires independent verification before approval.,needs_verification,low_supplier_source_only,2026-09-15T23:52:40+00:00
MATCH-20260426-00841,SUP-20260426-00841,Danat Al Duniya,Danat Al Duniya,,supplier_source,3000207,supplier_name_normalisation,0.7,Initial candidate generated from supplier row only. Requires independent verification before approval.,needs_verification,low_supplier_source_only,2026-09-15T23:52:40+00:00
MATCH-20260426-00842,SUP-20260426-00842,Danat Al Duniya,Duniya,,supplier_source,3000208,supplier_name_normalisation,0.7,Initial candidate generated from supplier row only. Requires independent verification before approval.,needs_verification,low_supplier_source_only,2026-09-15T23:52:40+00:00
MATCH-20260426-00843,SUP-20260426-00843,David Beckham,David Beckham Follow Your,,supplier_source,233706-A,supplier_name_normalisation,0.62,Initial candidate generated from supplier row only. Requires independent verification before approval.,needs_verification,low_supplier_source_only,2026-09-15T23:52:40+00:00
MATCH-20260426-00844,SUP-20260426-00844,Davidoff,Cool Water Men,,supplier_source,240399,supplier_name_normalisation,0.7,Initial candidate generated from supplier row only. Requires independent verification before approval.,needs_verification,low_supplier_source_only,2026-09-15T23:52:40+00:00
MATCH-20260426-00845,SUP-20260426-00845,Davidoff,Indigo,,supplier_source,250254,supplier_name_normalisation,0.7,Initial candidate generated from supplier row only. Requires independent verification before approval.,needs_verification,low_supplier_source_only,2026-09-15T23:52:40+00:00
MATCH-20260426-00846,SUP-20260426-00846,Davidoff,Cool Elixir 2025,,supplier_source,250059,supplier_name_normalisation,0.7,Initial candidate generated from supplier row only. Requires independent verification before approval.,needs_verification,low_supplier_source_only,2026-09-15T23:52:40+00:00
MATCH-20260426-00847,SUP-20260426-00847,Davidoff,Cool Water Woman,,supplier_source,694435,supplier_name_normalisation,0.62,Initial candidate generated from supplier row only. Requires independent verification before approval.,needs_verification,low_supplier_source_only,2026-09-15T23:52:40+00:00
MATCH-20260426-00848,SUP-20260426-00848,Davidoff,Cool Water Woman,,supplier_source,341992-A,supplier_name_normalisation,0.62,Initial candidate generated from supplier row only. Requires independent verification before approval.,needs_verification,low_supplier_source_only,2026-09-15T23:52:40+00:00
MATCH-20260426-00849,SUP-20260426-00849,Davidoff,Cool Water Woman,,supplier_source,341992-D,supplier_name_normalisation,0.62,Initial candidate generated from supplier row only. Requires independent verification before approval.,needs_verification,low_supplier_source_only,2026-09-15T23:52:40+00:00
MATCH-20260426-00850,SUP-20260426-00850,Davidoff,Cool Water Woman Blue,,supplier_source,345219-A,supplier_name_normalisation,0.62,Initial candidate generated from supplier row only. Requires independent verification before approval.,needs_verification,low_supplier_source_only,2026-09-15T23:52:40+00:00
MATCH-20260426-00851,SUP-20260426-00851,Davidoff,Cool Water Women,,supplier_source,693252,supplier_name_normalisation,0.62,Initial candidate generated from supplier row only. Requires independent verification before approval.,needs_verification,low_supplier_source_only,2026-09-15T23:52:40+00:00
MATCH-20260426-00852,SUP-20260426-00852,Davidoff,Cool Water Wave Men,,supplier_source,3000209,supplier_name_normalisation,0.7,Initial candidate generated from supplier row only. Requires independent verification before approval.,needs_verification,low_supplier_source_only,2026-09-15T23:52:40+00:00
MATCH-20260426-00853,SUP-20260426-00853,Davidoff,Horizon,,supplier_source,3000210,supplier_name_normalisation,0.7,Initial candidate generated from supplier row only. Requires independent verification before approval.,needs_verification,low_supplier_source_only,2026-09-15T23:52:40+00:00
MATCH-20260426-00854,SUP-20260426-00854,Davidoff,Laether Blend,,supplier_source,3000211,supplier_name_normalisation,0.7,Initial candidate generated from supplier row only. Requires independent verification before approval.,needs_verification,low_supplier_source_only,2026-09-15T23:52:40+00:00
MATCH-20260426-00855,SUP-20260426-00855,Davidoff,Run Wild For Her,,supplier_source,3000212,supplier_name_normalisation,0.7,Initial candidate generated from supplier row only. Requires independent verification before approval.,needs_verification,low_supplier_source_only,2026-09-15T23:52:40+00:00
MATCH-20260426-00856,SUP-20260426-00856,Davidoff,Run Wild For Him,,supplier_source,3000213,supplier_name_normalisation,0.7,Initial candidate generated from supplier row only. Requires independent verification before approval.,needs_verification,low_supplier_source_only,2026-09-15T23:52:40+00:00
MATCH-20260426-00857,SUP-20260426-00857,Davidoff,Wood Blend,,supplier_source,3000214,supplier_name_normalisation,0.7,Initial candidate generated from supplier row only. Requires independent verification before approval.,needs_verification,low_supplier_source_only,2026-09-15T23:52:40+00:00
MATCH-20260426-00858,SUP-20260426-00858,Diesel,Bad Intense,,supplier_source,3000215,supplier_name_normalisation,0.7,Initial candidate generated from supplier row only. Requires independent verification before approval.,needs_verification,low_supplier_source_only,2026-09-15T23:52:40+00:00
MATCH-20260426-00859,SUP-20260426-00859,Diesel,Diesel Only Tattoo,,supplier_source,3000216,supplier_name_normalisation,0.7,Initial candidate generated from supplier row only. Requires independent verification before approval.,needs_verification,low_supplier_source_only,2026-09-15T23:52:40+00:00
MATCH-20260426-00860,SUP-20260426-00860,Diesel,Only The Brave,,supplier_source,3000217,supplier_name_normalisation,0.7,Initial candidate generated from supplier row only. Requires independent verification before approval.,needs_verification,low_supplier_source_only,2026-09-15T23:52:40+00:00
MATCH-20260426-00861,SUP-20260426-00861,Dior,Cuir Saddle,,supplier_source,250474,supplier_name_normalisation,0.7,Initial candidate generated from supplier row only. Requires independent verification before approval.,needs_verification,low_supplier_source_only,2026-09-15T23:52:40+00:00
MATCH-20260426-00862,SUP-20260426-00862,Dior,Sakura,,supplier_source,250411,supplier_name_normalisation,0.7,Initial candidate generated from supplier row only. Requires independent verification before approval.,needs_verification,low_supplier_source_only,2026-09-15T23:52:40+00:00
MATCH-20260426-00863,SUP-20260426-00863,Dior,Miss Dior Essence,,supplier_source,250263,supplier_name_normalisation,0.7,Initial candidate generated from supplier row only. Requires independent verification before approval.,needs_verification,low_supplier_source_only,2026-09-15T23:52:40+00:00
MATCH-20260426-00864,SUP-20260426-00864,Dior,Rose Star,,supplier_source,250166,supplier_name_normalisation,0.7,Initial candidate generated from supplier row only. Requires independent verification before approval.,needs_verification,low_supplier_source_only,2026-09-15T23:52:40+00:00
MATCH-20260426-00865,SUP-20260426-00865,Dior,Sauvage Extreme,,supplier_source,250068,supplier_name_normalisation,0.7,Initial candidate generated from supplier row only. Requires independent verification before approval.,needs_verification,low_supplier_source_only,2026-09-15T23:52:40+00:00
MATCH-20260426-00866,SUP-20260426-00866,Dior,Amber Nuit Esprit,,supplier_source,250020,supplier_name_normalisation,0.7,Initial candidate generated from supplier row only. Requires independent verification before approval.,needs_verification,low_supplier_source_only,2026-09-15T23:52:40+00:00
MATCH-20260426-00867,SUP-20260426-00867,Dior,Eau Sauvage,,supplier_source,250005,supplier_name_normalisation,0.7,Initial candidate generated from supplier row only. Requires independent verification before approval.,needs_verification,low_supplier_source_only,2026-09-15T23:52:40+00:00
MATCH-20260426-00868,SUP-20260426-00868,Dior,Bois Talisman,,supplier_source,240966,supplier_name_normalisation,0.7,Initial candidate generated from supplier row only. Requires independent verification before approval.,needs_verification,low_supplier_source_only,2026-09-15T23:52:40+00:00
MATCH-20260426-00869,SUP-20260426-00869,Dior,Lucky,,supplier_source,240923,supplier_name_normalisation,0.7,Initial candidate generated from supplier row only. Requires independent verification before approval.,needs_verification,low_supplier_source_only,2026-09-15T23:52:40+00:00
MATCH-20260426-00870,SUP-20260426-00870,Dior,Rouge Trafalgar Esprit De Parfume,,supplier_source,240908,supplier_name_normalisation,0.7,Initial candidate generated from supplier row only. Requires independent verification before approval.,needs_verification,low_supplier_source_only,2026-09-15T23:52:40+00:00
MATCH-20260426-00871,SUP-20260426-00871,Dior,Only The Brave Street,,supplier_source,3000218,supplier_name_normalisation,0.7,Initial candidate generated from supplier row only. Requires independent verification before approval.,needs_verification,low_supplier_source_only,2026-09-15T23:52:40+00:00
MATCH-20260426-00872,SUP-20260426-00872,Dior,Homme Intense 2025,,supplier_source,240755,supplier_name_normalisation,0.7,Initial candidate generated from supplier row only. Requires independent verification before approval.,needs_verification,low_supplier_source_only,2026-09-15T23:52:40+00:00
MATCH-20260426-00873,SUP-20260426-00873,Dior,Gris Dior Esprit De Parfum,,supplier_source,240639,supplier_name_normalisation,0.7,Initial candidate generated from supplier row only. Requires independent verification before approval.,needs_verification,low_supplier_source_only,2026-09-15T23:52:40+00:00
MATCH-20260426-00874,SUP-20260426-00874,Dior,Sauvage Eau Forte,,supplier_source,240570,supplier_name_normalisation,0.7,Initial candidate generated from supplier row only. Requires independent verification before approval.,needs_verification,low_supplier_source_only,2026-09-15T23:52:40+00:00
MATCH-20260426-00875,SUP-20260426-00875,Dior,Homme Parfum,,supplier_source,240449,supplier_name_normalisation,0.7,Initial candidate generated from supplier row only. Requires independent verification before approval.,needs_verification,low_supplier_source_only,2026-09-15T23:52:40+00:00
MATCH-20260426-00876,SUP-20260426-00876,Dior,Forever And Ever,,supplier_source,240358,supplier_name_normalisation,0.7,Initial candidate generated from supplier row only. Requires independent verification before approval.,needs_verification,low_supplier_source_only,2026-09-15T23:52:40+00:00
MATCH-20260426-00877,SUP-20260426-00877,Dior,Miss Dior Rose N Roses,,supplier_source,240323,supplier_name_normalisation,0.7,Initial candidate generated from supplier row only. Requires independent verification before approval.,needs_verification,low_supplier_source_only,2026-09-15T23:52:40+00:00
MATCH-20260426-00878,SUP-20260426-00878,Dior,Miss Dior Parfum 2024,,supplier_source,240201,supplier_name_normalisation,0.7,Initial candidate generated from supplier row only. Requires independent verification before approval.,needs_verification,low_supplier_source_only,2026-09-15T23:52:40+00:00
MATCH-20260426-00879,SUP-20260426-00879,Dior,New Look 2024,,supplier_source,240161,supplier_name_normalisation,0.7,Initial candidate generated from supplier row only. Requires independent verification before approval.,needs_verification,low_supplier_source_only,2026-09-15T23:52:40+00:00
MATCH-20260426-00880,SUP-20260426-00880,Dior,Gris Montaigne,,supplier_source,4000064-A,supplier_name_normalisation,0.62,Initial candidate generated from supplier row only. Requires independent verification before approval.,needs_verification,low_supplier_source_only,2026-09-15T23:52:40+00:00
MATCH-20260426-00881,SUP-20260426-00881,Dior,Holy Peony,,supplier_source,233686,supplier_name_normalisation,0.62,Initial candidate generated from supplier row only. Requires independent verification before approval.,needs_verification,low_supplier_source_only,2026-09-15T23:52:40+00:00
MATCH-20260426-00882,SUP-20260426-00882,Dior,Miss Dior Cherie,,supplier_source,236522-B,supplier_name_normalisation,0.62,Initial candidate generated from supplier row only. Requires independent verification before approval.,needs_verification,low_supplier_source_only,2026-09-15T23:52:40+00:00
MATCH-20260426-00883,SUP-20260426-00883,Dior,Purple OUD,,supplier_source,343675-T,supplier_name_normalisation,0.62,Initial candidate generated from supplier row only. Requires independent verification before approval.,needs_verification,low_supplier_source_only,2026-09-15T23:52:40+00:00
MATCH-20260426-00884,SUP-20260426-00884,Dior,Purple OUD,,supplier_source,343675,supplier_name_normalisation,0.62,Initial candidate generated from supplier row only. Requires independent verification before approval.,needs_verification,low_supplier_source_only,2026-09-15T23:52:40+00:00
MATCH-20260426-00885,SUP-20260426-00885,Dior,Sauvage,,supplier_source,342272-T,supplier_name_normalisation,0.62,Initial candidate generated from supplier row only. Requires independent verification before approval.,needs_verification,low_supplier_source_only,2026-09-15T23:52:40+00:00
MATCH-20260426-00886,SUP-20260426-00886,Dior,Homme Colonge 2022,,supplier_source,240249,supplier_name_normalisation,0.7,Initial candidate generated from supplier row only. Requires independent verification before approval.,needs_verification,low_supplier_source_only,2026-09-15T23:52:40+00:00
MATCH-20260426-00887,SUP-20260426-00887,Dior,Homme 2020,,supplier_source,240193,supplier_name_normalisation,0.7,Initial candidate generated from supplier row only. Requires independent verification before approval.,needs_verification,low_supplier_source_only,2026-09-15T23:52:40+00:00
MATCH-20260426-00888,SUP-20260426-00888,Dior,OUD Rosewood,,supplier_source,240832,supplier_name_normalisation,0.7,Initial candidate generated from supplier row only. Requires independent verification before approval.,needs_verification,low_supplier_source_only,2026-09-15T23:52:40+00:00
MATCH-20260426-00889,SUP-20260426-00889,Dior,Sauvage,,supplier_source,342272,supplier_name_normalisation,0.62,Initial candidate generated from supplier row only. Requires independent verification before approval.,needs_verification,low_supplier_source_only,2026-09-15T23:52:40+00:00
MATCH-20260426-00890,SUP-20260426-00890,Dior,Sauvage LZ,,supplier_source,342272-A,supplier_name_normalisation,0.62,Initial candidate generated from supplier row only. Requires independent verification before approval.,needs_verification,low_supplier_source_only,2026-09-15T23:52:40+00:00
MATCH-20260426-00891,SUP-20260426-00891,Dior,Tobacolor,,supplier_source,240400,supplier_name_normalisation,0.7,Initial candidate generated from supplier row only. Requires independent verification before approval.,needs_verification,low_supplier_source_only,2026-09-15T23:52:40+00:00
MATCH-20260426-00892,SUP-20260426-00892,Dior,Vanilla Diorama,,supplier_source,336037,supplier_name_normalisation,0.62,Initial candidate generated from supplier row only. Requires independent verification before approval.,needs_verification,low_supplier_source_only,2026-09-15T23:52:40+00:00
MATCH-20260426-00893,SUP-20260426-00893,Dior,Sauvage Elixir,,supplier_source,343920,supplier_name_normalisation,0.62,Initial candidate generated from supplier row only. Requires independent verification before approval.,needs_verification,low_supplier_source_only,2026-09-15T23:52:40+00:00
MATCH-20260426-00894,SUP-20260426-00894,Dior,Sauvage Elixir,,supplier_source,343920-A,supplier_name_normalisation,0.62,Initial candidate generated from supplier row only. Requires independent verification before approval.,needs_verification,low_supplier_source_only,2026-09-15T23:52:40+00:00
MATCH-20260426-00895,SUP-20260426-00895,Dior,Jadore LZ,,supplier_source,353495,supplier_name_normalisation,0.62,Initial candidate generated from supplier row only. Requires independent verification before approval.,needs_verification,low_supplier_source_only,2026-09-15T23:52:40+00:00
MATCH-20260426-00896,SUP-20260426-00896,Dior,Jadore,,supplier_source,250319,supplier_name_normalisation,0.7,Initial candidate generated from supplier row only. Requires independent verification before approval.,needs_verification,low_supplier_source_only,2026-09-15T23:52:40+00:00
MATCH-20260426-00897,SUP-20260426-00897,Dior,Sauvage Elixir,,supplier_source,343920-T,supplier_name_normalisation,0.62,Initial candidate generated from supplier row only. Requires independent verification before approval.,needs_verification,low_supplier_source_only,2026-09-15T23:52:40+00:00
MATCH-20260426-00898,SUP-20260426-00898,Dior,Patchouli Elixir Precieux,,supplier_source,504019,supplier_name_normalisation,0.62,Initial candidate generated from supplier row only. Requires independent verification before approval.,needs_verification,low_supplier_source_only,2026-09-15T23:52:40+00:00
MATCH-20260426-00899,SUP-20260426-00899,Dior,Miss Dior Rose Essence,,supplier_source,233115-T,supplier_name_normalisation,0.62,Initial candidate generated from supplier row only. Requires independent verification before approval.,needs_verification,low_supplier_source_only,2026-09-15T23:52:40+00:00
MATCH-20260426-00900,SUP-20260426-00900,Dior,Addict,,supplier_source,240324,supplier_name_normalisation,0.7,Initial candidate generated from supplier row only. Requires independent verification before approval.,needs_verification,low_supplier_source_only,2026-09-15T23:52:40+00:00
MATCH-20260426-00901,SUP-20260426-00901,Dior,Miss Dior,,supplier_source,250049,supplier_name_normalisation,0.7,Initial candidate generated from supplier row only. Requires independent verification before approval.,needs_verification,low_supplier_source_only,2026-09-15T23:52:40+00:00
MATCH-20260426-00902,SUP-20260426-00902,Dior,Miss Dior,,supplier_source,693266,supplier_name_normalisation,0.62,Initial candidate generated from supplier row only. Requires independent verification before approval.,needs_verification,low_supplier_source_only,2026-09-15T23:52:40+00:00
MATCH-20260426-00903,SUP-20260426-00903,Dior,Poison,,supplier_source,693255,supplier_name_normalisation,0.62,Initial candidate generated from supplier row only. Requires independent verification before approval.,needs_verification,low_supplier_source_only,2026-09-15T23:52:40+00:00
MATCH-20260426-00904,SUP-20260426-00904,Dior,OUD Ispahan,,supplier_source,240057,supplier_name_normalisation,0.7,Initial candidate generated from supplier row only. Requires independent verification before approval.,needs_verification,low_supplier_source_only,2026-09-15T23:52:40+00:00
MATCH-20260426-00905,SUP-20260426-00905,Dior,Amber Nuit,,supplier_source,240919,supplier_name_normalisation,0.7,Initial candidate generated from supplier row only. Requires independent verification before approval.,needs_verification,low_supplier_source_only,2026-09-15T23:52:40+00:00
MATCH-20260426-00906,SUP-20260426-00906,Dior,Dior Homme Intense,,supplier_source,240031,supplier_name_normalisation,0.45,Initial candidate generated from supplier row only. Requires independent verification before approval.,needs_verification,low_supplier_source_only,2026-09-15T23:52:40+00:00
MATCH-20260426-00907,SUP-20260426-00907,Dior,Fahrenheit,,supplier_source,240316,supplier_name_normalisation,0.7,Initial candidate generated from supplier row only. Requires independent verification before approval.,needs_verification,low_supplier_source_only,2026-09-15T23:52:40+00:00
MATCH-20260426-00908,SUP-20260426-00908,Dior,Gris,,supplier_source,240086,supplier_name_normalisation,0.7,Initial candidate generated from supplier row only. Requires independent verification before approval.,needs_verification,low_supplier_source_only,2026-09-15T23:52:40+00:00
MATCH-20260426-00909,SUP-20260426-00909,Dior,Gris Montaigne,,supplier_source,3000220,supplier_name_normalisation,0.7,Initial candidate generated from supplier row only. Requires independent verification before approval.,needs_verification,low_supplier_source_only,2026-09-15T23:52:40+00:00
MATCH-20260426-00910,SUP-20260426-00910,Dior,Hypnotic Poison,,supplier_source,240384,supplier_name_normalisation,0.7,Initial candidate generated from supplier row only. Requires independent verification before approval.,needs_verification,low_supplier_source_only,2026-09-15T23:52:40+00:00
MATCH-20260426-00911,SUP-20260426-00911,Dior,J Adore,,supplier_source,3000221,supplier_name_normalisation,0.7,Initial candidate generated from supplier row only. Requires independent verification before approval.,needs_verification,low_supplier_source_only,2026-09-15T23:52:40+00:00
MATCH-20260426-00912,SUP-20260426-00912,Dior,Joy,,supplier_source,3000222,supplier_name_normalisation,0.7,Initial candidate generated from supplier row only. Requires independent verification before approval.,needs_verification,low_supplier_source_only,2026-09-15T23:52:40+00:00
MATCH-20260426-00913,SUP-20260426-00913,Dior,Miss Dior N Roses,,supplier_source,3000223,supplier_name_normalisation,0.7,Initial candidate generated from supplier row only. Requires independent verification before approval.,needs_verification,low_supplier_source_only,2026-09-15T23:52:40+00:00
MATCH-20260426-00914,SUP-20260426-00914,Dior,Poison Girl,,supplier_source,3000224,supplier_name_normalisation,0.7,Initial candidate generated from supplier row only. Requires independent verification before approval.,needs_verification,low_supplier_source_only,2026-09-15T23:52:40+00:00
MATCH-20260426-00915,SUP-20260426-00915,Dior,Poison Girl Unexpected,,supplier_source,3000225,supplier_name_normalisation,0.7,Initial candidate generated from supplier row only. Requires independent verification before approval.,needs_verification,low_supplier_source_only,2026-09-15T23:52:40+00:00
MATCH-20260426-00916,SUP-20260426-00916,Dior,Pure Poison,,supplier_source,250150,supplier_name_normalisation,0.7,Initial candidate generated from supplier row only. Requires independent verification before approval.,needs_verification,low_supplier_source_only,2026-09-15T23:52:40+00:00
MATCH-20260426-00917,SUP-20260426-00917,Dior,Purple OUD,,supplier_source,3000227,supplier_name_normalisation,0.7,Initial candidate generated from supplier row only. Requires independent verification before approval.,needs_verification,low_supplier_source_only,2026-09-15T23:52:40+00:00
MATCH-20260426-00918,SUP-20260426-00918,Dior,Homme Intense,,supplier_source,240031,supplier_name_normalisation,0.45,Initial candidate generated from supplier row only. Requires independent verification before approval.,needs_verification,low_supplier_source_only,2026-09-15T23:52:40+00:00
MATCH-20260426-00919,SUP-20260426-00919,Dior,Sauvage EDP,,supplier_source,3000228,supplier_name_normalisation,0.7,Initial candidate generated from supplier row only. Requires independent verification before approval.,needs_verification,low_supplier_source_only,2026-09-15T23:52:40+00:00
MATCH-20260426-00920,SUP-20260426-00920,Dior,Sauvage Very Cool Spray,,supplier_source,3000229,supplier_name_normalisation,0.7,Initial candidate generated from supplier row only. Requires independent verification before approval.,needs_verification,low_supplier_source_only,2026-09-15T23:52:40+00:00
MATCH-20260426-00921,SUP-20260426-00921,Dior,OUD Rosewood,,supplier_source,3000230,supplier_name_normalisation,0.7,Initial candidate generated from supplier row only. Requires independent verification before approval.,needs_verification,low_supplier_source_only,2026-09-15T23:52:40+00:00
MATCH-20260426-00922,SUP-20260426-00922,Dior,Rouge Trafalgar,,supplier_source,240543,supplier_name_normalisation,0.7,Initial candidate generated from supplier row only. Requires independent verification before approval.,needs_verification,low_supplier_source_only,2026-09-15T23:52:40+00:00
MATCH-20260426-00923,SUP-20260426-00923,Dior,Sauvage,,supplier_source,240019,supplier_name_normalisation,0.7,Initial candidate generated from supplier row only. Requires independent verification before approval.,needs_verification,low_supplier_source_only,2026-09-15T23:52:40+00:00
MATCH-20260426-00924,SUP-20260426-00924,Dior,Eden Roc,,supplier_source,3000231,supplier_name_normalisation,0.7,Initial candidate generated from supplier row only. Requires independent verification before approval.,needs_verification,low_supplier_source_only,2026-09-15T23:52:40+00:00
MATCH-20260426-00925,SUP-20260426-00925,Dior,Santal Noir,,supplier_source,3000232,supplier_name_normalisation,0.7,Initial candidate generated from supplier row only. Requires independent verification before approval.,needs_verification,low_supplier_source_only,2026-09-15T23:52:40+00:00
MATCH-20260426-00926,SUP-20260426-00926,Dior,Sauvage Elixir,,supplier_source,240026,supplier_name_normalisation,0.7,Initial candidate generated from supplier row only. Requires independent verification before approval.,needs_verification,low_supplier_source_only,2026-09-15T23:52:40+00:00
MATCH-20260426-00927,SUP-20260426-00927,Dior,Sauvage Elixir,,supplier_source,240011,supplier_name_normalisation,0.7,Initial candidate generated from supplier row only. Requires independent verification before approval.,needs_verification,low_supplier_source_only,2026-09-15T23:52:40+00:00
MATCH-20260426-00928,SUP-20260426-00928,Dior,Leather OUD,,supplier_source,3000233,supplier_name_normalisation,0.7,Initial candidate generated from supplier row only. Requires independent verification before approval.,needs_verification,low_supplier_source_only,2026-09-15T23:52:40+00:00
MATCH-20260426-00929,SUP-20260426-00929,Dior,Miss Dior Blooming Bouquet 2023,,supplier_source,240152,supplier_name_normalisation,0.7,Initial candidate generated from supplier row only. Requires independent verification before approval.,needs_verification,low_supplier_source_only,2026-09-15T23:52:40+00:00
MATCH-20260426-00930,SUP-20260426-00930,Dior,Bois D' Argent,,supplier_source,240139,supplier_name_normalisation,0.7,Initial candidate generated from supplier row only. Requires independent verification before approval.,needs_verification,low_supplier_source_only,2026-09-15T23:52:40+00:00
MATCH-20260426-00931,SUP-20260426-00931,Dior,Dior Homme Sport 2021,,supplier_source,240250,supplier_name_normalisation,0.7,Initial candidate generated from supplier row only. Requires independent verification before approval.,needs_verification,low_supplier_source_only,2026-09-15T23:52:40+00:00
MATCH-20260426-00932,SUP-20260426-00932,Dior,Sauvage,,supplier_source,3000234,supplier_name_normalisation,0.7,Initial candidate generated from supplier row only. Requires independent verification before approval.,needs_verification,low_supplier_source_only,2026-09-15T23:52:40+00:00
MATCH-20260426-00933,SUP-20260426-00933,Diptyque,Do Son,,supplier_source,240276,supplier_name_normalisation,0.7,Initial candidate generated from supplier row only. Requires independent verification before approval.,needs_verification,low_supplier_source_only,2026-09-15T23:52:40+00:00
MATCH-20260426-00934,SUP-20260426-00934,Diptique,Orpheon,,supplier_source,250442,supplier_name_normalisation,0.7,Initial candidate generated from supplier row only. Requires independent verification before approval.,needs_verification,low_supplier_source_only,2026-09-15T23:52:40+00:00
MATCH-20260426-00935,SUP-20260426-00935,Diptique,Lazulio,,supplier_source,250394,supplier_name_normalisation,0.7,Initial candidate generated from supplier row only. Requires independent verification before approval.,needs_verification,low_supplier_source_only,2026-09-15T23:52:40+00:00
MATCH-20260426-00936,SUP-20260426-00936,Diptique,L Eau Papier,,supplier_source,250031,supplier_name_normalisation,0.7,Initial candidate generated from supplier row only. Requires independent verification before approval.,needs_verification,low_supplier_source_only,2026-09-15T23:52:40+00:00
MATCH-20260426-00937,SUP-20260426-00937,Diptique,Tam Dao,,supplier_source,160854,supplier_name_normalisation,0.62,Initial candidate generated from supplier row only. Requires independent verification before approval.,needs_verification,low_supplier_source_only,2026-09-15T23:52:40+00:00
MATCH-20260426-00938,SUP-20260426-00938,Diptyque,Tam Dao,,supplier_source,240120,supplier_name_normalisation,0.7,Initial candidate generated from supplier row only. Requires independent verification before approval.,needs_verification,low_supplier_source_only,2026-09-15T23:52:40+00:00
MATCH-20260426-00939,SUP-20260426-00939,Diptique,Volutes Eau De Parfum,,supplier_source,233425,supplier_name_normalisation,0.62,Initial candidate generated from supplier row only. Requires independent verification before approval.,needs_verification,low_supplier_source_only,2026-09-15T23:52:40+00:00
MATCH-20260426-00940,SUP-20260426-00940,Diptyque,Fluer De Peau EDP,,supplier_source,240401,supplier_name_normalisation,0.7,Initial candidate generated from supplier row only. Requires independent verification before approval.,needs_verification,low_supplier_source_only,2026-09-15T23:52:40+00:00
MATCH-20260426-00941,SUP-20260426-00941,Donna,Trussardi Donna,,supplier_source,3000235,supplier_name_normalisation,0.7,Initial candidate generated from supplier row only. Requires independent verification before approval.,needs_verification,low_supplier_source_only,2026-09-15T23:52:40+00:00
MATCH-20260426-00942,SUP-20260426-00942,Ds & Durga,Steamed Rainbow,,supplier_source,48O8DF,supplier_name_normalisation,0.7,Initial candidate generated from supplier row only. Requires independent verification before approval.,needs_verification,low_supplier_source_only,2026-09-15T23:52:40+00:00
MATCH-20260426-00943,SUP-20260426-00943,Dsquared,Wood For Her,,supplier_source,503568,supplier_name_normalisation,0.62,Initial candidate generated from supplier row only. Requires independent verification before approval.,needs_verification,low_supplier_source_only,2026-09-15T23:52:40+00:00
MATCH-20260426-00944,SUP-20260426-00944,Dsquared,Wood For Him,,supplier_source,233631,supplier_name_normalisation,0.62,Initial candidate generated from supplier row only. Requires independent verification before approval.,needs_verification,low_supplier_source_only,2026-09-15T23:52:40+00:00
MATCH-20260426-00945,SUP-20260426-00945,Dua Al Zannah,Dua Al Zannah Gr,,supplier_source,3000236,supplier_name_normalisation,0.7,Initial candidate generated from supplier row only. Requires independent verification before approval.,needs_verification,low_supplier_source_only,2026-09-15T23:52:40+00:00
MATCH-20260426-00946,SUP-20260426-00946,Dunhill,Icon Elite,,supplier_source,250417,supplier_name_normalisation,0.7,Initial candidate generated from supplier row only. Requires independent verification before approval.,needs_verification,low_supplier_source_only,2026-09-15T23:52:40+00:00
MATCH-20260426-00947,SUP-20260426-00947,Dunhill,Icon Absolute,,supplier_source,240838,supplier_name_normalisation,0.7,Initial candidate generated from supplier row only. Requires independent verification before approval.,needs_verification,low_supplier_source_only,2026-09-15T23:52:40+00:00
MATCH-20260426-00948,SUP-20260426-00948,Dunhill,Desire For Men,,supplier_source,354414-B,supplier_name_normalisation,0.62,Initial candidate generated from supplier row only. Requires independent verification before approval.,needs_verification,low_supplier_source_only,2026-09-15T23:52:40+00:00
MATCH-20260426-00949,SUP-20260426-00949,Dunhill,Dunhill Desire Blue,,supplier_source,240806,supplier_name_normalisation,0.7,Initial candidate generated from supplier row only. Requires independent verification before approval.,needs_verification,low_supplier_source_only,2026-09-15T23:52:40+00:00
MATCH-20260426-00950,SUP-20260426-00950,Dunhill,Desire For Men,,supplier_source,3000237,supplier_name_normalisation,0.7,Initial candidate generated from supplier row only. Requires independent verification before approval.,needs_verification,low_supplier_source_only,2026-09-15T23:52:40+00:00
MATCH-20260426-00951,SUP-20260426-00951,Dunhill,Dunhill Fresh,,supplier_source,240807,supplier_name_normalisation,0.7,Initial candidate generated from supplier row only. Requires independent verification before approval.,needs_verification,low_supplier_source_only,2026-09-15T23:52:40+00:00
MATCH-20260426-00952,SUP-20260426-00952,Dunhill,Dunhill Icon Man,,supplier_source,240158,supplier_name_normalisation,0.7,Initial candidate generated from supplier row only. Requires independent verification before approval.,needs_verification,low_supplier_source_only,2026-09-15T23:52:40+00:00
MATCH-20260426-00953,SUP-20260426-00953,Dunhill,Sentury By Alfred,,supplier_source,3000239,supplier_name_normalisation,0.7,Initial candidate generated from supplier row only. Requires independent verification before approval.,needs_verification,low_supplier_source_only,2026-09-15T23:52:40+00:00
MATCH-20260426-00954,SUP-20260426-00954,Dynasty Of,Mister,,supplier_source,503439,supplier_name_normalisation,0.62,Initial candidate generated from supplier row only. Requires independent verification before approval.,needs_verification,low_supplier_source_only,2026-09-15T23:52:40+00:00
MATCH-20260426-00955,SUP-20260426-00955,Etat Libre D Orange,You Or Someone Like You,,supplier_source,250363,supplier_name_normalisation,0.7,Initial candidate generated from supplier row only. Requires independent verification before approval.,needs_verification,low_supplier_source_only,2026-09-15T23:52:40+00:00
MATCH-20260426-00956,SUP-20260426-00956,Etat Libre D Orange,Nostos,,supplier_source,250250,supplier_name_normalisation,0.7,Initial candidate generated from supplier row only. Requires independent verification before approval.,needs_verification,low_supplier_source_only,2026-09-15T23:52:40+00:00
MATCH-20260426-00957,SUP-20260426-00957,Emirates Pride,Midnight Glow,,supplier_source,250024,supplier_name_normalisation,0.7,Initial candidate generated from supplier row only. Requires independent verification before approval.,needs_verification,low_supplier_source_only,2026-09-15T23:52:40+00:00
MATCH-20260426-00958,SUP-20260426-00958,Egyptian,Ashak Al OUD Bkh,,supplier_source,3000240,supplier_name_normalisation,0.7,Initial candidate generated from supplier row only. Requires independent verification before approval.,needs_verification,low_supplier_source_only,2026-09-15T23:52:40+00:00
MATCH-20260426-00959,SUP-20260426-00959,Egyptian,Bakhoor Spicy Rose,,supplier_source,3000241,supplier_name_normalisation,0.7,Initial candidate generated from supplier row only. Requires independent verification before approval.,needs_verification,low_supplier_source_only,2026-09-15T23:52:40+00:00
MATCH-20260426-00960,SUP-20260426-00960,Egyptian,Bakhoor Spicy Wind,,supplier_source,3000242,supplier_name_normalisation,0.7,Initial candidate generated from supplier row only. Requires independent verification before approval.,needs_verification,low_supplier_source_only,2026-09-15T23:52:40+00:00
MATCH-20260426-00961,SUP-20260426-00961,Egyptian,Blue Bakhoor,,supplier_source,3000243,supplier_name_normalisation,0.7,Initial candidate generated from supplier row only. Requires independent verification before approval.,needs_verification,low_supplier_source_only,2026-09-15T23:52:40+00:00
MATCH-20260426-00962,SUP-20260426-00962,Egyptian,Mangala Bleu,,supplier_source,3000244,supplier_name_normalisation,0.7,Initial candidate generated from supplier row only. Requires independent verification before approval.,needs_verification,low_supplier_source_only,2026-09-15T23:52:40+00:00
MATCH-20260426-00963,SUP-20260426-00963,Electimuss,Patchouli Of The Underworld,,supplier_source,3000245,supplier_name_normalisation,0.7,Initial candidate generated from supplier row only. Requires independent verification before approval.,needs_verification,low_supplier_source_only,2026-09-15T23:52:40+00:00
MATCH-20260426-00964,SUP-20260426-00964,Elie Saab,Elixir Love,,supplier_source,250073,supplier_name_normalisation,0.7,Initial candidate generated from supplier row only. Requires independent verification before approval.,needs_verification,low_supplier_source_only,2026-09-15T23:52:40+00:00
MATCH-20260426-00965,SUP-20260426-00965,Elie Saab,Girl Of Now,,supplier_source,240650,supplier_name_normalisation,0.7,Initial candidate generated from supplier row only. Requires independent verification before approval.,needs_verification,low_supplier_source_only,2026-09-15T23:52:40+00:00
MATCH-20260426-00966,SUP-20260426-00966,Elie Saab,Nuit Noor,,supplier_source,232958,supplier_name_normalisation,0.62,Initial candidate generated from supplier row only. Requires independent verification before approval.,needs_verification,low_supplier_source_only,2026-09-15T23:52:40+00:00
MATCH-20260426-00967,SUP-20260426-00967,Elie Saab,Ellie Saab,,supplier_source,3000246,supplier_name_normalisation,0.7,Initial candidate generated from supplier row only. Requires independent verification before approval.,needs_verification,low_supplier_source_only,2026-09-15T23:52:40+00:00
MATCH-20260426-00968,SUP-20260426-00968,Elie Saab,Le Parfum,,supplier_source,240834,supplier_name_normalisation,0.7,Initial candidate generated from supplier row only. Requires independent verification before approval.,needs_verification,low_supplier_source_only,2026-09-15T23:52:40+00:00
MATCH-20260426-00969,SUP-20260426-00969,Elizabeth Arden,5th Avenue,,supplier_source,3000248,supplier_name_normalisation,0.7,Initial candidate generated from supplier row only. Requires independent verification before approval.,needs_verification,low_supplier_source_only,2026-09-15T23:52:40+00:00
MATCH-20260426-00970,SUP-20260426-00970,Ellie Saab,Le Parfume Essentiel,,supplier_source,3000249,supplier_name_normalisation,0.7,Initial candidate generated from supplier row only. Requires independent verification before approval.,needs_verification,low_supplier_source_only,2026-09-15T23:52:40+00:00
MATCH-20260426-00971,SUP-20260426-00971,Escada,Taj Sunset,,supplier_source,340188,supplier_name_normalisation,0.62,Initial candidate generated from supplier row only. Requires independent verification before approval.,needs_verification,low_supplier_source_only,2026-09-15T23:52:40+00:00
MATCH-20260426-00972,SUP-20260426-00972,Escada,Moon Sparkle,,supplier_source,337081,supplier_name_normalisation,0.62,Initial candidate generated from supplier row only. Requires independent verification before approval.,needs_verification,low_supplier_source_only,2026-09-15T23:52:40+00:00
MATCH-20260426-00973,SUP-20260426-00973,Escada,Moon Woman,,supplier_source,693256,supplier_name_normalisation,0.62,Initial candidate generated from supplier row only. Requires independent verification before approval.,needs_verification,low_supplier_source_only,2026-09-15T23:52:40+00:00
MATCH-20260426-00974,SUP-20260426-00974,Escada,Cherry In The Air,,supplier_source,3000250,supplier_name_normalisation,0.7,Initial candidate generated from supplier row only. Requires independent verification before approval.,needs_verification,low_supplier_source_only,2026-09-15T23:52:40+00:00
MATCH-20260426-00975,SUP-20260426-00975,Escada,Escada Callection,,supplier_source,3000251,supplier_name_normalisation,0.7,Initial candidate generated from supplier row only. Requires independent verification before approval.,needs_verification,low_supplier_source_only,2026-09-15T23:52:40+00:00
MATCH-20260426-00976,SUP-20260426-00976,Escada,Escada Island Kiss,,supplier_source,3000252,supplier_name_normalisation,0.7,Initial candidate generated from supplier row only. Requires independent verification before approval.,needs_verification,low_supplier_source_only,2026-09-15T23:52:40+00:00
MATCH-20260426-00977,SUP-20260426-00977,Escada,Escada Moon New Wo,,supplier_source,3000253,supplier_name_normalisation,0.7,Initial candidate generated from supplier row only. Requires independent verification before approval.,needs_verification,low_supplier_source_only,2026-09-15T23:52:40+00:00
MATCH-20260426-00978,SUP-20260426-00978,Escada,Escada Speciality Alekser,,supplier_source,3000254,supplier_name_normalisation,0.7,Initial candidate generated from supplier row only. Requires independent verification before approval.,needs_verification,low_supplier_source_only,2026-09-15T23:52:40+00:00
MATCH-20260426-00979,SUP-20260426-00979,Escada,Escada Sunset Heat( M),,supplier_source,3000255,supplier_name_normalisation,0.7,Initial candidate generated from supplier row only. Requires independent verification before approval.,needs_verification,low_supplier_source_only,2026-09-15T23:52:40+00:00
MATCH-20260426-00980,SUP-20260426-00980,Escada,Escada Taj,,supplier_source,3000256,supplier_name_normalisation,0.7,Initial candidate generated from supplier row only. Requires independent verification before approval.,needs_verification,low_supplier_source_only,2026-09-15T23:52:40+00:00
MATCH-20260426-00981,SUP-20260426-00981,Escada,Fiesta Carioca,,supplier_source,3000257,supplier_name_normalisation,0.7,Initial candidate generated from supplier row only. Requires independent verification before approval.,needs_verification,low_supplier_source_only,2026-09-15T23:52:40+00:00
MATCH-20260426-00982,SUP-20260426-00982,Escada,Magnetism,,supplier_source,3000258,supplier_name_normalisation,0.7,Initial candidate generated from supplier row only. Requires independent verification before approval.,needs_verification,low_supplier_source_only,2026-09-15T23:52:40+00:00
MATCH-20260426-00983,SUP-20260426-00983,Escada,Miami Blossom,,supplier_source,3000259,supplier_name_normalisation,0.7,Initial candidate generated from supplier row only. Requires independent verification before approval.,needs_verification,low_supplier_source_only,2026-09-15T23:52:40+00:00
MATCH-20260426-00984,SUP-20260426-00984,Escada,Sexy Grafi Escada,,supplier_source,3000260,supplier_name_normalisation,0.7,Initial candidate generated from supplier row only. Requires independent verification before approval.,needs_verification,low_supplier_source_only,2026-09-15T23:52:40+00:00
MATCH-20260426-00985,SUP-20260426-00985,Escada,Turquoise Summer Escada,,supplier_source,3000261,supplier_name_normalisation,0.7,Initial candidate generated from supplier row only. Requires independent verification before approval.,needs_verification,low_supplier_source_only,2026-09-15T23:52:40+00:00
MATCH-20260426-00986,SUP-20260426-00986,Escafawa Tr,Escafawa Tr,,supplier_source,3000262,supplier_name_normalisation,0.7,Initial candidate generated from supplier row only. Requires independent verification before approval.,needs_verification,low_supplier_source_only,2026-09-15T23:52:40+00:00
MATCH-20260426-00987,SUP-20260426-00987,Escentric,Escentric 02 Extrait,,supplier_source,250261,supplier_name_normalisation,0.7,Initial candidate generated from supplier row only. Requires independent verification before approval.,needs_verification,low_supplier_source_only,2026-09-15T23:52:40+00:00
MATCH-20260426-00988,SUP-20260426-00988,Escentric,Molecule 01 + Mandarin,,supplier_source,680231,supplier_name_normalisation,0.62,Initial candidate generated from supplier row only. Requires independent verification before approval.,needs_verification,low_supplier_source_only,2026-09-15T23:52:40+00:00
MATCH-20260426-00989,SUP-20260426-00989,Escentric,Molecule 01 + Iris LZ,,supplier_source,580215,supplier_name_normalisation,0.62,Initial candidate generated from supplier row only. Requires independent verification before approval.,needs_verification,low_supplier_source_only,2026-09-15T23:52:40+00:00
MATCH-20260426-00990,SUP-20260426-00990,Escentric,Molecule 01 + Patchoul LZ,,supplier_source,580214,supplier_name_normalisation,0.62,Initial candidate generated from supplier row only. Requires independent verification before approval.,needs_verification,low_supplier_source_only,2026-09-15T23:52:40+00:00
MATCH-20260426-00991,SUP-20260426-00991,Escentric,Molecule01+mandarin,,supplier_source,3000263,supplier_name_normalisation,0.7,Initial candidate generated from supplier row only. Requires independent verification before approval.,needs_verification,low_supplier_source_only,2026-09-15T23:52:40+00:00
MATCH-20260426-00992,SUP-20260426-00992,Escentric,Molecule 01 + Iris,,supplier_source,3000264,supplier_name_normalisation,0.7,Initial candidate generated from supplier row only. Requires independent verification before approval.,needs_verification,low_supplier_source_only,2026-09-15T23:52:40+00:00
MATCH-20260426-00993,SUP-20260426-00993,Escentric,Molecule 01 + Patchouli,,supplier_source,3000265,supplier_name_normalisation,0.7,Initial candidate generated from supplier row only. Requires independent verification before approval.,needs_verification,low_supplier_source_only,2026-09-15T23:52:40+00:00
MATCH-20260426-00994,SUP-20260426-00994,Escentric Molecules,Molecule 05 LZ,,supplier_source,233357-T,supplier_name_normalisation,0.62,Initial candidate generated from supplier row only. Requires independent verification before approval.,needs_verification,low_supplier_source_only,2026-09-15T23:52:40+00:00
MATCH-20260426-00995,SUP-20260426-00995,Escentric Molecules,Escentric 01 / Luzi,,supplier_source,351801,supplier_name_normalisation,0.62,Initial candidate generated from supplier row only. Requires independent verification before approval.,needs_verification,low_supplier_source_only,2026-09-15T23:52:40+00:00
MATCH-20260426-00996,SUP-20260426-00996,Escentric Molecules,Escentric 02,,supplier_source,260737,supplier_name_normalisation,0.62,Initial candidate generated from supplier row only. Requires independent verification before approval.,needs_verification,low_supplier_source_only,2026-09-15T23:52:40+00:00
MATCH-20260426-00997,SUP-20260426-00997,Escentric Molecules,Escentric 03/ Luzi,,supplier_source,338839,supplier_name_normalisation,0.62,Initial candidate generated from supplier row only. Requires independent verification before approval.,needs_verification,low_supplier_source_only,2026-09-15T23:52:40+00:00
MATCH-20260426-00998,SUP-20260426-00998,Escentric Molecules,Escentric 04/ Luzi,,supplier_source,461249,supplier_name_normalisation,0.62,Initial candidate generated from supplier row only. Requires independent verification before approval.,needs_verification,low_supplier_source_only,2026-09-15T23:52:40+00:00
MATCH-20260426-00999,SUP-20260426-00999,Escentric Molecules,Molecule 01 / Luzi,,supplier_source,350599-A,supplier_name_normalisation,0.62,Initial candidate generated from supplier row only. Requires independent verification before approval.,needs_verification,low_supplier_source_only,2026-09-15T23:52:40+00:00
MATCH-20260426-01000,SUP-20260426-01000,Escentric Molecules,Molecule 02,,supplier_source,240002,supplier_name_normalisation,0.7,Initial candidate generated from supplier row only. Requires independent verification before approval.,needs_verification,low_supplier_source_only,2026-09-15T23:52:40+00:00
MATCH-20260426-01001,SUP-20260426-01001,Escentric Molecules,Molecule 02,,supplier_source,240070,supplier_name_normalisation,0.45,Initial candidate generated from supplier row only. Requires independent verification before approval.,needs_verification,low_supplier_source_only,2026-09-15T23:52:40+00:00
MATCH-20260426-01002,SUP-20260426-01002,Escentric Molecules,Molecule 03/ Luzi,,supplier_source,338812-A,supplier_name_normalisation,0.62,Initial candidate generated from supplier row only. Requires independent verification before approval.,needs_verification,low_supplier_source_only,2026-09-15T23:52:40+00:00
MATCH-20260426-01003,SUP-20260426-01003,Escentric Molecules,Molecule 05 / Luzi,,supplier_source,233356,supplier_name_normalisation,0.62,Initial candidate generated from supplier row only. Requires independent verification before approval.,needs_verification,low_supplier_source_only,2026-09-15T23:52:40+00:00
MATCH-20260426-01004,SUP-20260426-01004,Escentric Molecules,Renegades/geza Schoen,,supplier_source,260794-A,supplier_name_normalisation,0.62,Initial candidate generated from supplier row only. Requires independent verification before approval.,needs_verification,low_supplier_source_only,2026-09-15T23:52:40+00:00
MATCH-20260426-01005,SUP-20260426-01005,Escentric Molecules,H01,,supplier_source,240237,supplier_name_normalisation,0.7,Initial candidate generated from supplier row only. Requires independent verification before approval.,needs_verification,low_supplier_source_only,2026-09-15T23:52:40+00:00
MATCH-20260426-01006,SUP-20260426-01006,Escentric Molecules,Escentric 05,,supplier_source,3000266,supplier_name_normalisation,0.7,Initial candidate generated from supplier row only. Requires independent verification before approval.,needs_verification,low_supplier_source_only,2026-09-15T23:52:40+00:00
MATCH-20260426-01007,SUP-20260426-01007,Escentric Molecules,"Escentric,molecules 01",,supplier_source,3000267,supplier_name_normalisation,0.7,Initial candidate generated from supplier row only. Requires independent verification before approval.,needs_verification,low_supplier_source_only,2026-09-15T23:52:40+00:00
MATCH-20260426-01008,SUP-20260426-01008,Escentric Molecules,Molecules 02 / Tr,,supplier_source,3000268,supplier_name_normalisation,0.7,Initial candidate generated from supplier row only. Requires independent verification before approval.,needs_verification,low_supplier_source_only,2026-09-15T23:52:40+00:00
MATCH-20260426-01009,SUP-20260426-01009,Escentric Molecules,Molecule 02,,supplier_source,240070,supplier_name_normalisation,0.45,Initial candidate generated from supplier row only. Requires independent verification before approval.,needs_verification,low_supplier_source_only,2026-09-15T23:52:40+00:00
MATCH-20260426-01010,SUP-20260426-01010,Escentric Molecules,Molecules 02 Dark / Tr,,supplier_source,3000269,supplier_name_normalisation,0.7,Initial candidate generated from supplier row only. Requires independent verification before approval.,needs_verification,low_supplier_source_only,2026-09-15T23:52:40+00:00
MATCH-20260426-01011,SUP-20260426-01011,Escentric Molecules,Molecule 05,,supplier_source,3000270,supplier_name_normalisation,0.7,Initial candidate generated from supplier row only. Requires independent verification before approval.,needs_verification,low_supplier_source_only,2026-09-15T23:52:40+00:00
MATCH-20260426-01012,SUP-20260426-01012,Singles Notes,Amber Gris,,supplier_source,250312,supplier_name_normalisation,0.7,Initial candidate generated from supplier row only. Requires independent verification before approval.,needs_verification,low_supplier_source_only,2026-09-15T23:52:40+00:00
MATCH-20260426-01013,SUP-20260426-01013,Singles Notes,Incenso,,supplier_source,250313,supplier_name_normalisation,0.7,Initial candidate generated from supplier row only. Requires independent verification before approval.,needs_verification,low_supplier_source_only,2026-09-15T23:52:40+00:00
MATCH-20260426-01014,SUP-20260426-01014,Singles Notes,Kiwi,,supplier_source,250314,supplier_name_normalisation,0.7,Initial candidate generated from supplier row only. Requires independent verification before approval.,needs_verification,low_supplier_source_only,2026-09-15T23:52:40+00:00
MATCH-20260426-01015,SUP-20260426-01015,Singles Notes,Green Apple 2,,supplier_source,250244,supplier_name_normalisation,0.7,Initial candidate generated from supplier row only. Requires independent verification before approval.,needs_verification,low_supplier_source_only,2026-09-15T23:52:40+00:00
MATCH-20260426-01016,SUP-20260426-01016,Singles Notes,Tea Tree,,supplier_source,250245,supplier_name_normalisation,0.7,Initial candidate generated from supplier row only. Requires independent verification before approval.,needs_verification,low_supplier_source_only,2026-09-15T23:52:40+00:00
MATCH-20260426-01017,SUP-20260426-01017,Singles Notes,Majoram,,supplier_source,250246,supplier_name_normalisation,0.7,Initial candidate generated from supplier row only. Requires independent verification before approval.,needs_verification,low_supplier_source_only,2026-09-15T23:52:40+00:00
MATCH-20260426-01018,SUP-20260426-01018,Singles Notes,Sage,,supplier_source,250174,supplier_name_normalisation,0.7,Initial candidate generated from supplier row only. Requires independent verification before approval.,needs_verification,low_supplier_source_only,2026-09-15T23:52:40+00:00
MATCH-20260426-01019,SUP-20260426-01019,Singles Notes,Pink Pepper,,supplier_source,250158,supplier_name_normalisation,0.7,Initial candidate generated from supplier row only. Requires independent verification before approval.,needs_verification,low_supplier_source_only,2026-09-15T23:52:40+00:00
MATCH-20260426-01020,SUP-20260426-01020,Singles Notes,Aldehydic,,supplier_source,250159,supplier_name_normalisation,0.7,Initial candidate generated from supplier row only. Requires independent verification before approval.,needs_verification,low_supplier_source_only,2026-09-15T23:52:40+00:00
MATCH-20260426-01021,SUP-20260426-01021,Singles Notes,Ice Cream,,supplier_source,250160,supplier_name_normalisation,0.7,Initial candidate generated from supplier row only. Requires independent verification before approval.,needs_verification,low_supplier_source_only,2026-09-15T23:52:40+00:00
MATCH-20260426-01022,SUP-20260426-01022,Singles Notes,Apple,,supplier_source,250108,supplier_name_normalisation,0.7,Initial candidate generated from supplier row only. Requires independent verification before approval.,needs_verification,low_supplier_source_only,2026-09-15T23:52:40+00:00
MATCH-20260426-01023,SUP-20260426-01023,Singles Notes,Tonka Bean,,supplier_source,250109,supplier_name_normalisation,0.7,Initial candidate generated from supplier row only. Requires independent verification before approval.,needs_verification,low_supplier_source_only,2026-09-15T23:52:40+00:00
MATCH-20260426-01024,SUP-20260426-01024,Singles Notes,Myrrh,,supplier_source,250110,supplier_name_normalisation,0.7,Initial candidate generated from supplier row only. Requires independent verification before approval.,needs_verification,low_supplier_source_only,2026-09-15T23:52:40+00:00
MATCH-20260426-01025,SUP-20260426-01025,Singles Notes,Peach,,supplier_source,250111,supplier_name_normalisation,0.7,Initial candidate generated from supplier row only. Requires independent verification before approval.,needs_verification,low_supplier_source_only,2026-09-15T23:52:40+00:00
MATCH-20260426-01026,SUP-20260426-01026,Singles Notes,Apricot,,supplier_source,250112,supplier_name_normalisation,0.7,Initial candidate generated from supplier row only. Requires independent verification before approval.,needs_verification,low_supplier_source_only,2026-09-15T23:52:40+00:00
MATCH-20260426-01027,SUP-20260426-01027,Singles Notes,Ginger,,supplier_source,250113,supplier_name_normalisation,0.7,Initial candidate generated from supplier row only. Requires independent verification before approval.,needs_verification,low_supplier_source_only,2026-09-15T23:52:40+00:00
MATCH-20260426-01028,SUP-20260426-01028,Singles Notes,Caramel,,supplier_source,240066,supplier_name_normalisation,0.45,Initial candidate generated from supplier row only. Requires independent verification before approval.,needs_verification,low_supplier_source_only,2026-09-15T23:52:40+00:00
MATCH-20260426-01029,SUP-20260426-01029,Singles Notes,Black Cofee,,supplier_source,240061,supplier_name_normalisation,0.7,Initial candidate generated from supplier row only. Requires independent verification before approval.,needs_verification,low_supplier_source_only,2026-09-15T23:52:40+00:00
MATCH-20260426-01030,SUP-20260426-01030,Singles Notes,Laundry,,supplier_source,240036,supplier_name_normalisation,0.45,Initial candidate generated from supplier row only. Requires independent verification before approval.,needs_verification,low_supplier_source_only,2026-09-15T23:52:40+00:00
MATCH-20260426-01031,SUP-20260426-01031,Singles Notes,Fresh Fig,,supplier_source,240037,supplier_name_normalisation,0.45,Initial candidate generated from supplier row only. Requires independent verification before approval.,needs_verification,low_supplier_source_only,2026-09-15T23:52:40+00:00
MATCH-20260426-01032,SUP-20260426-01032,Singles Notes,Green Tea,,supplier_source,240524,supplier_name_normalisation,0.7,Initial candidate generated from supplier row only. Requires independent verification before approval.,needs_verification,low_supplier_source_only,2026-09-15T23:52:40+00:00
MATCH-20260426-01033,SUP-20260426-01033,Singles Notes,Mango Oil,,supplier_source,240864,supplier_name_normalisation,0.7,Initial candidate generated from supplier row only. Requires independent verification before approval.,needs_verification,low_supplier_source_only,2026-09-15T23:52:40+00:00
MATCH-20260426-01034,SUP-20260426-01034,Singles Notes,Turkish Rose,,supplier_source,240884,supplier_name_normalisation,0.7,Initial candidate generated from supplier row only. Requires independent verification before approval.,needs_verification,low_supplier_source_only,2026-09-15T23:52:40+00:00
MATCH-20260426-01035,SUP-20260426-01035,Singles Notes,Swiss Ward,,supplier_source,240885,supplier_name_normalisation,0.7,Initial candidate generated from supplier row only. Requires independent verification before approval.,needs_verification,low_supplier_source_only,2026-09-15T23:52:40+00:00
MATCH-20260426-01036,SUP-20260426-01036,Singles Notes,Bukhoor Oil,,supplier_source,240882,supplier_name_normalisation,0.7,Initial candidate generated from supplier row only. Requires independent verification before approval.,needs_verification,low_supplier_source_only,2026-09-15T23:52:40+00:00
MATCH-20260426-01037,SUP-20260426-01037,Singles Notes,Ahmedliza,,supplier_source,240851,supplier_name_normalisation,0.7,Initial candidate generated from supplier row only. Requires independent verification before approval.,needs_verification,low_supplier_source_only,2026-09-15T23:52:40+00:00
MATCH-20260426-01038,SUP-20260426-01038,Singles Notes,Caeser,,supplier_source,240852,supplier_name_normalisation,0.7,Initial candidate generated from supplier row only. Requires independent verification before approval.,needs_verification,low_supplier_source_only,2026-09-15T23:52:40+00:00
MATCH-20260426-01039,SUP-20260426-01039,Singles Notes,Maghribhi,,supplier_source,240853,supplier_name_normalisation,0.7,Initial candidate generated from supplier row only. Requires independent verification before approval.,needs_verification,low_supplier_source_only,2026-09-15T23:52:40+00:00
MATCH-20260426-01040,SUP-20260426-01040,Singles Notes,Marasil,,supplier_source,240854,supplier_name_normalisation,0.7,Initial candidate generated from supplier row only. Requires independent verification before approval.,needs_verification,low_supplier_source_only,2026-09-15T23:52:40+00:00
MATCH-20260426-01041,SUP-20260426-01041,Singles Notes,Noora,,supplier_source,240855,supplier_name_normalisation,0.7,Initial candidate generated from supplier row only. Requires independent verification before approval.,needs_verification,low_supplier_source_only,2026-09-15T23:52:40+00:00
MATCH-20260426-01042,SUP-20260426-01042,Singles Notes,Oyuny,,supplier_source,240856,supplier_name_normalisation,0.7,Initial candidate generated from supplier row only. Requires independent verification before approval.,needs_verification,low_supplier_source_only,2026-09-15T23:52:40+00:00
MATCH-20260426-01043,SUP-20260426-01043,Singles Notes,Bakhoor,,supplier_source,240850,supplier_name_normalisation,0.7,Initial candidate generated from supplier row only. Requires independent verification before approval.,needs_verification,low_supplier_source_only,2026-09-15T23:52:40+00:00
MATCH-20260426-01044,SUP-20260426-01044,Singles Notes,Wood,,supplier_source,240789,supplier_name_normalisation,0.7,Initial candidate generated from supplier row only. Requires independent verification before approval.,needs_verification,low_supplier_source_only,2026-09-15T23:52:40+00:00
MATCH-20260426-01045,SUP-20260426-01045,Singles Notes,Vanilla,,supplier_source,240771,supplier_name_normalisation,0.7,Initial candidate generated from supplier row only. Requires independent verification before approval.,needs_verification,low_supplier_source_only,2026-09-15T23:52:40+00:00
MATCH-20260426-01046,SUP-20260426-01046,Singles Notes,White Rose,,supplier_source,240772,supplier_name_normalisation,0.7,Initial candidate generated from supplier row only. Requires independent verification before approval.,needs_verification,low_supplier_source_only,2026-09-15T23:52:40+00:00
MATCH-20260426-01047,SUP-20260426-01047,Singles Notes,Red Rose,,supplier_source,240773,supplier_name_normalisation,0.7,Initial candidate generated from supplier row only. Requires independent verification before approval.,needs_verification,low_supplier_source_only,2026-09-15T23:52:40+00:00
MATCH-20260426-01048,SUP-20260426-01048,Singles Notes,Dove,,supplier_source,240774,supplier_name_normalisation,0.7,Initial candidate generated from supplier row only. Requires independent verification before approval.,needs_verification,low_supplier_source_only,2026-09-15T23:52:40+00:00
MATCH-20260426-01049,SUP-20260426-01049,Singles Notes,Sandal Wood,,supplier_source,240775,supplier_name_normalisation,0.7,Initial candidate generated from supplier row only. Requires independent verification before approval.,needs_verification,low_supplier_source_only,2026-09-15T23:52:40+00:00
MATCH-20260426-01050,SUP-20260426-01050,Singles Notes,Amber,,supplier_source,240776,supplier_name_normalisation,0.7,Initial candidate generated from supplier row only. Requires independent verification before approval.,needs_verification,low_supplier_source_only,2026-09-15T23:52:40+00:00
MATCH-20260426-01051,SUP-20260426-01051,Singles Notes,Tobacco,,supplier_source,240777,supplier_name_normalisation,0.7,Initial candidate generated from supplier row only. Requires independent verification before approval.,needs_verification,low_supplier_source_only,2026-09-15T23:52:40+00:00
MATCH-20260426-01052,SUP-20260426-01052,Singles Notes,Jhonsons,,supplier_source,240778,supplier_name_normalisation,0.7,Initial candidate generated from supplier row only. Requires independent verification before approval.,needs_verification,low_supplier_source_only,2026-09-15T23:52:40+00:00
MATCH-20260426-01053,SUP-20260426-01053,Singles Notes,Patchouli Oil,,supplier_source,240779,supplier_name_normalisation,0.7,Initial candidate generated from supplier row only. Requires independent verification before approval.,needs_verification,low_supplier_source_only,2026-09-15T23:52:40+00:00
MATCH-20260426-01054,SUP-20260426-01054,Singles Notes,Vetiver,,supplier_source,240782,supplier_name_normalisation,0.7,Initial candidate generated from supplier row only. Requires independent verification before approval.,needs_verification,low_supplier_source_only,2026-09-15T23:52:40+00:00
MATCH-20260426-01055,SUP-20260426-01055,Singles Notes,Chocolate,,supplier_source,240783,supplier_name_normalisation,0.7,Initial candidate generated from supplier row only. Requires independent verification before approval.,needs_verification,low_supplier_source_only,2026-09-15T23:52:40+00:00
MATCH-20260426-01056,SUP-20260426-01056,Singles Notes,Chocolate,,supplier_source,240849,supplier_name_normalisation,0.7,Initial candidate generated from supplier row only. Requires independent verification before approval.,needs_verification,low_supplier_source_only,2026-09-15T23:52:40+00:00
MATCH-20260426-01057,SUP-20260426-01057,Singles Notes,Mandarin,,supplier_source,240784,supplier_name_normalisation,0.7,Initial candidate generated from supplier row only. Requires independent verification before approval.,needs_verification,low_supplier_source_only,2026-09-15T23:52:40+00:00
MATCH-20260426-01058,SUP-20260426-01058,Singles Notes,Saffron,,supplier_source,240785,supplier_name_normalisation,0.7,Initial candidate generated from supplier row only. Requires independent verification before approval.,needs_verification,low_supplier_source_only,2026-09-15T23:52:40+00:00
MATCH-20260426-01059,SUP-20260426-01059,Singles Notes,Sandal Rose,,supplier_source,240787,supplier_name_normalisation,0.7,Initial candidate generated from supplier row only. Requires independent verification before approval.,needs_verification,low_supplier_source_only,2026-09-15T23:52:40+00:00
MATCH-20260426-01060,SUP-20260426-01060,Singles Notes,Ylan Ylang,,supplier_source,240788,supplier_name_normalisation,0.7,Initial candidate generated from supplier row only. Requires independent verification before approval.,needs_verification,low_supplier_source_only,2026-09-15T23:52:40+00:00
MATCH-20260426-01061,SUP-20260426-01061,Singles Notes,Honey,,supplier_source,240480,supplier_name_normalisation,0.7,Initial candidate generated from supplier row only. Requires independent verification before approval.,needs_verification,low_supplier_source_only,2026-09-15T23:52:40+00:00
MATCH-20260426-01062,SUP-20260426-01062,Singles Notes,Tuscano Leather,,supplier_source,240481,supplier_name_normalisation,0.7,Initial candidate generated from supplier row only. Requires independent verification before approval.,needs_verification,low_supplier_source_only,2026-09-15T23:52:40+00:00
MATCH-20260426-01063,SUP-20260426-01063,Singles Notes,Black OUD,,supplier_source,240482,supplier_name_normalisation,0.7,Initial candidate generated from supplier row only. Requires independent verification before approval.,needs_verification,low_supplier_source_only,2026-09-15T23:52:40+00:00
MATCH-20260426-01064,SUP-20260426-01064,Singles Notes,Lily Of The Valley,,supplier_source,240370,supplier_name_normalisation,0.7,Initial candidate generated from supplier row only. Requires independent verification before approval.,needs_verification,low_supplier_source_only,2026-09-15T23:52:40+00:00
MATCH-20260426-01065,SUP-20260426-01065,Singles Notes,Franckinsence,,supplier_source,240369,supplier_name_normalisation,0.7,Initial candidate generated from supplier row only. Requires independent verification before approval.,needs_verification,low_supplier_source_only,2026-09-15T23:52:40+00:00
MATCH-20260426-01066,SUP-20260426-01066,Singles Notes,Rosemary,,supplier_source,240459,supplier_name_normalisation,0.7,Initial candidate generated from supplier row only. Requires independent verification before approval.,needs_verification,low_supplier_source_only,2026-09-15T23:52:40+00:00
MATCH-20260426-01067,SUP-20260426-01067,Singles Notes,Eukalyptus,,supplier_source,240458,supplier_name_normalisation,0.7,Initial candidate generated from supplier row only. Requires independent verification before approval.,needs_verification,low_supplier_source_only,2026-09-15T23:52:40+00:00
MATCH-20260426-01068,SUP-20260426-01068,Singles Notes,Lavender Oil,,supplier_source,240454,supplier_name_normalisation,0.7,Initial candidate generated from supplier row only. Requires independent verification before approval.,needs_verification,low_supplier_source_only,2026-09-15T23:52:40+00:00
MATCH-20260426-01069,SUP-20260426-01069,Singles Notes,Bergamot,,supplier_source,240456,supplier_name_normalisation,0.7,Initial candidate generated from supplier row only. Requires independent verification before approval.,needs_verification,low_supplier_source_only,2026-09-15T23:52:40+00:00
MATCH-20260426-01070,SUP-20260426-01070,Singles Notes,Leather,,supplier_source,240366,supplier_name_normalisation,0.7,Initial candidate generated from supplier row only. Requires independent verification before approval.,needs_verification,low_supplier_source_only,2026-09-15T23:52:40+00:00
MATCH-20260426-01071,SUP-20260426-01071,Singles Notes,Star Anise Oil,,supplier_source,3000272,supplier_name_normalisation,0.7,Initial candidate generated from supplier row only. Requires independent verification before approval.,needs_verification,low_supplier_source_only,2026-09-15T23:52:40+00:00
MATCH-20260426-01072,SUP-20260426-01072,Singles Notes,Chamomile Oil,,supplier_source,240883,supplier_name_normalisation,0.7,Initial candidate generated from supplier row only. Requires independent verification before approval.,needs_verification,low_supplier_source_only,2026-09-15T23:52:40+00:00
MATCH-20260426-01073,SUP-20260426-01073,Singles Notes,Orange Oil,,supplier_source,240364,supplier_name_normalisation,0.7,Initial candidate generated from supplier row only. Requires independent verification before approval.,needs_verification,low_supplier_source_only,2026-09-15T23:52:40+00:00
MATCH-20260426-01074,SUP-20260426-01074,Singles Notes,Grapefruit Oil,,supplier_source,240365,supplier_name_normalisation,0.7,Initial candidate generated from supplier row only. Requires independent verification before approval.,needs_verification,low_supplier_source_only,2026-09-15T23:52:40+00:00
MATCH-20260426-01075,SUP-20260426-01075,Singles Notes,Cinnamon Oil,,supplier_source,240367,supplier_name_normalisation,0.7,Initial candidate generated from supplier row only. Requires independent verification before approval.,needs_verification,low_supplier_source_only,2026-09-15T23:52:40+00:00
MATCH-20260426-01076,SUP-20260426-01076,Singles Notes,Clove Oil,,supplier_source,240368,supplier_name_normalisation,0.7,Initial candidate generated from supplier row only. Requires independent verification before approval.,needs_verification,low_supplier_source_only,2026-09-15T23:52:40+00:00
MATCH-20260426-01077,SUP-20260426-01077,Singles Notes,Clary Sage,,supplier_source,3000274,supplier_name_normalisation,0.7,Initial candidate generated from supplier row only. Requires independent verification before approval.,needs_verification,low_supplier_source_only,2026-09-15T23:52:40+00:00
MATCH-20260426-01078,SUP-20260426-01078,Singles Notes,Pepper Mint Oil,,supplier_source,240453,supplier_name_normalisation,0.7,Initial candidate generated from supplier row only. Requires independent verification before approval.,needs_verification,low_supplier_source_only,2026-09-15T23:52:40+00:00
MATCH-20260426-01079,SUP-20260426-01079,Singles Notes,Neroli,,supplier_source,240455,supplier_name_normalisation,0.7,Initial candidate generated from supplier row only. Requires independent verification before approval.,needs_verification,low_supplier_source_only,2026-09-15T23:52:40+00:00
MATCH-20260426-01080,SUP-20260426-01080,Singles Notes,Patchouly & Vetiver,,supplier_source,240457,supplier_name_normalisation,0.7,Initial candidate generated from supplier row only. Requires independent verification before approval.,needs_verification,low_supplier_source_only,2026-09-15T23:52:40+00:00
MATCH-20260426-01081,SUP-20260426-01081,Singles Notes,Vetiver Oil,,supplier_source,3000275,supplier_name_normalisation,0.7,Initial candidate generated from supplier row only. Requires independent verification before approval.,needs_verification,low_supplier_source_only,2026-09-15T23:52:40+00:00
MATCH-20260426-01082,SUP-20260426-01082,Essential,Orange X Santal,,supplier_source,250487,supplier_name_normalisation,0.7,Initial candidate generated from supplier row only. Requires independent verification before approval.,needs_verification,low_supplier_source_only,2026-09-15T23:52:40+00:00
MATCH-20260426-01083,SUP-20260426-01083,Essential,Bois Imperial Extrait,,supplier_source,250004,supplier_name_normalisation,0.7,Initial candidate generated from supplier row only. Requires independent verification before approval.,needs_verification,low_supplier_source_only,2026-09-15T23:52:40+00:00
MATCH-20260426-01084,SUP-20260426-01084,Essential,Bois Imperial,,supplier_source,240225,supplier_name_normalisation,0.7,Initial candidate generated from supplier row only. Requires independent verification before approval.,needs_verification,low_supplier_source_only,2026-09-15T23:52:40+00:00
MATCH-20260426-01085,SUP-20260426-01085,Ex Nihilo,Blue Talisman Extrait De Parfume,,supplier_source,250253,supplier_name_normalisation,0.7,Initial candidate generated from supplier row only. Requires independent verification before approval.,needs_verification,low_supplier_source_only,2026-09-15T23:52:40+00:00
MATCH-20260426-01086,SUP-20260426-01086,Ex Nihilo,Generations,,supplier_source,250121,supplier_name_normalisation,0.7,Initial candidate generated from supplier row only. Requires independent verification before approval.,needs_verification,low_supplier_source_only,2026-09-15T23:52:40+00:00
MATCH-20260426-01087,SUP-20260426-01087,Ex Nihilo,Spiky Muse,,supplier_source,240997,supplier_name_normalisation,0.7,Initial candidate generated from supplier row only. Requires independent verification before approval.,needs_verification,low_supplier_source_only,2026-09-15T23:52:40+00:00
MATCH-20260426-01088,SUP-20260426-01088,Ex Nihilo,Chandigrah Express,,supplier_source,240380,supplier_name_normalisation,0.7,Initial candidate generated from supplier row only. Requires independent verification before approval.,needs_verification,low_supplier_source_only,2026-09-15T23:52:40+00:00
MATCH-20260426-01089,SUP-20260426-01089,Ex Nihilo,Hedonist,,supplier_source,240195,supplier_name_normalisation,0.7,Initial candidate generated from supplier row only. Requires independent verification before approval.,needs_verification,low_supplier_source_only,2026-09-15T23:52:40+00:00
MATCH-20260426-01090,SUP-20260426-01090,Ex Nihilo,Amber Sky,,supplier_source,503555,supplier_name_normalisation,0.62,Initial candidate generated from supplier row only. Requires independent verification before approval.,needs_verification,low_supplier_source_only,2026-09-15T23:52:40+00:00
MATCH-20260426-01091,SUP-20260426-01091,Ex Nihilo,Citizen X,,supplier_source,339452,supplier_name_normalisation,0.62,Initial candidate generated from supplier row only. Requires independent verification before approval.,needs_verification,low_supplier_source_only,2026-09-15T23:52:40+00:00
MATCH-20260426-01092,SUP-20260426-01092,Ex Nihilo,Fleur Narcotique,,supplier_source,240096,supplier_name_normalisation,0.7,Initial candidate generated from supplier row only. Requires independent verification before approval.,needs_verification,low_supplier_source_only,2026-09-15T23:52:40+00:00
MATCH-20260426-01093,SUP-20260426-01093,Ex Nihilo,Fleur Narcotique,,supplier_source,502536,supplier_name_normalisation,0.62,Initial candidate generated from supplier row only. Requires independent verification before approval.,needs_verification,low_supplier_source_only,2026-09-15T23:52:40+00:00
MATCH-20260426-01094,SUP-20260426-01094,Ex Nihilo,Fleur Narcotique,,supplier_source,502536-T,supplier_name_normalisation,0.62,Initial candidate generated from supplier row only. Requires independent verification before approval.,needs_verification,low_supplier_source_only,2026-09-15T23:52:40+00:00
MATCH-20260426-01095,SUP-20260426-01095,Ex Nihilo,French Affair,,supplier_source,503471,supplier_name_normalisation,0.62,Initial candidate generated from supplier row only. Requires independent verification before approval.,needs_verification,low_supplier_source_only,2026-09-15T23:52:40+00:00
MATCH-20260426-01096,SUP-20260426-01096,Ex Nihilo,Love Shot,,supplier_source,461200-A,supplier_name_normalisation,0.62,Initial candidate generated from supplier row only. Requires independent verification before approval.,needs_verification,low_supplier_source_only,2026-09-15T23:52:40+00:00
MATCH-20260426-01097,SUP-20260426-01097,Ex Nihilo,Sublime Essence OUD,,supplier_source,339467,supplier_name_normalisation,0.62,Initial candidate generated from supplier row only. Requires independent verification before approval.,needs_verification,low_supplier_source_only,2026-09-15T23:52:40+00:00
MATCH-20260426-01098,SUP-20260426-01098,Ex Nihilo,Sweet Morphine,,supplier_source,339198,supplier_name_normalisation,0.62,Initial candidate generated from supplier row only. Requires independent verification before approval.,needs_verification,low_supplier_source_only,2026-09-15T23:52:40+00:00
MATCH-20260426-01099,SUP-20260426-01099,Ex Nihilo,Venenum Kiss,,supplier_source,503527,supplier_name_normalisation,0.62,Initial candidate generated from supplier row only. Requires independent verification before approval.,needs_verification,low_supplier_source_only,2026-09-15T23:52:40+00:00
MATCH-20260426-01100,SUP-20260426-01100,Ex Nihilo,Vetiver Moloko,,supplier_source,233998,supplier_name_normalisation,0.62,Initial candidate generated from supplier row only. Requires independent verification before approval.,needs_verification,low_supplier_source_only,2026-09-15T23:52:40+00:00
MATCH-20260426-01101,SUP-20260426-01101,Ex Nihilo,Fleur Narcotique Love,,supplier_source,503779,supplier_name_normalisation,0.62,Initial candidate generated from supplier row only. Requires independent verification before approval.,needs_verification,low_supplier_source_only,2026-09-15T23:52:40+00:00
MATCH-20260426-01102,SUP-20260426-01102,Ex Nihilo,Fleur Narcotique Blossom,,supplier_source,503892,supplier_name_normalisation,0.62,Initial candidate generated from supplier row only. Requires independent verification before approval.,needs_verification,low_supplier_source_only,2026-09-15T23:52:40+00:00
MATCH-20260426-01103,SUP-20260426-01103,Ex Nihilo,Emerald Royals,,supplier_source,503994-T,supplier_name_normalisation,0.62,Initial candidate generated from supplier row only. Requires independent verification before approval.,needs_verification,low_supplier_source_only,2026-09-15T23:52:40+00:00
MATCH-20260426-01104,SUP-20260426-01104,Ex Nihilo,Fleur Narcotique Extrait De,,supplier_source,504017-T,supplier_name_normalisation,0.62,Initial candidate generated from supplier row only. Requires independent verification before approval.,needs_verification,low_supplier_source_only,2026-09-15T23:52:40+00:00
MATCH-20260426-01105,SUP-20260426-01105,Ex Nihilo,Venenum Kiss,,supplier_source,503527-T,supplier_name_normalisation,0.62,Initial candidate generated from supplier row only. Requires independent verification before approval.,needs_verification,low_supplier_source_only,2026-09-15T23:52:40+00:00
MATCH-20260426-01106,SUP-20260426-01106,Ex Nihilo,Idle Hour,,supplier_source,504059-T,supplier_name_normalisation,0.62,Initial candidate generated from supplier row only. Requires independent verification before approval.,needs_verification,low_supplier_source_only,2026-09-15T23:52:40+00:00
MATCH-20260426-01107,SUP-20260426-01107,Ex Nihilo,Santal Calling,,supplier_source,580279,supplier_name_normalisation,0.62,Initial candidate generated from supplier row only. Requires independent verification before approval.,needs_verification,low_supplier_source_only,2026-09-15T23:52:40+00:00
MATCH-20260426-01108,SUP-20260426-01108,Ex Nihilo,Lust In Paradise,,supplier_source,250122,supplier_name_normalisation,0.7,Initial candidate generated from supplier row only. Requires independent verification before approval.,needs_verification,low_supplier_source_only,2026-09-15T23:52:40+00:00
MATCH-20260426-01109,SUP-20260426-01109,Ex Nihilo,Blue Talisman,,supplier_source,240023,supplier_name_normalisation,0.7,Initial candidate generated from supplier row only. Requires independent verification before approval.,needs_verification,low_supplier_source_only,2026-09-15T23:52:40+00:00
MATCH-20260426-01110,SUP-20260426-01110,Ex Nihilo,Atlas Fever,,supplier_source,3000276,supplier_name_normalisation,0.7,Initial candidate generated from supplier row only. Requires independent verification before approval.,needs_verification,low_supplier_source_only,2026-09-15T23:52:40+00:00
MATCH-20260426-01111,SUP-20260426-01111,Ex Nihilo,Explicite,,supplier_source,3000277,supplier_name_normalisation,0.7,Initial candidate generated from supplier row only. Requires independent verification before approval.,needs_verification,low_supplier_source_only,2026-09-15T23:52:40+00:00
MATCH-20260426-01112,SUP-20260426-01112,Excess - B,Excess -b,,supplier_source,3000278,supplier_name_normalisation,0.7,Initial candidate generated from supplier row only. Requires independent verification before approval.,needs_verification,low_supplier_source_only,2026-09-15T23:52:40+00:00
MATCH-20260426-01113,SUP-20260426-01113,Excess -c,Excess -c,,supplier_source,3000279,supplier_name_normalisation,0.7,Initial candidate generated from supplier row only. Requires independent verification before approval.,needs_verification,low_supplier_source_only,2026-09-15T23:52:40+00:00
MATCH-20260426-01114,SUP-20260426-01114,French Avenue,Atlantis Extrait,,supplier_source,250266,supplier_name_normalisation,0.7,Initial candidate generated from supplier row only. Requires independent verification before approval.,needs_verification,low_supplier_source_only,2026-09-15T23:52:40+00:00
MATCH-20260426-01115,SUP-20260426-01115,Fugazzi,Passionefroudh,,supplier_source,250456,supplier_name_normalisation,0.7,Initial candidate generated from supplier row only. Requires independent verification before approval.,needs_verification,low_supplier_source_only,2026-09-15T23:52:40+00:00
MATCH-20260426-01116,SUP-20260426-01116,Fugazzi,Vanilla Haze Body Mist,,supplier_source,250337,supplier_name_normalisation,0.7,Initial candidate generated from supplier row only. Requires independent verification before approval.,needs_verification,low_supplier_source_only,2026-09-15T23:52:40+00:00
MATCH-20260426-01117,SUP-20260426-01117,Fugazzi,Borntostandout R,,supplier_source,250336,supplier_name_normalisation,0.7,Initial candidate generated from supplier row only. Requires independent verification before approval.,needs_verification,low_supplier_source_only,2026-09-15T23:52:40+00:00
MATCH-20260426-01118,SUP-20260426-01118,Fugazzi,Magic Mango,,supplier_source,250209,supplier_name_normalisation,0.7,Initial candidate generated from supplier row only. Requires independent verification before approval.,needs_verification,low_supplier_source_only,2026-09-15T23:52:40+00:00
MATCH-20260426-01119,SUP-20260426-01119,Fugazzi,Sugardaddy,,supplier_source,240857,supplier_name_normalisation,0.7,Initial candidate generated from supplier row only. Requires independent verification before approval.,needs_verification,low_supplier_source_only,2026-09-15T23:52:40+00:00
MATCH-20260426-01120,SUP-20260426-01120,Dries Van Noten,Fleur Du Mal,,supplier_source,240517,supplier_name_normalisation,0.7,Initial candidate generated from supplier row only. Requires independent verification before approval.,needs_verification,low_supplier_source_only,2026-09-15T23:52:40+00:00
MATCH-20260426-01121,SUP-20260426-01121,Dries Van Noten,Rock The Myrrh,,supplier_source,250333,supplier_name_normalisation,0.7,Initial candidate generated from supplier row only. Requires independent verification before approval.,needs_verification,low_supplier_source_only,2026-09-15T23:52:40+00:00
MATCH-20260426-01122,SUP-20260426-01122,Febrej,Brut,,supplier_source,237906-A,supplier_name_normalisation,0.62,Initial candidate generated from supplier row only. Requires independent verification before approval.,needs_verification,low_supplier_source_only,2026-09-15T23:52:40+00:00
MATCH-20260426-01123,SUP-20260426-01123,Ferrari,Ferrari Red,,supplier_source,3000280,supplier_name_normalisation,0.7,Initial candidate generated from supplier row only. Requires independent verification before approval.,needs_verification,low_supplier_source_only,2026-09-15T23:52:40+00:00
MATCH-20260426-01124,SUP-20260426-01124,Fidji,Fidji,,supplier_source,3000281,supplier_name_normalisation,0.7,Initial candidate generated from supplier row only. Requires independent verification before approval.,needs_verification,low_supplier_source_only,2026-09-15T23:52:40+00:00
MATCH-20260426-01125,SUP-20260426-01125,Fidji,Fidji,,supplier_source,3000282,supplier_name_normalisation,0.7,Initial candidate generated from supplier row only. Requires independent verification before approval.,needs_verification,low_supplier_source_only,2026-09-15T23:52:40+00:00
MATCH-20260426-01126,SUP-20260426-01126,Glaxolide,Glaxolide,,supplier_source,2779,supplier_name_normalisation,0.7,Initial candidate generated from supplier row only. Requires independent verification before approval.,needs_verification,low_supplier_source_only,2026-09-15T23:52:40+00:00
MATCH-20260426-01127,SUP-20260426-01127,Iso E Super,Iso E,,supplier_source,2780,supplier_name_normalisation,0.7,Initial candidate generated from supplier row only. Requires independent verification before approval.,needs_verification,low_supplier_source_only,2026-09-15T23:52:40+00:00
MATCH-20260426-01128,SUP-20260426-01128,Fixative,Fixative,,supplier_source,2778,supplier_name_normalisation,0.45,Initial candidate generated from supplier row only. Requires independent verification before approval.,needs_verification,low_supplier_source_only,2026-09-15T23:52:40+00:00
MATCH-20260426-01129,SUP-20260426-01129,Fixative,Fixative,,supplier_source,2777,supplier_name_normalisation,0.45,Initial candidate generated from supplier row only. Requires independent verification before approval.,needs_verification,low_supplier_source_only,2026-09-15T23:52:40+00:00
MATCH-20260426-01130,SUP-20260426-01130,Floraiku,One Umbrella For Two,,supplier_source,354015,supplier_name_normalisation,0.62,Initial candidate generated from supplier row only. Requires independent verification before approval.,needs_verification,low_supplier_source_only,2026-09-15T23:52:40+00:00
MATCH-20260426-01131,SUP-20260426-01131,Fly Emirates,Fly Emirates,,supplier_source,462387,supplier_name_normalisation,0.62,Initial candidate generated from supplier row only. Requires independent verification before approval.,needs_verification,low_supplier_source_only,2026-09-15T23:52:40+00:00
MATCH-20260426-01132,SUP-20260426-01132,Fogg,Fogg Paradise,,supplier_source,3000283,supplier_name_normalisation,0.7,Initial candidate generated from supplier row only. Requires independent verification before approval.,needs_verification,low_supplier_source_only,2026-09-15T23:52:40+00:00
MATCH-20260426-01133,SUP-20260426-01133,Fragrance Du,Rude Cherry,,supplier_source,250264,supplier_name_normalisation,0.7,Initial candidate generated from supplier row only. Requires independent verification before approval.,needs_verification,low_supplier_source_only,2026-09-15T23:52:40+00:00
MATCH-20260426-01134,SUP-20260426-01134,Fragrance Du,Lucius,,supplier_source,250178,supplier_name_normalisation,0.7,Initial candidate generated from supplier row only. Requires independent verification before approval.,needs_verification,low_supplier_source_only,2026-09-15T23:52:40+00:00
MATCH-20260426-01135,SUP-20260426-01135,Fragrance Du,Tropiques,,supplier_source,250179,supplier_name_normalisation,0.7,Initial candidate generated from supplier row only. Requires independent verification before approval.,needs_verification,low_supplier_source_only,2026-09-15T23:52:40+00:00
MATCH-20260426-01136,SUP-20260426-01136,Fragrance Du,Rude OUD,,supplier_source,250123,supplier_name_normalisation,0.7,Initial candidate generated from supplier row only. Requires independent verification before approval.,needs_verification,low_supplier_source_only,2026-09-15T23:52:40+00:00
MATCH-20260426-01137,SUP-20260426-01137,Fragrance Du,Santal Complet,,supplier_source,3000284,supplier_name_normalisation,0.7,Initial candidate generated from supplier row only. Requires independent verification before approval.,needs_verification,low_supplier_source_only,2026-09-15T23:52:40+00:00
MATCH-20260426-01138,SUP-20260426-01138,Fragrance Du,Zest Martin,,supplier_source,3000285,supplier_name_normalisation,0.7,Initial candidate generated from supplier row only. Requires independent verification before approval.,needs_verification,low_supplier_source_only,2026-09-15T23:52:40+00:00
MATCH-20260426-01139,SUP-20260426-01139,Fragrance One,One Date For Men,,supplier_source,240694,supplier_name_normalisation,0.7,Initial candidate generated from supplier row only. Requires independent verification before approval.,needs_verification,low_supplier_source_only,2026-09-15T23:52:40+00:00
MATCH-20260426-01140,SUP-20260426-01140,Fragrance One,Office For Men,,supplier_source,240519,supplier_name_normalisation,0.7,Initial candidate generated from supplier row only. Requires independent verification before approval.,needs_verification,low_supplier_source_only,2026-09-15T23:52:40+00:00
MATCH-20260426-01141,SUP-20260426-01141,Fragrance One,Office For Men,,supplier_source,240060,supplier_name_normalisation,0.7,Initial candidate generated from supplier row only. Requires independent verification before approval.,needs_verification,low_supplier_source_only,2026-09-15T23:52:40+00:00
MATCH-20260426-01142,SUP-20260426-01142,Franck Boclet,Cocaine Luzi,,supplier_source,503597,supplier_name_normalisation,0.62,Initial candidate generated from supplier row only. Requires independent verification before approval.,needs_verification,low_supplier_source_only,2026-09-15T23:52:40+00:00
MATCH-20260426-01143,SUP-20260426-01143,Franck Boclet,Sugar,,supplier_source,233780,supplier_name_normalisation,0.62,Initial candidate generated from supplier row only. Requires independent verification before approval.,needs_verification,low_supplier_source_only,2026-09-15T23:52:40+00:00
MATCH-20260426-01144,SUP-20260426-01144,Franck Olivier,Franck Olivier Eau De Parfume Woman,,supplier_source,250485,supplier_name_normalisation,0.7,Initial candidate generated from supplier row only. Requires independent verification before approval.,needs_verification,low_supplier_source_only,2026-09-15T23:52:40+00:00
MATCH-20260426-01145,SUP-20260426-01145,Franck Olivier,Amber,,supplier_source,260933,supplier_name_normalisation,0.62,Initial candidate generated from supplier row only. Requires independent verification before approval.,needs_verification,low_supplier_source_only,2026-09-15T23:52:40+00:00
MATCH-20260426-01146,SUP-20260426-01146,Franck Olivier,Giorgia Midnight,,supplier_source,461650,supplier_name_normalisation,0.62,Initial candidate generated from supplier row only. Requires independent verification before approval.,needs_verification,low_supplier_source_only,2026-09-15T23:52:40+00:00
MATCH-20260426-01147,SUP-20260426-01147,Franck Olivier,Giorgia Women,,supplier_source,339678,supplier_name_normalisation,0.62,Initial candidate generated from supplier row only. Requires independent verification before approval.,needs_verification,low_supplier_source_only,2026-09-15T23:52:40+00:00
MATCH-20260426-01148,SUP-20260426-01148,Franck Olivier,OUD Touch,,supplier_source,339061,supplier_name_normalisation,0.62,Initial candidate generated from supplier row only. Requires independent verification before approval.,needs_verification,low_supplier_source_only,2026-09-15T23:52:40+00:00
MATCH-20260426-01149,SUP-20260426-01149,Franck Olivier,Sun Java Intense,,supplier_source,503660,supplier_name_normalisation,0.62,Initial candidate generated from supplier row only. Requires independent verification before approval.,needs_verification,low_supplier_source_only,2026-09-15T23:52:40+00:00
MATCH-20260426-01150,SUP-20260426-01150,Frangipani,Mkt Frangipani,,supplier_source,3000286,supplier_name_normalisation,0.7,Initial candidate generated from supplier row only. Requires independent verification before approval.,needs_verification,low_supplier_source_only,2026-09-15T23:52:40+00:00
MATCH-20260426-01151,SUP-20260426-01151,Frederic Malle,Hope,,supplier_source,250057,supplier_name_normalisation,0.7,Initial candidate generated from supplier row only. Requires independent verification before approval.,needs_verification,low_supplier_source_only,2026-09-15T23:52:40+00:00
MATCH-20260426-01152,SUP-20260426-01152,Frederic Malle,Portrait Of A Lady 15th Anniversary,,supplier_source,240974,supplier_name_normalisation,0.7,Initial candidate generated from supplier row only. Requires independent verification before approval.,needs_verification,low_supplier_source_only,2026-09-15T23:52:40+00:00
MATCH-20260426-01153,SUP-20260426-01153,Frederic Malle,Acne Studio,,supplier_source,240615,supplier_name_normalisation,0.7,Initial candidate generated from supplier row only. Requires independent verification before approval.,needs_verification,low_supplier_source_only,2026-09-15T23:52:40+00:00
MATCH-20260426-01154,SUP-20260426-01154,Frederic Malle,Carnal Flower,,supplier_source,240334,supplier_name_normalisation,0.7,Initial candidate generated from supplier row only. Requires independent verification before approval.,needs_verification,low_supplier_source_only,2026-09-15T23:52:40+00:00
MATCH-20260426-01155,SUP-20260426-01155,Frederic Malle,Uncut Gem,,supplier_source,2340000-A,supplier_name_normalisation,0.62,Initial candidate generated from supplier row only. Requires independent verification before approval.,needs_verification,low_supplier_source_only,2026-09-15T23:52:40+00:00
MATCH-20260426-01156,SUP-20260426-01156,Frederic Malle,Rose Tonnerre,,supplier_source,680351-A,supplier_name_normalisation,0.62,Initial candidate generated from supplier row only. Requires independent verification before approval.,needs_verification,low_supplier_source_only,2026-09-15T23:52:40+00:00
MATCH-20260426-01157,SUP-20260426-01157,Frederic Malle,Lipstick Rose,,supplier_source,503675,supplier_name_normalisation,0.62,Initial candidate generated from supplier row only. Requires independent verification before approval.,needs_verification,low_supplier_source_only,2026-09-15T23:52:40+00:00
MATCH-20260426-01158,SUP-20260426-01158,Frederic Malle,Promise,,supplier_source,461637,supplier_name_normalisation,0.62,Initial candidate generated from supplier row only. Requires independent verification before approval.,needs_verification,low_supplier_source_only,2026-09-15T23:52:40+00:00
MATCH-20260426-01159,SUP-20260426-01159,Frederic Malle,Promise,,supplier_source,461637-C,supplier_name_normalisation,0.62,Initial candidate generated from supplier row only. Requires independent verification before approval.,needs_verification,low_supplier_source_only,2026-09-15T23:52:40+00:00
MATCH-20260426-01160,SUP-20260426-01160,Frederic Malle,The Moon,,supplier_source,461680-A,supplier_name_normalisation,0.62,Initial candidate generated from supplier row only. Requires independent verification before approval.,needs_verification,low_supplier_source_only,2026-09-15T23:52:40+00:00
MATCH-20260426-01161,SUP-20260426-01161,Frederic Malle,The Moon,,supplier_source,461680-B,supplier_name_normalisation,0.62,Initial candidate generated from supplier row only. Requires independent verification before approval.,needs_verification,low_supplier_source_only,2026-09-15T23:52:40+00:00
MATCH-20260426-01162,SUP-20260426-01162,Frederic Malle,The Night,,supplier_source,232934-T,supplier_name_normalisation,0.62,Initial candidate generated from supplier row only. Requires independent verification before approval.,needs_verification,low_supplier_source_only,2026-09-15T23:52:40+00:00
MATCH-20260426-01163,SUP-20260426-01163,Frederic Malle,Portrait Of A Lady,,supplier_source,502534,supplier_name_normalisation,0.62,Initial candidate generated from supplier row only. Requires independent verification before approval.,needs_verification,low_supplier_source_only,2026-09-15T23:52:40+00:00
MATCH-20260426-01164,SUP-20260426-01164,Frederic Malle,Musc Ravageur,,supplier_source,240044,supplier_name_normalisation,0.7,Initial candidate generated from supplier row only. Requires independent verification before approval.,needs_verification,low_supplier_source_only,2026-09-15T23:52:40+00:00
MATCH-20260426-01165,SUP-20260426-01165,Frederic Malle,Eau De Magnolia,,supplier_source,3000287,supplier_name_normalisation,0.7,Initial candidate generated from supplier row only. Requires independent verification before approval.,needs_verification,low_supplier_source_only,2026-09-15T23:52:40+00:00
MATCH-20260426-01166,SUP-20260426-01166,Frederic Malle,The Night/ Attar Lail,,supplier_source,3000288,supplier_name_normalisation,0.7,Initial candidate generated from supplier row only. Requires independent verification before approval.,needs_verification,low_supplier_source_only,2026-09-15T23:52:40+00:00
MATCH-20260426-01167,SUP-20260426-01167,Fruit Dukhan,Fruit Dukhan,,supplier_source,354180,supplier_name_normalisation,0.62,Initial candidate generated from supplier row only. Requires independent verification before approval.,needs_verification,low_supplier_source_only,2026-09-15T23:52:40+00:00
MATCH-20260426-01168,SUP-20260426-01168,Fruity,Watermelon,,supplier_source,250157,supplier_name_normalisation,0.7,Initial candidate generated from supplier row only. Requires independent verification before approval.,needs_verification,low_supplier_source_only,2026-09-15T23:52:40+00:00
MATCH-20260426-01169,SUP-20260426-01169,Fruity,Cardamom,,supplier_source,240786,supplier_name_normalisation,0.7,Initial candidate generated from supplier row only. Requires independent verification before approval.,needs_verification,low_supplier_source_only,2026-09-15T23:52:40+00:00
MATCH-20260426-01170,SUP-20260426-01170,Fruity,Mango/luzi,,supplier_source,943514-B,supplier_name_normalisation,0.62,Initial candidate generated from supplier row only. Requires independent verification before approval.,needs_verification,low_supplier_source_only,2026-09-15T23:52:40+00:00
MATCH-20260426-01171,SUP-20260426-01171,Fruity,Strawberry,,supplier_source,240460,supplier_name_normalisation,0.7,Initial candidate generated from supplier row only. Requires independent verification before approval.,needs_verification,low_supplier_source_only,2026-09-15T23:52:40+00:00
MATCH-20260426-01172,SUP-20260426-01172,Fruity,Banana,,supplier_source,3000289,supplier_name_normalisation,0.7,Initial candidate generated from supplier row only. Requires independent verification before approval.,needs_verification,low_supplier_source_only,2026-09-15T23:52:40+00:00
MATCH-20260426-01173,SUP-20260426-01173,Fruity,Cantalupe,,supplier_source,240463,supplier_name_normalisation,0.7,Initial candidate generated from supplier row only. Requires independent verification before approval.,needs_verification,low_supplier_source_only,2026-09-15T23:52:40+00:00
MATCH-20260426-01174,SUP-20260426-01174,Fruity,Cherry,,supplier_source,240461,supplier_name_normalisation,0.7,Initial candidate generated from supplier row only. Requires independent verification before approval.,needs_verification,low_supplier_source_only,2026-09-15T23:52:40+00:00
MATCH-20260426-01175,SUP-20260426-01175,Fruity,Coconut,,supplier_source,240464,supplier_name_normalisation,0.7,Initial candidate generated from supplier row only. Requires independent verification before approval.,needs_verification,low_supplier_source_only,2026-09-15T23:52:40+00:00
MATCH-20260426-01176,SUP-20260426-01176,Fruity,Fresh Lemon,,supplier_source,240465,supplier_name_normalisation,0.7,Initial candidate generated from supplier row only. Requires independent verification before approval.,needs_verification,low_supplier_source_only,2026-09-15T23:52:40+00:00
MATCH-20260426-01177,SUP-20260426-01177,Fruity,Lemon Cct,,supplier_source,3000290,supplier_name_normalisation,0.7,Initial candidate generated from supplier row only. Requires independent verification before approval.,needs_verification,low_supplier_source_only,2026-09-15T23:52:40+00:00
MATCH-20260426-01178,SUP-20260426-01178,Fruity,Lemon Gr,,supplier_source,3000291,supplier_name_normalisation,0.7,Initial candidate generated from supplier row only. Requires independent verification before approval.,needs_verification,low_supplier_source_only,2026-09-15T23:52:40+00:00
MATCH-20260426-01179,SUP-20260426-01179,Fruity,Mango Ind,,supplier_source,3000292,supplier_name_normalisation,0.7,Initial candidate generated from supplier row only. Requires independent verification before approval.,needs_verification,low_supplier_source_only,2026-09-15T23:52:40+00:00
MATCH-20260426-01180,SUP-20260426-01180,Fruity,Masmoom / Fawakie,,supplier_source,240780,supplier_name_normalisation,0.7,Initial candidate generated from supplier row only. Requires independent verification before approval.,needs_verification,low_supplier_source_only,2026-09-15T23:52:40+00:00
MATCH-20260426-01181,SUP-20260426-01181,Fruity,Peach,,supplier_source,240781,supplier_name_normalisation,0.7,Initial candidate generated from supplier row only. Requires independent verification before approval.,needs_verification,low_supplier_source_only,2026-09-15T23:52:40+00:00
MATCH-20260426-01182,SUP-20260426-01182,Fruity,Pineapple,,supplier_source,240462,supplier_name_normalisation,0.7,Initial candidate generated from supplier row only. Requires independent verification before approval.,needs_verification,low_supplier_source_only,2026-09-15T23:52:40+00:00
MATCH-20260426-01183,SUP-20260426-01183,Fruity,Strawberry Ice Cream,,supplier_source,3000295,supplier_name_normalisation,0.7,Initial candidate generated from supplier row only. Requires independent verification before approval.,needs_verification,low_supplier_source_only,2026-09-15T23:52:40+00:00
MATCH-20260426-01184,SUP-20260426-01184,Fruity,Tutti Fruity,,supplier_source,3000296,supplier_name_normalisation,0.7,Initial candidate generated from supplier row only. Requires independent verification before approval.,needs_verification,low_supplier_source_only,2026-09-15T23:52:40+00:00
MATCH-20260426-01185,SUP-20260426-01185,Fruity,Vanilla Coconut,,supplier_source,3000297,supplier_name_normalisation,0.7,Initial candidate generated from supplier row only. Requires independent verification before approval.,needs_verification,low_supplier_source_only,2026-09-15T23:52:40+00:00
MATCH-20260426-01186,SUP-20260426-01186,Fruity,Vanilla Gr,,supplier_source,3000298,supplier_name_normalisation,0.7,Initial candidate generated from supplier row only. Requires independent verification before approval.,needs_verification,low_supplier_source_only,2026-09-15T23:52:40+00:00
MATCH-20260426-01187,SUP-20260426-01187,Full,Attar Full,,supplier_source,3000299,supplier_name_normalisation,0.7,Initial candidate generated from supplier row only. Requires independent verification before approval.,needs_verification,low_supplier_source_only,2026-09-15T23:52:40+00:00
MATCH-20260426-01188,SUP-20260426-01188,Glossier,Glossier You Fleur,,supplier_source,250446,supplier_name_normalisation,0.7,Initial candidate generated from supplier row only. Requires independent verification before approval.,needs_verification,low_supplier_source_only,2026-09-15T23:52:40+00:00
MATCH-20260426-01189,SUP-20260426-01189,Glossier,Glossier You 2017,,supplier_source,250452,supplier_name_normalisation,0.7,Initial candidate generated from supplier row only. Requires independent verification before approval.,needs_verification,low_supplier_source_only,2026-09-15T23:52:40+00:00
MATCH-20260426-01190,SUP-20260426-01190,Gisada,Ambassadora Gold,,supplier_source,250466,supplier_name_normalisation,0.7,Initial candidate generated from supplier row only. Requires independent verification before approval.,needs_verification,low_supplier_source_only,2026-09-15T23:52:40+00:00
MATCH-20260426-01191,SUP-20260426-01191,Gisada,Titanium,,supplier_source,250124,supplier_name_normalisation,0.7,Initial candidate generated from supplier row only. Requires independent verification before approval.,needs_verification,low_supplier_source_only,2026-09-15T23:52:40+00:00
MATCH-20260426-01192,SUP-20260426-01192,Gisada,Ambassador Men,,supplier_source,240768,supplier_name_normalisation,0.7,Initial candidate generated from supplier row only. Requires independent verification before approval.,needs_verification,low_supplier_source_only,2026-09-15T23:52:40+00:00
MATCH-20260426-01193,SUP-20260426-01193,Gisada,Ambassador Men,,supplier_source,240879,supplier_name_normalisation,0.7,Initial candidate generated from supplier row only. Requires independent verification before approval.,needs_verification,low_supplier_source_only,2026-09-15T23:52:40+00:00
MATCH-20260426-01194,SUP-20260426-01194,Giardini Di,Borabora,,supplier_source,240790,supplier_name_normalisation,0.7,Initial candidate generated from supplier row only. Requires independent verification before approval.,needs_verification,low_supplier_source_only,2026-09-15T23:52:40+00:00
MATCH-20260426-01195,SUP-20260426-01195,Giardini Di,Rosso Rubino,,supplier_source,240561,supplier_name_normalisation,0.7,Initial candidate generated from supplier row only. Requires independent verification before approval.,needs_verification,low_supplier_source_only,2026-09-15T23:52:40+00:00
MATCH-20260426-01196,SUP-20260426-01196,Giardini Di,Bianco Oro,,supplier_source,240560,supplier_name_normalisation,0.7,Initial candidate generated from supplier row only. Requires independent verification before approval.,needs_verification,low_supplier_source_only,2026-09-15T23:52:40+00:00
MATCH-20260426-01197,SUP-20260426-01197,Giardini Di,Celeste,,supplier_source,240559,supplier_name_normalisation,0.7,Initial candidate generated from supplier row only. Requires independent verification before approval.,needs_verification,low_supplier_source_only,2026-09-15T23:52:40+00:00
MATCH-20260426-01198,SUP-20260426-01198,Giardini Di,Bianco Latte,,supplier_source,240521,supplier_name_normalisation,0.7,Initial candidate generated from supplier row only. Requires independent verification before approval.,needs_verification,low_supplier_source_only,2026-09-15T23:52:40+00:00
MATCH-20260426-01199,SUP-20260426-01199,Giardini Di,Bianco Latte,,supplier_source,240189,supplier_name_normalisation,0.7,Initial candidate generated from supplier row only. Requires independent verification before approval.,needs_verification,low_supplier_source_only,2026-09-15T23:52:40+00:00
MATCH-20260426-01200,SUP-20260426-01200,Geranium Bst,Geranium Bst,,supplier_source,3000300,supplier_name_normalisation,0.7,Initial candidate generated from supplier row only. Requires independent verification before approval.,needs_verification,low_supplier_source_only,2026-09-15T23:52:40+00:00
MATCH-20260426-01201,SUP-20260426-01201,Giorgio Armani,Rose Milano Soie De Nacre,,supplier_source,701859-A,supplier_name_normalisation,0.62,Initial candidate generated from supplier row only. Requires independent verification before approval.,needs_verification,low_supplier_source_only,2026-09-15T23:52:40+00:00
MATCH-20260426-01202,SUP-20260426-01202,Genym,Painter,,supplier_source,240632,supplier_name_normalisation,0.7,Initial candidate generated from supplier row only. Requires independent verification before approval.,needs_verification,low_supplier_source_only,2026-09-15T23:52:40+00:00
MATCH-20260426-01203,SUP-20260426-01203,Genym,Painter,,supplier_source,240244,supplier_name_normalisation,0.7,Initial candidate generated from supplier row only. Requires independent verification before approval.,needs_verification,low_supplier_source_only,2026-09-15T23:52:40+00:00
MATCH-20260426-01204,SUP-20260426-01204,Gissah,Helen Legacy,,supplier_source,250406,supplier_name_normalisation,0.7,Initial candidate generated from supplier row only. Requires independent verification before approval.,needs_verification,low_supplier_source_only,2026-09-15T23:52:40+00:00
MATCH-20260426-01205,SUP-20260426-01205,Gissah,Voila,,supplier_source,250027,supplier_name_normalisation,0.7,Initial candidate generated from supplier row only. Requires independent verification before approval.,needs_verification,low_supplier_source_only,2026-09-15T23:52:40+00:00
MATCH-20260426-01206,SUP-20260426-01206,Gissah,La Luna,,supplier_source,240926,supplier_name_normalisation,0.7,Initial candidate generated from supplier row only. Requires independent verification before approval.,needs_verification,low_supplier_source_only,2026-09-15T23:52:40+00:00
MATCH-20260426-01207,SUP-20260426-01207,Gissah,Mavro,,supplier_source,240887,supplier_name_normalisation,0.7,Initial candidate generated from supplier row only. Requires independent verification before approval.,needs_verification,low_supplier_source_only,2026-09-15T23:52:40+00:00
MATCH-20260426-01208,SUP-20260426-01208,Gissah,Hudson II,,supplier_source,240741,supplier_name_normalisation,0.7,Initial candidate generated from supplier row only. Requires independent verification before approval.,needs_verification,low_supplier_source_only,2026-09-15T23:52:40+00:00
MATCH-20260426-01209,SUP-20260426-01209,Gissah,Sanad,,supplier_source,240687,supplier_name_normalisation,0.7,Initial candidate generated from supplier row only. Requires independent verification before approval.,needs_verification,low_supplier_source_only,2026-09-15T23:52:40+00:00
MATCH-20260426-01210,SUP-20260426-01210,Gissah,Akoya,,supplier_source,240686,supplier_name_normalisation,0.7,Initial candidate generated from supplier row only. Requires independent verification before approval.,needs_verification,low_supplier_source_only,2026-09-15T23:52:40+00:00
MATCH-20260426-01211,SUP-20260426-01211,Gissah,Akoya,,supplier_source,250001,supplier_name_normalisation,0.7,Initial candidate generated from supplier row only. Requires independent verification before approval.,needs_verification,low_supplier_source_only,2026-09-15T23:52:40+00:00
MATCH-20260426-01212,SUP-20260426-01212,Gissah,Montana,,supplier_source,240542,supplier_name_normalisation,0.7,Initial candidate generated from supplier row only. Requires independent verification before approval.,needs_verification,low_supplier_source_only,2026-09-15T23:52:40+00:00
MATCH-20260426-01213,SUP-20260426-01213,Gissah,Helen EDP,,supplier_source,240541,supplier_name_normalisation,0.7,Initial candidate generated from supplier row only. Requires independent verification before approval.,needs_verification,low_supplier_source_only,2026-09-15T23:52:40+00:00
MATCH-20260426-01214,SUP-20260426-01214,Gissah,Hudson Valley,,supplier_source,240540,supplier_name_normalisation,0.7,Initial candidate generated from supplier row only. Requires independent verification before approval.,needs_verification,low_supplier_source_only,2026-09-15T23:52:40+00:00
MATCH-20260426-01215,SUP-20260426-01215,Gissah,Sora Legend Of The Sky 2,,supplier_source,240484,supplier_name_normalisation,0.7,Initial candidate generated from supplier row only. Requires independent verification before approval.,needs_verification,low_supplier_source_only,2026-09-15T23:52:40+00:00
MATCH-20260426-01216,SUP-20260426-01216,Gissah,Ellora Legend Of The Sky 2,,supplier_source,240485,supplier_name_normalisation,0.7,Initial candidate generated from supplier row only. Requires independent verification before approval.,needs_verification,low_supplier_source_only,2026-09-15T23:52:40+00:00
MATCH-20260426-01217,SUP-20260426-01217,Gissah,Sahara,,supplier_source,240259,supplier_name_normalisation,0.7,Initial candidate generated from supplier row only. Requires independent verification before approval.,needs_verification,low_supplier_source_only,2026-09-15T23:52:40+00:00
MATCH-20260426-01218,SUP-20260426-01218,Gissah,Oasis,,supplier_source,240260,supplier_name_normalisation,0.7,Initial candidate generated from supplier row only. Requires independent verification before approval.,needs_verification,low_supplier_source_only,2026-09-15T23:52:40+00:00
MATCH-20260426-01219,SUP-20260426-01219,Gissah,Oryx,,supplier_source,240297,supplier_name_normalisation,0.7,Initial candidate generated from supplier row only. Requires independent verification before approval.,needs_verification,low_supplier_source_only,2026-09-15T23:52:40+00:00
MATCH-20260426-01220,SUP-20260426-01220,Gissah,Imperial Velley,,supplier_source,240092,supplier_name_normalisation,0.7,Initial candidate generated from supplier row only. Requires independent verification before approval.,needs_verification,low_supplier_source_only,2026-09-15T23:52:40+00:00
MATCH-20260426-01221,SUP-20260426-01221,Gissah,Imperial Valley,,supplier_source,240981,supplier_name_normalisation,0.7,Initial candidate generated from supplier row only. Requires independent verification before approval.,needs_verification,low_supplier_source_only,2026-09-15T23:52:40+00:00
MATCH-20260426-01222,SUP-20260426-01222,Gissah,One & Only,,supplier_source,240616,supplier_name_normalisation,0.7,Initial candidate generated from supplier row only. Requires independent verification before approval.,needs_verification,low_supplier_source_only,2026-09-15T23:52:40+00:00
MATCH-20260426-01223,SUP-20260426-01223,Gissah,One & Only,,supplier_source,240146,supplier_name_normalisation,0.7,Initial candidate generated from supplier row only. Requires independent verification before approval.,needs_verification,low_supplier_source_only,2026-09-15T23:52:40+00:00
MATCH-20260426-01224,SUP-20260426-01224,Gissah,Calabria,,supplier_source,344149-A,supplier_name_normalisation,0.62,Initial candidate generated from supplier row only. Requires independent verification before approval.,needs_verification,low_supplier_source_only,2026-09-15T23:52:40+00:00
MATCH-20260426-01225,SUP-20260426-01225,Gissah,Astra Musk,,supplier_source,43QRE34,supplier_name_normalisation,0.7,Initial candidate generated from supplier row only. Requires independent verification before approval.,needs_verification,low_supplier_source_only,2026-09-15T23:52:40+00:00
MATCH-20260426-01226,SUP-20260426-01226,Gissah,Lunar Musk,,supplier_source,240906,supplier_name_normalisation,0.7,Initial candidate generated from supplier row only. Requires independent verification before approval.,needs_verification,low_supplier_source_only,2026-09-15T23:52:40+00:00
MATCH-20260426-01227,SUP-20260426-01227,Gissah,Imperial II,,supplier_source,3000301,supplier_name_normalisation,0.7,Initial candidate generated from supplier row only. Requires independent verification before approval.,needs_verification,low_supplier_source_only,2026-09-15T23:52:40+00:00
MATCH-20260426-01228,SUP-20260426-01228,Givaudan,Banafsay,,supplier_source,349459,supplier_name_normalisation,0.62,Initial candidate generated from supplier row only. Requires independent verification before approval.,needs_verification,low_supplier_source_only,2026-09-15T23:52:40+00:00
MATCH-20260426-01229,SUP-20260426-01229,Givenchy,Eaudemoiselle,,supplier_source,250484,supplier_name_normalisation,0.7,Initial candidate generated from supplier row only. Requires independent verification before approval.,needs_verification,low_supplier_source_only,2026-09-15T23:52:40+00:00
MATCH-20260426-01230,SUP-20260426-01230,Givenchy,Gentlman Society Eau De Parfum Ambre,,supplier_source,250430,supplier_name_normalisation,0.7,Initial candidate generated from supplier row only. Requires independent verification before approval.,needs_verification,low_supplier_source_only,2026-09-15T23:52:40+00:00
MATCH-20260426-01231,SUP-20260426-01231,Givenchy,Irresistable Necter EDP,,supplier_source,250373,supplier_name_normalisation,0.7,Initial candidate generated from supplier row only. Requires independent verification before approval.,needs_verification,low_supplier_source_only,2026-09-15T23:52:40+00:00
MATCH-20260426-01232,SUP-20260426-01232,Givenchy,Irresistable,,supplier_source,250140,supplier_name_normalisation,0.7,Initial candidate generated from supplier row only. Requires independent verification before approval.,needs_verification,low_supplier_source_only,2026-09-15T23:52:40+00:00
MATCH-20260426-01233,SUP-20260426-01233,Givenchy,Fantasque,,supplier_source,240973,supplier_name_normalisation,0.7,Initial candidate generated from supplier row only. Requires independent verification before approval.,needs_verification,low_supplier_source_only,2026-09-15T23:52:40+00:00
MATCH-20260426-01234,SUP-20260426-01234,Givenchy,Play Intense,,supplier_source,240920,supplier_name_normalisation,0.7,Initial candidate generated from supplier row only. Requires independent verification before approval.,needs_verification,low_supplier_source_only,2026-09-15T23:52:40+00:00
MATCH-20260426-01235,SUP-20260426-01235,Givenchy,Garcon Manque,,supplier_source,240888,supplier_name_normalisation,0.7,Initial candidate generated from supplier row only. Requires independent verification before approval.,needs_verification,low_supplier_source_only,2026-09-15T23:52:40+00:00
MATCH-20260426-01236,SUP-20260426-01236,Givenchy,Gentleman Society,,supplier_source,240151,supplier_name_normalisation,0.7,Initial candidate generated from supplier row only. Requires independent verification before approval.,needs_verification,low_supplier_source_only,2026-09-15T23:52:40+00:00
MATCH-20260426-01237,SUP-20260426-01237,Givenchy,Amarige,,supplier_source,921732,supplier_name_normalisation,0.62,Initial candidate generated from supplier row only. Requires independent verification before approval.,needs_verification,low_supplier_source_only,2026-09-15T23:52:40+00:00
MATCH-20260426-01238,SUP-20260426-01238,Givenchy,L' Interdit ( 2018 ),,supplier_source,240167,supplier_name_normalisation,0.7,Initial candidate generated from supplier row only. Requires independent verification before approval.,needs_verification,low_supplier_source_only,2026-09-15T23:52:40+00:00
MATCH-20260426-01239,SUP-20260426-01239,Givenchy,L' Interdit ( 2018 ),,supplier_source,233637,supplier_name_normalisation,0.62,Initial candidate generated from supplier row only. Requires independent verification before approval.,needs_verification,low_supplier_source_only,2026-09-15T23:52:40+00:00
MATCH-20260426-01240,SUP-20260426-01240,Givenchy,Amarige,,supplier_source,353434,supplier_name_normalisation,0.62,Initial candidate generated from supplier row only. Requires independent verification before approval.,needs_verification,low_supplier_source_only,2026-09-15T23:52:40+00:00
MATCH-20260426-01241,SUP-20260426-01241,Givenchy,L'interdit Eau De Parfum,,supplier_source,233443,supplier_name_normalisation,0.62,Initial candidate generated from supplier row only. Requires independent verification before approval.,needs_verification,low_supplier_source_only,2026-09-15T23:52:40+00:00
MATCH-20260426-01242,SUP-20260426-01242,Givenchy,L' Interdit EDP Rouge,,supplier_source,240166,supplier_name_normalisation,0.7,Initial candidate generated from supplier row only. Requires independent verification before approval.,needs_verification,low_supplier_source_only,2026-09-15T23:52:40+00:00
MATCH-20260426-01243,SUP-20260426-01243,Givenchy,L' Interdit EDP Rouge,,supplier_source,503923,supplier_name_normalisation,0.62,Initial candidate generated from supplier row only. Requires independent verification before approval.,needs_verification,low_supplier_source_only,2026-09-15T23:52:40+00:00
MATCH-20260426-01244,SUP-20260426-01244,Givenchy,Gentleman,,supplier_source,240105,supplier_name_normalisation,0.7,Initial candidate generated from supplier row only. Requires independent verification before approval.,needs_verification,low_supplier_source_only,2026-09-15T23:52:40+00:00
MATCH-20260426-01245,SUP-20260426-01245,Givenchy,Absolutely,,supplier_source,3000302,supplier_name_normalisation,0.7,Initial candidate generated from supplier row only. Requires independent verification before approval.,needs_verification,low_supplier_source_only,2026-09-15T23:52:40+00:00
MATCH-20260426-01246,SUP-20260426-01246,Givenchy,Amarage,,supplier_source,3000303,supplier_name_normalisation,0.7,Initial candidate generated from supplier row only. Requires independent verification before approval.,needs_verification,low_supplier_source_only,2026-09-15T23:52:40+00:00
MATCH-20260426-01247,SUP-20260426-01247,Givenchy,Eau De Moiselle,,supplier_source,3000304,supplier_name_normalisation,0.7,Initial candidate generated from supplier row only. Requires independent verification before approval.,needs_verification,low_supplier_source_only,2026-09-15T23:52:40+00:00
MATCH-20260426-01248,SUP-20260426-01248,Givenchy,Givenchy Blue Leble,,supplier_source,3000305,supplier_name_normalisation,0.7,Initial candidate generated from supplier row only. Requires independent verification before approval.,needs_verification,low_supplier_source_only,2026-09-15T23:52:40+00:00
MATCH-20260426-01249,SUP-20260426-01249,Givenchy,Givenchy Play Woman,,supplier_source,3000306,supplier_name_normalisation,0.7,Initial candidate generated from supplier row only. Requires independent verification before approval.,needs_verification,low_supplier_source_only,2026-09-15T23:52:40+00:00
MATCH-20260426-01250,SUP-20260426-01250,Givenchy,Hot Couture,,supplier_source,3000307,supplier_name_normalisation,0.7,Initial candidate generated from supplier row only. Requires independent verification before approval.,needs_verification,low_supplier_source_only,2026-09-15T23:52:40+00:00
MATCH-20260426-01251,SUP-20260426-01251,Givenchy,Only Gentleman,,supplier_source,3000308,supplier_name_normalisation,0.7,Initial candidate generated from supplier row only. Requires independent verification before approval.,needs_verification,low_supplier_source_only,2026-09-15T23:52:40+00:00
MATCH-20260426-01252,SUP-20260426-01252,Givenchy,Pi Givenchy,,supplier_source,3000309,supplier_name_normalisation,0.7,Initial candidate generated from supplier row only. Requires independent verification before approval.,needs_verification,low_supplier_source_only,2026-09-15T23:52:40+00:00
MATCH-20260426-01253,SUP-20260426-01253,Givenchy,Gentleman Reserve Privee,,supplier_source,3000310,supplier_name_normalisation,0.7,Initial candidate generated from supplier row only. Requires independent verification before approval.,needs_verification,low_supplier_source_only,2026-09-15T23:52:40+00:00
MATCH-20260426-01254,SUP-20260426-01254,Golden Dust,Golden Dust,,supplier_source,250434,supplier_name_normalisation,0.7,Initial candidate generated from supplier row only. Requires independent verification before approval.,needs_verification,low_supplier_source_only,2026-09-15T23:52:40+00:00
MATCH-20260426-01255,SUP-20260426-01255,Golden Dust,Golden Dust,,supplier_source,342245,supplier_name_normalisation,0.62,Initial candidate generated from supplier row only. Requires independent verification before approval.,needs_verification,low_supplier_source_only,2026-09-15T23:52:40+00:00
MATCH-20260426-01256,SUP-20260426-01256,Goldfield & Banks,Pacific Rock Flower,,supplier_source,250488,supplier_name_normalisation,0.7,Initial candidate generated from supplier row only. Requires independent verification before approval.,needs_verification,low_supplier_source_only,2026-09-15T23:52:40+00:00
MATCH-20260426-01257,SUP-20260426-01257,Goldfield & Banks,Bohemian Lime,,supplier_source,240514,supplier_name_normalisation,0.7,Initial candidate generated from supplier row only. Requires independent verification before approval.,needs_verification,low_supplier_source_only,2026-09-15T23:52:40+00:00
MATCH-20260426-01258,SUP-20260426-01258,Goldfield & Banks,Silky Woods Elixir,,supplier_source,240296,supplier_name_normalisation,0.7,Initial candidate generated from supplier row only. Requires independent verification before approval.,needs_verification,low_supplier_source_only,2026-09-15T23:52:40+00:00
MATCH-20260426-01259,SUP-20260426-01259,Goldfield & Banks,Silky Woods,,supplier_source,240217,supplier_name_normalisation,0.7,Initial candidate generated from supplier row only. Requires independent verification before approval.,needs_verification,low_supplier_source_only,2026-09-15T23:52:40+00:00
MATCH-20260426-01260,SUP-20260426-01260,Goldfield & Banks,Ingenious Ginger,,supplier_source,240863,supplier_name_normalisation,0.7,Initial candidate generated from supplier row only. Requires independent verification before approval.,needs_verification,low_supplier_source_only,2026-09-15T23:52:40+00:00
MATCH-20260426-01261,SUP-20260426-01261,Gritti,Mango Aoud,,supplier_source,240647,supplier_name_normalisation,0.7,Initial candidate generated from supplier row only. Requires independent verification before approval.,needs_verification,low_supplier_source_only,2026-09-15T23:52:40+00:00
MATCH-20260426-01262,SUP-20260426-01262,Gritti,Tutu,,supplier_source,462343,supplier_name_normalisation,0.62,Initial candidate generated from supplier row only. Requires independent verification before approval.,needs_verification,low_supplier_source_only,2026-09-15T23:52:40+00:00
MATCH-20260426-01263,SUP-20260426-01263,Gucci,Flora Gorgeous Gardenia Intense,,supplier_source,250273,supplier_name_normalisation,0.7,Initial candidate generated from supplier row only. Requires independent verification before approval.,needs_verification,low_supplier_source_only,2026-09-15T23:52:40+00:00
MATCH-20260426-01264,SUP-20260426-01264,Gucci,Bloom Intense,,supplier_source,250186,supplier_name_normalisation,0.7,Initial candidate generated from supplier row only. Requires independent verification before approval.,needs_verification,low_supplier_source_only,2026-09-15T23:52:40+00:00
MATCH-20260426-01265,SUP-20260426-01265,Gucci,The Heart Of Leo,,supplier_source,250170,supplier_name_normalisation,0.7,Initial candidate generated from supplier row only. Requires independent verification before approval.,needs_verification,low_supplier_source_only,2026-09-15T23:52:40+00:00
MATCH-20260426-01266,SUP-20260426-01266,Gucci,By,,supplier_source,250006,supplier_name_normalisation,0.7,Initial candidate generated from supplier row only. Requires independent verification before approval.,needs_verification,low_supplier_source_only,2026-09-15T23:52:40+00:00
MATCH-20260426-01267,SUP-20260426-01267,Gucci,Intense OUD,,supplier_source,240728,supplier_name_normalisation,0.7,Initial candidate generated from supplier row only. Requires independent verification before approval.,needs_verification,low_supplier_source_only,2026-09-15T23:52:40+00:00
MATCH-20260426-01268,SUP-20260426-01268,Gucci,Tears From The Moon,,supplier_source,240472,supplier_name_normalisation,0.7,Initial candidate generated from supplier row only. Requires independent verification before approval.,needs_verification,low_supplier_source_only,2026-09-15T23:52:40+00:00
MATCH-20260426-01269,SUP-20260426-01269,Gucci,Envy For Men,,supplier_source,240339,supplier_name_normalisation,0.7,Initial candidate generated from supplier row only. Requires independent verification before approval.,needs_verification,low_supplier_source_only,2026-09-15T23:52:40+00:00
MATCH-20260426-01270,SUP-20260426-01270,Gucci,Pour Homme,,supplier_source,240335,supplier_name_normalisation,0.7,Initial candidate generated from supplier row only. Requires independent verification before approval.,needs_verification,low_supplier_source_only,2026-09-15T23:52:40+00:00
MATCH-20260426-01271,SUP-20260426-01271,Gucci,Flora Gorgeous Orchid,,supplier_source,240310,supplier_name_normalisation,0.7,Initial candidate generated from supplier row only. Requires independent verification before approval.,needs_verification,low_supplier_source_only,2026-09-15T23:52:40+00:00
MATCH-20260426-01272,SUP-20260426-01272,Gucci,Flora Gorgeous Jasmine,,supplier_source,240306,supplier_name_normalisation,0.7,Initial candidate generated from supplier row only. Requires independent verification before approval.,needs_verification,low_supplier_source_only,2026-09-15T23:52:40+00:00
MATCH-20260426-01273,SUP-20260426-01273,Gucci,Flora Gorgeous Gardenia,,supplier_source,240280,supplier_name_normalisation,0.7,Initial candidate generated from supplier row only. Requires independent verification before approval.,needs_verification,low_supplier_source_only,2026-09-15T23:52:40+00:00
MATCH-20260426-01274,SUP-20260426-01274,Gucci,A Midnight Stroll,,supplier_source,354132,supplier_name_normalisation,0.62,Initial candidate generated from supplier row only. Requires independent verification before approval.,needs_verification,low_supplier_source_only,2026-09-15T23:52:40+00:00
MATCH-20260426-01275,SUP-20260426-01275,Gucci,A Reason To Love,,supplier_source,344154-T,supplier_name_normalisation,0.62,Initial candidate generated from supplier row only. Requires independent verification before approval.,needs_verification,low_supplier_source_only,2026-09-15T23:52:40+00:00
MATCH-20260426-01276,SUP-20260426-01276,Gucci,Rush Man,,supplier_source,240878,supplier_name_normalisation,0.7,Initial candidate generated from supplier row only. Requires independent verification before approval.,needs_verification,low_supplier_source_only,2026-09-15T23:52:40+00:00
MATCH-20260426-01277,SUP-20260426-01277,Gucci,Gucci Rush Woman,,supplier_source,240420,supplier_name_normalisation,0.7,Initial candidate generated from supplier row only. Requires independent verification before approval.,needs_verification,low_supplier_source_only,2026-09-15T23:52:40+00:00
MATCH-20260426-01278,SUP-20260426-01278,Gucci,The Voic Of Snake,,supplier_source,461634-C,supplier_name_normalisation,0.62,Initial candidate generated from supplier row only. Requires independent verification before approval.,needs_verification,low_supplier_source_only,2026-09-15T23:52:40+00:00
MATCH-20260426-01279,SUP-20260426-01279,Gucci,Bloom LZ,,supplier_source,503419,supplier_name_normalisation,0.62,Initial candidate generated from supplier row only. Requires independent verification before approval.,needs_verification,low_supplier_source_only,2026-09-15T23:52:40+00:00
MATCH-20260426-01280,SUP-20260426-01280,Gucci,Bloom,,supplier_source,250323,supplier_name_normalisation,0.7,Initial candidate generated from supplier row only. Requires independent verification before approval.,needs_verification,low_supplier_source_only,2026-09-15T23:52:40+00:00
MATCH-20260426-01281,SUP-20260426-01281,Gucci,Bloom LZ,,supplier_source,503419-A,supplier_name_normalisation,0.62,Initial candidate generated from supplier row only. Requires independent verification before approval.,needs_verification,low_supplier_source_only,2026-09-15T23:52:40+00:00
MATCH-20260426-01282,SUP-20260426-01282,Gucci,Flora,,supplier_source,240304,supplier_name_normalisation,0.7,Initial candidate generated from supplier row only. Requires independent verification before approval.,needs_verification,low_supplier_source_only,2026-09-15T23:52:40+00:00
MATCH-20260426-01283,SUP-20260426-01283,Gucci,Gucci Flora,,supplier_source,338315-B,supplier_name_normalisation,0.62,Initial candidate generated from supplier row only. Requires independent verification before approval.,needs_verification,low_supplier_source_only,2026-09-15T23:52:40+00:00
MATCH-20260426-01284,SUP-20260426-01284,Gucci,The Last Day Of Summer Eau,,supplier_source,160196,supplier_name_normalisation,0.62,Initial candidate generated from supplier row only. Requires independent verification before approval.,needs_verification,low_supplier_source_only,2026-09-15T23:52:40+00:00
MATCH-20260426-01285,SUP-20260426-01285,Gucci,The Voice Of The Snake Eau De,,supplier_source,250215,supplier_name_normalisation,0.7,Initial candidate generated from supplier row only. Requires independent verification before approval.,needs_verification,low_supplier_source_only,2026-09-15T23:52:40+00:00
MATCH-20260426-01286,SUP-20260426-01286,Gucci,Guilty Elixir Pour Homme,,supplier_source,240135,supplier_name_normalisation,0.7,Initial candidate generated from supplier row only. Requires independent verification before approval.,needs_verification,low_supplier_source_only,2026-09-15T23:52:40+00:00
MATCH-20260426-01287,SUP-20260426-01287,Gucci,Bamboo,,supplier_source,240386,supplier_name_normalisation,0.7,Initial candidate generated from supplier row only. Requires independent verification before approval.,needs_verification,low_supplier_source_only,2026-09-15T23:52:40+00:00
MATCH-20260426-01288,SUP-20260426-01288,Gucci,Gucci By Gucci,,supplier_source,3000312,supplier_name_normalisation,0.7,Initial candidate generated from supplier row only. Requires independent verification before approval.,needs_verification,low_supplier_source_only,2026-09-15T23:52:40+00:00
MATCH-20260426-01289,SUP-20260426-01289,Gucci,Gucci By Gucci Sport Man,,supplier_source,3000313,supplier_name_normalisation,0.7,Initial candidate generated from supplier row only. Requires independent verification before approval.,needs_verification,low_supplier_source_only,2026-09-15T23:52:40+00:00
MATCH-20260426-01290,SUP-20260426-01290,Gucci,Gucci Guilty Absolute Man,,supplier_source,3000314,supplier_name_normalisation,0.7,Initial candidate generated from supplier row only. Requires independent verification before approval.,needs_verification,low_supplier_source_only,2026-09-15T23:52:40+00:00
MATCH-20260426-01291,SUP-20260426-01291,Gucci,Gucci Guilty Absolute Woman,,supplier_source,3000315,supplier_name_normalisation,0.7,Initial candidate generated from supplier row only. Requires independent verification before approval.,needs_verification,low_supplier_source_only,2026-09-15T23:52:40+00:00
MATCH-20260426-01292,SUP-20260426-01292,Gucci,Gucci Guilty OUD,,supplier_source,3000316,supplier_name_normalisation,0.7,Initial candidate generated from supplier row only. Requires independent verification before approval.,needs_verification,low_supplier_source_only,2026-09-15T23:52:40+00:00
MATCH-20260426-01293,SUP-20260426-01293,Gucci,Gucci Guilty Women,,supplier_source,240132,supplier_name_normalisation,0.7,Initial candidate generated from supplier row only. Requires independent verification before approval.,needs_verification,low_supplier_source_only,2026-09-15T23:52:40+00:00
MATCH-20260426-01294,SUP-20260426-01294,Gucci,Gucci OUD,,supplier_source,240387,supplier_name_normalisation,0.7,Initial candidate generated from supplier row only. Requires independent verification before approval.,needs_verification,low_supplier_source_only,2026-09-15T23:52:40+00:00
MATCH-20260426-01295,SUP-20260426-01295,Gucci,Gucci OUD Intense,,supplier_source,3000317,supplier_name_normalisation,0.7,Initial candidate generated from supplier row only. Requires independent verification before approval.,needs_verification,low_supplier_source_only,2026-09-15T23:52:40+00:00
MATCH-20260426-01296,SUP-20260426-01296,Gucci,Gucci Premier,,supplier_source,3000318,supplier_name_normalisation,0.7,Initial candidate generated from supplier row only. Requires independent verification before approval.,needs_verification,low_supplier_source_only,2026-09-15T23:52:40+00:00
MATCH-20260426-01297,SUP-20260426-01297,Gucci,Gucci Midnight Stroll,,supplier_source,3000319,supplier_name_normalisation,0.7,Initial candidate generated from supplier row only. Requires independent verification before approval.,needs_verification,low_supplier_source_only,2026-09-15T23:52:40+00:00
MATCH-20260426-01298,SUP-20260426-01298,Gucci,Gucci A Chant For The Nymph,,supplier_source,3000320,supplier_name_normalisation,0.7,Initial candidate generated from supplier row only. Requires independent verification before approval.,needs_verification,low_supplier_source_only,2026-09-15T23:52:40+00:00
MATCH-20260426-01299,SUP-20260426-01299,Gucci,Gucci Guilty Love Edition,,supplier_source,3000321,supplier_name_normalisation,0.7,Initial candidate generated from supplier row only. Requires independent verification before approval.,needs_verification,low_supplier_source_only,2026-09-15T23:52:40+00:00
MATCH-20260426-01300,SUP-20260426-01300,Gucci,Flogard Jasmine,,supplier_source,3000322,supplier_name_normalisation,0.7,Initial candidate generated from supplier row only. Requires independent verification before approval.,needs_verification,low_supplier_source_only,2026-09-15T23:52:40+00:00
MATCH-20260426-01301,SUP-20260426-01301,Guerlain,Feve Gourmande,,supplier_source,250399,supplier_name_normalisation,0.7,Initial candidate generated from supplier row only. Requires independent verification before approval.,needs_verification,low_supplier_source_only,2026-09-15T23:52:40+00:00
MATCH-20260426-01302,SUP-20260426-01302,Guerlain,Vetiver Fauve,,supplier_source,250293,supplier_name_normalisation,0.7,Initial candidate generated from supplier row only. Requires independent verification before approval.,needs_verification,low_supplier_source_only,2026-09-15T23:52:40+00:00
MATCH-20260426-01303,SUP-20260426-01303,Guerlain,Herbes Troublantes,,supplier_source,250288,supplier_name_normalisation,0.7,Initial candidate generated from supplier row only. Requires independent verification before approval.,needs_verification,low_supplier_source_only,2026-09-15T23:52:40+00:00
MATCH-20260426-01304,SUP-20260426-01304,Guerlain,Absolu Allegoria Flora Bloom,,supplier_source,250275,supplier_name_normalisation,0.7,Initial candidate generated from supplier row only. Requires independent verification before approval.,needs_verification,low_supplier_source_only,2026-09-15T23:52:40+00:00
MATCH-20260426-01305,SUP-20260426-01305,Guerlain,Neroli Outre Noir,,supplier_source,250218,supplier_name_normalisation,0.7,Initial candidate generated from supplier row only. Requires independent verification before approval.,needs_verification,low_supplier_source_only,2026-09-15T23:52:40+00:00
MATCH-20260426-01306,SUP-20260426-01306,Guerlain,Shalimar L'essence,,supplier_source,250206,supplier_name_normalisation,0.7,Initial candidate generated from supplier row only. Requires independent verification before approval.,needs_verification,low_supplier_source_only,2026-09-15T23:52:40+00:00
MATCH-20260426-01307,SUP-20260426-01307,Guerlain,Patchouli Paris,,supplier_source,250022,supplier_name_normalisation,0.7,Initial candidate generated from supplier row only. Requires independent verification before approval.,needs_verification,low_supplier_source_only,2026-09-15T23:52:40+00:00
MATCH-20260426-01308,SUP-20260426-01308,Guerlain,Aqua Allegoria Forte Rosa Palissandro,,supplier_source,240993,supplier_name_normalisation,0.7,Initial candidate generated from supplier row only. Requires independent verification before approval.,needs_verification,low_supplier_source_only,2026-09-15T23:52:40+00:00
MATCH-20260426-01309,SUP-20260426-01309,Guerlain,Peche Mirage,,supplier_source,240986,supplier_name_normalisation,0.7,Initial candidate generated from supplier row only. Requires independent verification before approval.,needs_verification,low_supplier_source_only,2026-09-15T23:52:40+00:00
MATCH-20260426-01310,SUP-20260426-01310,Guerlain,Rose Amira,,supplier_source,240967,supplier_name_normalisation,0.7,Initial candidate generated from supplier row only. Requires independent verification before approval.,needs_verification,low_supplier_source_only,2026-09-15T23:52:40+00:00
MATCH-20260426-01311,SUP-20260426-01311,Guerlain,Habit Rouge EDP,,supplier_source,240912,supplier_name_normalisation,0.7,Initial candidate generated from supplier row only. Requires independent verification before approval.,needs_verification,low_supplier_source_only,2026-09-15T23:52:40+00:00
MATCH-20260426-01312,SUP-20260426-01312,Guerlain,Iris Palida Extrait 6,,supplier_source,240905,supplier_name_normalisation,0.7,Initial candidate generated from supplier row only. Requires independent verification before approval.,needs_verification,low_supplier_source_only,2026-09-15T23:52:40+00:00
MATCH-20260426-01313,SUP-20260426-01313,Guerlain,Spiritueuse Double Vanilla,,supplier_source,240876,supplier_name_normalisation,0.7,Initial candidate generated from supplier row only. Requires independent verification before approval.,needs_verification,low_supplier_source_only,2026-09-15T23:52:40+00:00
MATCH-20260426-01314,SUP-20260426-01314,Guerlain,Vanille Planifolia Extrait 21,,supplier_source,240875,supplier_name_normalisation,0.7,Initial candidate generated from supplier row only. Requires independent verification before approval.,needs_verification,low_supplier_source_only,2026-09-15T23:52:40+00:00
MATCH-20260426-01315,SUP-20260426-01315,Guerlain,Tonka Sarrahpia Extrait 75,,supplier_source,240816,supplier_name_normalisation,0.7,Initial candidate generated from supplier row only. Requires independent verification before approval.,needs_verification,low_supplier_source_only,2026-09-15T23:52:40+00:00
MATCH-20260426-01316,SUP-20260426-01316,Guerlain,La Petite Robe Noir,,supplier_source,240670,supplier_name_normalisation,0.7,Initial candidate generated from supplier row only. Requires independent verification before approval.,needs_verification,low_supplier_source_only,2026-09-15T23:52:40+00:00
MATCH-20260426-01317,SUP-20260426-01317,Guerlain,Cherry OUD,,supplier_source,240439,supplier_name_normalisation,0.7,Initial candidate generated from supplier row only. Requires independent verification before approval.,needs_verification,low_supplier_source_only,2026-09-15T23:52:40+00:00
MATCH-20260426-01318,SUP-20260426-01318,Guerlain,Amber Eternel,,supplier_source,352803-A,supplier_name_normalisation,0.62,Initial candidate generated from supplier row only. Requires independent verification before approval.,needs_verification,low_supplier_source_only,2026-09-15T23:52:40+00:00
MATCH-20260426-01319,SUP-20260426-01319,Guerlain,Aqua Allegoria Pera Granita,,supplier_source,260783,supplier_name_normalisation,0.62,Initial candidate generated from supplier row only. Requires independent verification before approval.,needs_verification,low_supplier_source_only,2026-09-15T23:52:40+00:00
MATCH-20260426-01320,SUP-20260426-01320,Guerlain,Bois Mysterieux,,supplier_source,461572,supplier_name_normalisation,0.62,Initial candidate generated from supplier row only. Requires independent verification before approval.,needs_verification,low_supplier_source_only,2026-09-15T23:52:40+00:00
MATCH-20260426-01321,SUP-20260426-01321,Guerlain,Cuir Intense,,supplier_source,353859-A,supplier_name_normalisation,0.62,Initial candidate generated from supplier row only. Requires independent verification before approval.,needs_verification,low_supplier_source_only,2026-09-15T23:52:40+00:00
MATCH-20260426-01322,SUP-20260426-01322,Guerlain,Encens Mythique,,supplier_source,233687,supplier_name_normalisation,0.62,Initial candidate generated from supplier row only. Requires independent verification before approval.,needs_verification,low_supplier_source_only,2026-09-15T23:52:40+00:00
MATCH-20260426-01323,SUP-20260426-01323,Guerlain,Guerlain/shalimar Souffle,,supplier_source,232030-B,supplier_name_normalisation,0.62,Initial candidate generated from supplier row only. Requires independent verification before approval.,needs_verification,low_supplier_source_only,2026-09-15T23:52:40+00:00
MATCH-20260426-01324,SUP-20260426-01324,Guerlain,Mon Guerlain,,supplier_source,233741,supplier_name_normalisation,0.62,Initial candidate generated from supplier row only. Requires independent verification before approval.,needs_verification,low_supplier_source_only,2026-09-15T23:52:40+00:00
MATCH-20260426-01325,SUP-20260426-01325,Guerlain,Mon Guerlain EDP Intense,,supplier_source,339719-A,supplier_name_normalisation,0.62,Initial candidate generated from supplier row only. Requires independent verification before approval.,needs_verification,low_supplier_source_only,2026-09-15T23:52:40+00:00
MATCH-20260426-01326,SUP-20260426-01326,Guerlain,Mon Guerlain Bloom Of Roses,,supplier_source,461914,supplier_name_normalisation,0.62,Initial candidate generated from supplier row only. Requires independent verification before approval.,needs_verification,low_supplier_source_only,2026-09-15T23:52:40+00:00
MATCH-20260426-01327,SUP-20260426-01327,Guerlain,Les +c831:c1866absolus D,,supplier_source,503763,supplier_name_normalisation,0.62,Initial candidate generated from supplier row only. Requires independent verification before approval.,needs_verification,low_supplier_source_only,2026-09-15T23:52:40+00:00
MATCH-20260426-01328,SUP-20260426-01328,Guerlain,Aqua Allegoria Flora,,supplier_source,503887,supplier_name_normalisation,0.62,Initial candidate generated from supplier row only. Requires independent verification before approval.,needs_verification,low_supplier_source_only,2026-09-15T23:52:40+00:00
MATCH-20260426-01329,SUP-20260426-01329,Guerlain,Tobacco Honey,,supplier_source,240215,supplier_name_normalisation,0.7,Initial candidate generated from supplier row only. Requires independent verification before approval.,needs_verification,low_supplier_source_only,2026-09-15T23:52:40+00:00
MATCH-20260426-01330,SUP-20260426-01330,Guerlain,Bergamote Fantastico Extrait 11,,supplier_source,240703,supplier_name_normalisation,0.7,Initial candidate generated from supplier row only. Requires independent verification before approval.,needs_verification,low_supplier_source_only,2026-09-15T23:52:40+00:00
MATCH-20260426-01331,SUP-20260426-01331,Guerlain,Rose Centifolia Extrait 1,,supplier_source,250169,supplier_name_normalisation,0.7,Initial candidate generated from supplier row only. Requires independent verification before approval.,needs_verification,low_supplier_source_only,2026-09-15T23:52:40+00:00
MATCH-20260426-01332,SUP-20260426-01332,Guerlain,Samsara,,supplier_source,240605,supplier_name_normalisation,0.7,Initial candidate generated from supplier row only. Requires independent verification before approval.,needs_verification,low_supplier_source_only,2026-09-15T23:52:40+00:00
MATCH-20260426-01333,SUP-20260426-01333,Guerlain,Santal Royal,,supplier_source,240221,supplier_name_normalisation,0.7,Initial candidate generated from supplier row only. Requires independent verification before approval.,needs_verification,low_supplier_source_only,2026-09-15T23:52:40+00:00
MATCH-20260426-01334,SUP-20260426-01334,Guerlain,Musk Noble,,supplier_source,3000323,supplier_name_normalisation,0.7,Initial candidate generated from supplier row only. Requires independent verification before approval.,needs_verification,low_supplier_source_only,2026-09-15T23:52:40+00:00
MATCH-20260426-01335,SUP-20260426-01335,Guerlain,OUD Essentiel,,supplier_source,3000324,supplier_name_normalisation,0.7,Initial candidate generated from supplier row only. Requires independent verification before approval.,needs_verification,low_supplier_source_only,2026-09-15T23:52:40+00:00
MATCH-20260426-01336,SUP-20260426-01336,Guerlain,Patchouli Ardent,,supplier_source,3000325,supplier_name_normalisation,0.7,Initial candidate generated from supplier row only. Requires independent verification before approval.,needs_verification,low_supplier_source_only,2026-09-15T23:52:40+00:00
MATCH-20260426-01337,SUP-20260426-01337,Hormone Paris,Gaba,,supplier_source,250392,supplier_name_normalisation,0.7,Initial candidate generated from supplier row only. Requires independent verification before approval.,needs_verification,low_supplier_source_only,2026-09-15T23:52:40+00:00
MATCH-20260426-01338,SUP-20260426-01338,Hormone Paris,This Is Not Caffeine,,supplier_source,250350,supplier_name_normalisation,0.7,Initial candidate generated from supplier row only. Requires independent verification before approval.,needs_verification,low_supplier_source_only,2026-09-15T23:52:40+00:00
MATCH-20260426-01339,SUP-20260426-01339,Hormone Paris,This Is Not Dopamine Drive,,supplier_source,250351,supplier_name_normalisation,0.7,Initial candidate generated from supplier row only. Requires independent verification before approval.,needs_verification,low_supplier_source_only,2026-09-15T23:52:40+00:00
MATCH-20260426-01340,SUP-20260426-01340,Hormone Paris,This Is Not Gaba,,supplier_source,250352,supplier_name_normalisation,0.7,Initial candidate generated from supplier row only. Requires independent verification before approval.,needs_verification,low_supplier_source_only,2026-09-15T23:52:40+00:00
MATCH-20260426-01341,SUP-20260426-01341,Hormone Paris,This Is Not Testosterone,,supplier_source,250353,supplier_name_normalisation,0.7,Initial candidate generated from supplier row only. Requires independent verification before approval.,needs_verification,low_supplier_source_only,2026-09-15T23:52:40+00:00
MATCH-20260426-01342,SUP-20260426-01342,Henry Jacques,Roi Sans Equipage,,supplier_source,250283,supplier_name_normalisation,0.7,Initial candidate generated from supplier row only. Requires independent verification before approval.,needs_verification,low_supplier_source_only,2026-09-15T23:52:40+00:00
MATCH-20260426-01343,SUP-20260426-01343,Hajar Aswad,Hajar Aswad,,supplier_source,240200,supplier_name_normalisation,0.7,Initial candidate generated from supplier row only. Requires independent verification before approval.,needs_verification,low_supplier_source_only,2026-09-15T23:52:40+00:00
MATCH-20260426-01344,SUP-20260426-01344,Haramain,Sheikh Knioght,,supplier_source,250433,supplier_name_normalisation,0.7,Initial candidate generated from supplier row only. Requires independent verification before approval.,needs_verification,low_supplier_source_only,2026-09-15T23:52:40+00:00
MATCH-20260426-01345,SUP-20260426-01345,Haramain,Amber OUD Gold Edition,,supplier_source,240319,supplier_name_normalisation,0.7,Initial candidate generated from supplier row only. Requires independent verification before approval.,needs_verification,low_supplier_source_only,2026-09-15T23:52:40+00:00
MATCH-20260426-01346,SUP-20260426-01346,Haramain,Rose Taifi,,supplier_source,941592,supplier_name_normalisation,0.62,Initial candidate generated from supplier row only. Requires independent verification before approval.,needs_verification,low_supplier_source_only,2026-09-15T23:52:40+00:00
MATCH-20260426-01347,SUP-20260426-01347,Haramain,Hayati,,supplier_source,701717,supplier_name_normalisation,0.62,Initial candidate generated from supplier row only. Requires independent verification before approval.,needs_verification,low_supplier_source_only,2026-09-15T23:52:40+00:00
MATCH-20260426-01348,SUP-20260426-01348,Haramain,Mukallat Emarath,,supplier_source,240723,supplier_name_normalisation,0.7,Initial candidate generated from supplier row only. Requires independent verification before approval.,needs_verification,low_supplier_source_only,2026-09-15T23:52:40+00:00
MATCH-20260426-01349,SUP-20260426-01349,Haramain,Mukallat Emarath,,supplier_source,240722,supplier_name_normalisation,0.7,Initial candidate generated from supplier row only. Requires independent verification before approval.,needs_verification,low_supplier_source_only,2026-09-15T23:52:40+00:00
MATCH-20260426-01350,SUP-20260426-01350,Haramain,Oudh Al Majlis,,supplier_source,3000328,supplier_name_normalisation,0.7,Initial candidate generated from supplier row only. Requires independent verification before approval.,needs_verification,low_supplier_source_only,2026-09-15T23:52:40+00:00
MATCH-20260426-01351,SUP-20260426-01351,Haramain,Oudh Ma'al Attar,,supplier_source,3000329,supplier_name_normalisation,0.7,Initial candidate generated from supplier row only. Requires independent verification before approval.,needs_verification,low_supplier_source_only,2026-09-15T23:52:40+00:00
MATCH-20260426-01352,SUP-20260426-01352,Haramain,Oudh Maal Attar Maliki,,supplier_source,3000330,supplier_name_normalisation,0.7,Initial candidate generated from supplier row only. Requires independent verification before approval.,needs_verification,low_supplier_source_only,2026-09-15T23:52:40+00:00
MATCH-20260426-01353,SUP-20260426-01353,Haramain,Oudh Majun Maliki,,supplier_source,3000331,supplier_name_normalisation,0.7,Initial candidate generated from supplier row only. Requires independent verification before approval.,needs_verification,low_supplier_source_only,2026-09-15T23:52:40+00:00
MATCH-20260426-01354,SUP-20260426-01354,Haramain,Oudh Shuyookhi,,supplier_source,3000332,supplier_name_normalisation,0.7,Initial candidate generated from supplier row only. Requires independent verification before approval.,needs_verification,low_supplier_source_only,2026-09-15T23:52:40+00:00
MATCH-20260426-01355,SUP-20260426-01355,Haramain,Red African,,supplier_source,3000333,supplier_name_normalisation,0.7,Initial candidate generated from supplier row only. Requires independent verification before approval.,needs_verification,low_supplier_source_only,2026-09-15T23:52:40+00:00
MATCH-20260426-01356,SUP-20260426-01356,Haramain,Attar Al Kabba,,supplier_source,240747,supplier_name_normalisation,0.7,Initial candidate generated from supplier row only. Requires independent verification before approval.,needs_verification,low_supplier_source_only,2026-09-15T23:52:40+00:00
MATCH-20260426-01357,SUP-20260426-01357,Havoc,Havoc,,supplier_source,3000335,supplier_name_normalisation,0.7,Initial candidate generated from supplier row only. Requires independent verification before approval.,needs_verification,low_supplier_source_only,2026-09-15T23:52:40+00:00
MATCH-20260426-01358,SUP-20260426-01358,Hell,Hell,,supplier_source,3000336,supplier_name_normalisation,0.7,Initial candidate generated from supplier row only. Requires independent verification before approval.,needs_verification,low_supplier_source_only,2026-09-15T23:52:40+00:00
MATCH-20260426-01359,SUP-20260426-01359,Hell Top,Hell,,supplier_source,3000337,supplier_name_normalisation,0.7,Initial candidate generated from supplier row only. Requires independent verification before approval.,needs_verification,low_supplier_source_only,2026-09-15T23:52:40+00:00
MATCH-20260426-01360,SUP-20260426-01360,Hermes,Terre D Hermes Intense,,supplier_source,240972,supplier_name_normalisation,0.7,Initial candidate generated from supplier row only. Requires independent verification before approval.,needs_verification,low_supplier_source_only,2026-09-15T23:52:40+00:00
MATCH-20260426-01361,SUP-20260426-01361,Hermes,Barenia,,supplier_source,240752,supplier_name_normalisation,0.7,Initial candidate generated from supplier row only. Requires independent verification before approval.,needs_verification,low_supplier_source_only,2026-09-15T23:52:40+00:00
MATCH-20260426-01362,SUP-20260426-01362,Hermes,Terre De Hermes,,supplier_source,240103,supplier_name_normalisation,0.7,Initial candidate generated from supplier row only. Requires independent verification before approval.,needs_verification,low_supplier_source_only,2026-09-15T23:52:40+00:00
MATCH-20260426-01363,SUP-20260426-01363,Hermes,L' Ambre Des Merveilles,,supplier_source,233996,supplier_name_normalisation,0.62,Initial candidate generated from supplier row only. Requires independent verification before approval.,needs_verification,low_supplier_source_only,2026-09-15T23:52:40+00:00
MATCH-20260426-01364,SUP-20260426-01364,Hermes,Twilly D' Hermes,,supplier_source,240426,supplier_name_normalisation,0.7,Initial candidate generated from supplier row only. Requires independent verification before approval.,needs_verification,low_supplier_source_only,2026-09-15T23:52:40+00:00
MATCH-20260426-01365,SUP-20260426-01365,Hermes,H24,,supplier_source,233464,supplier_name_normalisation,0.62,Initial candidate generated from supplier row only. Requires independent verification before approval.,needs_verification,low_supplier_source_only,2026-09-15T23:52:40+00:00
MATCH-20260426-01366,SUP-20260426-01366,Hermes,Cabriole,,supplier_source,462358,supplier_name_normalisation,0.62,Initial candidate generated from supplier row only. Requires independent verification before approval.,needs_verification,low_supplier_source_only,2026-09-15T23:52:40+00:00
MATCH-20260426-01367,SUP-20260426-01367,Hermes,Vetiver Intense,,supplier_source,3000338,supplier_name_normalisation,0.7,Initial candidate generated from supplier row only. Requires independent verification before approval.,needs_verification,low_supplier_source_only,2026-09-15T23:52:40+00:00
MATCH-20260426-01368,SUP-20260426-01368,Hermes,Voyage,,supplier_source,3000339,supplier_name_normalisation,0.7,Initial candidate generated from supplier row only. Requires independent verification before approval.,needs_verification,low_supplier_source_only,2026-09-15T23:52:40+00:00
MATCH-20260426-01369,SUP-20260426-01369,Hermes,Terre Hermes Eau Givree,,supplier_source,240913,supplier_name_normalisation,0.7,Initial candidate generated from supplier row only. Requires independent verification before approval.,needs_verification,low_supplier_source_only,2026-09-15T23:52:40+00:00
MATCH-20260426-01370,SUP-20260426-01370,Herrera Confidential,Stallion Leather,,supplier_source,3000341,supplier_name_normalisation,0.7,Initial candidate generated from supplier row only. Requires independent verification before approval.,needs_verification,low_supplier_source_only,2026-09-15T23:52:40+00:00
MATCH-20260426-01371,SUP-20260426-01371,Herve Gambs,Night Owl,,supplier_source,3000342,supplier_name_normalisation,0.7,Initial candidate generated from supplier row only. Requires independent verification before approval.,needs_verification,low_supplier_source_only,2026-09-15T23:52:40+00:00
MATCH-20260426-01372,SUP-20260426-01372,Hfc,Fly To Miracle,,supplier_source,240955,supplier_name_normalisation,0.7,Initial candidate generated from supplier row only. Requires independent verification before approval.,needs_verification,low_supplier_source_only,2026-09-15T23:52:40+00:00
MATCH-20260426-01373,SUP-20260426-01373,Hfc,I Wanna Be Loved By You,,supplier_source,240830,supplier_name_normalisation,0.7,Initial candidate generated from supplier row only. Requires independent verification before approval.,needs_verification,low_supplier_source_only,2026-09-15T23:52:40+00:00
MATCH-20260426-01374,SUP-20260426-01374,Hfc,Devil's Intrigue,,supplier_source,354066,supplier_name_normalisation,0.62,Initial candidate generated from supplier row only. Requires independent verification before approval.,needs_verification,low_supplier_source_only,2026-09-15T23:52:40+00:00
MATCH-20260426-01375,SUP-20260426-01375,Hfc,Indian Venus,,supplier_source,503925-T,supplier_name_normalisation,0.62,Initial candidate generated from supplier row only. Requires independent verification before approval.,needs_verification,low_supplier_source_only,2026-09-15T23:52:40+00:00
MATCH-20260426-01376,SUP-20260426-01376,Hfc,Divine Blossom,,supplier_source,344158-T,supplier_name_normalisation,0.62,Initial candidate generated from supplier row only. Requires independent verification before approval.,needs_verification,low_supplier_source_only,2026-09-15T23:52:40+00:00
MATCH-20260426-01377,SUP-20260426-01377,Hfc,Voodoo Chic,,supplier_source,504042,supplier_name_normalisation,0.62,Initial candidate generated from supplier row only. Requires independent verification before approval.,needs_verification,low_supplier_source_only,2026-09-15T23:52:40+00:00
MATCH-20260426-01378,SUP-20260426-01378,Hfc,Voodoo Chic,,supplier_source,504042-A,supplier_name_normalisation,0.62,Initial candidate generated from supplier row only. Requires independent verification before approval.,needs_verification,low_supplier_source_only,2026-09-15T23:52:40+00:00
MATCH-20260426-01379,SUP-20260426-01379,Hfc,Diamond In The Sky,,supplier_source,3000343,supplier_name_normalisation,0.7,Initial candidate generated from supplier row only. Requires independent verification before approval.,needs_verification,low_supplier_source_only,2026-09-15T23:52:40+00:00
MATCH-20260426-01380,SUP-20260426-01380,Hfc,Divine Blossom,,supplier_source,3000344,supplier_name_normalisation,0.7,Initial candidate generated from supplier row only. Requires independent verification before approval.,needs_verification,low_supplier_source_only,2026-09-15T23:52:40+00:00
MATCH-20260426-01381,SUP-20260426-01381,Hfc,Golden Fever,,supplier_source,3000345,supplier_name_normalisation,0.7,Initial candidate generated from supplier row only. Requires independent verification before approval.,needs_verification,low_supplier_source_only,2026-09-15T23:52:40+00:00
MATCH-20260426-01382,SUP-20260426-01382,Hind Al OUD,Tahnoun,,supplier_source,240656,supplier_name_normalisation,0.7,Initial candidate generated from supplier row only. Requires independent verification before approval.,needs_verification,low_supplier_source_only,2026-09-15T23:52:40+00:00
MATCH-20260426-01383,SUP-20260426-01383,Hind Al OUD,Ahojas,,supplier_source,342752,supplier_name_normalisation,0.62,Initial candidate generated from supplier row only. Requires independent verification before approval.,needs_verification,low_supplier_source_only,2026-09-15T23:52:40+00:00
MATCH-20260426-01384,SUP-20260426-01384,Hind Al OUD,Barari,,supplier_source,339181,supplier_name_normalisation,0.62,Initial candidate generated from supplier row only. Requires independent verification before approval.,needs_verification,low_supplier_source_only,2026-09-15T23:52:40+00:00
MATCH-20260426-01385,SUP-20260426-01385,Hind Al OUD,Musk Al Emarat,,supplier_source,260707-A,supplier_name_normalisation,0.62,Initial candidate generated from supplier row only. Requires independent verification before approval.,needs_verification,low_supplier_source_only,2026-09-15T23:52:40+00:00
MATCH-20260426-01386,SUP-20260426-01386,Hind Al OUD,Sheikh Abdullah,,supplier_source,240865,supplier_name_normalisation,0.7,Initial candidate generated from supplier row only. Requires independent verification before approval.,needs_verification,low_supplier_source_only,2026-09-15T23:52:40+00:00
MATCH-20260426-01387,SUP-20260426-01387,Hind Al OUD,Sheikh Abdullah,,supplier_source,240866,supplier_name_normalisation,0.7,Initial candidate generated from supplier row only. Requires independent verification before approval.,needs_verification,low_supplier_source_only,2026-09-15T23:52:40+00:00
MATCH-20260426-01388,SUP-20260426-01388,Hind Al OUD,Ahojas,,supplier_source,3000346,supplier_name_normalisation,0.7,Initial candidate generated from supplier row only. Requires independent verification before approval.,needs_verification,low_supplier_source_only,2026-09-15T23:52:40+00:00
MATCH-20260426-01389,SUP-20260426-01389,Hind Al OUD,La Parla,,supplier_source,3000347,supplier_name_normalisation,0.7,Initial candidate generated from supplier row only. Requires independent verification before approval.,needs_verification,low_supplier_source_only,2026-09-15T23:52:40+00:00
MATCH-20260426-01390,SUP-20260426-01390,Hind Al OUD,Pink Musk,,supplier_source,3000348,supplier_name_normalisation,0.7,Initial candidate generated from supplier row only. Requires independent verification before approval.,needs_verification,low_supplier_source_only,2026-09-15T23:52:40+00:00
MATCH-20260426-01391,SUP-20260426-01391,Hind Al OUD,Sheikh Abdullah,,supplier_source,3000350,supplier_name_normalisation,0.7,Initial candidate generated from supplier row only. Requires independent verification before approval.,needs_verification,low_supplier_source_only,2026-09-15T23:52:40+00:00
MATCH-20260426-01392,SUP-20260426-01392,Hind Al OUD,Emarati Musk,,supplier_source,3000351,supplier_name_normalisation,0.7,Initial candidate generated from supplier row only. Requires independent verification before approval.,needs_verification,low_supplier_source_only,2026-09-15T23:52:40+00:00
MATCH-20260426-01393,SUP-20260426-01393,Hugo Boss,Bottled Beyond,,supplier_source,250469,supplier_name_normalisation,0.7,Initial candidate generated from supplier row only. Requires independent verification before approval.,needs_verification,low_supplier_source_only,2026-09-15T23:52:40+00:00
MATCH-20260426-01394,SUP-20260426-01394,Hugo Boss,Hugo X Superman,,supplier_source,250432,supplier_name_normalisation,0.7,Initial candidate generated from supplier row only. Requires independent verification before approval.,needs_verification,low_supplier_source_only,2026-09-15T23:52:40+00:00
MATCH-20260426-01395,SUP-20260426-01395,Hugo Boss,Hugo For Men,,supplier_source,250247,supplier_name_normalisation,0.7,Initial candidate generated from supplier row only. Requires independent verification before approval.,needs_verification,low_supplier_source_only,2026-09-15T23:52:40+00:00
MATCH-20260426-01396,SUP-20260426-01396,Hugo Boss,The Scent Elixir For Him,,supplier_source,250030,supplier_name_normalisation,0.7,Initial candidate generated from supplier row only. Requires independent verification before approval.,needs_verification,low_supplier_source_only,2026-09-15T23:52:40+00:00
MATCH-20260426-01397,SUP-20260426-01397,Hugo Boss,The Scent For Him Magnetic,,supplier_source,240995,supplier_name_normalisation,0.7,Initial candidate generated from supplier row only. Requires independent verification before approval.,needs_verification,low_supplier_source_only,2026-09-15T23:52:40+00:00
MATCH-20260426-01398,SUP-20260426-01398,Hugo Boss,Bottled Absolu,,supplier_source,240991,supplier_name_normalisation,0.7,Initial candidate generated from supplier row only. Requires independent verification before approval.,needs_verification,low_supplier_source_only,2026-09-15T23:52:40+00:00
MATCH-20260426-01399,SUP-20260426-01399,Hugo Boss,Ma Vie Pour Femme,,supplier_source,240287,supplier_name_normalisation,0.7,Initial candidate generated from supplier row only. Requires independent verification before approval.,needs_verification,low_supplier_source_only,2026-09-15T23:52:40+00:00
MATCH-20260426-01400,SUP-20260426-01400,Hugo Boss,Boss Bottled OUD,,supplier_source,342270-B,supplier_name_normalisation,0.62,Initial candidate generated from supplier row only. Requires independent verification before approval.,needs_verification,low_supplier_source_only,2026-09-15T23:52:40+00:00
MATCH-20260426-01401,SUP-20260426-01401,Hugo Boss,"Hugo, Hugo Boss",,supplier_source,233830-B,supplier_name_normalisation,0.62,Initial candidate generated from supplier row only. Requires independent verification before approval.,needs_verification,low_supplier_source_only,2026-09-15T23:52:40+00:00
MATCH-20260426-01402,SUP-20260426-01402,Hugo Boss,Hugo Boss Bottled,,supplier_source,353451-A,supplier_name_normalisation,0.62,Initial candidate generated from supplier row only. Requires independent verification before approval.,needs_verification,low_supplier_source_only,2026-09-15T23:52:40+00:00
MATCH-20260426-01403,SUP-20260426-01403,Hugo Boss,Boss Bottled Intense,,supplier_source,352800,supplier_name_normalisation,0.62,Initial candidate generated from supplier row only. Requires independent verification before approval.,needs_verification,low_supplier_source_only,2026-09-15T23:52:40+00:00
MATCH-20260426-01404,SUP-20260426-01404,Hugo Boss,Boss Bottled,,supplier_source,444335,supplier_name_normalisation,0.62,Initial candidate generated from supplier row only. Requires independent verification before approval.,needs_verification,low_supplier_source_only,2026-09-15T23:52:40+00:00
MATCH-20260426-01405,SUP-20260426-01405,Hugo Boss,Boss Orange Women LZ,,supplier_source,508737-A,supplier_name_normalisation,0.62,Initial candidate generated from supplier row only. Requires independent verification before approval.,needs_verification,low_supplier_source_only,2026-09-15T23:52:40+00:00
MATCH-20260426-01406,SUP-20260426-01406,Hugo Boss,Bottled Unlimited,,supplier_source,340877,supplier_name_normalisation,0.62,Initial candidate generated from supplier row only. Requires independent verification before approval.,needs_verification,low_supplier_source_only,2026-09-15T23:52:40+00:00
MATCH-20260426-01407,SUP-20260426-01407,Hugo Boss,Bottled Elixir,,supplier_source,240136,supplier_name_normalisation,0.7,Initial candidate generated from supplier row only. Requires independent verification before approval.,needs_verification,low_supplier_source_only,2026-09-15T23:52:40+00:00
MATCH-20260426-01408,SUP-20260426-01408,Hugo Boss,Boss Bottled OUD Saffron,,supplier_source,3000352,supplier_name_normalisation,0.7,Initial candidate generated from supplier row only. Requires independent verification before approval.,needs_verification,low_supplier_source_only,2026-09-15T23:52:40+00:00
MATCH-20260426-01409,SUP-20260426-01409,Hugo Boss,Boss Bottled OUD Saffron,,supplier_source,3000353,supplier_name_normalisation,0.7,Initial candidate generated from supplier row only. Requires independent verification before approval.,needs_verification,low_supplier_source_only,2026-09-15T23:52:40+00:00
MATCH-20260426-01410,SUP-20260426-01410,Hugo Boss,Hugo Boss Hugo,,supplier_source,250148,supplier_name_normalisation,0.7,Initial candidate generated from supplier row only. Requires independent verification before approval.,needs_verification,low_supplier_source_only,2026-09-15T23:52:40+00:00
MATCH-20260426-01411,SUP-20260426-01411,Hugo Boss,Hugo Boss New Woman,,supplier_source,3000355,supplier_name_normalisation,0.7,Initial candidate generated from supplier row only. Requires independent verification before approval.,needs_verification,low_supplier_source_only,2026-09-15T23:52:40+00:00
MATCH-20260426-01412,SUP-20260426-01412,Hugo Boss,Hugo Boss Red,,supplier_source,3000356,supplier_name_normalisation,0.7,Initial candidate generated from supplier row only. Requires independent verification before approval.,needs_verification,low_supplier_source_only,2026-09-15T23:52:40+00:00
MATCH-20260426-01413,SUP-20260426-01413,Hugo Boss,Hugo Boss Scent Absolute,,supplier_source,3000357,supplier_name_normalisation,0.7,Initial candidate generated from supplier row only. Requires independent verification before approval.,needs_verification,low_supplier_source_only,2026-09-15T23:52:40+00:00
MATCH-20260426-01414,SUP-20260426-01414,Hugo Boss,Hugo Boss Scent For Woman,,supplier_source,3000358,supplier_name_normalisation,0.7,Initial candidate generated from supplier row only. Requires independent verification before approval.,needs_verification,low_supplier_source_only,2026-09-15T23:52:40+00:00
MATCH-20260426-01415,SUP-20260426-01415,Hugo Boss,Hugo Iced,,supplier_source,3000359,supplier_name_normalisation,0.7,Initial candidate generated from supplier row only. Requires independent verification before approval.,needs_verification,low_supplier_source_only,2026-09-15T23:52:40+00:00
MATCH-20260426-01416,SUP-20260426-01416,Hugo Boss,Hugo Reversed,,supplier_source,3000360,supplier_name_normalisation,0.7,Initial candidate generated from supplier row only. Requires independent verification before approval.,needs_verification,low_supplier_source_only,2026-09-15T23:52:40+00:00
MATCH-20260426-01417,SUP-20260426-01417,Hugo Boss,Hugo Urban Journey,,supplier_source,3000361,supplier_name_normalisation,0.7,Initial candidate generated from supplier row only. Requires independent verification before approval.,needs_verification,low_supplier_source_only,2026-09-15T23:52:40+00:00
MATCH-20260426-01418,SUP-20260426-01418,Hugo Boss,The Collection Bold Incense,,supplier_source,3000362,supplier_name_normalisation,0.7,Initial candidate generated from supplier row only. Requires independent verification before approval.,needs_verification,low_supplier_source_only,2026-09-15T23:52:40+00:00
MATCH-20260426-01419,SUP-20260426-01419,Hugo Boss,The Collection Noble Wood,,supplier_source,3000363,supplier_name_normalisation,0.7,Initial candidate generated from supplier row only. Requires independent verification before approval.,needs_verification,low_supplier_source_only,2026-09-15T23:52:40+00:00
MATCH-20260426-01420,SUP-20260426-01420,Hugo Boss,Boss Bottled Pacific,,supplier_source,3000364,supplier_name_normalisation,0.7,Initial candidate generated from supplier row only. Requires independent verification before approval.,needs_verification,low_supplier_source_only,2026-09-15T23:52:40+00:00
MATCH-20260426-01421,SUP-20260426-01421,Ibrahim Al,White Regent Diamond,,supplier_source,250087,supplier_name_normalisation,0.7,Initial candidate generated from supplier row only. Requires independent verification before approval.,needs_verification,low_supplier_source_only,2026-09-15T23:52:40+00:00
MATCH-20260426-01422,SUP-20260426-01422,Ibrahim Al,Brazilian Tobacco,,supplier_source,240190,supplier_name_normalisation,0.7,Initial candidate generated from supplier row only. Requires independent verification before approval.,needs_verification,low_supplier_source_only,2026-09-15T23:52:40+00:00
MATCH-20260426-01423,SUP-20260426-01423,Initio Parfums Prive,Cant Get Enough,,supplier_source,250294,supplier_name_normalisation,0.7,Initial candidate generated from supplier row only. Requires independent verification before approval.,needs_verification,low_supplier_source_only,2026-09-15T23:52:40+00:00
MATCH-20260426-01424,SUP-20260426-01424,Initio Parfums Prive,OUD For Greatness Neo,,supplier_source,240371,supplier_name_normalisation,0.7,Initial candidate generated from supplier row only. Requires independent verification before approval.,needs_verification,low_supplier_source_only,2026-09-15T23:52:40+00:00
MATCH-20260426-01425,SUP-20260426-01425,Initio Parfums Prive,Side Effect,,supplier_source,240944,supplier_name_normalisation,0.7,Initial candidate generated from supplier row only. Requires independent verification before approval.,needs_verification,low_supplier_source_only,2026-09-15T23:52:40+00:00
MATCH-20260426-01426,SUP-20260426-01426,Initio Parfums Prive,Side Effect,,supplier_source,240301,supplier_name_normalisation,0.7,Initial candidate generated from supplier row only. Requires independent verification before approval.,needs_verification,low_supplier_source_only,2026-09-15T23:52:40+00:00
MATCH-20260426-01427,SUP-20260426-01427,Initio Parfums Prive,Narcotic Delight,,supplier_source,240240,supplier_name_normalisation,0.7,Initial candidate generated from supplier row only. Requires independent verification before approval.,needs_verification,low_supplier_source_only,2026-09-15T23:52:40+00:00
MATCH-20260426-01428,SUP-20260426-01428,Initio Parfums Prive,Musk Therapy,,supplier_source,240419,supplier_name_normalisation,0.7,Initial candidate generated from supplier row only. Requires independent verification before approval.,needs_verification,low_supplier_source_only,2026-09-15T23:52:40+00:00
MATCH-20260426-01429,SUP-20260426-01429,Initio Parfums Prive,Paragon,,supplier_source,504023-T,supplier_name_normalisation,0.62,Initial candidate generated from supplier row only. Requires independent verification before approval.,needs_verification,low_supplier_source_only,2026-09-15T23:52:40+00:00
MATCH-20260426-01430,SUP-20260426-01430,Initio Parfums Prives,OUD For Greatness,,supplier_source,240953,supplier_name_normalisation,0.7,Initial candidate generated from supplier row only. Requires independent verification before approval.,needs_verification,low_supplier_source_only,2026-09-15T23:52:40+00:00
MATCH-20260426-01431,SUP-20260426-01431,Initio Parfums Prives,OUD For Greatness,,supplier_source,461601-T,supplier_name_normalisation,0.62,Initial candidate generated from supplier row only. Requires independent verification before approval.,needs_verification,low_supplier_source_only,2026-09-15T23:52:40+00:00
MATCH-20260426-01432,SUP-20260426-01432,Initio Parfums Prives,Addictive Vibration,,supplier_source,352823,supplier_name_normalisation,0.62,Initial candidate generated from supplier row only. Requires independent verification before approval.,needs_verification,low_supplier_source_only,2026-09-15T23:52:40+00:00
MATCH-20260426-01433,SUP-20260426-01433,Initio Parfums Prives,Blessed Baraka,,supplier_source,240409,supplier_name_normalisation,0.7,Initial candidate generated from supplier row only. Requires independent verification before approval.,needs_verification,low_supplier_source_only,2026-09-15T23:52:40+00:00
MATCH-20260426-01434,SUP-20260426-01434,Initio Parfums Prives,High Frequency,,supplier_source,339381,supplier_name_normalisation,0.62,Initial candidate generated from supplier row only. Requires independent verification before approval.,needs_verification,low_supplier_source_only,2026-09-15T23:52:40+00:00
MATCH-20260426-01435,SUP-20260426-01435,Initio Parfums Prives,Psychedelic Love,,supplier_source,353717,supplier_name_normalisation,0.62,Initial candidate generated from supplier row only. Requires independent verification before approval.,needs_verification,low_supplier_source_only,2026-09-15T23:52:40+00:00
MATCH-20260426-01436,SUP-20260426-01436,Initio Parfums Prives,Side Effect,,supplier_source,343648,supplier_name_normalisation,0.62,Initial candidate generated from supplier row only. Requires independent verification before approval.,needs_verification,low_supplier_source_only,2026-09-15T23:52:40+00:00
MATCH-20260426-01437,SUP-20260426-01437,Initio Parfums Prives,OUD For Greatness,,supplier_source,461601,supplier_name_normalisation,0.62,Initial candidate generated from supplier row only. Requires independent verification before approval.,needs_verification,low_supplier_source_only,2026-09-15T23:52:40+00:00
MATCH-20260426-01438,SUP-20260426-01438,Initio Parfums Prives,OUD For Happiness,,supplier_source,462129,supplier_name_normalisation,0.62,Initial candidate generated from supplier row only. Requires independent verification before approval.,needs_verification,low_supplier_source_only,2026-09-15T23:52:40+00:00
MATCH-20260426-01439,SUP-20260426-01439,Initio Parfums Prives,Atomic Rose,,supplier_source,240241,supplier_name_normalisation,0.7,Initial candidate generated from supplier row only. Requires independent verification before approval.,needs_verification,low_supplier_source_only,2026-09-15T23:52:40+00:00
MATCH-20260426-01440,SUP-20260426-01440,Initio Parfums Prives,Rehab,,supplier_source,240150,supplier_name_normalisation,0.7,Initial candidate generated from supplier row only. Requires independent verification before approval.,needs_verification,low_supplier_source_only,2026-09-15T23:52:40+00:00
MATCH-20260426-01441,SUP-20260426-01441,Initio Parfums Prives,Absolute Aphrodisiac,,supplier_source,3000365,supplier_name_normalisation,0.7,Initial candidate generated from supplier row only. Requires independent verification before approval.,needs_verification,low_supplier_source_only,2026-09-15T23:52:40+00:00
MATCH-20260426-01442,SUP-20260426-01442,Initio Parfums Prives,Absolute Aphrodisiac,,supplier_source,240222,supplier_name_normalisation,0.7,Initial candidate generated from supplier row only. Requires independent verification before approval.,needs_verification,low_supplier_source_only,2026-09-15T23:52:40+00:00
MATCH-20260426-01443,SUP-20260426-01443,Issey Miyake,L Eau De De Issey,,supplier_source,250082,supplier_name_normalisation,0.7,Initial candidate generated from supplier row only. Requires independent verification before approval.,needs_verification,low_supplier_source_only,2026-09-15T23:52:40+00:00
MATCH-20260426-01444,SUP-20260426-01444,Issey Miyake,Le Sel D'issey,,supplier_source,250214,supplier_name_normalisation,0.7,Initial candidate generated from supplier row only. Requires independent verification before approval.,needs_verification,low_supplier_source_only,2026-09-15T23:52:40+00:00
MATCH-20260426-01445,SUP-20260426-01445,Issey Miyake,L'eau D'issy Pure Nectar De,,supplier_source,233974,supplier_name_normalisation,0.62,Initial candidate generated from supplier row only. Requires independent verification before approval.,needs_verification,low_supplier_source_only,2026-09-15T23:52:40+00:00
MATCH-20260426-01446,SUP-20260426-01446,Issey Miyake,A Drop D Issey,,supplier_source,343907-T,supplier_name_normalisation,0.62,Initial candidate generated from supplier row only. Requires independent verification before approval.,needs_verification,low_supplier_source_only,2026-09-15T23:52:40+00:00
MATCH-20260426-01447,SUP-20260426-01447,Jacques Bogart,Silver Scent,,supplier_source,250138,supplier_name_normalisation,0.7,Initial candidate generated from supplier row only. Requires independent verification before approval.,needs_verification,low_supplier_source_only,2026-09-15T23:52:40+00:00
MATCH-20260426-01448,SUP-20260426-01448,Jerobam,Unue,,supplier_source,250281,supplier_name_normalisation,0.7,Initial candidate generated from supplier row only. Requires independent verification before approval.,needs_verification,low_supplier_source_only,2026-09-15T23:52:40+00:00
MATCH-20260426-01449,SUP-20260426-01449,Jerobam,Gozo,,supplier_source,240009,supplier_name_normalisation,0.7,Initial candidate generated from supplier row only. Requires independent verification before approval.,needs_verification,low_supplier_source_only,2026-09-15T23:52:40+00:00
MATCH-20260426-01450,SUP-20260426-01450,Jaguar,Stance,,supplier_source,503680,supplier_name_normalisation,0.62,Initial candidate generated from supplier row only. Requires independent verification before approval.,needs_verification,low_supplier_source_only,2026-09-15T23:52:40+00:00
MATCH-20260426-01451,SUP-20260426-01451,Jaguar,Jaguar Classic Black,,supplier_source,3000368,supplier_name_normalisation,0.7,Initial candidate generated from supplier row only. Requires independent verification before approval.,needs_verification,low_supplier_source_only,2026-09-15T23:52:40+00:00
MATCH-20260426-01452,SUP-20260426-01452,Jaguar,Jaguar For Men,,supplier_source,3000369,supplier_name_normalisation,0.7,Initial candidate generated from supplier row only. Requires independent verification before approval.,needs_verification,low_supplier_source_only,2026-09-15T23:52:40+00:00
MATCH-20260426-01453,SUP-20260426-01453,Jasmin,Jasmin,,supplier_source,240726,supplier_name_normalisation,0.7,Initial candidate generated from supplier row only. Requires independent verification before approval.,needs_verification,low_supplier_source_only,2026-09-15T23:52:40+00:00
MATCH-20260426-01454,SUP-20260426-01454,Jean Paul,Le Male In Blue,,supplier_source,250477,supplier_name_normalisation,0.7,Initial candidate generated from supplier row only. Requires independent verification before approval.,needs_verification,low_supplier_source_only,2026-09-15T23:52:40+00:00
MATCH-20260426-01455,SUP-20260426-01455,Jean Paul,Scandal Intense Pour Homme,,supplier_source,250467,supplier_name_normalisation,0.7,Initial candidate generated from supplier row only. Requires independent verification before approval.,needs_verification,low_supplier_source_only,2026-09-15T23:52:40+00:00
MATCH-20260426-01456,SUP-20260426-01456,Jean Paul,La Belle Flower Edition,,supplier_source,250258,supplier_name_normalisation,0.7,Initial candidate generated from supplier row only. Requires independent verification before approval.,needs_verification,low_supplier_source_only,2026-09-15T23:52:40+00:00
MATCH-20260426-01457,SUP-20260426-01457,Jean Paul,Gualtier Divine Elixir,,supplier_source,250204,supplier_name_normalisation,0.7,Initial candidate generated from supplier row only. Requires independent verification before approval.,needs_verification,low_supplier_source_only,2026-09-15T23:52:40+00:00
MATCH-20260426-01458,SUP-20260426-01458,Jean Paul,Scandal Intense,,supplier_source,250046,supplier_name_normalisation,0.7,Initial candidate generated from supplier row only. Requires independent verification before approval.,needs_verification,low_supplier_source_only,2026-09-15T23:52:40+00:00
MATCH-20260426-01459,SUP-20260426-01459,Jean Paul,Le Beau Flower Edition,,supplier_source,240996,supplier_name_normalisation,0.7,Initial candidate generated from supplier row only. Requires independent verification before approval.,needs_verification,low_supplier_source_only,2026-09-15T23:52:40+00:00
MATCH-20260426-01460,SUP-20260426-01460,Jean Paul,Le Male Elixir Absolu,,supplier_source,240827,supplier_name_normalisation,0.7,Initial candidate generated from supplier row only. Requires independent verification before approval.,needs_verification,low_supplier_source_only,2026-09-15T23:52:40+00:00
MATCH-20260426-01461,SUP-20260426-01461,Jean Paul,Ma Dame 2024,,supplier_source,240761,supplier_name_normalisation,0.7,Initial candidate generated from supplier row only. Requires independent verification before approval.,needs_verification,low_supplier_source_only,2026-09-15T23:52:40+00:00
MATCH-20260426-01462,SUP-20260426-01462,Jean Paul Gaultier,Le Male Collector Edition 2024,,supplier_source,240733,supplier_name_normalisation,0.7,Initial candidate generated from supplier row only. Requires independent verification before approval.,needs_verification,low_supplier_source_only,2026-09-15T23:52:40+00:00
MATCH-20260426-01463,SUP-20260426-01463,Jean Paul,Le Male Lover,,supplier_source,240760,supplier_name_normalisation,0.7,Initial candidate generated from supplier row only. Requires independent verification before approval.,needs_verification,low_supplier_source_only,2026-09-15T23:52:40+00:00
MATCH-20260426-01464,SUP-20260426-01464,Jean Paul,Le Male Lover,,supplier_source,240700,supplier_name_normalisation,0.7,Initial candidate generated from supplier row only. Requires independent verification before approval.,needs_verification,low_supplier_source_only,2026-09-15T23:52:40+00:00
MATCH-20260426-01465,SUP-20260426-01465,Jean Paul,Le Male Pride 2024,,supplier_source,240565,supplier_name_normalisation,0.7,Initial candidate generated from supplier row only. Requires independent verification before approval.,needs_verification,low_supplier_source_only,2026-09-15T23:52:40+00:00
MATCH-20260426-01466,SUP-20260426-01466,Jean Paul,Le Male Pride Edition,,supplier_source,240558,supplier_name_normalisation,0.7,Initial candidate generated from supplier row only. Requires independent verification before approval.,needs_verification,low_supplier_source_only,2026-09-15T23:52:40+00:00
MATCH-20260426-01467,SUP-20260426-01467,Jean Paul,Divine Le Parfum,,supplier_source,240531,supplier_name_normalisation,0.7,Initial candidate generated from supplier row only. Requires independent verification before approval.,needs_verification,low_supplier_source_only,2026-09-15T23:52:40+00:00
MATCH-20260426-01468,SUP-20260426-01468,Jean Paul,La Belle Le Parfum,,supplier_source,240498,supplier_name_normalisation,0.7,Initial candidate generated from supplier row only. Requires independent verification before approval.,needs_verification,low_supplier_source_only,2026-09-15T23:52:40+00:00
MATCH-20260426-01469,SUP-20260426-01469,Jean Paul,La Belle,,supplier_source,240490,supplier_name_normalisation,0.7,Initial candidate generated from supplier row only. Requires independent verification before approval.,needs_verification,low_supplier_source_only,2026-09-15T23:52:40+00:00
MATCH-20260426-01470,SUP-20260426-01470,Jean Paul Gaultier,Scandal Pour Homme Absolu,,supplier_source,240478,supplier_name_normalisation,0.7,Initial candidate generated from supplier row only. Requires independent verification before approval.,needs_verification,low_supplier_source_only,2026-09-15T23:52:40+00:00
MATCH-20260426-01471,SUP-20260426-01471,Jean Paul,La Belle Fleur Terrible,,supplier_source,240307,supplier_name_normalisation,0.7,Initial candidate generated from supplier row only. Requires independent verification before approval.,needs_verification,low_supplier_source_only,2026-09-15T23:52:40+00:00
MATCH-20260426-01472,SUP-20260426-01472,Jean Paul,Le Beau Le Parfum,,supplier_source,240247,supplier_name_normalisation,0.7,Initial candidate generated from supplier row only. Requires independent verification before approval.,needs_verification,low_supplier_source_only,2026-09-15T23:52:40+00:00
MATCH-20260426-01473,SUP-20260426-01473,Jean Paul Gaultier,Le Beau Paradise Garden,,supplier_source,240191,supplier_name_normalisation,0.7,Initial candidate generated from supplier row only. Requires independent verification before approval.,needs_verification,low_supplier_source_only,2026-09-15T23:52:40+00:00
MATCH-20260426-01474,SUP-20260426-01474,Jean Paul,Gautiler 2,,supplier_source,240341,supplier_name_normalisation,0.7,Initial candidate generated from supplier row only. Requires independent verification before approval.,needs_verification,low_supplier_source_only,2026-09-15T23:52:40+00:00
MATCH-20260426-01475,SUP-20260426-01475,Jean Paul,So Scandal,,supplier_source,240672,supplier_name_normalisation,0.7,Initial candidate generated from supplier row only. Requires independent verification before approval.,needs_verification,low_supplier_source_only,2026-09-15T23:52:40+00:00
MATCH-20260426-01476,SUP-20260426-01476,Jean Paul,Scandal Pour Homme,,supplier_source,240340,supplier_name_normalisation,0.7,Initial candidate generated from supplier row only. Requires independent verification before approval.,needs_verification,low_supplier_source_only,2026-09-15T23:52:40+00:00
MATCH-20260426-01477,SUP-20260426-01477,Jean Paul,Scandal Le Parfum,,supplier_source,700988-XX,supplier_name_normalisation,0.62,Initial candidate generated from supplier row only. Requires independent verification before approval.,needs_verification,low_supplier_source_only,2026-09-15T23:52:40+00:00
MATCH-20260426-01478,SUP-20260426-01478,Jean Paul,Le Male Le Parfum,,supplier_source,240048,supplier_name_normalisation,0.7,Initial candidate generated from supplier row only. Requires independent verification before approval.,needs_verification,low_supplier_source_only,2026-09-15T23:52:40+00:00
MATCH-20260426-01479,SUP-20260426-01479,Jean Paul,Divine,,supplier_source,240118,supplier_name_normalisation,0.7,Initial candidate generated from supplier row only. Requires independent verification before approval.,needs_verification,low_supplier_source_only,2026-09-15T23:52:40+00:00
MATCH-20260426-01480,SUP-20260426-01480,Jean Paul,Le Beau,,supplier_source,240164,supplier_name_normalisation,0.7,Initial candidate generated from supplier row only. Requires independent verification before approval.,needs_verification,low_supplier_source_only,2026-09-15T23:52:40+00:00
MATCH-20260426-01481,SUP-20260426-01481,Jean Paul,Scandal Women,,supplier_source,240941,supplier_name_normalisation,0.7,Initial candidate generated from supplier row only. Requires independent verification before approval.,needs_verification,low_supplier_source_only,2026-09-15T23:52:40+00:00
MATCH-20260426-01482,SUP-20260426-01482,Jean Paul,Le Male Elixir,,supplier_source,240047,supplier_name_normalisation,0.7,Initial candidate generated from supplier row only. Requires independent verification before approval.,needs_verification,low_supplier_source_only,2026-09-15T23:52:40+00:00
MATCH-20260426-01483,SUP-20260426-01483,Jean Paul,Scandal Gold,,supplier_source,343952-T,supplier_name_normalisation,0.62,Initial candidate generated from supplier row only. Requires independent verification before approval.,needs_verification,low_supplier_source_only,2026-09-15T23:52:40+00:00
MATCH-20260426-01484,SUP-20260426-01484,Jean Paul,Classic Men,,supplier_source,3000372,supplier_name_normalisation,0.7,Initial candidate generated from supplier row only. Requires independent verification before approval.,needs_verification,low_supplier_source_only,2026-09-15T23:52:40+00:00
MATCH-20260426-01485,SUP-20260426-01485,Jean Paul,La Male,,supplier_source,Z480942,supplier_name_normalisation,0.7,Initial candidate generated from supplier row only. Requires independent verification before approval.,needs_verification,low_supplier_source_only,2026-09-15T23:52:40+00:00
MATCH-20260426-01486,SUP-20260426-01486,Jean Paul,La Male,,supplier_source,240045,supplier_name_normalisation,0.7,Initial candidate generated from supplier row only. Requires independent verification before approval.,needs_verification,low_supplier_source_only,2026-09-15T23:52:40+00:00
MATCH-20260426-01487,SUP-20260426-01487,Jean Paul,Scandal Gold,,supplier_source,3000373,supplier_name_normalisation,0.7,Initial candidate generated from supplier row only. Requires independent verification before approval.,needs_verification,low_supplier_source_only,2026-09-15T23:52:40+00:00
MATCH-20260426-01488,SUP-20260426-01488,Jean Paul,Ultra Male,,supplier_source,240940,supplier_name_normalisation,0.7,Initial candidate generated from supplier row only. Requires independent verification before approval.,needs_verification,low_supplier_source_only,2026-09-15T23:52:40+00:00
MATCH-20260426-01489,SUP-20260426-01489,Jil Sander,Sun Men,,supplier_source,261118,supplier_name_normalisation,0.62,Initial candidate generated from supplier row only. Requires independent verification before approval.,needs_verification,low_supplier_source_only,2026-09-15T23:52:40+00:00
MATCH-20260426-01490,SUP-20260426-01490,Jimmy Choo,I Want Choo With Love,,supplier_source,250470,supplier_name_normalisation,0.7,Initial candidate generated from supplier row only. Requires independent verification before approval.,needs_verification,low_supplier_source_only,2026-09-15T23:52:40+00:00
MATCH-20260426-01491,SUP-20260426-01491,Jimmy Choo,I Want Choo,,supplier_source,240928,supplier_name_normalisation,0.7,Initial candidate generated from supplier row only. Requires independent verification before approval.,needs_verification,low_supplier_source_only,2026-09-15T23:52:40+00:00
MATCH-20260426-01492,SUP-20260426-01492,Jimmy Choo,I Want Choo Le Parfum,,supplier_source,240831,supplier_name_normalisation,0.7,Initial candidate generated from supplier row only. Requires independent verification before approval.,needs_verification,low_supplier_source_only,2026-09-15T23:52:40+00:00
MATCH-20260426-01493,SUP-20260426-01493,Jimmy Choo,Blossom,,supplier_source,240712,supplier_name_normalisation,0.7,Initial candidate generated from supplier row only. Requires independent verification before approval.,needs_verification,low_supplier_source_only,2026-09-15T23:52:40+00:00
MATCH-20260426-01494,SUP-20260426-01494,Jimmy Choo,Jimmy Choo Man,,supplier_source,240649,supplier_name_normalisation,0.7,Initial candidate generated from supplier row only. Requires independent verification before approval.,needs_verification,low_supplier_source_only,2026-09-15T23:52:40+00:00
MATCH-20260426-01495,SUP-20260426-01495,Jimmy Choo,Jimmy Choo Fever,,supplier_source,3000374,supplier_name_normalisation,0.7,Initial candidate generated from supplier row only. Requires independent verification before approval.,needs_verification,low_supplier_source_only,2026-09-15T23:52:40+00:00
MATCH-20260426-01496,SUP-20260426-01496,Jimmy Choo,Jimmy Choo Man Blue,,supplier_source,3000375,supplier_name_normalisation,0.7,Initial candidate generated from supplier row only. Requires independent verification before approval.,needs_verification,low_supplier_source_only,2026-09-15T23:52:40+00:00
MATCH-20260426-01497,SUP-20260426-01497,Jimmy Choo,Urban Hero,,supplier_source,3000376,supplier_name_normalisation,0.7,Initial candidate generated from supplier row only. Requires independent verification before approval.,needs_verification,low_supplier_source_only,2026-09-15T23:52:40+00:00
MATCH-20260426-01498,SUP-20260426-01498,Jimmy Choo,Jimmy Choo Man Intense,,supplier_source,3000377,supplier_name_normalisation,0.7,Initial candidate generated from supplier row only. Requires independent verification before approval.,needs_verification,low_supplier_source_only,2026-09-15T23:52:40+00:00
MATCH-20260426-01499,SUP-20260426-01499,Jo Malone,Sandalwood & Spiced Apricot Colonge,,supplier_source,250420,supplier_name_normalisation,0.7,Initial candidate generated from supplier row only. Requires independent verification before approval.,needs_verification,low_supplier_source_only,2026-09-15T23:52:40+00:00
MATCH-20260426-01500,SUP-20260426-01500,Jo Malone,Amber Labdanum Cologne Intense,,supplier_source,250338,supplier_name_normalisation,0.7,Initial candidate generated from supplier row only. Requires independent verification before approval.,needs_verification,low_supplier_source_only,2026-09-15T23:52:40+00:00
MATCH-20260426-01501,SUP-20260426-01501,Jo Malone,Scarlet Poppy Intense,,supplier_source,240915,supplier_name_normalisation,0.7,Initial candidate generated from supplier row only. Requires independent verification before approval.,needs_verification,low_supplier_source_only,2026-09-15T23:52:40+00:00
MATCH-20260426-01502,SUP-20260426-01502,Jo Malone London,Myrrh & Tonka,,supplier_source,240877,supplier_name_normalisation,0.7,Initial candidate generated from supplier row only. Requires independent verification before approval.,needs_verification,low_supplier_source_only,2026-09-15T23:52:40+00:00
MATCH-20260426-01503,SUP-20260426-01503,Jo Malone London,Cypress And Grapevine Colonge Intense,,supplier_source,240588,supplier_name_normalisation,0.7,Initial candidate generated from supplier row only. Requires independent verification before approval.,needs_verification,low_supplier_source_only,2026-09-15T23:52:40+00:00
MATCH-20260426-01504,SUP-20260426-01504,Jo Malone,Ginger Beer Colonge,,supplier_source,240502,supplier_name_normalisation,0.7,Initial candidate generated from supplier row only. Requires independent verification before approval.,needs_verification,low_supplier_source_only,2026-09-15T23:52:40+00:00
MATCH-20260426-01505,SUP-20260426-01505,Jo Malone London,Sunlit Cherimoya Colonge,,supplier_source,240382,supplier_name_normalisation,0.7,Initial candidate generated from supplier row only. Requires independent verification before approval.,needs_verification,low_supplier_source_only,2026-09-15T23:52:40+00:00
MATCH-20260426-01506,SUP-20260426-01506,Jo Malone London,Nectarine Blossom & Honey,,supplier_source,240342,supplier_name_normalisation,0.7,Initial candidate generated from supplier row only. Requires independent verification before approval.,needs_verification,low_supplier_source_only,2026-09-15T23:52:40+00:00
MATCH-20260426-01507,SUP-20260426-01507,Jo Malone,Rose Blush Colonge,,supplier_source,240281,supplier_name_normalisation,0.7,Initial candidate generated from supplier row only. Requires independent verification before approval.,needs_verification,low_supplier_source_only,2026-09-15T23:52:40+00:00
MATCH-20260426-01508,SUP-20260426-01508,Jo Malone,Bitter Mandarin,,supplier_source,234040-A,supplier_name_normalisation,0.62,Initial candidate generated from supplier row only. Requires independent verification before approval.,needs_verification,low_supplier_source_only,2026-09-15T23:52:40+00:00
MATCH-20260426-01509,SUP-20260426-01509,Jo Malone,Blackberry & Bay,,supplier_source,233781,supplier_name_normalisation,0.62,Initial candidate generated from supplier row only. Requires independent verification before approval.,needs_verification,low_supplier_source_only,2026-09-15T23:52:40+00:00
MATCH-20260426-01510,SUP-20260426-01510,Jo Malone London,Myrrh & Tonka Cologne Intense,,supplier_source,461550-T,supplier_name_normalisation,0.62,Initial candidate generated from supplier row only. Requires independent verification before approval.,needs_verification,low_supplier_source_only,2026-09-15T23:52:40+00:00
MATCH-20260426-01511,SUP-20260426-01511,Jo Malone,OUD & Bergamot,,supplier_source,461273,supplier_name_normalisation,0.62,Initial candidate generated from supplier row only. Requires independent verification before approval.,needs_verification,low_supplier_source_only,2026-09-15T23:52:40+00:00
MATCH-20260426-01512,SUP-20260426-01512,Jo Malone,Velvet Rose & OUD,,supplier_source,503429,supplier_name_normalisation,0.62,Initial candidate generated from supplier row only. Requires independent verification before approval.,needs_verification,low_supplier_source_only,2026-09-15T23:52:40+00:00
MATCH-20260426-01513,SUP-20260426-01513,Jo Malone,Wild Bluebll Cologne,,supplier_source,352893,supplier_name_normalisation,0.62,Initial candidate generated from supplier row only. Requires independent verification before approval.,needs_verification,low_supplier_source_only,2026-09-15T23:52:40+00:00
MATCH-20260426-01514,SUP-20260426-01514,Jo Malone,154 Cologne,,supplier_source,160180,supplier_name_normalisation,0.62,Initial candidate generated from supplier row only. Requires independent verification before approval.,needs_verification,low_supplier_source_only,2026-09-15T23:52:40+00:00
MATCH-20260426-01515,SUP-20260426-01515,Jo Malone,Geranium & Verbena,,supplier_source,154058,supplier_name_normalisation,0.62,Initial candidate generated from supplier row only. Requires independent verification before approval.,needs_verification,low_supplier_source_only,2026-09-15T23:52:40+00:00
MATCH-20260426-01516,SUP-20260426-01516,Jo Malone,Tangy Rhubarb Cologne,,supplier_source,160654-XX,supplier_name_normalisation,0.62,Initial candidate generated from supplier row only. Requires independent verification before approval.,needs_verification,low_supplier_source_only,2026-09-15T23:52:40+00:00
MATCH-20260426-01517,SUP-20260426-01517,Jo Malone,Lime Basil & Mandarin,,supplier_source,160616,supplier_name_normalisation,0.62,Initial candidate generated from supplier row only. Requires independent verification before approval.,needs_verification,low_supplier_source_only,2026-09-15T23:52:40+00:00
MATCH-20260426-01518,SUP-20260426-01518,Jo Malone London,Elderflower Cordial Cologne,,supplier_source,154468,supplier_name_normalisation,0.62,Initial candidate generated from supplier row only. Requires independent verification before approval.,needs_verification,low_supplier_source_only,2026-09-15T23:52:40+00:00
MATCH-20260426-01519,SUP-20260426-01519,Jo Malone London,English Pear & Freesia,,supplier_source,240343,supplier_name_normalisation,0.7,Initial candidate generated from supplier row only. Requires independent verification before approval.,needs_verification,low_supplier_source_only,2026-09-15T23:52:40+00:00
MATCH-20260426-01520,SUP-20260426-01520,Jo Malone London,Jasmine Sambac & Marigold,,supplier_source,160811,supplier_name_normalisation,0.62,Initial candidate generated from supplier row only. Requires independent verification before approval.,needs_verification,low_supplier_source_only,2026-09-15T23:52:40+00:00
MATCH-20260426-01521,SUP-20260426-01521,Jo Malone,Rose Blush Cologne (2023),,supplier_source,580278,supplier_name_normalisation,0.62,Initial candidate generated from supplier row only. Requires independent verification before approval.,needs_verification,low_supplier_source_only,2026-09-15T23:52:40+00:00
MATCH-20260426-01522,SUP-20260426-01522,Jo Malone,Wood Sage & Sea Salt,,supplier_source,160179,supplier_name_normalisation,0.62,Initial candidate generated from supplier row only. Requires independent verification before approval.,needs_verification,low_supplier_source_only,2026-09-15T23:52:40+00:00
MATCH-20260426-01523,SUP-20260426-01523,Jo Malone,Ginger Biscuit,,supplier_source,6Q3FJYS,supplier_name_normalisation,0.7,Initial candidate generated from supplier row only. Requires independent verification before approval.,needs_verification,low_supplier_source_only,2026-09-15T23:52:40+00:00
MATCH-20260426-01524,SUP-20260426-01524,Jo Malone London,Dark Amber & Ginger Lily,,supplier_source,240422,supplier_name_normalisation,0.7,Initial candidate generated from supplier row only. Requires independent verification before approval.,needs_verification,low_supplier_source_only,2026-09-15T23:52:40+00:00
MATCH-20260426-01525,SUP-20260426-01525,Jo Malone London,Green Almond & Redcurrant,,supplier_source,3000378,supplier_name_normalisation,0.7,Initial candidate generated from supplier row only. Requires independent verification before approval.,needs_verification,low_supplier_source_only,2026-09-15T23:52:40+00:00
MATCH-20260426-01526,SUP-20260426-01526,Jo Malone,Myrrh & Tonka,,supplier_source,3000379,supplier_name_normalisation,0.7,Initial candidate generated from supplier row only. Requires independent verification before approval.,needs_verification,low_supplier_source_only,2026-09-15T23:52:40+00:00
MATCH-20260426-01527,SUP-20260426-01527,Jo Malone,Tuberose Angelica,,supplier_source,3000380,supplier_name_normalisation,0.7,Initial candidate generated from supplier row only. Requires independent verification before approval.,needs_verification,low_supplier_source_only,2026-09-15T23:52:40+00:00
MATCH-20260426-01528,SUP-20260426-01528,Johan B,Cherry Delics,,supplier_source,702888,supplier_name_normalisation,0.62,Initial candidate generated from supplier row only. Requires independent verification before approval.,needs_verification,low_supplier_source_only,2026-09-15T23:52:40+00:00
MATCH-20260426-01529,SUP-20260426-01529,John Varvatos,Dark Rebel,,supplier_source,250000,supplier_name_normalisation,0.7,Initial candidate generated from supplier row only. Requires independent verification before approval.,needs_verification,low_supplier_source_only,2026-09-15T23:52:40+00:00
MATCH-20260426-01530,SUP-20260426-01530,John Varvatos,John Varvatos OUD,,supplier_source,3000381,supplier_name_normalisation,0.7,Initial candidate generated from supplier row only. Requires independent verification before approval.,needs_verification,low_supplier_source_only,2026-09-15T23:52:40+00:00
MATCH-20260426-01531,SUP-20260426-01531,Joop,Night Flight,,supplier_source,237202-B,supplier_name_normalisation,0.62,Initial candidate generated from supplier row only. Requires independent verification before approval.,needs_verification,low_supplier_source_only,2026-09-15T23:52:40+00:00
MATCH-20260426-01532,SUP-20260426-01532,Joop,Joop Homme Absolute,,supplier_source,250149,supplier_name_normalisation,0.7,Initial candidate generated from supplier row only. Requires independent verification before approval.,needs_verification,low_supplier_source_only,2026-09-15T23:52:40+00:00
MATCH-20260426-01533,SUP-20260426-01533,Juliette Has A Gun,Miami Shake,,supplier_source,250310,supplier_name_normalisation,0.7,Initial candidate generated from supplier row only. Requires independent verification before approval.,needs_verification,low_supplier_source_only,2026-09-15T23:52:40+00:00
MATCH-20260426-01534,SUP-20260426-01534,Juliette Has A Gun,Mmmm…,,supplier_source,240245,supplier_name_normalisation,0.7,Initial candidate generated from supplier row only. Requires independent verification before approval.,needs_verification,low_supplier_source_only,2026-09-15T23:52:40+00:00
MATCH-20260426-01535,SUP-20260426-01535,Juliette Has A Gun,Musc Invisible,,supplier_source,240253,supplier_name_normalisation,0.7,Initial candidate generated from supplier row only. Requires independent verification before approval.,needs_verification,low_supplier_source_only,2026-09-15T23:52:40+00:00
MATCH-20260426-01536,SUP-20260426-01536,Juliette Has A Gun,Not A Perfume,,supplier_source,250453,supplier_name_normalisation,0.7,Initial candidate generated from supplier row only. Requires independent verification before approval.,needs_verification,low_supplier_source_only,2026-09-15T23:52:40+00:00
MATCH-20260426-01537,SUP-20260426-01537,Juliette Has A Gun,Not A Perfume,,supplier_source,461696,supplier_name_normalisation,0.62,Initial candidate generated from supplier row only. Requires independent verification before approval.,needs_verification,low_supplier_source_only,2026-09-15T23:52:40+00:00
MATCH-20260426-01538,SUP-20260426-01538,Juliette Has A Gun,Not A Perfume Superdose,,supplier_source,354181-T,supplier_name_normalisation,0.62,Initial candidate generated from supplier row only. Requires independent verification before approval.,needs_verification,low_supplier_source_only,2026-09-15T23:52:40+00:00
MATCH-20260426-01539,SUP-20260426-01539,Juliette Has A Gun,Another OUD,,supplier_source,3000384,supplier_name_normalisation,0.7,Initial candidate generated from supplier row only. Requires independent verification before approval.,needs_verification,low_supplier_source_only,2026-09-15T23:52:40+00:00
MATCH-20260426-01540,SUP-20260426-01540,Juliette Has A Gun,Ego Stratis,,supplier_source,3000385,supplier_name_normalisation,0.7,Initial candidate generated from supplier row only. Requires independent verification before approval.,needs_verification,low_supplier_source_only,2026-09-15T23:52:40+00:00
MATCH-20260426-01541,SUP-20260426-01541,Juniper Lane,Moon Flower,,supplier_source,336103,supplier_name_normalisation,0.62,Initial candidate generated from supplier row only. Requires independent verification before approval.,needs_verification,low_supplier_source_only,2026-09-15T23:52:40+00:00
MATCH-20260426-01542,SUP-20260426-01542,Just Cavalli,Just Cavalli Gold Man,,supplier_source,3000386,supplier_name_normalisation,0.7,Initial candidate generated from supplier row only. Requires independent verification before approval.,needs_verification,low_supplier_source_only,2026-09-15T23:52:40+00:00
MATCH-20260426-01543,SUP-20260426-01543,Just Cavalli,Just Cavalli Gold Woman,,supplier_source,3000387,supplier_name_normalisation,0.7,Initial candidate generated from supplier row only. Requires independent verification before approval.,needs_verification,low_supplier_source_only,2026-09-15T23:52:40+00:00
MATCH-20260426-01544,SUP-20260426-01544,Justin Bieber,Girl Friend,,supplier_source,500394-A,supplier_name_normalisation,0.62,Initial candidate generated from supplier row only. Requires independent verification before approval.,needs_verification,low_supplier_source_only,2026-09-15T23:52:40+00:00
MATCH-20260426-01545,SUP-20260426-01545,Kylie Cosmetics,Cosmic Kylie Jenner,,supplier_source,240793,supplier_name_normalisation,0.7,Initial candidate generated from supplier row only. Requires independent verification before approval.,needs_verification,low_supplier_source_only,2026-09-15T23:52:40+00:00
MATCH-20260426-01546,SUP-20260426-01546,Kerosene,Followed,,supplier_source,240568,supplier_name_normalisation,0.7,Initial candidate generated from supplier row only. Requires independent verification before approval.,needs_verification,low_supplier_source_only,2026-09-15T23:52:40+00:00
MATCH-20260426-01547,SUP-20260426-01547,Kajal,Ruby,,supplier_source,250071,supplier_name_normalisation,0.7,Initial candidate generated from supplier row only. Requires independent verification before approval.,needs_verification,low_supplier_source_only,2026-09-15T23:52:40+00:00
MATCH-20260426-01548,SUP-20260426-01548,Kajal,Almaz,,supplier_source,240710,supplier_name_normalisation,0.7,Initial candidate generated from supplier row only. Requires independent verification before approval.,needs_verification,low_supplier_source_only,2026-09-15T23:52:40+00:00
MATCH-20260426-01549,SUP-20260426-01549,Kajal,Lamar Caviar,,supplier_source,240539,supplier_name_normalisation,0.7,Initial candidate generated from supplier row only. Requires independent verification before approval.,needs_verification,low_supplier_source_only,2026-09-15T23:52:40+00:00
MATCH-20260426-01550,SUP-20260426-01550,Kajal,Lamar Kajal,,supplier_source,240610,supplier_name_normalisation,0.7,Initial candidate generated from supplier row only. Requires independent verification before approval.,needs_verification,low_supplier_source_only,2026-09-15T23:52:40+00:00
MATCH-20260426-01551,SUP-20260426-01551,Kajal,Dahab,,supplier_source,240609,supplier_name_normalisation,0.7,Initial candidate generated from supplier row only. Requires independent verification before approval.,needs_verification,low_supplier_source_only,2026-09-15T23:52:40+00:00
MATCH-20260426-01552,SUP-20260426-01552,Kajal,Dahab,,supplier_source,240037,supplier_name_normalisation,0.45,Initial candidate generated from supplier row only. Requires independent verification before approval.,needs_verification,low_supplier_source_only,2026-09-15T23:52:40+00:00
MATCH-20260426-01553,SUP-20260426-01553,Kanoos,Kanoos,,supplier_source,353430-B,supplier_name_normalisation,0.62,Initial candidate generated from supplier row only. Requires independent verification before approval.,needs_verification,low_supplier_source_only,2026-09-15T23:52:40+00:00
MATCH-20260426-01554,SUP-20260426-01554,Kayali,Freedom Musk Latte 41,,supplier_source,250460,supplier_name_normalisation,0.7,Initial candidate generated from supplier row only. Requires independent verification before approval.,needs_verification,low_supplier_source_only,2026-09-15T23:52:40+00:00
MATCH-20260426-01555,SUP-20260426-01555,Kayali,Freedom Musk Matcha 45,,supplier_source,250461,supplier_name_normalisation,0.7,Initial candidate generated from supplier row only. Requires independent verification before approval.,needs_verification,low_supplier_source_only,2026-09-15T23:52:40+00:00
MATCH-20260426-01556,SUP-20260426-01556,Kayali,Freedom Musk Bouquet 27,,supplier_source,250463,supplier_name_normalisation,0.7,Initial candidate generated from supplier row only. Requires independent verification before approval.,needs_verification,low_supplier_source_only,2026-09-15T23:52:40+00:00
MATCH-20260426-01557,SUP-20260426-01557,Kayali,Freedom Musk Santal 34,,supplier_source,250471,supplier_name_normalisation,0.7,Initial candidate generated from supplier row only. Requires independent verification before approval.,needs_verification,low_supplier_source_only,2026-09-15T23:52:40+00:00
MATCH-20260426-01558,SUP-20260426-01558,Kayali,The Wedding Velvet Santal,,supplier_source,250441,supplier_name_normalisation,0.7,Initial candidate generated from supplier row only. Requires independent verification before approval.,needs_verification,low_supplier_source_only,2026-09-15T23:52:40+00:00
MATCH-20260426-01559,SUP-20260426-01559,Kayali,Citrus 08,,supplier_source,250439,supplier_name_normalisation,0.7,Initial candidate generated from supplier row only. Requires independent verification before approval.,needs_verification,low_supplier_source_only,2026-09-15T23:52:40+00:00
MATCH-20260426-01560,SUP-20260426-01560,Kayali,Oudgasm Milky Musk OUD 30,,supplier_source,250331,supplier_name_normalisation,0.7,Initial candidate generated from supplier row only. Requires independent verification before approval.,needs_verification,low_supplier_source_only,2026-09-15T23:52:40+00:00
MATCH-20260426-01561,SUP-20260426-01561,Kayali,Fragrances Marrakesh In A Bottle Orange Blossom 24,,supplier_source,250325,supplier_name_normalisation,0.7,Initial candidate generated from supplier row only. Requires independent verification before approval.,needs_verification,low_supplier_source_only,2026-09-15T23:52:40+00:00
MATCH-20260426-01562,SUP-20260426-01562,Kayali,Oudgasm Chocolate OUD 11,,supplier_source,250265,supplier_name_normalisation,0.7,Initial candidate generated from supplier row only. Requires independent verification before approval.,needs_verification,low_supplier_source_only,2026-09-15T23:52:40+00:00
MATCH-20260426-01563,SUP-20260426-01563,Kayali,Fleur Majesty Rose Royale 31,,supplier_source,250043,supplier_name_normalisation,0.7,Initial candidate generated from supplier row only. Requires independent verification before approval.,needs_verification,low_supplier_source_only,2026-09-15T23:52:40+00:00
MATCH-20260426-01564,SUP-20260426-01564,Kayali,Oudgasm Tobacco OUD 04,,supplier_source,240968,supplier_name_normalisation,0.7,Initial candidate generated from supplier row only. Requires independent verification before approval.,needs_verification,low_supplier_source_only,2026-09-15T23:52:40+00:00
MATCH-20260426-01565,SUP-20260426-01565,Kayali,The Wedding Silk Santal 36,,supplier_source,240960,supplier_name_normalisation,0.7,Initial candidate generated from supplier row only. Requires independent verification before approval.,needs_verification,low_supplier_source_only,2026-09-15T23:52:40+00:00
MATCH-20260426-01566,SUP-20260426-01566,Kayali,Capri In A Bottle Lemon Sugar |14 Eau De Parfum,,supplier_source,240932,supplier_name_normalisation,0.7,Initial candidate generated from supplier row only. Requires independent verification before approval.,needs_verification,low_supplier_source_only,2026-09-15T23:52:40+00:00
MATCH-20260426-01567,SUP-20260426-01567,Kayali,Oudgasm Rose OUD 16 Eau De Parfume Intense,,supplier_source,240845,supplier_name_normalisation,0.7,Initial candidate generated from supplier row only. Requires independent verification before approval.,needs_verification,low_supplier_source_only,2026-09-15T23:52:40+00:00
MATCH-20260426-01568,SUP-20260426-01568,Kayali,Yum Bowjee Marshamallow,,supplier_source,240695,supplier_name_normalisation,0.7,Initial candidate generated from supplier row only. Requires independent verification before approval.,needs_verification,low_supplier_source_only,2026-09-15T23:52:40+00:00
MATCH-20260426-01569,SUP-20260426-01569,Kayali,Sweet Diamond Pink Pepper 25,,supplier_source,240660,supplier_name_normalisation,0.7,Initial candidate generated from supplier row only. Requires independent verification before approval.,needs_verification,low_supplier_source_only,2026-09-15T23:52:40+00:00
MATCH-20260426-01570,SUP-20260426-01570,Kayali,Utopia Vanilla Coco 21,,supplier_source,240659,supplier_name_normalisation,0.7,Initial candidate generated from supplier row only. Requires independent verification before approval.,needs_verification,low_supplier_source_only,2026-09-15T23:52:40+00:00
MATCH-20260426-01571,SUP-20260426-01571,Kayali,Maui In A Bottle Sweet Banana 37,,supplier_source,240553,supplier_name_normalisation,0.7,Initial candidate generated from supplier row only. Requires independent verification before approval.,needs_verification,low_supplier_source_only,2026-09-15T23:52:40+00:00
MATCH-20260426-01572,SUP-20260426-01572,Kayali,Vanilla Candy Rock Sugared,,supplier_source,240378,supplier_name_normalisation,0.7,Initial candidate generated from supplier row only. Requires independent verification before approval.,needs_verification,low_supplier_source_only,2026-09-15T23:52:40+00:00
MATCH-20260426-01573,SUP-20260426-01573,Kayali,Yum Pistachio Gelato 33,,supplier_source,240258,supplier_name_normalisation,0.7,Initial candidate generated from supplier row only. Requires independent verification before approval.,needs_verification,low_supplier_source_only,2026-09-15T23:52:40+00:00
MATCH-20260426-01574,SUP-20260426-01574,Kayali,Lovefest Burning Cherry 48,,supplier_source,240344,supplier_name_normalisation,0.7,Initial candidate generated from supplier row only. Requires independent verification before approval.,needs_verification,low_supplier_source_only,2026-09-15T23:52:40+00:00
MATCH-20260426-01575,SUP-20260426-01575,Kayali,Elixir 11,,supplier_source,3000388,supplier_name_normalisation,0.7,Initial candidate generated from supplier row only. Requires independent verification before approval.,needs_verification,low_supplier_source_only,2026-09-15T23:52:40+00:00
MATCH-20260426-01576,SUP-20260426-01576,Kayali,Musk 12,,supplier_source,3000389,supplier_name_normalisation,0.7,Initial candidate generated from supplier row only. Requires independent verification before approval.,needs_verification,low_supplier_source_only,2026-09-15T23:52:40+00:00
MATCH-20260426-01577,SUP-20260426-01577,Kayali,Eden Juice Apple O1 Eau De Parfum,,supplier_source,240345,supplier_name_normalisation,0.7,Initial candidate generated from supplier row only. Requires independent verification before approval.,needs_verification,low_supplier_source_only,2026-09-15T23:52:40+00:00
MATCH-20260426-01578,SUP-20260426-01578,Kayali,Vanilla 28,,supplier_source,240049,supplier_name_normalisation,0.7,Initial candidate generated from supplier row only. Requires independent verification before approval.,needs_verification,low_supplier_source_only,2026-09-15T23:52:40+00:00
MATCH-20260426-01579,SUP-20260426-01579,Kayali,Deja Vu White Flower 57,,supplier_source,240708,supplier_name_normalisation,0.7,Initial candidate generated from supplier row only. Requires independent verification before approval.,needs_verification,low_supplier_source_only,2026-09-15T23:52:40+00:00
MATCH-20260426-01580,SUP-20260426-01580,Kayali Fragrances,Royale Sugared Patchouli 64 Intense,,supplier_source,240506,supplier_name_normalisation,0.7,Initial candidate generated from supplier row only. Requires independent verification before approval.,needs_verification,low_supplier_source_only,2026-09-15T23:52:40+00:00
MATCH-20260426-01581,SUP-20260426-01581,Kayali,Oudgasm Smoky OUD 07,,supplier_source,240503,supplier_name_normalisation,0.7,Initial candidate generated from supplier row only. Requires independent verification before approval.,needs_verification,low_supplier_source_only,2026-09-15T23:52:40+00:00
MATCH-20260426-01582,SUP-20260426-01582,Kayali,Invite Only Amber 23,,supplier_source,240483,supplier_name_normalisation,0.7,Initial candidate generated from supplier row only. Requires independent verification before approval.,needs_verification,low_supplier_source_only,2026-09-15T23:52:40+00:00
MATCH-20260426-01583,SUP-20260426-01583,Kayali Fragrances,Eden Sparkling Lychee 39,,supplier_source,240576,supplier_name_normalisation,0.7,Initial candidate generated from supplier row only. Requires independent verification before approval.,needs_verification,low_supplier_source_only,2026-09-15T23:52:40+00:00
MATCH-20260426-01584,SUP-20260426-01584,Kayali Fragrances,Oudgasm Café OUD 19 Parfum Intense,,supplier_source,240294,supplier_name_normalisation,0.7,Initial candidate generated from supplier row only. Requires independent verification before approval.,needs_verification,low_supplier_source_only,2026-09-15T23:52:40+00:00
MATCH-20260426-01585,SUP-20260426-01585,Kayali Fragrances,Oudgasm Vanilla OUD 36 Parfum Intense,,supplier_source,240293,supplier_name_normalisation,0.7,Initial candidate generated from supplier row only. Requires independent verification before approval.,needs_verification,low_supplier_source_only,2026-09-15T23:52:40+00:00
MATCH-20260426-01586,SUP-20260426-01586,Kenzo,L Eau Par Pour Homme,,supplier_source,240165,supplier_name_normalisation,0.7,Initial candidate generated from supplier row only. Requires independent verification before approval.,needs_verification,low_supplier_source_only,2026-09-15T23:52:40+00:00
MATCH-20260426-01587,SUP-20260426-01587,Kenzo,L Eau Pure,,supplier_source,250419,supplier_name_normalisation,0.7,Initial candidate generated from supplier row only. Requires independent verification before approval.,needs_verification,low_supplier_source_only,2026-09-15T23:52:40+00:00
MATCH-20260426-01588,SUP-20260426-01588,Kenzo,Homme Indigo,,supplier_source,250339,supplier_name_normalisation,0.7,Initial candidate generated from supplier row only. Requires independent verification before approval.,needs_verification,low_supplier_source_only,2026-09-15T23:52:40+00:00
MATCH-20260426-01589,SUP-20260426-01589,Kenzo,Flower By Kenzo Cherry,,supplier_source,250101,supplier_name_normalisation,0.7,Initial candidate generated from supplier row only. Requires independent verification before approval.,needs_verification,low_supplier_source_only,2026-09-15T23:52:40+00:00
MATCH-20260426-01590,SUP-20260426-01590,Kenzo,Kenzo World Intense,,supplier_source,503511,supplier_name_normalisation,0.62,Initial candidate generated from supplier row only. Requires independent verification before approval.,needs_verification,low_supplier_source_only,2026-09-15T23:52:40+00:00
MATCH-20260426-01591,SUP-20260426-01591,Kenzo,Perfume D'ete,,supplier_source,381487-A,supplier_name_normalisation,0.62,Initial candidate generated from supplier row only. Requires independent verification before approval.,needs_verification,low_supplier_source_only,2026-09-15T23:52:40+00:00
MATCH-20260426-01592,SUP-20260426-01592,Kenzo,Pour Homme,,supplier_source,240059,supplier_name_normalisation,0.7,Initial candidate generated from supplier row only. Requires independent verification before approval.,needs_verification,low_supplier_source_only,2026-09-15T23:52:40+00:00
MATCH-20260426-01593,SUP-20260426-01593,Kenzo,Aqua Kenzo Pour Lui,,supplier_source,3000391,supplier_name_normalisation,0.7,Initial candidate generated from supplier row only. Requires independent verification before approval.,needs_verification,low_supplier_source_only,2026-09-15T23:52:40+00:00
MATCH-20260426-01594,SUP-20260426-01594,Kenzo,Kenzo Amour,,supplier_source,3000392,supplier_name_normalisation,0.7,Initial candidate generated from supplier row only. Requires independent verification before approval.,needs_verification,low_supplier_source_only,2026-09-15T23:52:40+00:00
MATCH-20260426-01595,SUP-20260426-01595,Kenzo,Kenzo Flower,,supplier_source,3000393,supplier_name_normalisation,0.7,Initial candidate generated from supplier row only. Requires independent verification before approval.,needs_verification,low_supplier_source_only,2026-09-15T23:52:40+00:00
MATCH-20260426-01596,SUP-20260426-01596,Kenzo,Kenzo Jungle,,supplier_source,3000394,supplier_name_normalisation,0.7,Initial candidate generated from supplier row only. Requires independent verification before approval.,needs_verification,low_supplier_source_only,2026-09-15T23:52:40+00:00
MATCH-20260426-01597,SUP-20260426-01597,Kenzo,Kenzo Homme Marine,,supplier_source,3000395,supplier_name_normalisation,0.7,Initial candidate generated from supplier row only. Requires independent verification before approval.,needs_verification,low_supplier_source_only,2026-09-15T23:52:40+00:00
MATCH-20260426-01598,SUP-20260426-01598,Kilian,Angel Share Rock,,supplier_source,250271,supplier_name_normalisation,0.7,Initial candidate generated from supplier row only. Requires independent verification before approval.,needs_verification,low_supplier_source_only,2026-09-15T23:52:40+00:00
MATCH-20260426-01599,SUP-20260426-01599,Kilian,Straight To Heaven,,supplier_source,250145,supplier_name_normalisation,0.7,Initial candidate generated from supplier row only. Requires independent verification before approval.,needs_verification,low_supplier_source_only,2026-09-15T23:52:40+00:00
MATCH-20260426-01600,SUP-20260426-01600,Kilian,Moonlight In Heaven,,supplier_source,240918,supplier_name_normalisation,0.7,Initial candidate generated from supplier row only. Requires independent verification before approval.,needs_verification,low_supplier_source_only,2026-09-15T23:52:40+00:00
MATCH-20260426-01601,SUP-20260426-01601,Kilian,Single Malt,,supplier_source,240872,supplier_name_normalisation,0.7,Initial candidate generated from supplier row only. Requires independent verification before approval.,needs_verification,low_supplier_source_only,2026-09-15T23:52:40+00:00
MATCH-20260426-01602,SUP-20260426-01602,Kilian,Angels Share Paradise,,supplier_source,240822,supplier_name_normalisation,0.7,Initial candidate generated from supplier row only. Requires independent verification before approval.,needs_verification,low_supplier_source_only,2026-09-15T23:52:40+00:00
MATCH-20260426-01603,SUP-20260426-01603,Kilian,Princess,,supplier_source,240810,supplier_name_normalisation,0.7,Initial candidate generated from supplier row only. Requires independent verification before approval.,needs_verification,low_supplier_source_only,2026-09-15T23:52:40+00:00
MATCH-20260426-01604,SUP-20260426-01604,Kilian,Smoke Like Hot,,supplier_source,240698,supplier_name_normalisation,0.7,Initial candidate generated from supplier row only. Requires independent verification before approval.,needs_verification,low_supplier_source_only,2026-09-15T23:52:40+00:00
MATCH-20260426-01605,SUP-20260426-01605,Kilian,Dangeroues In Love,,supplier_source,240696,supplier_name_normalisation,0.7,Initial candidate generated from supplier row only. Requires independent verification before approval.,needs_verification,low_supplier_source_only,2026-09-15T23:52:40+00:00
MATCH-20260426-01606,SUP-20260426-01606,Kilian,Old Fashoined,,supplier_source,240688,supplier_name_normalisation,0.7,Initial candidate generated from supplier row only. Requires independent verification before approval.,needs_verification,low_supplier_source_only,2026-09-15T23:52:40+00:00
MATCH-20260426-01607,SUP-20260426-01607,Kilian,Old Fashoined,,supplier_source,240523,supplier_name_normalisation,0.45,Initial candidate generated from supplier row only. Requires independent verification before approval.,needs_verification,low_supplier_source_only,2026-09-15T23:52:40+00:00
MATCH-20260426-01608,SUP-20260426-01608,Kilian,Sunkissed Goddess,,supplier_source,240383,supplier_name_normalisation,0.7,Initial candidate generated from supplier row only. Requires independent verification before approval.,needs_verification,low_supplier_source_only,2026-09-15T23:52:40+00:00
MATCH-20260426-01609,SUP-20260426-01609,Kilian,Amber OUD,,supplier_source,233927,supplier_name_normalisation,0.62,Initial candidate generated from supplier row only. Requires independent verification before approval.,needs_verification,low_supplier_source_only,2026-09-15T23:52:40+00:00
MATCH-20260426-01610,SUP-20260426-01610,Kilian,Back To Back,,supplier_source,233663,supplier_name_normalisation,0.62,Initial candidate generated from supplier row only. Requires independent verification before approval.,needs_verification,low_supplier_source_only,2026-09-15T23:52:40+00:00
MATCH-20260426-01611,SUP-20260426-01611,Kilian,Bad Boys Are No Good But,,supplier_source,353634,supplier_name_normalisation,0.62,Initial candidate generated from supplier row only. Requires independent verification before approval.,needs_verification,low_supplier_source_only,2026-09-15T23:52:40+00:00
MATCH-20260426-01612,SUP-20260426-01612,Kilian,Dark Lord,,supplier_source,343760,supplier_name_normalisation,0.62,Initial candidate generated from supplier row only. Requires independent verification before approval.,needs_verification,low_supplier_source_only,2026-09-15T23:52:40+00:00
MATCH-20260426-01613,SUP-20260426-01613,Kilian,Dark Lord,,supplier_source,343760-B,supplier_name_normalisation,0.62,Initial candidate generated from supplier row only. Requires independent verification before approval.,needs_verification,low_supplier_source_only,2026-09-15T23:52:40+00:00
MATCH-20260426-01614,SUP-20260426-01614,Kilian,Forbidden Games,,supplier_source,342767-A,supplier_name_normalisation,0.62,Initial candidate generated from supplier row only. Requires independent verification before approval.,needs_verification,low_supplier_source_only,2026-09-15T23:52:40+00:00
MATCH-20260426-01615,SUP-20260426-01615,Kilian,Gold Knight,,supplier_source,461376,supplier_name_normalisation,0.62,Initial candidate generated from supplier row only. Requires independent verification before approval.,needs_verification,low_supplier_source_only,2026-09-15T23:52:40+00:00
MATCH-20260426-01616,SUP-20260426-01616,Kilian,Good Girl Gone Bad Extreme,,supplier_source,339378,supplier_name_normalisation,0.62,Initial candidate generated from supplier row only. Requires independent verification before approval.,needs_verification,low_supplier_source_only,2026-09-15T23:52:40+00:00
MATCH-20260426-01617,SUP-20260426-01617,Kilian,Killing Me Slowly,,supplier_source,339480,supplier_name_normalisation,0.62,Initial candidate generated from supplier row only. Requires independent verification before approval.,needs_verification,low_supplier_source_only,2026-09-15T23:52:40+00:00
MATCH-20260426-01618,SUP-20260426-01618,Kilian,Rolling In Love,,supplier_source,503694,supplier_name_normalisation,0.62,Initial candidate generated from supplier row only. Requires independent verification before approval.,needs_verification,low_supplier_source_only,2026-09-15T23:52:40+00:00
MATCH-20260426-01619,SUP-20260426-01619,Kilian,Vodka On The Rocks,,supplier_source,461342,supplier_name_normalisation,0.62,Initial candidate generated from supplier row only. Requires independent verification before approval.,needs_verification,low_supplier_source_only,2026-09-15T23:52:40+00:00
MATCH-20260426-01620,SUP-20260426-01620,Kilian,Woman In Gold,,supplier_source,461343,supplier_name_normalisation,0.62,Initial candidate generated from supplier row only. Requires independent verification before approval.,needs_verification,low_supplier_source_only,2026-09-15T23:52:40+00:00
MATCH-20260426-01621,SUP-20260426-01621,Kilian,White Heaven,,supplier_source,342203,supplier_name_normalisation,0.62,Initial candidate generated from supplier row only. Requires independent verification before approval.,needs_verification,low_supplier_source_only,2026-09-15T23:52:40+00:00
MATCH-20260426-01622,SUP-20260426-01622,Kilian,Bamboo Harmony,,supplier_source,343735,supplier_name_normalisation,0.62,Initial candidate generated from supplier row only. Requires independent verification before approval.,needs_verification,low_supplier_source_only,2026-09-15T23:52:40+00:00
MATCH-20260426-01623,SUP-20260426-01623,Kilian,Kisses Don't Lie,,supplier_source,260778,supplier_name_normalisation,0.62,Initial candidate generated from supplier row only. Requires independent verification before approval.,needs_verification,low_supplier_source_only,2026-09-15T23:52:40+00:00
MATCH-20260426-01624,SUP-20260426-01624,Kilian,Black Phanthom,,supplier_source,240627,supplier_name_normalisation,0.7,Initial candidate generated from supplier row only. Requires independent verification before approval.,needs_verification,low_supplier_source_only,2026-09-15T23:52:40+00:00
MATCH-20260426-01625,SUP-20260426-01625,Kilian,Black Phantom Mimento Mori,,supplier_source,342796,supplier_name_normalisation,0.62,Initial candidate generated from supplier row only. Requires independent verification before approval.,needs_verification,low_supplier_source_only,2026-09-15T23:52:40+00:00
MATCH-20260426-01626,SUP-20260426-01626,Kilian,Intoxicated,,supplier_source,240402,supplier_name_normalisation,0.62,Initial candidate generated from supplier row only. Requires independent verification before approval.,needs_verification,low_supplier_source_only,2026-09-15T23:52:40+00:00
MATCH-20260426-01627,SUP-20260426-01627,Kilian,Angels Share,,supplier_source,240174,supplier_name_normalisation,0.7,Initial candidate generated from supplier row only. Requires independent verification before approval.,needs_verification,low_supplier_source_only,2026-09-15T23:52:40+00:00
MATCH-20260426-01628,SUP-20260426-01628,Kilian,Roses On Ice,,supplier_source,339948-A,supplier_name_normalisation,0.62,Initial candidate generated from supplier row only. Requires independent verification before approval.,needs_verification,low_supplier_source_only,2026-09-15T23:52:40+00:00
MATCH-20260426-01629,SUP-20260426-01629,Kilian,A Kiss From A Rose,,supplier_source,233490,supplier_name_normalisation,0.62,Initial candidate generated from supplier row only. Requires independent verification before approval.,needs_verification,low_supplier_source_only,2026-09-15T23:52:40+00:00
MATCH-20260426-01630,SUP-20260426-01630,Kilian,Light My Fire,,supplier_source,680229,supplier_name_normalisation,0.62,Initial candidate generated from supplier row only. Requires independent verification before approval.,needs_verification,low_supplier_source_only,2026-09-15T23:52:40+00:00
MATCH-20260426-01631,SUP-20260426-01631,Kilian,Straight To Heaven OUD And,,supplier_source,343902,supplier_name_normalisation,0.62,Initial candidate generated from supplier row only. Requires independent verification before approval.,needs_verification,low_supplier_source_only,2026-09-15T23:52:40+00:00
MATCH-20260426-01632,SUP-20260426-01632,Kilian,Peral OUD,,supplier_source,343921,supplier_name_normalisation,0.62,Initial candidate generated from supplier row only. Requires independent verification before approval.,needs_verification,low_supplier_source_only,2026-09-15T23:52:40+00:00
MATCH-20260426-01633,SUP-20260426-01633,Kilian,Royal Leather,,supplier_source,233521,supplier_name_normalisation,0.62,Initial candidate generated from supplier row only. Requires independent verification before approval.,needs_verification,low_supplier_source_only,2026-09-15T23:52:40+00:00
MATCH-20260426-01634,SUP-20260426-01634,Kilian,Playing With The Devil,,supplier_source,240428,supplier_name_normalisation,0.7,Initial candidate generated from supplier row only. Requires independent verification before approval.,needs_verification,low_supplier_source_only,2026-09-15T23:52:40+00:00
MATCH-20260426-01635,SUP-20260426-01635,Kilian,Musk Butterfly,,supplier_source,354111,supplier_name_normalisation,0.62,Initial candidate generated from supplier row only. Requires independent verification before approval.,needs_verification,low_supplier_source_only,2026-09-15T23:52:40+00:00
MATCH-20260426-01636,SUP-20260426-01636,Kilian,Musk Butterfly,,supplier_source,354111-T,supplier_name_normalisation,0.62,Initial candidate generated from supplier row only. Requires independent verification before approval.,needs_verification,low_supplier_source_only,2026-09-15T23:52:40+00:00
MATCH-20260426-01637,SUP-20260426-01637,Kilian,Love Don't Be Shy -rose & OUD,,supplier_source,700989,supplier_name_normalisation,0.62,Initial candidate generated from supplier row only. Requires independent verification before approval.,needs_verification,low_supplier_source_only,2026-09-15T23:52:40+00:00
MATCH-20260426-01638,SUP-20260426-01638,Kilian,Can't Stop Loving You,,supplier_source,354275,supplier_name_normalisation,0.62,Initial candidate generated from supplier row only. Requires independent verification before approval.,needs_verification,low_supplier_source_only,2026-09-15T23:52:40+00:00
MATCH-20260426-01639,SUP-20260426-01639,Kilian,Can't Stop Loving You,,supplier_source,354275-A,supplier_name_normalisation,0.62,Initial candidate generated from supplier row only. Requires independent verification before approval.,needs_verification,low_supplier_source_only,2026-09-15T23:52:40+00:00
MATCH-20260426-01640,SUP-20260426-01640,Kilian,Blue Moon Ginger Dash,,supplier_source,336349-T,supplier_name_normalisation,0.62,Initial candidate generated from supplier row only. Requires independent verification before approval.,needs_verification,low_supplier_source_only,2026-09-15T23:52:40+00:00
MATCH-20260426-01641,SUP-20260426-01641,Kilian,Smoking Hot,,supplier_source,240122,supplier_name_normalisation,0.7,Initial candidate generated from supplier row only. Requires independent verification before approval.,needs_verification,low_supplier_source_only,2026-09-15T23:52:40+00:00
MATCH-20260426-01642,SUP-20260426-01642,Kilian,Gold OUD Kilian,,supplier_source,3000396,supplier_name_normalisation,0.7,Initial candidate generated from supplier row only. Requires independent verification before approval.,needs_verification,low_supplier_source_only,2026-09-15T23:52:40+00:00
MATCH-20260426-01643,SUP-20260426-01643,Kilian,Good Girl Gone Bad,,supplier_source,240098,supplier_name_normalisation,0.7,Initial candidate generated from supplier row only. Requires independent verification before approval.,needs_verification,low_supplier_source_only,2026-09-15T23:52:40+00:00
MATCH-20260426-01644,SUP-20260426-01644,Kilian,Love Don't Shy Amber & OUD,,supplier_source,3000397,supplier_name_normalisation,0.7,Initial candidate generated from supplier row only. Requires independent verification before approval.,needs_verification,low_supplier_source_only,2026-09-15T23:52:40+00:00
MATCH-20260426-01645,SUP-20260426-01645,Killan,L'heure Verte,,supplier_source,702860,supplier_name_normalisation,0.62,Initial candidate generated from supplier row only. Requires independent verification before approval.,needs_verification,low_supplier_source_only,2026-09-15T23:52:40+00:00
MATCH-20260426-01646,SUP-20260426-01646,Killan,Apple Brandy On The Rocks,,supplier_source,702859-T,supplier_name_normalisation,0.62,Initial candidate generated from supplier row only. Requires independent verification before approval.,needs_verification,low_supplier_source_only,2026-09-15T23:52:40+00:00
MATCH-20260426-01647,SUP-20260426-01647,Kilian,Apple Brandy,,supplier_source,342760,supplier_name_normalisation,0.62,Initial candidate generated from supplier row only. Requires independent verification before approval.,needs_verification,low_supplier_source_only,2026-09-15T23:52:40+00:00
MATCH-20260426-01648,SUP-20260426-01648,Kilian,Good Girl Gone Bad,,supplier_source,232017,supplier_name_normalisation,0.62,Initial candidate generated from supplier row only. Requires independent verification before approval.,needs_verification,low_supplier_source_only,2026-09-15T23:52:40+00:00
MATCH-20260426-01649,SUP-20260426-01649,Kilian,In The City Of Sin,,supplier_source,338984,supplier_name_normalisation,0.62,Initial candidate generated from supplier row only. Requires independent verification before approval.,needs_verification,low_supplier_source_only,2026-09-15T23:52:40+00:00
MATCH-20260426-01650,SUP-20260426-01650,Kilian,Love Dont Be Shy,,supplier_source,240868,supplier_name_normalisation,0.7,Initial candidate generated from supplier row only. Requires independent verification before approval.,needs_verification,low_supplier_source_only,2026-09-15T23:52:40+00:00
MATCH-20260426-01651,SUP-20260426-01651,Kilian,Love Don’t Be Shy,,supplier_source,232021,supplier_name_normalisation,0.62,Initial candidate generated from supplier row only. Requires independent verification before approval.,needs_verification,low_supplier_source_only,2026-09-15T23:52:40+00:00
MATCH-20260426-01652,SUP-20260426-01652,Kilian,White Heaven,,supplier_source,342203-T,supplier_name_normalisation,0.62,Initial candidate generated from supplier row only. Requires independent verification before approval.,needs_verification,low_supplier_source_only,2026-09-15T23:52:40+00:00
MATCH-20260426-01653,SUP-20260426-01653,Kilian,Kologne.shield Of Protection,,supplier_source,462286,supplier_name_normalisation,0.62,Initial candidate generated from supplier row only. Requires independent verification before approval.,needs_verification,low_supplier_source_only,2026-09-15T23:52:40+00:00
MATCH-20260426-01654,SUP-20260426-01654,Kilian,Bad Boys Are No Good But,,supplier_source,3000398,supplier_name_normalisation,0.7,Initial candidate generated from supplier row only. Requires independent verification before approval.,needs_verification,low_supplier_source_only,2026-09-15T23:52:40+00:00
MATCH-20260426-01655,SUP-20260426-01655,Kilian,Musk OUD By Killian,,supplier_source,3000399,supplier_name_normalisation,0.7,Initial candidate generated from supplier row only. Requires independent verification before approval.,needs_verification,low_supplier_source_only,2026-09-15T23:52:40+00:00
MATCH-20260426-01656,SUP-20260426-01656,Kilian,To Be A Princess,,supplier_source,3000400,supplier_name_normalisation,0.7,Initial candidate generated from supplier row only. Requires independent verification before approval.,needs_verification,low_supplier_source_only,2026-09-15T23:52:40+00:00
MATCH-20260426-01657,SUP-20260426-01657,Kinski,Kinski,,supplier_source,400058-T,supplier_name_normalisation,0.62,Initial candidate generated from supplier row only. Requires independent verification before approval.,needs_verification,low_supplier_source_only,2026-09-15T23:52:40+00:00
MATCH-20260426-01658,SUP-20260426-01658,Lush,Pumpkin Spice,,supplier_source,250423,supplier_name_normalisation,0.7,Initial candidate generated from supplier row only. Requires independent verification before approval.,needs_verification,low_supplier_source_only,2026-09-15T23:52:40+00:00
MATCH-20260426-01659,SUP-20260426-01659,Lush,Cherryish,,supplier_source,250342,supplier_name_normalisation,0.7,Initial candidate generated from supplier row only. Requires independent verification before approval.,needs_verification,low_supplier_source_only,2026-09-15T23:52:40+00:00
MATCH-20260426-01660,SUP-20260426-01660,Loewe,Aire Sutileza,,supplier_source,250276,supplier_name_normalisation,0.7,Initial candidate generated from supplier row only. Requires independent verification before approval.,needs_verification,low_supplier_source_only,2026-09-15T23:52:40+00:00
MATCH-20260426-01661,SUP-20260426-01661,Laboratorio,Vanagloria,,supplier_source,240791,supplier_name_normalisation,0.7,Initial candidate generated from supplier row only. Requires independent verification before approval.,needs_verification,low_supplier_source_only,2026-09-15T23:52:40+00:00
MATCH-20260426-01662,SUP-20260426-01662,Labdanum Super Abs,Labdanum Abs,,supplier_source,3000401,supplier_name_normalisation,0.7,Initial candidate generated from supplier row only. Requires independent verification before approval.,needs_verification,low_supplier_source_only,2026-09-15T23:52:40+00:00
MATCH-20260426-01663,SUP-20260426-01663,Liquides Imaginaires,Blanche Bete,,supplier_source,240881,supplier_name_normalisation,0.7,Initial candidate generated from supplier row only. Requires independent verification before approval.,needs_verification,low_supplier_source_only,2026-09-15T23:52:40+00:00
MATCH-20260426-01664,SUP-20260426-01664,Liquides Imaginaires,Dam Rosa,,supplier_source,240828,supplier_name_normalisation,0.7,Initial candidate generated from supplier row only. Requires independent verification before approval.,needs_verification,low_supplier_source_only,2026-09-15T23:52:40+00:00
MATCH-20260426-01665,SUP-20260426-01665,Liquides Imaginaires,Liquide Les,,supplier_source,240707,supplier_name_normalisation,0.7,Initial candidate generated from supplier row only. Requires independent verification before approval.,needs_verification,low_supplier_source_only,2026-09-15T23:52:40+00:00
MATCH-20260426-01666,SUP-20260426-01666,Lacoste,L.12.12 Silver Grey,,supplier_source,250222,supplier_name_normalisation,0.7,Initial candidate generated from supplier row only. Requires independent verification before approval.,needs_verification,low_supplier_source_only,2026-09-15T23:52:40+00:00
MATCH-20260426-01667,SUP-20260426-01667,Lacoste,Touch Of Pink,,supplier_source,240714,supplier_name_normalisation,0.7,Initial candidate generated from supplier row only. Requires independent verification before approval.,needs_verification,low_supplier_source_only,2026-09-15T23:52:40+00:00
MATCH-20260426-01668,SUP-20260426-01668,Lacoste,L.12.12.rouge,,supplier_source,230245-A,supplier_name_normalisation,0.62,Initial candidate generated from supplier row only. Requires independent verification before approval.,needs_verification,low_supplier_source_only,2026-09-15T23:52:40+00:00
MATCH-20260426-01669,SUP-20260426-01669,Lacoste,Lacoste Pour Femme,,supplier_source,260894,supplier_name_normalisation,0.62,Initial candidate generated from supplier row only. Requires independent verification before approval.,needs_verification,low_supplier_source_only,2026-09-15T23:52:40+00:00
MATCH-20260426-01670,SUP-20260426-01670,Lacoste,Eau De Lacoste L.12.12 Blanc,,supplier_source,558483-A,supplier_name_normalisation,0.62,Initial candidate generated from supplier row only. Requires independent verification before approval.,needs_verification,low_supplier_source_only,2026-09-15T23:52:40+00:00
MATCH-20260426-01671,SUP-20260426-01671,Lacoste,White,,supplier_source,693257-A,supplier_name_normalisation,0.62,Initial candidate generated from supplier row only. Requires independent verification before approval.,needs_verification,low_supplier_source_only,2026-09-15T23:52:40+00:00
MATCH-20260426-01672,SUP-20260426-01672,Lacoste,Eau De Lacoste L12.12 Faiche,,supplier_source,3000402,supplier_name_normalisation,0.7,Initial candidate generated from supplier row only. Requires independent verification before approval.,needs_verification,low_supplier_source_only,2026-09-15T23:52:40+00:00
MATCH-20260426-01673,SUP-20260426-01673,Lacoste,Eau De Lacoste L12.12 Faiche,,supplier_source,3000403,supplier_name_normalisation,0.45,Initial candidate generated from supplier row only. Requires independent verification before approval.,needs_verification,low_supplier_source_only,2026-09-15T23:52:40+00:00
MATCH-20260426-01674,SUP-20260426-01674,Lacoste,Lacoste Challenge,,supplier_source,3000403,supplier_name_normalisation,0.45,Initial candidate generated from supplier row only. Requires independent verification before approval.,needs_verification,low_supplier_source_only,2026-09-15T23:52:40+00:00
MATCH-20260426-01675,SUP-20260426-01675,Lacoste,Lacoste Essential Sport,,supplier_source,240346,supplier_name_normalisation,0.7,Initial candidate generated from supplier row only. Requires independent verification before approval.,needs_verification,low_supplier_source_only,2026-09-15T23:52:40+00:00
MATCH-20260426-01676,SUP-20260426-01676,Lacoste,Lacoste Joy Of Pink,,supplier_source,3000404,supplier_name_normalisation,0.7,Initial candidate generated from supplier row only. Requires independent verification before approval.,needs_verification,low_supplier_source_only,2026-09-15T23:52:40+00:00
MATCH-20260426-01677,SUP-20260426-01677,Lacoste,Lacoste Pour Femme,,supplier_source,3000405,supplier_name_normalisation,0.7,Initial candidate generated from supplier row only. Requires independent verification before approval.,needs_verification,low_supplier_source_only,2026-09-15T23:52:40+00:00
MATCH-20260426-01678,SUP-20260426-01678,Lacoste,Lacoste Sensual,,supplier_source,3000406,supplier_name_normalisation,0.7,Initial candidate generated from supplier row only. Requires independent verification before approval.,needs_verification,low_supplier_source_only,2026-09-15T23:52:40+00:00
MATCH-20260426-01679,SUP-20260426-01679,Lacoste,Lacoste Style In Play,,supplier_source,3000407,supplier_name_normalisation,0.7,Initial candidate generated from supplier row only. Requires independent verification before approval.,needs_verification,low_supplier_source_only,2026-09-15T23:52:40+00:00
MATCH-20260426-01680,SUP-20260426-01680,Lacoste,Lacoste White,,supplier_source,3000408,supplier_name_normalisation,0.7,Initial candidate generated from supplier row only. Requires independent verification before approval.,needs_verification,low_supplier_source_only,2026-09-15T23:52:40+00:00
MATCH-20260426-01681,SUP-20260426-01681,Lalique,Encre Noire,,supplier_source,240848,supplier_name_normalisation,0.7,Initial candidate generated from supplier row only. Requires independent verification before approval.,needs_verification,low_supplier_source_only,2026-09-15T23:52:40+00:00
MATCH-20260426-01682,SUP-20260426-01682,Lalique,"L,amour",,supplier_source,3000411,supplier_name_normalisation,0.7,Initial candidate generated from supplier row only. Requires independent verification before approval.,needs_verification,low_supplier_source_only,2026-09-15T23:52:40+00:00
MATCH-20260426-01683,SUP-20260426-01683,Lalique,"Le Parfum, Lalique Red",,supplier_source,3000412,supplier_name_normalisation,0.7,Initial candidate generated from supplier row only. Requires independent verification before approval.,needs_verification,low_supplier_source_only,2026-09-15T23:52:40+00:00
MATCH-20260426-01684,SUP-20260426-01684,Lalique,Satine,,supplier_source,3000413,supplier_name_normalisation,0.7,Initial candidate generated from supplier row only. Requires independent verification before approval.,needs_verification,low_supplier_source_only,2026-09-15T23:52:40+00:00
MATCH-20260426-01685,SUP-20260426-01685,Lalique,White,,supplier_source,3000414,supplier_name_normalisation,0.7,Initial candidate generated from supplier row only. Requires independent verification before approval.,needs_verification,low_supplier_source_only,2026-09-15T23:52:40+00:00
MATCH-20260426-01686,SUP-20260426-01686,Lancom,Idole Peach N Roses,,supplier_source,250376,supplier_name_normalisation,0.7,Initial candidate generated from supplier row only. Requires independent verification before approval.,needs_verification,low_supplier_source_only,2026-09-15T23:52:40+00:00
MATCH-20260426-01687,SUP-20260426-01687,Lancom,Idole Power,,supplier_source,250372,supplier_name_normalisation,0.7,Initial candidate generated from supplier row only. Requires independent verification before approval.,needs_verification,low_supplier_source_only,2026-09-15T23:52:40+00:00
MATCH-20260426-01688,SUP-20260426-01688,Lancom,Off Now,,supplier_source,250224,supplier_name_normalisation,0.7,Initial candidate generated from supplier row only. Requires independent verification before approval.,needs_verification,low_supplier_source_only,2026-09-15T23:52:40+00:00
MATCH-20260426-01689,SUP-20260426-01689,Lancom,Absolu Rose From The Dark,,supplier_source,250221,supplier_name_normalisation,0.7,Initial candidate generated from supplier row only. Requires independent verification before approval.,needs_verification,low_supplier_source_only,2026-09-15T23:52:40+00:00
MATCH-20260426-01690,SUP-20260426-01690,Lancom,La Nuit Tresor Vanile Noire,,supplier_source,240824,supplier_name_normalisation,0.7,Initial candidate generated from supplier row only. Requires independent verification before approval.,needs_verification,low_supplier_source_only,2026-09-15T23:52:40+00:00
MATCH-20260426-01691,SUP-20260426-01691,Lancom,Absolue OUD Bouquet,,supplier_source,240637,supplier_name_normalisation,0.7,Initial candidate generated from supplier row only. Requires independent verification before approval.,needs_verification,low_supplier_source_only,2026-09-15T23:52:40+00:00
MATCH-20260426-01692,SUP-20260426-01692,Lancom,La Vie Est Belle L'elixir,,supplier_source,240527,supplier_name_normalisation,0.7,Initial candidate generated from supplier row only. Requires independent verification before approval.,needs_verification,low_supplier_source_only,2026-09-15T23:52:40+00:00
MATCH-20260426-01693,SUP-20260426-01693,Lancom,Poeme,,supplier_source,240353,supplier_name_normalisation,0.7,Initial candidate generated from supplier row only. Requires independent verification before approval.,needs_verification,low_supplier_source_only,2026-09-15T23:52:40+00:00
MATCH-20260426-01694,SUP-20260426-01694,Lancom,La Vie Est Belle Vanilla Nude,,supplier_source,250330,supplier_name_normalisation,0.7,Initial candidate generated from supplier row only. Requires independent verification before approval.,needs_verification,low_supplier_source_only,2026-09-15T23:52:40+00:00
MATCH-20260426-01695,SUP-20260426-01695,Lancom,La Vie Est Belle,,supplier_source,240492,supplier_name_normalisation,0.7,Initial candidate generated from supplier row only. Requires independent verification before approval.,needs_verification,low_supplier_source_only,2026-09-15T23:52:40+00:00
MATCH-20260426-01696,SUP-20260426-01696,Lancom,"La Vie Est Belle,lancom",,supplier_source,701759-C,supplier_name_normalisation,0.62,Initial candidate generated from supplier row only. Requires independent verification before approval.,needs_verification,low_supplier_source_only,2026-09-15T23:52:40+00:00
MATCH-20260426-01697,SUP-20260426-01697,Lancom,OUD Bouquet,,supplier_source,2302076-D,supplier_name_normalisation,0.62,Initial candidate generated from supplier row only. Requires independent verification before approval.,needs_verification,low_supplier_source_only,2026-09-15T23:52:40+00:00
MATCH-20260426-01698,SUP-20260426-01698,Lancom,Hypnose,,supplier_source,3000415,supplier_name_normalisation,0.7,Initial candidate generated from supplier row only. Requires independent verification before approval.,needs_verification,low_supplier_source_only,2026-09-15T23:52:40+00:00
MATCH-20260426-01699,SUP-20260426-01699,Lancom,Idole,,supplier_source,240671,supplier_name_normalisation,0.7,Initial candidate generated from supplier row only. Requires independent verification before approval.,needs_verification,low_supplier_source_only,2026-09-15T23:52:40+00:00
MATCH-20260426-01700,SUP-20260426-01700,Lancom,Idole Le Parfum,,supplier_source,240091,supplier_name_normalisation,0.7,Initial candidate generated from supplier row only. Requires independent verification before approval.,needs_verification,low_supplier_source_only,2026-09-15T23:52:40+00:00
MATCH-20260426-01701,SUP-20260426-01701,Lancom,Idole L'intense,,supplier_source,3000416,supplier_name_normalisation,0.7,Initial candidate generated from supplier row only. Requires independent verification before approval.,needs_verification,low_supplier_source_only,2026-09-15T23:52:40+00:00
MATCH-20260426-01702,SUP-20260426-01702,Lancom,La Nuit Tresor A La Folie,,supplier_source,3000417,supplier_name_normalisation,0.7,Initial candidate generated from supplier row only. Requires independent verification before approval.,needs_verification,low_supplier_source_only,2026-09-15T23:52:40+00:00
MATCH-20260426-01703,SUP-20260426-01703,Lancom,La Nuit Tresor Lancom,,supplier_source,3000418,supplier_name_normalisation,0.7,Initial candidate generated from supplier row only. Requires independent verification before approval.,needs_verification,low_supplier_source_only,2026-09-15T23:52:40+00:00
MATCH-20260426-01704,SUP-20260426-01704,Lancom,La Vie Est Belle EDP I'eclat,,supplier_source,3000419,supplier_name_normalisation,0.7,Initial candidate generated from supplier row only. Requires independent verification before approval.,needs_verification,low_supplier_source_only,2026-09-15T23:52:40+00:00
MATCH-20260426-01705,SUP-20260426-01705,Lancom,La Vie Est Belle En Rose,,supplier_source,3000420,supplier_name_normalisation,0.7,Initial candidate generated from supplier row only. Requires independent verification before approval.,needs_verification,low_supplier_source_only,2026-09-15T23:52:40+00:00
MATCH-20260426-01706,SUP-20260426-01706,Lancom,"La Vie Est Belle,lancom",,supplier_source,3000421,supplier_name_normalisation,0.7,Initial candidate generated from supplier row only. Requires independent verification before approval.,needs_verification,low_supplier_source_only,2026-09-15T23:52:40+00:00
MATCH-20260426-01707,SUP-20260426-01707,Lancom,Lancome Hypnose,,supplier_source,3000422,supplier_name_normalisation,0.7,Initial candidate generated from supplier row only. Requires independent verification before approval.,needs_verification,low_supplier_source_only,2026-09-15T23:52:40+00:00
MATCH-20260426-01708,SUP-20260426-01708,Lancom,OUD Bouquet Lancom,,supplier_source,3000423,supplier_name_normalisation,0.7,Initial candidate generated from supplier row only. Requires independent verification before approval.,needs_verification,low_supplier_source_only,2026-09-15T23:52:40+00:00
MATCH-20260426-01709,SUP-20260426-01709,Lancom,Tresor Midnight Rose,,supplier_source,240347,supplier_name_normalisation,0.7,Initial candidate generated from supplier row only. Requires independent verification before approval.,needs_verification,low_supplier_source_only,2026-09-15T23:52:40+00:00
MATCH-20260426-01710,SUP-20260426-01710,Lancom,La Nuit Tresor Nude,,supplier_source,3000424,supplier_name_normalisation,0.7,Initial candidate generated from supplier row only. Requires independent verification before approval.,needs_verification,low_supplier_source_only,2026-09-15T23:52:40+00:00
MATCH-20260426-01711,SUP-20260426-01711,Lancom,Idole Now,,supplier_source,3000425,supplier_name_normalisation,0.7,Initial candidate generated from supplier row only. Requires independent verification before approval.,needs_verification,low_supplier_source_only,2026-09-15T23:52:40+00:00
MATCH-20260426-01712,SUP-20260426-01712,Lancome,OUD Bouquet,,supplier_source,232076 A,supplier_name_normalisation,0.62,Initial candidate generated from supplier row only. Requires independent verification before approval.,needs_verification,low_supplier_source_only,2026-09-15T23:52:40+00:00
MATCH-20260426-01713,SUP-20260426-01713,Lancome,Idole Aura,,supplier_source,3000426,supplier_name_normalisation,0.7,Initial candidate generated from supplier row only. Requires independent verification before approval.,needs_verification,low_supplier_source_only,2026-09-15T23:52:40+00:00
MATCH-20260426-01714,SUP-20260426-01714,Lanvin,Eclat,,supplier_source,236025,supplier_name_normalisation,0.62,Initial candidate generated from supplier row only. Requires independent verification before approval.,needs_verification,low_supplier_source_only,2026-09-15T23:52:40+00:00
MATCH-20260426-01715,SUP-20260426-01715,Lanvin,Marry Me,,supplier_source,230759,supplier_name_normalisation,0.62,Initial candidate generated from supplier row only. Requires independent verification before approval.,needs_verification,low_supplier_source_only,2026-09-15T23:52:40+00:00
MATCH-20260426-01716,SUP-20260426-01716,Lanvin,Modern Princess,,supplier_source,233994-A,supplier_name_normalisation,0.62,Initial candidate generated from supplier row only. Requires independent verification before approval.,needs_verification,low_supplier_source_only,2026-09-15T23:52:40+00:00
MATCH-20260426-01717,SUP-20260426-01717,Lanvin,Eclat D Arpege,,supplier_source,233299,supplier_name_normalisation,0.62,Initial candidate generated from supplier row only. Requires independent verification before approval.,needs_verification,low_supplier_source_only,2026-09-15T23:52:40+00:00
MATCH-20260426-01718,SUP-20260426-01718,Lanvin,L Homme,,supplier_source,240016,supplier_name_normalisation,0.7,Initial candidate generated from supplier row only. Requires independent verification before approval.,needs_verification,low_supplier_source_only,2026-09-15T23:52:40+00:00
MATCH-20260426-01719,SUP-20260426-01719,L'artisan Parfumeur,Le Chant De Camargue,,supplier_source,343782,supplier_name_normalisation,0.62,Initial candidate generated from supplier row only. Requires independent verification before approval.,needs_verification,low_supplier_source_only,2026-09-15T23:52:40+00:00
MATCH-20260426-01720,SUP-20260426-01720,Lattafa,OUD Mood,,supplier_source,250444,supplier_name_normalisation,0.7,Initial candidate generated from supplier row only. Requires independent verification before approval.,needs_verification,low_supplier_source_only,2026-09-15T23:52:40+00:00
MATCH-20260426-01721,SUP-20260426-01721,Lattafa,Nerbas,,supplier_source,250443,supplier_name_normalisation,0.7,Initial candidate generated from supplier row only. Requires independent verification before approval.,needs_verification,low_supplier_source_only,2026-09-15T23:52:40+00:00
MATCH-20260426-01722,SUP-20260426-01722,Lattafa,Affection,,supplier_source,250278,supplier_name_normalisation,0.7,Initial candidate generated from supplier row only. Requires independent verification before approval.,needs_verification,low_supplier_source_only,2026-09-15T23:52:40+00:00
MATCH-20260426-01723,SUP-20260426-01723,Lattafa,Ana Abiyedh Scarlet,,supplier_source,250268,supplier_name_normalisation,0.7,Initial candidate generated from supplier row only. Requires independent verification before approval.,needs_verification,low_supplier_source_only,2026-09-15T23:52:40+00:00
MATCH-20260426-01724,SUP-20260426-01724,Lattafa,Eclaire,,supplier_source,250125,supplier_name_normalisation,0.7,Initial candidate generated from supplier row only. Requires independent verification before approval.,needs_verification,low_supplier_source_only,2026-09-15T23:52:40+00:00
MATCH-20260426-01725,SUP-20260426-01725,Lattafa,Now,,supplier_source,250028,supplier_name_normalisation,0.7,Initial candidate generated from supplier row only. Requires independent verification before approval.,needs_verification,low_supplier_source_only,2026-09-15T23:52:40+00:00
MATCH-20260426-01726,SUP-20260426-01726,Lattafa,Khamra Qawa,,supplier_source,250029,supplier_name_normalisation,0.7,Initial candidate generated from supplier row only. Requires independent verification before approval.,needs_verification,low_supplier_source_only,2026-09-15T23:52:40+00:00
MATCH-20260426-01727,SUP-20260426-01727,Lattafa,Asad Bouborn,,supplier_source,240840,supplier_name_normalisation,0.7,Initial candidate generated from supplier row only. Requires independent verification before approval.,needs_verification,low_supplier_source_only,2026-09-15T23:52:40+00:00
MATCH-20260426-01728,SUP-20260426-01728,Lattafa,Ameer Al Oudh,,supplier_source,240739,supplier_name_normalisation,0.7,Initial candidate generated from supplier row only. Requires independent verification before approval.,needs_verification,low_supplier_source_only,2026-09-15T23:52:40+00:00
MATCH-20260426-01729,SUP-20260426-01729,Lattafa,Ameer Al Oudh,,supplier_source,240452,supplier_name_normalisation,0.7,Initial candidate generated from supplier row only. Requires independent verification before approval.,needs_verification,low_supplier_source_only,2026-09-15T23:52:40+00:00
MATCH-20260426-01730,SUP-20260426-01730,Lattafa,Yara Candy,,supplier_source,240528,supplier_name_normalisation,0.7,Initial candidate generated from supplier row only. Requires independent verification before approval.,needs_verification,low_supplier_source_only,2026-09-15T23:52:40+00:00
MATCH-20260426-01731,SUP-20260426-01731,Lattafa,Asad,,supplier_source,240285,supplier_name_normalisation,0.7,Initial candidate generated from supplier row only. Requires independent verification before approval.,needs_verification,low_supplier_source_only,2026-09-15T23:52:40+00:00
MATCH-20260426-01732,SUP-20260426-01732,Lattafa,Khamra,,supplier_source,240226,supplier_name_normalisation,0.7,Initial candidate generated from supplier row only. Requires independent verification before approval.,needs_verification,low_supplier_source_only,2026-09-15T23:52:40+00:00
MATCH-20260426-01733,SUP-20260426-01733,Lattafa,Blue OUD,,supplier_source,343705-A,supplier_name_normalisation,0.62,Initial candidate generated from supplier row only. Requires independent verification before approval.,needs_verification,low_supplier_source_only,2026-09-15T23:52:40+00:00
MATCH-20260426-01734,SUP-20260426-01734,Lattafa,Ana Abiyedh,,supplier_source,3000427,supplier_name_normalisation,0.7,Initial candidate generated from supplier row only. Requires independent verification before approval.,needs_verification,low_supplier_source_only,2026-09-15T23:52:40+00:00
MATCH-20260426-01735,SUP-20260426-01735,Lattafa,Azeezah,,supplier_source,3000428,supplier_name_normalisation,0.7,Initial candidate generated from supplier row only. Requires independent verification before approval.,needs_verification,low_supplier_source_only,2026-09-15T23:52:40+00:00
MATCH-20260426-01736,SUP-20260426-01736,Lattafa,Rouat Al Musk,,supplier_source,3000429,supplier_name_normalisation,0.7,Initial candidate generated from supplier row only. Requires independent verification before approval.,needs_verification,low_supplier_source_only,2026-09-15T23:52:40+00:00
MATCH-20260426-01737,SUP-20260426-01737,Lattafa,Yara Pink,,supplier_source,240159,supplier_name_normalisation,0.7,Initial candidate generated from supplier row only. Requires independent verification before approval.,needs_verification,low_supplier_source_only,2026-09-15T23:52:40+00:00
MATCH-20260426-01738,SUP-20260426-01738,Lattafa,Yara Pink,,supplier_source,240227,supplier_name_normalisation,0.7,Initial candidate generated from supplier row only. Requires independent verification before approval.,needs_verification,low_supplier_source_only,2026-09-15T23:52:40+00:00
MATCH-20260426-01739,SUP-20260426-01739,Lavender,Lavender,,supplier_source,3000430,supplier_name_normalisation,0.7,Initial candidate generated from supplier row only. Requires independent verification before approval.,needs_verification,low_supplier_source_only,2026-09-15T23:52:40+00:00
MATCH-20260426-01740,SUP-20260426-01740,Laverne,Miss Laverne,,supplier_source,240958,supplier_name_normalisation,0.7,Initial candidate generated from supplier row only. Requires independent verification before approval.,needs_verification,low_supplier_source_only,2026-09-15T23:52:40+00:00
MATCH-20260426-01741,SUP-20260426-01741,Laverne,Blue Laverne Bakhur,,supplier_source,240809,supplier_name_normalisation,0.7,Initial candidate generated from supplier row only. Requires independent verification before approval.,needs_verification,low_supplier_source_only,2026-09-15T23:52:40+00:00
MATCH-20260426-01742,SUP-20260426-01742,Le Labo,Euclyptus 20,,supplier_source,250445,supplier_name_normalisation,0.7,Initial candidate generated from supplier row only. Requires independent verification before approval.,needs_verification,low_supplier_source_only,2026-09-15T23:52:40+00:00
MATCH-20260426-01743,SUP-20260426-01743,Le Labo,Neroli 36,,supplier_source,240766,supplier_name_normalisation,0.7,Initial candidate generated from supplier row only. Requires independent verification before approval.,needs_verification,low_supplier_source_only,2026-09-15T23:52:40+00:00
MATCH-20260426-01744,SUP-20260426-01744,Le Labo,The Matcha 26,,supplier_source,240706,supplier_name_normalisation,0.7,Initial candidate generated from supplier row only. Requires independent verification before approval.,needs_verification,low_supplier_source_only,2026-09-15T23:52:40+00:00
MATCH-20260426-01745,SUP-20260426-01745,Le Labo,Sedrat 37,,supplier_source,503905,supplier_name_normalisation,0.62,Initial candidate generated from supplier row only. Requires independent verification before approval.,needs_verification,low_supplier_source_only,2026-09-15T23:52:40+00:00
MATCH-20260426-01746,SUP-20260426-01746,Le Labo,Sedrat 37,,supplier_source,503905-A,supplier_name_normalisation,0.62,Initial candidate generated from supplier row only. Requires independent verification before approval.,needs_verification,low_supplier_source_only,2026-09-15T23:52:40+00:00
MATCH-20260426-01747,SUP-20260426-01747,Le Labo,Tabac 28,,supplier_source,260955,supplier_name_normalisation,0.62,Initial candidate generated from supplier row only. Requires independent verification before approval.,needs_verification,low_supplier_source_only,2026-09-15T23:52:40+00:00
MATCH-20260426-01748,SUP-20260426-01748,Le Labo,Baie 19,,supplier_source,261075-A,supplier_name_normalisation,0.62,Initial candidate generated from supplier row only. Requires independent verification before approval.,needs_verification,low_supplier_source_only,2026-09-15T23:52:40+00:00
MATCH-20260426-01749,SUP-20260426-01749,Le Labo,Another 13,,supplier_source,240216,supplier_name_normalisation,0.7,Initial candidate generated from supplier row only. Requires independent verification before approval.,needs_verification,low_supplier_source_only,2026-09-15T23:52:40+00:00
MATCH-20260426-01750,SUP-20260426-01750,Le Labo,Another 13,,supplier_source,353973,supplier_name_normalisation,0.62,Initial candidate generated from supplier row only. Requires independent verification before approval.,needs_verification,low_supplier_source_only,2026-09-15T23:52:40+00:00
MATCH-20260426-01751,SUP-20260426-01751,Le Labo,Rose 31,,supplier_source,240429,supplier_name_normalisation,0.7,Initial candidate generated from supplier row only. Requires independent verification before approval.,needs_verification,low_supplier_source_only,2026-09-15T23:52:40+00:00
MATCH-20260426-01752,SUP-20260426-01752,Le Labo,Santal 33,,supplier_source,250037,supplier_name_normalisation,0.7,Initial candidate generated from supplier row only. Requires independent verification before approval.,needs_verification,low_supplier_source_only,2026-09-15T23:52:40+00:00
MATCH-20260426-01753,SUP-20260426-01753,Le Labo,Santal 33,,supplier_source,339155,supplier_name_normalisation,0.62,Initial candidate generated from supplier row only. Requires independent verification before approval.,needs_verification,low_supplier_source_only,2026-09-15T23:52:40+00:00
MATCH-20260426-01754,SUP-20260426-01754,Le Labo,Santal 33,,supplier_source,339155-T,supplier_name_normalisation,0.62,Initial candidate generated from supplier row only. Requires independent verification before approval.,needs_verification,low_supplier_source_only,2026-09-15T23:52:40+00:00
MATCH-20260426-01755,SUP-20260426-01755,Le Labo,Vetiver 46,,supplier_source,239272,supplier_name_normalisation,0.62,Initial candidate generated from supplier row only. Requires independent verification before approval.,needs_verification,low_supplier_source_only,2026-09-15T23:52:40+00:00
MATCH-20260426-01756,SUP-20260426-01756,Le Labo,Bergamote 22,,supplier_source,250002,supplier_name_normalisation,0.7,Initial candidate generated from supplier row only. Requires independent verification before approval.,needs_verification,low_supplier_source_only,2026-09-15T23:52:40+00:00
MATCH-20260426-01757,SUP-20260426-01757,Le Labo,Bergamote 22,,supplier_source,580174-T,supplier_name_normalisation,0.62,Initial candidate generated from supplier row only. Requires independent verification before approval.,needs_verification,low_supplier_source_only,2026-09-15T23:52:40+00:00
MATCH-20260426-01758,SUP-20260426-01758,Le Labo,Bergamote 22,,supplier_source,580174,supplier_name_normalisation,0.62,Initial candidate generated from supplier row only. Requires independent verification before approval.,needs_verification,low_supplier_source_only,2026-09-15T23:52:40+00:00
MATCH-20260426-01759,SUP-20260426-01759,Le Labo,Bergamote 22,,supplier_source,580174-A,supplier_name_normalisation,0.62,Initial candidate generated from supplier row only. Requires independent verification before approval.,needs_verification,low_supplier_source_only,2026-09-15T23:52:40+00:00
MATCH-20260426-01760,SUP-20260426-01760,Le Labo,Gaiac 10 Tokyo,,supplier_source,261246,supplier_name_normalisation,0.62,Initial candidate generated from supplier row only. Requires independent verification before approval.,needs_verification,low_supplier_source_only,2026-09-15T23:52:40+00:00
MATCH-20260426-01761,SUP-20260426-01761,Le Labo,Patchouli 24,,supplier_source,352337,supplier_name_normalisation,0.62,Initial candidate generated from supplier row only. Requires independent verification before approval.,needs_verification,low_supplier_source_only,2026-09-15T23:52:40+00:00
MATCH-20260426-01762,SUP-20260426-01762,Le Labo,The Noir 29,,supplier_source,580175,supplier_name_normalisation,0.62,Initial candidate generated from supplier row only. Requires independent verification before approval.,needs_verification,low_supplier_source_only,2026-09-15T23:52:40+00:00
MATCH-20260426-01763,SUP-20260426-01763,Le Labo,Myrrhe 55,,supplier_source,L836345,supplier_name_normalisation,0.7,Initial candidate generated from supplier row only. Requires independent verification before approval.,needs_verification,low_supplier_source_only,2026-09-15T23:52:40+00:00
MATCH-20260426-01764,SUP-20260426-01764,Le Labo,Vetiver 46,,supplier_source,3000431,supplier_name_normalisation,0.7,Initial candidate generated from supplier row only. Requires independent verification before approval.,needs_verification,low_supplier_source_only,2026-09-15T23:52:40+00:00
MATCH-20260426-01765,SUP-20260426-01765,Le Labo,The Noir 29,,supplier_source,3000432,supplier_name_normalisation,0.7,Initial candidate generated from supplier row only. Requires independent verification before approval.,needs_verification,low_supplier_source_only,2026-09-15T23:52:40+00:00
MATCH-20260426-01766,SUP-20260426-01766,Le Labo,Santal 33,,supplier_source,3000433,supplier_name_normalisation,0.7,Initial candidate generated from supplier row only. Requires independent verification before approval.,needs_verification,low_supplier_source_only,2026-09-15T23:52:40+00:00
MATCH-20260426-01767,SUP-20260426-01767,Lengling,Sekushi No. 7,,supplier_source,503811,supplier_name_normalisation,0.62,Initial candidate generated from supplier row only. Requires independent verification before approval.,needs_verification,low_supplier_source_only,2026-09-15T23:52:40+00:00
MATCH-20260426-01768,SUP-20260426-01768,Lengling,Sekushi No. 7,,supplier_source,3000434,supplier_name_normalisation,0.7,Initial candidate generated from supplier row only. Requires independent verification before approval.,needs_verification,low_supplier_source_only,2026-09-15T23:52:40+00:00
MATCH-20260426-01769,SUP-20260426-01769,Lorenzo,Black Sea,,supplier_source,250413,supplier_name_normalisation,0.7,Initial candidate generated from supplier row only. Requires independent verification before approval.,needs_verification,low_supplier_source_only,2026-09-15T23:52:40+00:00
MATCH-20260426-01770,SUP-20260426-01770,Lorenzo,Coffe Passion,,supplier_source,250345,supplier_name_normalisation,0.7,Initial candidate generated from supplier row only. Requires independent verification before approval.,needs_verification,low_supplier_source_only,2026-09-15T23:52:40+00:00
MATCH-20260426-01771,SUP-20260426-01771,Lorenzo,Sun Gria,,supplier_source,250126,supplier_name_normalisation,0.7,Initial candidate generated from supplier row only. Requires independent verification before approval.,needs_verification,low_supplier_source_only,2026-09-15T23:52:40+00:00
MATCH-20260426-01772,SUP-20260426-01772,Lorenzo,Speachless,,supplier_source,250127,supplier_name_normalisation,0.7,Initial candidate generated from supplier row only. Requires independent verification before approval.,needs_verification,low_supplier_source_only,2026-09-15T23:52:40+00:00
MATCH-20260426-01773,SUP-20260426-01773,Lorenzo,Van By Rhum,,supplier_source,49235JU,supplier_name_normalisation,0.7,Initial candidate generated from supplier row only. Requires independent verification before approval.,needs_verification,low_supplier_source_only,2026-09-15T23:52:40+00:00
MATCH-20260426-01774,SUP-20260426-01774,Lorenzo,Summer Hammer,,supplier_source,240186,supplier_name_normalisation,0.7,Initial candidate generated from supplier row only. Requires independent verification before approval.,needs_verification,low_supplier_source_only,2026-09-15T23:52:40+00:00
MATCH-20260426-01775,SUP-20260426-01775,Lorenzo Velloresi,Teint De Neige,,supplier_source,232093,supplier_name_normalisation,0.62,Initial candidate generated from supplier row only. Requires independent verification before approval.,needs_verification,low_supplier_source_only,2026-09-15T23:52:40+00:00
MATCH-20260426-01776,SUP-20260426-01776,Lotus Saudi,Lotus Saudi,,supplier_source,3000435,supplier_name_normalisation,0.7,Initial candidate generated from supplier row only. Requires independent verification before approval.,needs_verification,low_supplier_source_only,2026-09-15T23:52:40+00:00
MATCH-20260426-01777,SUP-20260426-01777,Laurent Mazzone,Pistache Eau De Parfume,,supplier_source,250365,supplier_name_normalisation,0.7,Initial candidate generated from supplier row only. Requires independent verification before approval.,needs_verification,low_supplier_source_only,2026-09-15T23:52:40+00:00
MATCH-20260426-01778,SUP-20260426-01778,Louis Vuitton,Ambre Levant,,supplier_source,250491,supplier_name_normalisation,0.7,Initial candidate generated from supplier row only. Requires independent verification before approval.,needs_verification,low_supplier_source_only,2026-09-15T23:52:40+00:00
MATCH-20260426-01779,SUP-20260426-01779,Louis Vuitton,Ink Mark,,supplier_source,250366,supplier_name_normalisation,0.7,Initial candidate generated from supplier row only. Requires independent verification before approval.,needs_verification,low_supplier_source_only,2026-09-15T23:52:40+00:00
MATCH-20260426-01780,SUP-20260426-01780,Louis Vuitton,Rain Tea,,supplier_source,250367,supplier_name_normalisation,0.7,Initial candidate generated from supplier row only. Requires independent verification before approval.,needs_verification,low_supplier_source_only,2026-09-15T23:52:40+00:00
MATCH-20260426-01781,SUP-20260426-01781,Louis Vuitton,Moon Tale,,supplier_source,250368,supplier_name_normalisation,0.7,Initial candidate generated from supplier row only. Requires independent verification before approval.,needs_verification,low_supplier_source_only,2026-09-15T23:52:40+00:00
MATCH-20260426-01782,SUP-20260426-01782,Louis Vuitton,Fantasmagory,,supplier_source,250324,supplier_name_normalisation,0.7,Initial candidate generated from supplier row only. Requires independent verification before approval.,needs_verification,low_supplier_source_only,2026-09-15T23:52:40+00:00
MATCH-20260426-01783,SUP-20260426-01783,Louis Vuitton,Cosmic Cloud,,supplier_source,250155,supplier_name_normalisation,0.7,Initial candidate generated from supplier row only. Requires independent verification before approval.,needs_verification,low_supplier_source_only,2026-09-15T23:52:40+00:00
MATCH-20260426-01784,SUP-20260426-01784,Louis Vuitton,Sun Song -2025,,supplier_source,250096,supplier_name_normalisation,0.7,Initial candidate generated from supplier row only. Requires independent verification before approval.,needs_verification,low_supplier_source_only,2026-09-15T23:52:40+00:00
MATCH-20260426-01785,SUP-20260426-01785,Louis Vuitton,Sun Song -2025,,supplier_source,250128,supplier_name_normalisation,0.7,Initial candidate generated from supplier row only. Requires independent verification before approval.,needs_verification,low_supplier_source_only,2026-09-15T23:52:40+00:00
MATCH-20260426-01786,SUP-20260426-01786,Louis Vuitton,Elves,,supplier_source,250016,supplier_name_normalisation,0.7,Initial candidate generated from supplier row only. Requires independent verification before approval.,needs_verification,low_supplier_source_only,2026-09-15T23:52:40+00:00
MATCH-20260426-01787,SUP-20260426-01787,Louis Vuitton,Elves,,supplier_source,250103,supplier_name_normalisation,0.7,Initial candidate generated from supplier row only. Requires independent verification before approval.,needs_verification,low_supplier_source_only,2026-09-15T23:52:40+00:00
MATCH-20260426-01788,SUP-20260426-01788,Louis Vuitton,Elves,,supplier_source,250032,supplier_name_normalisation,0.7,Initial candidate generated from supplier row only. Requires independent verification before approval.,needs_verification,low_supplier_source_only,2026-09-15T23:52:40+00:00
MATCH-20260426-01789,SUP-20260426-01789,Louis Vuitton,Sun Song,,supplier_source,240661,supplier_name_normalisation,0.7,Initial candidate generated from supplier row only. Requires independent verification before approval.,needs_verification,low_supplier_source_only,2026-09-15T23:52:40+00:00
MATCH-20260426-01790,SUP-20260426-01790,Louis Vuitton,Spell On You,,supplier_source,240474,supplier_name_normalisation,0.7,Initial candidate generated from supplier row only. Requires independent verification before approval.,needs_verification,low_supplier_source_only,2026-09-15T23:52:40+00:00
MATCH-20260426-01791,SUP-20260426-01791,Louis Vuitton,Lv Lovers,,supplier_source,240445,supplier_name_normalisation,0.7,Initial candidate generated from supplier row only. Requires independent verification before approval.,needs_verification,low_supplier_source_only,2026-09-15T23:52:40+00:00
MATCH-20260426-01792,SUP-20260426-01792,Louis Vuitton,Lv Lovers,,supplier_source,240362,supplier_name_normalisation,0.7,Initial candidate generated from supplier row only. Requires independent verification before approval.,needs_verification,low_supplier_source_only,2026-09-15T23:52:40+00:00
MATCH-20260426-01793,SUP-20260426-01793,Louis Vuitton,Lv Lovers,,supplier_source,240489,supplier_name_normalisation,0.7,Initial candidate generated from supplier row only. Requires independent verification before approval.,needs_verification,low_supplier_source_only,2026-09-15T23:52:40+00:00
MATCH-20260426-01794,SUP-20260426-01794,Louis Vuitton,Rose Des Vents,,supplier_source,240351,supplier_name_normalisation,0.7,Initial candidate generated from supplier row only. Requires independent verification before approval.,needs_verification,low_supplier_source_only,2026-09-15T23:52:40+00:00
MATCH-20260426-01795,SUP-20260426-01795,Louis Vuitton,Dancing Blossom,,supplier_source,240349,supplier_name_normalisation,0.7,Initial candidate generated from supplier row only. Requires independent verification before approval.,needs_verification,low_supplier_source_only,2026-09-15T23:52:40+00:00
MATCH-20260426-01796,SUP-20260426-01796,Louis Vuitton,Au Hasard,,supplier_source,240248,supplier_name_normalisation,0.7,Initial candidate generated from supplier row only. Requires independent verification before approval.,needs_verification,low_supplier_source_only,2026-09-15T23:52:40+00:00
MATCH-20260426-01797,SUP-20260426-01797,Louis Vuitton,Cactus Garden,,supplier_source,240212,supplier_name_normalisation,0.7,Initial candidate generated from supplier row only. Requires independent verification before approval.,needs_verification,low_supplier_source_only,2026-09-15T23:52:40+00:00
MATCH-20260426-01798,SUP-20260426-01798,Louis Vuitton,Contre Moi,,supplier_source,339187,supplier_name_normalisation,0.62,Initial candidate generated from supplier row only. Requires independent verification before approval.,needs_verification,low_supplier_source_only,2026-09-15T23:52:40+00:00
MATCH-20260426-01799,SUP-20260426-01799,Louis Vuitton,L Immensite,,supplier_source,233336-T,supplier_name_normalisation,0.62,Initial candidate generated from supplier row only. Requires independent verification before approval.,needs_verification,low_supplier_source_only,2026-09-15T23:52:40+00:00
MATCH-20260426-01800,SUP-20260426-01800,Louis Vuitton,L Immensite A,,supplier_source,233336-A,supplier_name_normalisation,0.62,Initial candidate generated from supplier row only. Requires independent verification before approval.,needs_verification,low_supplier_source_only,2026-09-15T23:52:40+00:00
MATCH-20260426-01801,SUP-20260426-01801,Louis Vuitton,Ombre Nomade,,supplier_source,240050,supplier_name_normalisation,0.7,Initial candidate generated from supplier row only. Requires independent verification before approval.,needs_verification,low_supplier_source_only,2026-09-15T23:52:40+00:00
MATCH-20260426-01802,SUP-20260426-01802,Louis Vuitton,Ombre Nomade,,supplier_source,240051,supplier_name_normalisation,0.7,Initial candidate generated from supplier row only. Requires independent verification before approval.,needs_verification,low_supplier_source_only,2026-09-15T23:52:40+00:00
MATCH-20260426-01803,SUP-20260426-01803,Louis Vuitton,Ombre Nomade,,supplier_source,250490,supplier_name_normalisation,0.7,Initial candidate generated from supplier row only. Requires independent verification before approval.,needs_verification,low_supplier_source_only,2026-09-15T23:52:40+00:00
MATCH-20260426-01804,SUP-20260426-01804,Louis Vuitton,Ombre Nomade,,supplier_source,503554-T,supplier_name_normalisation,0.62,Initial candidate generated from supplier row only. Requires independent verification before approval.,needs_verification,low_supplier_source_only,2026-09-15T23:52:40+00:00
MATCH-20260426-01805,SUP-20260426-01805,Louis Vuitton,Ombre Nomade,,supplier_source,503554,supplier_name_normalisation,0.62,Initial candidate generated from supplier row only. Requires independent verification before approval.,needs_verification,low_supplier_source_only,2026-09-15T23:52:40+00:00
MATCH-20260426-01806,SUP-20260426-01806,Louis Vuitton,Ombre Nomade,,supplier_source,503554-A,supplier_name_normalisation,0.62,Initial candidate generated from supplier row only. Requires independent verification before approval.,needs_verification,low_supplier_source_only,2026-09-15T23:52:40+00:00
MATCH-20260426-01807,SUP-20260426-01807,Louis Vuitton,Le Jour Se Leve,,supplier_source,233138-T,supplier_name_normalisation,0.62,Initial candidate generated from supplier row only. Requires independent verification before approval.,needs_verification,low_supplier_source_only,2026-09-15T23:52:40+00:00
MATCH-20260426-01808,SUP-20260426-01808,Louis Vuitton,Fleur Du Desert,,supplier_source,240277,supplier_name_normalisation,0.7,Initial candidate generated from supplier row only. Requires independent verification before approval.,needs_verification,low_supplier_source_only,2026-09-15T23:52:40+00:00
MATCH-20260426-01809,SUP-20260426-01809,Louis Vuitton,California Dream,,supplier_source,503759,supplier_name_normalisation,0.62,Initial candidate generated from supplier row only. Requires independent verification before approval.,needs_verification,low_supplier_source_only,2026-09-15T23:52:40+00:00
MATCH-20260426-01810,SUP-20260426-01810,Louis Vuitton,Imagination,,supplier_source,503876,supplier_name_normalisation,0.62,Initial candidate generated from supplier row only. Requires independent verification before approval.,needs_verification,low_supplier_source_only,2026-09-15T23:52:40+00:00
MATCH-20260426-01811,SUP-20260426-01811,Louis Vuitton,Imagination,,supplier_source,503876-A,supplier_name_normalisation,0.62,Initial candidate generated from supplier row only. Requires independent verification before approval.,needs_verification,low_supplier_source_only,2026-09-15T23:52:40+00:00
MATCH-20260426-01812,SUP-20260426-01812,Louis Vuitton,City Of Stars,,supplier_source,233112-T,supplier_name_normalisation,0.62,Initial candidate generated from supplier row only. Requires independent verification before approval.,needs_verification,low_supplier_source_only,2026-09-15T23:52:40+00:00
MATCH-20260426-01813,SUP-20260426-01813,Louis Vuitton,City Of Stars,,supplier_source,240937,supplier_name_normalisation,0.7,Initial candidate generated from supplier row only. Requires independent verification before approval.,needs_verification,low_supplier_source_only,2026-09-15T23:52:40+00:00
MATCH-20260426-01814,SUP-20260426-01814,Louis Vuitton,City Of Stars,,supplier_source,233112,supplier_name_normalisation,0.62,Initial candidate generated from supplier row only. Requires independent verification before approval.,needs_verification,low_supplier_source_only,2026-09-15T23:52:40+00:00
MATCH-20260426-01815,SUP-20260426-01815,Louis Vuitton,Stellar Times,,supplier_source,343998-T,supplier_name_normalisation,0.62,Initial candidate generated from supplier row only. Requires independent verification before approval.,needs_verification,low_supplier_source_only,2026-09-15T23:52:40+00:00
MATCH-20260426-01816,SUP-20260426-01816,Louis Vuitton,Stellar Times,,supplier_source,240930,supplier_name_normalisation,0.7,Initial candidate generated from supplier row only. Requires independent verification before approval.,needs_verification,low_supplier_source_only,2026-09-15T23:52:40+00:00
MATCH-20260426-01817,SUP-20260426-01817,Louis Vuitton,On The Beach,,supplier_source,233485-T,supplier_name_normalisation,0.62,Initial candidate generated from supplier row only. Requires independent verification before approval.,needs_verification,low_supplier_source_only,2026-09-15T23:52:40+00:00
MATCH-20260426-01818,SUP-20260426-01818,Louis Vuitton,Afternoon Swim,,supplier_source,261099-A,supplier_name_normalisation,0.62,Initial candidate generated from supplier row only. Requires independent verification before approval.,needs_verification,low_supplier_source_only,2026-09-15T23:52:40+00:00
MATCH-20260426-01819,SUP-20260426-01819,Louis Vuitton,On The Beach,,supplier_source,233485,supplier_name_normalisation,0.62,Initial candidate generated from supplier row only. Requires independent verification before approval.,needs_verification,low_supplier_source_only,2026-09-15T23:52:40+00:00
MATCH-20260426-01820,SUP-20260426-01820,Louis Vuitton,Afternoon Swim,,supplier_source,240168,supplier_name_normalisation,0.7,Initial candidate generated from supplier row only. Requires independent verification before approval.,needs_verification,low_supplier_source_only,2026-09-15T23:52:40+00:00
MATCH-20260426-01821,SUP-20260426-01821,Louis Vuitton,Afternoon Swim,,supplier_source,240298,supplier_name_normalisation,0.7,Initial candidate generated from supplier row only. Requires independent verification before approval.,needs_verification,low_supplier_source_only,2026-09-15T23:52:40+00:00
MATCH-20260426-01822,SUP-20260426-01822,Louis Vuitton,Afternoon Swim,,supplier_source,261099,supplier_name_normalisation,0.62,Initial candidate generated from supplier row only. Requires independent verification before approval.,needs_verification,low_supplier_source_only,2026-09-15T23:52:40+00:00
MATCH-20260426-01823,SUP-20260426-01823,Louis Vuitton,Orage,,supplier_source,240969,supplier_name_normalisation,0.7,Initial candidate generated from supplier row only. Requires independent verification before approval.,needs_verification,low_supplier_source_only,2026-09-15T23:52:40+00:00
MATCH-20260426-01824,SUP-20260426-01824,Louis Vuitton,Orage,,supplier_source,233496,supplier_name_normalisation,0.62,Initial candidate generated from supplier row only. Requires independent verification before approval.,needs_verification,low_supplier_source_only,2026-09-15T23:52:40+00:00
MATCH-20260426-01825,SUP-20260426-01825,Louis Vuitton,Etoile Filante,,supplier_source,343888-T,supplier_name_normalisation,0.62,Initial candidate generated from supplier row only. Requires independent verification before approval.,needs_verification,low_supplier_source_only,2026-09-15T23:52:40+00:00
MATCH-20260426-01826,SUP-20260426-01826,Louis Vuitton,Matiere Noire,,supplier_source,240377,supplier_name_normalisation,0.7,Initial candidate generated from supplier row only. Requires independent verification before approval.,needs_verification,low_supplier_source_only,2026-09-15T23:52:40+00:00
MATCH-20260426-01827,SUP-20260426-01827,Louis Vuitton,Matiere Noire,,supplier_source,400065,supplier_name_normalisation,0.62,Initial candidate generated from supplier row only. Requires independent verification before approval.,needs_verification,low_supplier_source_only,2026-09-15T23:52:40+00:00
MATCH-20260426-01828,SUP-20260426-01828,Louis Vuitton,Sur La Route,,supplier_source,240143,supplier_name_normalisation,0.7,Initial candidate generated from supplier row only. Requires independent verification before approval.,needs_verification,low_supplier_source_only,2026-09-15T23:52:40+00:00
MATCH-20260426-01829,SUP-20260426-01829,Louis Vuitton,Meteore,,supplier_source,240014,supplier_name_normalisation,0.7,Initial candidate generated from supplier row only. Requires independent verification before approval.,needs_verification,low_supplier_source_only,2026-09-15T23:52:40+00:00
MATCH-20260426-01830,SUP-20260426-01830,Louis Vuitton,Myriad,,supplier_source,240612,supplier_name_normalisation,0.7,Initial candidate generated from supplier row only. Requires independent verification before approval.,needs_verification,low_supplier_source_only,2026-09-15T23:52:40+00:00
MATCH-20260426-01831,SUP-20260426-01831,Louis Vuitton,Myriad,,supplier_source,240040,supplier_name_normalisation,0.7,Initial candidate generated from supplier row only. Requires independent verification before approval.,needs_verification,low_supplier_source_only,2026-09-15T23:52:40+00:00
MATCH-20260426-01832,SUP-20260426-01832,Louis Vuitton,Attrape Reves,,supplier_source,240109,supplier_name_normalisation,0.7,Initial candidate generated from supplier row only. Requires independent verification before approval.,needs_verification,low_supplier_source_only,2026-09-15T23:52:40+00:00
MATCH-20260426-01833,SUP-20260426-01833,Louis Vuitton,Coeur Battant,,supplier_source,240467,supplier_name_normalisation,0.7,Initial candidate generated from supplier row only. Requires independent verification before approval.,needs_verification,low_supplier_source_only,2026-09-15T23:52:40+00:00
MATCH-20260426-01834,SUP-20260426-01834,Louis Vuitton,Pacific Chill,,supplier_source,240015,supplier_name_normalisation,0.7,Initial candidate generated from supplier row only. Requires independent verification before approval.,needs_verification,low_supplier_source_only,2026-09-15T23:52:40+00:00
MATCH-20260426-01835,SUP-20260426-01835,Louis Vuitton,Pacific Chill,,supplier_source,240520,supplier_name_normalisation,0.7,Initial candidate generated from supplier row only. Requires independent verification before approval.,needs_verification,low_supplier_source_only,2026-09-15T23:52:40+00:00
MATCH-20260426-01836,SUP-20260426-01836,Louis Vuitton,Symphony,,supplier_source,240013,supplier_name_normalisation,0.7,Initial candidate generated from supplier row only. Requires independent verification before approval.,needs_verification,low_supplier_source_only,2026-09-15T23:52:40+00:00
MATCH-20260426-01837,SUP-20260426-01837,Louis Vuitton,I'immensite,,supplier_source,240077,supplier_name_normalisation,0.7,Initial candidate generated from supplier row only. Requires independent verification before approval.,needs_verification,low_supplier_source_only,2026-09-15T23:52:40+00:00
MATCH-20260426-01838,SUP-20260426-01838,Louis Vuitton,Les Sables Roses,,supplier_source,240617,supplier_name_normalisation,0.7,Initial candidate generated from supplier row only. Requires independent verification before approval.,needs_verification,low_supplier_source_only,2026-09-15T23:52:40+00:00
MATCH-20260426-01839,SUP-20260426-01839,Louis Vuitton,Les Sables Roses,,supplier_source,240007,supplier_name_normalisation,0.7,Initial candidate generated from supplier row only. Requires independent verification before approval.,needs_verification,low_supplier_source_only,2026-09-15T23:52:40+00:00
MATCH-20260426-01840,SUP-20260426-01840,Louis Vuitton,Nouveau Monde,,supplier_source,240473,supplier_name_normalisation,0.7,Initial candidate generated from supplier row only. Requires independent verification before approval.,needs_verification,low_supplier_source_only,2026-09-15T23:52:40+00:00
MATCH-20260426-01841,SUP-20260426-01841,Louis Vuitton,Imagination,,supplier_source,250219,supplier_name_normalisation,0.7,Initial candidate generated from supplier row only. Requires independent verification before approval.,needs_verification,low_supplier_source_only,2026-09-15T23:52:40+00:00
MATCH-20260426-01842,SUP-20260426-01842,Louis Vuitton,Imagination,,supplier_source,240075,supplier_name_normalisation,0.7,Initial candidate generated from supplier row only. Requires independent verification before approval.,needs_verification,low_supplier_source_only,2026-09-15T23:52:40+00:00
MATCH-20260426-01843,SUP-20260426-01843,Louis Vuitton,Imagination,,supplier_source,240076,supplier_name_normalisation,0.7,Initial candidate generated from supplier row only. Requires independent verification before approval.,needs_verification,low_supplier_source_only,2026-09-15T23:52:40+00:00
MATCH-20260426-01844,SUP-20260426-01844,Louis Vuitton,Nuit De Feu,,supplier_source,240663,supplier_name_normalisation,0.7,Initial candidate generated from supplier row only. Requires independent verification before approval.,needs_verification,low_supplier_source_only,2026-09-15T23:52:40+00:00
MATCH-20260426-01845,SUP-20260426-01845,Louis Vuitton,Apogee,,supplier_source,240594,supplier_name_normalisation,0.7,Initial candidate generated from supplier row only. Requires independent verification before approval.,needs_verification,low_supplier_source_only,2026-09-15T23:52:40+00:00
MATCH-20260426-01846,SUP-20260426-01846,Louis Vuitton,Turbulences,,supplier_source,3000437,supplier_name_normalisation,0.7,Initial candidate generated from supplier row only. Requires independent verification before approval.,needs_verification,low_supplier_source_only,2026-09-15T23:52:40+00:00
MATCH-20260426-01847,SUP-20260426-01847,Louis Vuitton,Mile Feux,,supplier_source,3000438,supplier_name_normalisation,0.7,Initial candidate generated from supplier row only. Requires independent verification before approval.,needs_verification,low_supplier_source_only,2026-09-15T23:52:40+00:00
MATCH-20260426-01848,SUP-20260426-01848,Louis Vuitton,Matiere Noire Fr,,supplier_source,3000439,supplier_name_normalisation,0.7,Initial candidate generated from supplier row only. Requires independent verification before approval.,needs_verification,low_supplier_source_only,2026-09-15T23:52:40+00:00
MATCH-20260426-01849,SUP-20260426-01849,Louis Vuitton,Le Jour Se Leve,,supplier_source,3000440,supplier_name_normalisation,0.7,Initial candidate generated from supplier row only. Requires independent verification before approval.,needs_verification,low_supplier_source_only,2026-09-15T23:52:40+00:00
MATCH-20260426-01850,SUP-20260426-01850,Louis Vuitton,Dans La Peau,,supplier_source,3000441,supplier_name_normalisation,0.7,Initial candidate generated from supplier row only. Requires independent verification before approval.,needs_verification,low_supplier_source_only,2026-09-15T23:52:40+00:00
MATCH-20260426-01851,SUP-20260426-01851,Louis Vuitton,Pur OUD,,supplier_source,240486,supplier_name_normalisation,0.7,Initial candidate generated from supplier row only. Requires independent verification before approval.,needs_verification,low_supplier_source_only,2026-09-15T23:52:40+00:00
MATCH-20260426-01852,SUP-20260426-01852,Louis Vutton,Orage,,supplier_source,233496-B,supplier_name_normalisation,0.62,Initial candidate generated from supplier row only. Requires independent verification before approval.,needs_verification,low_supplier_source_only,2026-09-15T23:52:40+00:00
MATCH-20260426-01853,SUP-20260426-01853,Luban,Luban,,supplier_source,343630,supplier_name_normalisation,0.62,Initial candidate generated from supplier row only. Requires independent verification before approval.,needs_verification,low_supplier_source_only,2026-09-15T23:52:40+00:00
MATCH-20260426-01854,SUP-20260426-01854,Luban,Attar Luban,,supplier_source,3000442,supplier_name_normalisation,0.7,Initial candidate generated from supplier row only. Requires independent verification before approval.,needs_verification,low_supplier_source_only,2026-09-15T23:52:40+00:00
MATCH-20260426-01855,SUP-20260426-01855,Melanie Martinez,Cry Baby Milk Perfume,,supplier_source,250189,supplier_name_normalisation,0.7,Initial candidate generated from supplier row only. Requires independent verification before approval.,needs_verification,low_supplier_source_only,2026-09-15T23:52:40+00:00
MATCH-20260426-01856,SUP-20260426-01856,Mercedes Benz,Club Black,,supplier_source,250040,supplier_name_normalisation,0.7,Initial candidate generated from supplier row only. Requires independent verification before approval.,needs_verification,low_supplier_source_only,2026-09-15T23:52:40+00:00
MATCH-20260426-01857,SUP-20260426-01857,Max Mara,Le Parfum,,supplier_source,240950,supplier_name_normalisation,0.7,Initial candidate generated from supplier row only. Requires independent verification before approval.,needs_verification,low_supplier_source_only,2026-09-15T23:52:40+00:00
MATCH-20260426-01858,SUP-20260426-01858,Maison Mataha,Café Des Delices,,supplier_source,250340,supplier_name_normalisation,0.7,Initial candidate generated from supplier row only. Requires independent verification before approval.,needs_verification,low_supplier_source_only,2026-09-15T23:52:40+00:00
MATCH-20260426-01859,SUP-20260426-01859,Maison Mataha,Escapde Gourmande,,supplier_source,240731,supplier_name_normalisation,0.7,Initial candidate generated from supplier row only. Requires independent verification before approval.,needs_verification,low_supplier_source_only,2026-09-15T23:52:40+00:00
MATCH-20260426-01860,SUP-20260426-01860,Mind Games,Check Please,,supplier_source,250354,supplier_name_normalisation,0.7,Initial candidate generated from supplier row only. Requires independent verification before approval.,needs_verification,low_supplier_source_only,2026-09-15T23:52:40+00:00
MATCH-20260426-01861,SUP-20260426-01861,Mind Games,En Prise,,supplier_source,250130,supplier_name_normalisation,0.7,Initial candidate generated from supplier row only. Requires independent verification before approval.,needs_verification,low_supplier_source_only,2026-09-15T23:52:40+00:00
MATCH-20260426-01862,SUP-20260426-01862,Mind Games,Sissa,,supplier_source,250086,supplier_name_normalisation,0.7,Initial candidate generated from supplier row only. Requires independent verification before approval.,needs_verification,low_supplier_source_only,2026-09-15T23:52:40+00:00
MATCH-20260426-01863,SUP-20260426-01863,Mind Games,Caissa,,supplier_source,250089,supplier_name_normalisation,0.7,Initial candidate generated from supplier row only. Requires independent verification before approval.,needs_verification,low_supplier_source_only,2026-09-15T23:52:40+00:00
MATCH-20260426-01864,SUP-20260426-01864,Mind Games,J Adoube,,supplier_source,250091,supplier_name_normalisation,0.7,Initial candidate generated from supplier row only. Requires independent verification before approval.,needs_verification,low_supplier_source_only,2026-09-15T23:52:40+00:00
MATCH-20260426-01865,SUP-20260426-01865,Mind Games,Lionora,,supplier_source,250092,supplier_name_normalisation,0.7,Initial candidate generated from supplier row only. Requires independent verification before approval.,needs_verification,low_supplier_source_only,2026-09-15T23:52:40+00:00
MATCH-20260426-01866,SUP-20260426-01866,Mind Games,Queening,,supplier_source,240959,supplier_name_normalisation,0.7,Initial candidate generated from supplier row only. Requires independent verification before approval.,needs_verification,low_supplier_source_only,2026-09-15T23:52:40+00:00
MATCH-20260426-01867,SUP-20260426-01867,Mind Games,Blockade,,supplier_source,240675,supplier_name_normalisation,0.7,Initial candidate generated from supplier row only. Requires independent verification before approval.,needs_verification,low_supplier_source_only,2026-09-15T23:52:40+00:00
MATCH-20260426-01868,SUP-20260426-01868,Magic Al Jazeera,Magic Al Jazeera,,supplier_source,3000443,supplier_name_normalisation,0.7,Initial candidate generated from supplier row only. Requires independent verification before approval.,needs_verification,low_supplier_source_only,2026-09-15T23:52:40+00:00
MATCH-20260426-01869,SUP-20260426-01869,Mah,Vanille Somptueuse,,supplier_source,3000444,supplier_name_normalisation,0.7,Initial candidate generated from supplier row only. Requires independent verification before approval.,needs_verification,low_supplier_source_only,2026-09-15T23:52:40+00:00
MATCH-20260426-01870,SUP-20260426-01870,Maison Crivelli,Ambre Chormatique,,supplier_source,250168,supplier_name_normalisation,0.7,Initial candidate generated from supplier row only. Requires independent verification before approval.,needs_verification,low_supplier_source_only,2026-09-15T23:52:40+00:00
MATCH-20260426-01871,SUP-20260426-01871,Maison Crivelli,Safran Secret,,supplier_source,240989,supplier_name_normalisation,0.7,Initial candidate generated from supplier row only. Requires independent verification before approval.,needs_verification,low_supplier_source_only,2026-09-15T23:52:40+00:00
MATCH-20260426-01872,SUP-20260426-01872,Maison Crivelli,Iris Malikhan,,supplier_source,240873,supplier_name_normalisation,0.7,Initial candidate generated from supplier row only. Requires independent verification before approval.,needs_verification,low_supplier_source_only,2026-09-15T23:52:40+00:00
MATCH-20260426-01873,SUP-20260426-01873,Maison Crivelli,OUD Stallion,,supplier_source,240571,supplier_name_normalisation,0.7,Initial candidate generated from supplier row only. Requires independent verification before approval.,needs_verification,low_supplier_source_only,2026-09-15T23:52:40+00:00
MATCH-20260426-01874,SUP-20260426-01874,Maison Crivelli,Santal Volcanique,,supplier_source,240562,supplier_name_normalisation,0.7,Initial candidate generated from supplier row only. Requires independent verification before approval.,needs_verification,low_supplier_source_only,2026-09-15T23:52:40+00:00
MATCH-20260426-01875,SUP-20260426-01875,Maison Crivelli,OUD Cadenza,,supplier_source,240496,supplier_name_normalisation,0.7,Initial candidate generated from supplier row only. Requires independent verification before approval.,needs_verification,low_supplier_source_only,2026-09-15T23:52:40+00:00
MATCH-20260426-01876,SUP-20260426-01876,Maison Crivelli,Cuir Infrarouge Extrait De Parfum,,supplier_source,240448,supplier_name_normalisation,0.7,Initial candidate generated from supplier row only. Requires independent verification before approval.,needs_verification,low_supplier_source_only,2026-09-15T23:52:40+00:00
MATCH-20260426-01877,SUP-20260426-01877,Maison Crivelli,Tuberuse Astrale,,supplier_source,240487,supplier_name_normalisation,0.7,Initial candidate generated from supplier row only. Requires independent verification before approval.,needs_verification,low_supplier_source_only,2026-09-15T23:52:40+00:00
MATCH-20260426-01878,SUP-20260426-01878,Maison Crivelli,Hibiscus Mahajad,,supplier_source,240230,supplier_name_normalisation,0.7,Initial candidate generated from supplier row only. Requires independent verification before approval.,needs_verification,low_supplier_source_only,2026-09-15T23:52:40+00:00
MATCH-20260426-01879,SUP-20260426-01879,Maison Crivelli,Hibiscus Mahajad,,supplier_source,240087,supplier_name_normalisation,0.7,Initial candidate generated from supplier row only. Requires independent verification before approval.,needs_verification,low_supplier_source_only,2026-09-15T23:52:40+00:00
MATCH-20260426-01880,SUP-20260426-01880,Maison Crivelli,OUD Maracuja,,supplier_source,3343358,supplier_name_normalisation,0.7,Initial candidate generated from supplier row only. Requires independent verification before approval.,needs_verification,low_supplier_source_only,2026-09-15T23:52:40+00:00
MATCH-20260426-01881,SUP-20260426-01881,Maison Crivelli,OUD Maracuja High,,supplier_source,240613,supplier_name_normalisation,0.7,Initial candidate generated from supplier row only. Requires independent verification before approval.,needs_verification,low_supplier_source_only,2026-09-15T23:52:40+00:00
MATCH-20260426-01882,SUP-20260426-01882,Maison Crivelli,OUD Maracuja,,supplier_source,240042,supplier_name_normalisation,0.7,Initial candidate generated from supplier row only. Requires independent verification before approval.,needs_verification,low_supplier_source_only,2026-09-15T23:52:40+00:00
MATCH-20260426-01883,SUP-20260426-01883,Maison Francis Kurkdjian,Le Beau Parfume 2025,,supplier_source,250100,supplier_name_normalisation,0.7,Initial candidate generated from supplier row only. Requires independent verification before approval.,needs_verification,low_supplier_source_only,2026-09-15T23:52:40+00:00
MATCH-20260426-01884,SUP-20260426-01884,Maison Francis Kurkdjian,Masculine Pluriel EDT 2014,,supplier_source,250069,supplier_name_normalisation,0.7,Initial candidate generated from supplier row only. Requires independent verification before approval.,needs_verification,low_supplier_source_only,2026-09-15T23:52:40+00:00
MATCH-20260426-01885,SUP-20260426-01885,Maison Francis Kurkdjian,Masculine Pluriel EDT 2014,,supplier_source,250007,supplier_name_normalisation,0.7,Initial candidate generated from supplier row only. Requires independent verification before approval.,needs_verification,low_supplier_source_only,2026-09-15T23:52:40+00:00
MATCH-20260426-01886,SUP-20260426-01886,Maison Francis Kurkdjian,Feminin Pluriel,,supplier_source,250009,supplier_name_normalisation,0.7,Initial candidate generated from supplier row only. Requires independent verification before approval.,needs_verification,low_supplier_source_only,2026-09-15T23:52:40+00:00
MATCH-20260426-01887,SUP-20260426-01887,Maison Francis Kurkdjian,Amyris Homme,,supplier_source,240951,supplier_name_normalisation,0.7,Initial candidate generated from supplier row only. Requires independent verification before approval.,needs_verification,low_supplier_source_only,2026-09-15T23:52:40+00:00
MATCH-20260426-01888,SUP-20260426-01888,Maison Francis Kurkdjian,Kurky,,supplier_source,240943,supplier_name_normalisation,0.7,Initial candidate generated from supplier row only. Requires independent verification before approval.,needs_verification,low_supplier_source_only,2026-09-15T23:52:40+00:00
MATCH-20260426-01889,SUP-20260426-01889,Maison Francis Kurkdjian,OUD Silk Mood,,supplier_source,240597,supplier_name_normalisation,0.7,Initial candidate generated from supplier row only. Requires independent verification before approval.,needs_verification,low_supplier_source_only,2026-09-15T23:52:40+00:00
MATCH-20260426-01890,SUP-20260426-01890,Maison Francis Kurkdjian,OUD Satin Mood Ext De,,supplier_source,353819-T,supplier_name_normalisation,0.62,Initial candidate generated from supplier row only. Requires independent verification before approval.,needs_verification,low_supplier_source_only,2026-09-15T23:52:40+00:00
MATCH-20260426-01891,SUP-20260426-01891,Maison F.kurkdija,OUD Satin Mood Ext De,,supplier_source,353819,supplier_name_normalisation,0.62,Initial candidate generated from supplier row only. Requires independent verification before approval.,needs_verification,low_supplier_source_only,2026-09-15T23:52:40+00:00
MATCH-20260426-01892,SUP-20260426-01892,Maison Francis Kurkdjian,OUD Satin Mood,,supplier_source,240279,supplier_name_normalisation,0.7,Initial candidate generated from supplier row only. Requires independent verification before approval.,needs_verification,low_supplier_source_only,2026-09-15T23:52:40+00:00
MATCH-20260426-01893,SUP-20260426-01893,Maison Francis Kurkdjian,OUD Satin Mood,,supplier_source,240538,supplier_name_normalisation,0.7,Initial candidate generated from supplier row only. Requires independent verification before approval.,needs_verification,low_supplier_source_only,2026-09-15T23:52:40+00:00
MATCH-20260426-01894,SUP-20260426-01894,Maison Francis Kurkdjian,Grand Soir,,supplier_source,240163,supplier_name_normalisation,0.7,Initial candidate generated from supplier row only. Requires independent verification before approval.,needs_verification,low_supplier_source_only,2026-09-15T23:52:40+00:00
MATCH-20260426-01895,SUP-20260426-01895,Maison Francis Kurkdjian,Gentle Fludity Gold,,supplier_source,240035,supplier_name_normalisation,0.7,Initial candidate generated from supplier row only. Requires independent verification before approval.,needs_verification,low_supplier_source_only,2026-09-15T23:52:40+00:00
MATCH-20260426-01896,SUP-20260426-01896,Maison Francis Kurkdjian,Gentle Fludity Gold,,supplier_source,240066,supplier_name_normalisation,0.45,Initial candidate generated from supplier row only. Requires independent verification before approval.,needs_verification,low_supplier_source_only,2026-09-15T23:52:40+00:00
MATCH-20260426-01897,SUP-20260426-01897,Maison Francis Kurkdjian,Gentle Fludity Silver,,supplier_source,240138,supplier_name_normalisation,0.7,Initial candidate generated from supplier row only. Requires independent verification before approval.,needs_verification,low_supplier_source_only,2026-09-15T23:52:40+00:00
MATCH-20260426-01898,SUP-20260426-01898,Maison Francis Kurkdjian,Baccarat Rouge 540,,supplier_source,240021,supplier_name_normalisation,0.7,Initial candidate generated from supplier row only. Requires independent verification before approval.,needs_verification,low_supplier_source_only,2026-09-15T23:52:40+00:00
MATCH-20260426-01899,SUP-20260426-01899,Maison F. Kurkdjia,Baccarat Rouge 540,,supplier_source,240062,supplier_name_normalisation,0.7,Initial candidate generated from supplier row only. Requires independent verification before approval.,needs_verification,low_supplier_source_only,2026-09-15T23:52:40+00:00
MATCH-20260426-01900,SUP-20260426-01900,Maison F. Kurkdjia,Baccarat Rouge 540,,supplier_source,240537,supplier_name_normalisation,0.7,Initial candidate generated from supplier row only. Requires independent verification before approval.,needs_verification,low_supplier_source_only,2026-09-15T23:52:40+00:00
MATCH-20260426-01901,SUP-20260426-01901,Maison Francis Kurkdjian,Baccarat Rouge 540,,supplier_source,233206-T,supplier_name_normalisation,0.62,Initial candidate generated from supplier row only. Requires independent verification before approval.,needs_verification,low_supplier_source_only,2026-09-15T23:52:40+00:00
MATCH-20260426-01902,SUP-20260426-01902,Maison Francis Kurkdjian,Baccarat Rouge 541,,supplier_source,233206-A,supplier_name_normalisation,0.62,Initial candidate generated from supplier row only. Requires independent verification before approval.,needs_verification,low_supplier_source_only,2026-09-15T23:52:40+00:00
MATCH-20260426-01903,SUP-20260426-01903,Maison Francis Kurkdjian,Baccarat Rouge 540,,supplier_source,233206,supplier_name_normalisation,0.62,Initial candidate generated from supplier row only. Requires independent verification before approval.,needs_verification,low_supplier_source_only,2026-09-15T23:52:40+00:00
MATCH-20260426-01904,SUP-20260426-01904,Maison F. Kurkdija.,Baccarat R. 540 Ext De Parfum,,supplier_source,233930-T,supplier_name_normalisation,0.62,Initial candidate generated from supplier row only. Requires independent verification before approval.,needs_verification,low_supplier_source_only,2026-09-15T23:52:40+00:00
MATCH-20260426-01905,SUP-20260426-01905,Maison F. Kurkdija.,Baccarat R. 540 Ext De Parfum,,supplier_source,233930-A,supplier_name_normalisation,0.62,Initial candidate generated from supplier row only. Requires independent verification before approval.,needs_verification,low_supplier_source_only,2026-09-15T23:52:40+00:00
MATCH-20260426-01906,SUP-20260426-01906,Maison F. Kurkdjia.,Baccarat R. 540 Ext De Parfum,,supplier_source,233930,supplier_name_normalisation,0.62,Initial candidate generated from supplier row only. Requires independent verification before approval.,needs_verification,low_supplier_source_only,2026-09-15T23:52:40+00:00
MATCH-20260426-01907,SUP-20260426-01907,Maison Francis Kurkdjian,Aqua Celestia,,supplier_source,342795,supplier_name_normalisation,0.62,Initial candidate generated from supplier row only. Requires independent verification before approval.,needs_verification,low_supplier_source_only,2026-09-15T23:52:40+00:00
MATCH-20260426-01908,SUP-20260426-01908,Maison Francis Kurkdjian,OUD,,supplier_source,339491,supplier_name_normalisation,0.62,Initial candidate generated from supplier row only. Requires independent verification before approval.,needs_verification,low_supplier_source_only,2026-09-15T23:52:40+00:00
MATCH-20260426-01909,SUP-20260426-01909,Maison Francis Kurkdjian,Petit Matin,,supplier_source,339355,supplier_name_normalisation,0.62,Initial candidate generated from supplier row only. Requires independent verification before approval.,needs_verification,low_supplier_source_only,2026-09-15T23:52:40+00:00
MATCH-20260426-01910,SUP-20260426-01910,Maison F. Kurkdjia,Aqua Vitae Cologne Forte,,supplier_source,339996,supplier_name_normalisation,0.62,Initial candidate generated from supplier row only. Requires independent verification before approval.,needs_verification,low_supplier_source_only,2026-09-15T23:52:40+00:00
MATCH-20260426-01911,SUP-20260426-01911,Maison Francis Kurkdjian,Aqua Celestia Forte,,supplier_source,343906-T,supplier_name_normalisation,0.62,Initial candidate generated from supplier row only. Requires independent verification before approval.,needs_verification,low_supplier_source_only,2026-09-15T23:52:40+00:00
MATCH-20260426-01912,SUP-20260426-01912,Maison Francis Kurkdjian,Aqua Universals Cologne,,supplier_source,233503,supplier_name_normalisation,0.62,Initial candidate generated from supplier row only. Requires independent verification before approval.,needs_verification,low_supplier_source_only,2026-09-15T23:52:40+00:00
MATCH-20260426-01913,SUP-20260426-01913,Maison Francis Kurkdjian,Aqua Media Forte,,supplier_source,462490-T,supplier_name_normalisation,0.62,Initial candidate generated from supplier row only. Requires independent verification before approval.,needs_verification,low_supplier_source_only,2026-09-15T23:52:40+00:00
MATCH-20260426-01914,SUP-20260426-01914,Maison F. Kurkdjia,A La Rose Pour Homme,,supplier_source,240403,supplier_name_normalisation,0.7,Initial candidate generated from supplier row only. Requires independent verification before approval.,needs_verification,low_supplier_source_only,2026-09-15T23:52:40+00:00
MATCH-20260426-01915,SUP-20260426-01915,Maison Francis Kurkdjian,Masculin Pluriel,,supplier_source,3000445,supplier_name_normalisation,0.7,Initial candidate generated from supplier row only. Requires independent verification before approval.,needs_verification,low_supplier_source_only,2026-09-15T23:52:40+00:00
MATCH-20260426-01916,SUP-20260426-01916,Maison Francis Kurkdjian,724,,supplier_source,240407,supplier_name_normalisation,0.7,Initial candidate generated from supplier row only. Requires independent verification before approval.,needs_verification,low_supplier_source_only,2026-09-15T23:52:40+00:00
MATCH-20260426-01917,SUP-20260426-01917,Maison Margiela,Replica Never Ending Summer,,supplier_source,250085,supplier_name_normalisation,0.7,Initial candidate generated from supplier row only. Requires independent verification before approval.,needs_verification,low_supplier_source_only,2026-09-15T23:52:40+00:00
MATCH-20260426-01918,SUP-20260426-01918,Maison Margiela,Whispers In The Library,,supplier_source,240841,supplier_name_normalisation,0.7,Initial candidate generated from supplier row only. Requires independent verification before approval.,needs_verification,low_supplier_source_only,2026-09-15T23:52:40+00:00
MATCH-20260426-01919,SUP-20260426-01919,Maison Margiela,Coffe Break,,supplier_source,240817,supplier_name_normalisation,0.7,Initial candidate generated from supplier row only. Requires independent verification before approval.,needs_verification,low_supplier_source_only,2026-09-15T23:52:40+00:00
MATCH-20260426-01920,SUP-20260426-01920,Maison Margiela,Lazy Sunday Morning,,supplier_source,240742,supplier_name_normalisation,0.7,Initial candidate generated from supplier row only. Requires independent verification before approval.,needs_verification,low_supplier_source_only,2026-09-15T23:52:40+00:00
MATCH-20260426-01921,SUP-20260426-01921,Maison Margiela,Autumn Vibes,,supplier_source,240701,supplier_name_normalisation,0.7,Initial candidate generated from supplier row only. Requires independent verification before approval.,needs_verification,low_supplier_source_only,2026-09-15T23:52:40+00:00
MATCH-20260426-01922,SUP-20260426-01922,Maison Margiela,Matcha Meditation,,supplier_source,240477,supplier_name_normalisation,0.7,Initial candidate generated from supplier row only. Requires independent verification before approval.,needs_verification,low_supplier_source_only,2026-09-15T23:52:40+00:00
MATCH-20260426-01923,SUP-20260426-01923,Maison Margiela,Jazz Club,,supplier_source,240289,supplier_name_normalisation,0.7,Initial candidate generated from supplier row only. Requires independent verification before approval.,needs_verification,low_supplier_source_only,2026-09-15T23:52:40+00:00
MATCH-20260426-01924,SUP-20260426-01924,Maison Margiela,By The Fire Place,,supplier_source,240140,supplier_name_normalisation,0.7,Initial candidate generated from supplier row only. Requires independent verification before approval.,needs_verification,low_supplier_source_only,2026-09-15T23:52:40+00:00
MATCH-20260426-01925,SUP-20260426-01925,Maison Margiela,At The Barber's Replica,,supplier_source,3000446,supplier_name_normalisation,0.7,Initial candidate generated from supplier row only. Requires independent verification before approval.,needs_verification,low_supplier_source_only,2026-09-15T23:52:40+00:00
MATCH-20260426-01926,SUP-20260426-01926,Maison Martin,Lazy Sunday Morning,,supplier_source,154519,supplier_name_normalisation,0.62,Initial candidate generated from supplier row only. Requires independent verification before approval.,needs_verification,low_supplier_source_only,2026-09-15T23:52:40+00:00
MATCH-20260426-01927,SUP-20260426-01927,Makkah,Makkah,,supplier_source,3000447,supplier_name_normalisation,0.7,Initial candidate generated from supplier row only. Requires independent verification before approval.,needs_verification,low_supplier_source_only,2026-09-15T23:52:40+00:00
MATCH-20260426-01928,SUP-20260426-01928,Makkah Top,Makkah,,supplier_source,3000448,supplier_name_normalisation,0.7,Initial candidate generated from supplier row only. Requires independent verification before approval.,needs_verification,low_supplier_source_only,2026-09-15T23:52:40+00:00
MATCH-20260426-01929,SUP-20260426-01929,Mancera,Ombre Tonka,,supplier_source,250409,supplier_name_normalisation,0.7,Initial candidate generated from supplier row only. Requires independent verification before approval.,needs_verification,low_supplier_source_only,2026-09-15T23:52:40+00:00
MATCH-20260426-01930,SUP-20260426-01930,Mancera,Xplicit Vanilla,,supplier_source,250212,supplier_name_normalisation,0.7,Initial candidate generated from supplier row only. Requires independent verification before approval.,needs_verification,low_supplier_source_only,2026-09-15T23:52:40+00:00
MATCH-20260426-01931,SUP-20260426-01931,Mancera,French Riviere Intense,,supplier_source,250267,supplier_name_normalisation,0.7,Initial candidate generated from supplier row only. Requires independent verification before approval.,needs_verification,low_supplier_source_only,2026-09-15T23:52:40+00:00
MATCH-20260426-01932,SUP-20260426-01932,Mancera,Hindu Kush,,supplier_source,240871,supplier_name_normalisation,0.7,Initial candidate generated from supplier row only. Requires independent verification before approval.,needs_verification,low_supplier_source_only,2026-09-15T23:52:40+00:00
MATCH-20260426-01933,SUP-20260426-01933,Mancera,Amore Caffe,,supplier_source,240867,supplier_name_normalisation,0.7,Initial candidate generated from supplier row only. Requires independent verification before approval.,needs_verification,low_supplier_source_only,2026-09-15T23:52:40+00:00
MATCH-20260426-01934,SUP-20260426-01934,Mancera,Cherry Cherry,,supplier_source,240846,supplier_name_normalisation,0.7,Initial candidate generated from supplier row only. Requires independent verification before approval.,needs_verification,low_supplier_source_only,2026-09-15T23:52:40+00:00
MATCH-20260426-01935,SUP-20260426-01935,Mancera,French Riviere,,supplier_source,240621,supplier_name_normalisation,0.7,Initial candidate generated from supplier row only. Requires independent verification before approval.,needs_verification,low_supplier_source_only,2026-09-15T23:52:40+00:00
MATCH-20260426-01936,SUP-20260426-01936,Mancera,Instant Crush,,supplier_source,240275,supplier_name_normalisation,0.7,Initial candidate generated from supplier row only. Requires independent verification before approval.,needs_verification,low_supplier_source_only,2026-09-15T23:52:40+00:00
MATCH-20260426-01937,SUP-20260426-01937,Mancera,Tonka Cola,,supplier_source,336336,supplier_name_normalisation,0.62,Initial candidate generated from supplier row only. Requires independent verification before approval.,needs_verification,low_supplier_source_only,2026-09-15T23:52:40+00:00
MATCH-20260426-01938,SUP-20260426-01938,Mancera,Amberfull,,supplier_source,240447,supplier_name_normalisation,0.7,Initial candidate generated from supplier row only. Requires independent verification before approval.,needs_verification,low_supplier_source_only,2026-09-15T23:52:40+00:00
MATCH-20260426-01939,SUP-20260426-01939,Mancera,Roses Vanille LZ,,supplier_source,231673-T,supplier_name_normalisation,0.62,Initial candidate generated from supplier row only. Requires independent verification before approval.,needs_verification,low_supplier_source_only,2026-09-15T23:52:40+00:00
MATCH-20260426-01940,SUP-20260426-01940,Mancera,Coco Vanille,,supplier_source,680191,supplier_name_normalisation,0.62,Initial candidate generated from supplier row only. Requires independent verification before approval.,needs_verification,low_supplier_source_only,2026-09-15T23:52:40+00:00
MATCH-20260426-01941,SUP-20260426-01941,Mancera,Coco Vanille,,supplier_source,680191 A,supplier_name_normalisation,0.62,Initial candidate generated from supplier row only. Requires independent verification before approval.,needs_verification,low_supplier_source_only,2026-09-15T23:52:40+00:00
MATCH-20260426-01942,SUP-20260426-01942,Mancera,Black Vanilla,,supplier_source,700901,supplier_name_normalisation,0.62,Initial candidate generated from supplier row only. Requires independent verification before approval.,needs_verification,low_supplier_source_only,2026-09-15T23:52:40+00:00
MATCH-20260426-01943,SUP-20260426-01943,Mancera,Aoud Orchid,,supplier_source,462182,supplier_name_normalisation,0.62,Initial candidate generated from supplier row only. Requires independent verification before approval.,needs_verification,low_supplier_source_only,2026-09-15T23:52:40+00:00
MATCH-20260426-01944,SUP-20260426-01944,Mancera,Aoud Vanille,,supplier_source,3000449,supplier_name_normalisation,0.7,Initial candidate generated from supplier row only. Requires independent verification before approval.,needs_verification,low_supplier_source_only,2026-09-15T23:52:40+00:00
MATCH-20260426-01945,SUP-20260426-01945,Mancera,Cedrat Bois,,supplier_source,240133,supplier_name_normalisation,0.7,Initial candidate generated from supplier row only. Requires independent verification before approval.,needs_verification,low_supplier_source_only,2026-09-15T23:52:40+00:00
MATCH-20260426-01946,SUP-20260426-01946,Mancera,Midnight Gold,,supplier_source,3000450,supplier_name_normalisation,0.7,Initial candidate generated from supplier row only. Requires independent verification before approval.,needs_verification,low_supplier_source_only,2026-09-15T23:52:40+00:00
MATCH-20260426-01947,SUP-20260426-01947,Mancera,Red Tobacco,,supplier_source,240053,supplier_name_normalisation,0.7,Initial candidate generated from supplier row only. Requires independent verification before approval.,needs_verification,low_supplier_source_only,2026-09-15T23:52:40+00:00
MATCH-20260426-01948,SUP-20260426-01948,Mancera,Rose & Chocolate,,supplier_source,3000451,supplier_name_normalisation,0.7,Initial candidate generated from supplier row only. Requires independent verification before approval.,needs_verification,low_supplier_source_only,2026-09-15T23:52:40+00:00
MATCH-20260426-01949,SUP-20260426-01949,Mancera,Rose Vanilla,,supplier_source,3000452,supplier_name_normalisation,0.7,Initial candidate generated from supplier row only. Requires independent verification before approval.,needs_verification,low_supplier_source_only,2026-09-15T23:52:40+00:00
MATCH-20260426-01950,SUP-20260426-01950,Mancera,Rose Vanillae Mancera,,supplier_source,3000453,supplier_name_normalisation,0.7,Initial candidate generated from supplier row only. Requires independent verification before approval.,needs_verification,low_supplier_source_only,2026-09-15T23:52:40+00:00
MATCH-20260426-01951,SUP-20260426-01951,Mancera,Juicy Flowers,,supplier_source,3000454,supplier_name_normalisation,0.7,Initial candidate generated from supplier row only. Requires independent verification before approval.,needs_verification,low_supplier_source_only,2026-09-15T23:52:40+00:00
MATCH-20260426-01952,SUP-20260426-01952,Marc Jacobs,Perfect Absolute,,supplier_source,250285,supplier_name_normalisation,0.7,Initial candidate generated from supplier row only. Requires independent verification before approval.,needs_verification,low_supplier_source_only,2026-09-15T23:52:40+00:00
MATCH-20260426-01953,SUP-20260426-01953,Marc Jacobs,Lola,,supplier_source,250075,supplier_name_normalisation,0.7,Initial candidate generated from supplier row only. Requires independent verification before approval.,needs_verification,low_supplier_source_only,2026-09-15T23:52:40+00:00
MATCH-20260426-01954,SUP-20260426-01954,Marc Jacobs,Perfect,,supplier_source,240692,supplier_name_normalisation,0.7,Initial candidate generated from supplier row only. Requires independent verification before approval.,needs_verification,low_supplier_source_only,2026-09-15T23:52:40+00:00
MATCH-20260426-01955,SUP-20260426-01955,Marc Jacobs,Daisy,,supplier_source,240029,supplier_name_normalisation,0.7,Initial candidate generated from supplier row only. Requires independent verification before approval.,needs_verification,low_supplier_source_only,2026-09-15T23:52:40+00:00
MATCH-20260426-01956,SUP-20260426-01956,Marc Antoine,Aldebaran,,supplier_source,240976,supplier_name_normalisation,0.7,Initial candidate generated from supplier row only. Requires independent verification before approval.,needs_verification,low_supplier_source_only,2026-09-15T23:52:40+00:00
MATCH-20260426-01957,SUP-20260426-01957,Marc Antoine,Aldebaran,,supplier_source,240977,supplier_name_normalisation,0.7,Initial candidate generated from supplier row only. Requires independent verification before approval.,needs_verification,low_supplier_source_only,2026-09-15T23:52:40+00:00
MATCH-20260426-01958,SUP-20260426-01958,Marc Antoine,Tilia,,supplier_source,240508,supplier_name_normalisation,0.7,Initial candidate generated from supplier row only. Requires independent verification before approval.,needs_verification,low_supplier_source_only,2026-09-15T23:52:40+00:00
MATCH-20260426-01959,SUP-20260426-01959,Marc Antoine,Tilia,,supplier_source,240208,supplier_name_normalisation,0.7,Initial candidate generated from supplier row only. Requires independent verification before approval.,needs_verification,low_supplier_source_only,2026-09-15T23:52:40+00:00
MATCH-20260426-01960,SUP-20260426-01960,M.a.b,Ganymede,,supplier_source,240074,supplier_name_normalisation,0.7,Initial candidate generated from supplier row only. Requires independent verification before approval.,needs_verification,low_supplier_source_only,2026-09-15T23:52:40+00:00
MATCH-20260426-01961,SUP-20260426-01961,Marc Antoine,Ganymede,,supplier_source,503934-T,supplier_name_normalisation,0.62,Initial candidate generated from supplier row only. Requires independent verification before approval.,needs_verification,low_supplier_source_only,2026-09-15T23:52:40+00:00
MATCH-20260426-01962,SUP-20260426-01962,Marc Antoine,Ganymede,,supplier_source,503934 A,supplier_name_normalisation,0.62,Initial candidate generated from supplier row only. Requires independent verification before approval.,needs_verification,low_supplier_source_only,2026-09-15T23:52:40+00:00
MATCH-20260426-01963,SUP-20260426-01963,Marc-antoine,Ganymede,,supplier_source,503934,supplier_name_normalisation,0.62,Initial candidate generated from supplier row only. Requires independent verification before approval.,needs_verification,low_supplier_source_only,2026-09-15T23:52:40+00:00
MATCH-20260426-01964,SUP-20260426-01964,Marc-antoine,Encelade,,supplier_source,250252,supplier_name_normalisation,0.7,Initial candidate generated from supplier row only. Requires independent verification before approval.,needs_verification,low_supplier_source_only,2026-09-15T23:52:40+00:00
MATCH-20260426-01965,SUP-20260426-01965,Marc-antoine,B683,,supplier_source,354207-T,supplier_name_normalisation,0.62,Initial candidate generated from supplier row only. Requires independent verification before approval.,needs_verification,low_supplier_source_only,2026-09-15T23:52:40+00:00
MATCH-20260426-01966,SUP-20260426-01966,Marc-antoine,B683,,supplier_source,354207-B,supplier_name_normalisation,0.62,Initial candidate generated from supplier row only. Requires independent verification before approval.,needs_verification,low_supplier_source_only,2026-09-15T23:52:40+00:00
MATCH-20260426-01967,SUP-20260426-01967,Marc-antoine,Ganymade Extrait,,supplier_source,680406,supplier_name_normalisation,0.62,Initial candidate generated from supplier row only. Requires independent verification before approval.,needs_verification,low_supplier_source_only,2026-09-15T23:52:40+00:00
MATCH-20260426-01968,SUP-20260426-01968,Maryam,Maryam,,supplier_source,349447,supplier_name_normalisation,0.62,Initial candidate generated from supplier row only. Requires independent verification before approval.,needs_verification,low_supplier_source_only,2026-09-15T23:52:40+00:00
MATCH-20260426-01969,SUP-20260426-01969,Maryam,Maryam,,supplier_source,3000455,supplier_name_normalisation,0.7,Initial candidate generated from supplier row only. Requires independent verification before approval.,needs_verification,low_supplier_source_only,2026-09-15T23:52:40+00:00
MATCH-20260426-01970,SUP-20260426-01970,Matiere Premiere,Vanilla Powder Extrait,,supplier_source,250296,supplier_name_normalisation,0.7,Initial candidate generated from supplier row only. Requires independent verification before approval.,needs_verification,low_supplier_source_only,2026-09-15T23:52:40+00:00
MATCH-20260426-01971,SUP-20260426-01971,Matiere Premiere,Santal Austral,,supplier_source,250172,supplier_name_normalisation,0.7,Initial candidate generated from supplier row only. Requires independent verification before approval.,needs_verification,low_supplier_source_only,2026-09-15T23:52:40+00:00
MATCH-20260426-01972,SUP-20260426-01972,Matiere Premiere,Neroli Oranger,,supplier_source,250077,supplier_name_normalisation,0.7,Initial candidate generated from supplier row only. Requires independent verification before approval.,needs_verification,low_supplier_source_only,2026-09-15T23:52:40+00:00
MATCH-20260426-01973,SUP-20260426-01973,Matiere Premiere,Radical Rose,,supplier_source,250045,supplier_name_normalisation,0.7,Initial candidate generated from supplier row only. Requires independent verification before approval.,needs_verification,low_supplier_source_only,2026-09-15T23:52:40+00:00
MATCH-20260426-01974,SUP-20260426-01974,Matiere Premiere,Falcon Leather,,supplier_source,240674,supplier_name_normalisation,0.7,Initial candidate generated from supplier row only. Requires independent verification before approval.,needs_verification,low_supplier_source_only,2026-09-15T23:52:40+00:00
MATCH-20260426-01975,SUP-20260426-01975,Matiere Premiere,Vanilla Powder,,supplier_source,240309,supplier_name_normalisation,0.7,Initial candidate generated from supplier row only. Requires independent verification before approval.,needs_verification,low_supplier_source_only,2026-09-15T23:52:40+00:00
MATCH-20260426-01976,SUP-20260426-01976,Matiere Premiere,Vanilla Powder,,supplier_source,250097,supplier_name_normalisation,0.7,Initial candidate generated from supplier row only. Requires independent verification before approval.,needs_verification,low_supplier_source_only,2026-09-15T23:52:40+00:00
MATCH-20260426-01977,SUP-20260426-01977,Matiere Premiere,Parisian Musc,,supplier_source,3000456,supplier_name_normalisation,0.7,Initial candidate generated from supplier row only. Requires independent verification before approval.,needs_verification,low_supplier_source_only,2026-09-15T23:52:40+00:00
MATCH-20260426-01978,SUP-20260426-01978,Matiere Premiere,Crystal Saffron,,supplier_source,240579,supplier_name_normalisation,0.7,Initial candidate generated from supplier row only. Requires independent verification before approval.,needs_verification,low_supplier_source_only,2026-09-15T23:52:40+00:00
MATCH-20260426-01979,SUP-20260426-01979,Maycam Amr,Maycam Amr,,supplier_source,3000457,supplier_name_normalisation,0.7,Initial candidate generated from supplier row only. Requires independent verification before approval.,needs_verification,low_supplier_source_only,2026-09-15T23:52:40+00:00
MATCH-20260426-01980,SUP-20260426-01980,Maycam Fr,Maycam,,supplier_source,3000458,supplier_name_normalisation,0.7,Initial candidate generated from supplier row only. Requires independent verification before approval.,needs_verification,low_supplier_source_only,2026-09-15T23:52:40+00:00
MATCH-20260426-01981,SUP-20260426-01981,Memo Paris,Red Island,,supplier_source,250255,supplier_name_normalisation,0.7,Initial candidate generated from supplier row only. Requires independent verification before approval.,needs_verification,low_supplier_source_only,2026-09-15T23:52:40+00:00
MATCH-20260426-01982,SUP-20260426-01982,Memo Paris,Inle,,supplier_source,250070,supplier_name_normalisation,0.7,Initial candidate generated from supplier row only. Requires independent verification before approval.,needs_verification,low_supplier_source_only,2026-09-15T23:52:40+00:00
MATCH-20260426-01983,SUP-20260426-01983,Memo Paris,Corfu,,supplier_source,240792,supplier_name_normalisation,0.7,Initial candidate generated from supplier row only. Requires independent verification before approval.,needs_verification,low_supplier_source_only,2026-09-15T23:52:40+00:00
MATCH-20260426-01984,SUP-20260426-01984,Memo Paris,Indian Leather,,supplier_source,240644,supplier_name_normalisation,0.7,Initial candidate generated from supplier row only. Requires independent verification before approval.,needs_verification,low_supplier_source_only,2026-09-15T23:52:40+00:00
MATCH-20260426-01985,SUP-20260426-01985,Memo Paris,Madurai,,supplier_source,240548,supplier_name_normalisation,0.7,Initial candidate generated from supplier row only. Requires independent verification before approval.,needs_verification,low_supplier_source_only,2026-09-15T23:52:40+00:00
MATCH-20260426-01986,SUP-20260426-01986,Memo,African Leather,,supplier_source,339052,supplier_name_normalisation,0.62,Initial candidate generated from supplier row only. Requires independent verification before approval.,needs_verification,low_supplier_source_only,2026-09-15T23:52:40+00:00
MATCH-20260426-01987,SUP-20260426-01987,Memo,Eau De Memo,,supplier_source,260810,supplier_name_normalisation,0.62,Initial candidate generated from supplier row only. Requires independent verification before approval.,needs_verification,low_supplier_source_only,2026-09-15T23:52:40+00:00
MATCH-20260426-01988,SUP-20260426-01988,Memo,Irish OUD,,supplier_source,353126,supplier_name_normalisation,0.62,Initial candidate generated from supplier row only. Requires independent verification before approval.,needs_verification,low_supplier_source_only,2026-09-15T23:52:40+00:00
MATCH-20260426-01989,SUP-20260426-01989,Memo,Moroccan Leather,,supplier_source,353804,supplier_name_normalisation,0.62,Initial candidate generated from supplier row only. Requires independent verification before approval.,needs_verification,low_supplier_source_only,2026-09-15T23:52:40+00:00
MATCH-20260426-01990,SUP-20260426-01990,Memo,Russian Leather,,supplier_source,502577-A,supplier_name_normalisation,0.62,Initial candidate generated from supplier row only. Requires independent verification before approval.,needs_verification,low_supplier_source_only,2026-09-15T23:52:40+00:00
MATCH-20260426-01991,SUP-20260426-01991,Memo,Marfa,,supplier_source,502545,supplier_name_normalisation,0.62,Initial candidate generated from supplier row only. Requires independent verification before approval.,needs_verification,low_supplier_source_only,2026-09-15T23:52:40+00:00
MATCH-20260426-01992,SUP-20260426-01992,Memo,French Leather,,supplier_source,701764-T,supplier_name_normalisation,0.62,Initial candidate generated from supplier row only. Requires independent verification before approval.,needs_verification,low_supplier_source_only,2026-09-15T23:52:40+00:00
MATCH-20260426-01993,SUP-20260426-01993,Memo,Irish Leather LZ,,supplier_source,351852,supplier_name_normalisation,0.62,Initial candidate generated from supplier row only. Requires independent verification before approval.,needs_verification,low_supplier_source_only,2026-09-15T23:52:40+00:00
MATCH-20260426-01994,SUP-20260426-01994,Memo,Sicilian Leather,,supplier_source,462040,supplier_name_normalisation,0.62,Initial candidate generated from supplier row only. Requires independent verification before approval.,needs_verification,low_supplier_source_only,2026-09-15T23:52:40+00:00
MATCH-20260426-01995,SUP-20260426-01995,Memo,Iberian Leather,,supplier_source,462230,supplier_name_normalisation,0.62,Initial candidate generated from supplier row only. Requires independent verification before approval.,needs_verification,low_supplier_source_only,2026-09-15T23:52:40+00:00
MATCH-20260426-01996,SUP-20260426-01996,Memo,Ocean Leather,,supplier_source,461907,supplier_name_normalisation,0.62,Initial candidate generated from supplier row only. Requires independent verification before approval.,needs_verification,low_supplier_source_only,2026-09-15T23:52:40+00:00
MATCH-20260426-01997,SUP-20260426-01997,Memo,Mallorcan Almond OUD,,supplier_source,343917-T,supplier_name_normalisation,0.62,Initial candidate generated from supplier row only. Requires independent verification before approval.,needs_verification,low_supplier_source_only,2026-09-15T23:52:40+00:00
MATCH-20260426-01998,SUP-20260426-01998,Memo,Corfu Memo,,supplier_source,343913,supplier_name_normalisation,0.62,Initial candidate generated from supplier row only. Requires independent verification before approval.,needs_verification,low_supplier_source_only,2026-09-15T23:52:40+00:00
MATCH-20260426-01999,SUP-20260426-01999,Memo,African Leather,,supplier_source,3000459,supplier_name_normalisation,0.7,Initial candidate generated from supplier row only. Requires independent verification before approval.,needs_verification,low_supplier_source_only,2026-09-15T23:52:40+00:00
MATCH-20260426-02000,SUP-20260426-02000,Memo,Irish Leather,,supplier_source,3000460,supplier_name_normalisation,0.7,Initial candidate generated from supplier row only. Requires independent verification before approval.,needs_verification,low_supplier_source_only,2026-09-15T23:52:40+00:00
MATCH-20260426-02001,SUP-20260426-02001,Memo,Irish OUD,,supplier_source,3000461,supplier_name_normalisation,0.7,Initial candidate generated from supplier row only. Requires independent verification before approval.,needs_verification,low_supplier_source_only,2026-09-15T23:52:40+00:00
MATCH-20260426-02002,SUP-20260426-02002,Memo,Jannat,,supplier_source,3000462,supplier_name_normalisation,0.7,Initial candidate generated from supplier row only. Requires independent verification before approval.,needs_verification,low_supplier_source_only,2026-09-15T23:52:40+00:00
MATCH-20260426-02003,SUP-20260426-02003,Memo,Tiger S Nest,,supplier_source,3000463,supplier_name_normalisation,0.7,Initial candidate generated from supplier row only. Requires independent verification before approval.,needs_verification,low_supplier_source_only,2026-09-15T23:52:40+00:00
MATCH-20260426-02004,SUP-20260426-02004,Memo,Desert Orange Blossom,,supplier_source,3000464,supplier_name_normalisation,0.7,Initial candidate generated from supplier row only. Requires independent verification before approval.,needs_verification,low_supplier_source_only,2026-09-15T23:52:40+00:00
MATCH-20260426-02005,SUP-20260426-02005,Memo Paris,Sherwood,,supplier_source,3000465,supplier_name_normalisation,0.7,Initial candidate generated from supplier row only. Requires independent verification before approval.,needs_verification,low_supplier_source_only,2026-09-15T23:52:40+00:00
MATCH-20260426-02006,SUP-20260426-02006,Memo.,Tamarindo,,supplier_source,353748,supplier_name_normalisation,0.62,Initial candidate generated from supplier row only. Requires independent verification before approval.,needs_verification,low_supplier_source_only,2026-09-15T23:52:40+00:00
MATCH-20260426-02007,SUP-20260426-02007,Michael Kors,Sexy Amber,,supplier_source,3000466,supplier_name_normalisation,0.7,Initial candidate generated from supplier row only. Requires independent verification before approval.,needs_verification,low_supplier_source_only,2026-09-15T23:52:40+00:00
MATCH-20260426-02008,SUP-20260426-02008,Michael Kors,Glam Jasmine,,supplier_source,3000467,supplier_name_normalisation,0.7,Initial candidate generated from supplier row only. Requires independent verification before approval.,needs_verification,low_supplier_source_only,2026-09-15T23:52:40+00:00
MATCH-20260426-02009,SUP-20260426-02009,Michaela,Mukallat Mic,,supplier_source,3000468,supplier_name_normalisation,0.7,Initial candidate generated from supplier row only. Requires independent verification before approval.,needs_verification,low_supplier_source_only,2026-09-15T23:52:40+00:00
MATCH-20260426-02010,SUP-20260426-02010,Mikhalah,Mikhalah,,supplier_source,3000469,supplier_name_normalisation,0.7,Initial candidate generated from supplier row only. Requires independent verification before approval.,needs_verification,low_supplier_source_only,2026-09-15T23:52:40+00:00
MATCH-20260426-02011,SUP-20260426-02011,Molton Brown,Tabacco Absolute,,supplier_source,343827,supplier_name_normalisation,0.62,Initial candidate generated from supplier row only. Requires independent verification before approval.,needs_verification,low_supplier_source_only,2026-09-15T23:52:40+00:00
MATCH-20260426-02012,SUP-20260426-02012,Mona Di Orio,Bohea Boheme,,supplier_source,339421,supplier_name_normalisation,0.62,Initial candidate generated from supplier row only. Requires independent verification before approval.,needs_verification,low_supplier_source_only,2026-09-15T23:52:40+00:00
MATCH-20260426-02013,SUP-20260426-02013,Mono Di Orio,Dojima,,supplier_source,343847,supplier_name_normalisation,0.62,Initial candidate generated from supplier row only. Requires independent verification before approval.,needs_verification,low_supplier_source_only,2026-09-15T23:52:40+00:00
MATCH-20260426-02014,SUP-20260426-02014,Mont Blanc,Patchouli Ink,,supplier_source,240494,supplier_name_normalisation,0.7,Initial candidate generated from supplier row only. Requires independent verification before approval.,needs_verification,low_supplier_source_only,2026-09-15T23:52:40+00:00
MATCH-20260426-02015,SUP-20260426-02015,Mont Blanc,Legend Blue,,supplier_source,240282,supplier_name_normalisation,0.7,Initial candidate generated from supplier row only. Requires independent verification before approval.,needs_verification,low_supplier_source_only,2026-09-15T23:52:40+00:00
MATCH-20260426-02016,SUP-20260426-02016,Mont Blanc,Signature,,supplier_source,343835,supplier_name_normalisation,0.62,Initial candidate generated from supplier row only. Requires independent verification before approval.,needs_verification,low_supplier_source_only,2026-09-15T23:52:40+00:00
MATCH-20260426-02017,SUP-20260426-02017,Mont Blanc,Montblanc Legend Spirit,,supplier_source,3000470,supplier_name_normalisation,0.7,Initial candidate generated from supplier row only. Requires independent verification before approval.,needs_verification,low_supplier_source_only,2026-09-15T23:52:40+00:00
MATCH-20260426-02018,SUP-20260426-02018,Mont Blanc,Explorar Platinum,,supplier_source,240131,supplier_name_normalisation,0.7,Initial candidate generated from supplier row only. Requires independent verification before approval.,needs_verification,low_supplier_source_only,2026-09-15T23:52:40+00:00
MATCH-20260426-02019,SUP-20260426-02019,Mont Blanc,Montblanc Explorer,,supplier_source,240636,supplier_name_normalisation,0.7,Initial candidate generated from supplier row only. Requires independent verification before approval.,needs_verification,low_supplier_source_only,2026-09-15T23:52:40+00:00
MATCH-20260426-02020,SUP-20260426-02020,Montale,Dark Vanilla,,supplier_source,250486,supplier_name_normalisation,0.7,Initial candidate generated from supplier row only. Requires independent verification before approval.,needs_verification,low_supplier_source_only,2026-09-15T23:52:40+00:00
MATCH-20260426-02021,SUP-20260426-02021,Montale,Starry Nights Intense,,supplier_source,250405,supplier_name_normalisation,0.7,Initial candidate generated from supplier row only. Requires independent verification before approval.,needs_verification,low_supplier_source_only,2026-09-15T23:52:40+00:00
MATCH-20260426-02022,SUP-20260426-02022,Montale,Patchouli Leaves,,supplier_source,250396,supplier_name_normalisation,0.7,Initial candidate generated from supplier row only. Requires independent verification before approval.,needs_verification,low_supplier_source_only,2026-09-15T23:52:40+00:00
MATCH-20260426-02023,SUP-20260426-02023,Montale,My Plum,,supplier_source,250355,supplier_name_normalisation,0.7,Initial candidate generated from supplier row only. Requires independent verification before approval.,needs_verification,low_supplier_source_only,2026-09-15T23:52:40+00:00
MATCH-20260426-02024,SUP-20260426-02024,Montale,OUD Sapparot,,supplier_source,250213,supplier_name_normalisation,0.7,Initial candidate generated from supplier row only. Requires independent verification before approval.,needs_verification,low_supplier_source_only,2026-09-15T23:52:40+00:00
MATCH-20260426-02025,SUP-20260426-02025,Montale,Arabians Rose Leather,,supplier_source,250226,supplier_name_normalisation,0.7,Initial candidate generated from supplier row only. Requires independent verification before approval.,needs_verification,low_supplier_source_only,2026-09-15T23:52:40+00:00
MATCH-20260426-02026,SUP-20260426-02026,Montale,Rendez-vous Chez Harrods,,supplier_source,250018,supplier_name_normalisation,0.7,Initial candidate generated from supplier row only. Requires independent verification before approval.,needs_verification,low_supplier_source_only,2026-09-15T23:52:40+00:00
MATCH-20260426-02027,SUP-20260426-02027,Montale,Dallachai,,supplier_source,250017,supplier_name_normalisation,0.7,Initial candidate generated from supplier row only. Requires independent verification before approval.,needs_verification,low_supplier_source_only,2026-09-15T23:52:40+00:00
MATCH-20260426-02028,SUP-20260426-02028,Montale,OUD Amazing,,supplier_source,240971,supplier_name_normalisation,0.7,Initial candidate generated from supplier row only. Requires independent verification before approval.,needs_verification,low_supplier_source_only,2026-09-15T23:52:40+00:00
MATCH-20260426-02029,SUP-20260426-02029,Montale,Beast Love 2024,,supplier_source,240757,supplier_name_normalisation,0.7,Initial candidate generated from supplier row only. Requires independent verification before approval.,needs_verification,low_supplier_source_only,2026-09-15T23:52:40+00:00
MATCH-20260426-02030,SUP-20260426-02030,Montale,Arabians Musk 2024,,supplier_source,240745,supplier_name_normalisation,0.7,Initial candidate generated from supplier row only. Requires independent verification before approval.,needs_verification,low_supplier_source_only,2026-09-15T23:52:40+00:00
MATCH-20260426-02031,SUP-20260426-02031,Montale,Roses Musk,,supplier_source,240592,supplier_name_normalisation,0.7,Initial candidate generated from supplier row only. Requires independent verification before approval.,needs_verification,low_supplier_source_only,2026-09-15T23:52:40+00:00
MATCH-20260426-02032,SUP-20260426-02032,Montale,Sweet Vanilla,,supplier_source,503594,supplier_name_normalisation,0.62,Initial candidate generated from supplier row only. Requires independent verification before approval.,needs_verification,low_supplier_source_only,2026-09-15T23:52:40+00:00
MATCH-20260426-02033,SUP-20260426-02033,Montale,Rendez- Vous A Paris,,supplier_source,701830,supplier_name_normalisation,0.62,Initial candidate generated from supplier row only. Requires independent verification before approval.,needs_verification,low_supplier_source_only,2026-09-15T23:52:40+00:00
MATCH-20260426-02034,SUP-20260426-02034,Montale,Aoud Forest,,supplier_source,232475,supplier_name_normalisation,0.62,Initial candidate generated from supplier row only. Requires independent verification before approval.,needs_verification,low_supplier_source_only,2026-09-15T23:52:40+00:00
MATCH-20260426-02035,SUP-20260426-02035,Montale,Black Aoud Aoud,,supplier_source,240717,supplier_name_normalisation,0.7,Initial candidate generated from supplier row only. Requires independent verification before approval.,needs_verification,low_supplier_source_only,2026-09-15T23:52:40+00:00
MATCH-20260426-02036,SUP-20260426-02036,Montale,Black Aoud,,supplier_source,650079-B,supplier_name_normalisation,0.62,Initial candidate generated from supplier row only. Requires independent verification before approval.,needs_verification,low_supplier_source_only,2026-09-15T23:52:40+00:00
MATCH-20260426-02037,SUP-20260426-02037,Montale,Dark Purple,,supplier_source,343775,supplier_name_normalisation,0.62,Initial candidate generated from supplier row only. Requires independent verification before approval.,needs_verification,low_supplier_source_only,2026-09-15T23:52:40+00:00
MATCH-20260426-02038,SUP-20260426-02038,Montale,Kabul Aoud,,supplier_source,339321-B,supplier_name_normalisation,0.62,Initial candidate generated from supplier row only. Requires independent verification before approval.,needs_verification,low_supplier_source_only,2026-09-15T23:52:40+00:00
MATCH-20260426-02039,SUP-20260426-02039,Montale,Mukhallat,,supplier_source,339410,supplier_name_normalisation,0.62,Initial candidate generated from supplier row only. Requires independent verification before approval.,needs_verification,low_supplier_source_only,2026-09-15T23:52:40+00:00
MATCH-20260426-02040,SUP-20260426-02040,Montale,Musk Rose,,supplier_source,338329,supplier_name_normalisation,0.62,Initial candidate generated from supplier row only. Requires independent verification before approval.,needs_verification,low_supplier_source_only,2026-09-15T23:52:40+00:00
MATCH-20260426-02041,SUP-20260426-02041,Montale,So Amber,,supplier_source,461196,supplier_name_normalisation,0.62,Initial candidate generated from supplier row only. Requires independent verification before approval.,needs_verification,low_supplier_source_only,2026-09-15T23:52:40+00:00
MATCH-20260426-02042,SUP-20260426-02042,Montale,Spicy Aoud,,supplier_source,343625-B,supplier_name_normalisation,0.62,Initial candidate generated from supplier row only. Requires independent verification before approval.,needs_verification,low_supplier_source_only,2026-09-15T23:52:40+00:00
MATCH-20260426-02043,SUP-20260426-02043,Montale,Starry Nights,,supplier_source,343731,supplier_name_normalisation,0.62,Initial candidate generated from supplier row only. Requires independent verification before approval.,needs_verification,low_supplier_source_only,2026-09-15T23:52:40+00:00
MATCH-20260426-02044,SUP-20260426-02044,Montale,Tropical Wood,,supplier_source,502575,supplier_name_normalisation,0.62,Initial candidate generated from supplier row only. Requires independent verification before approval.,needs_verification,low_supplier_source_only,2026-09-15T23:52:40+00:00
MATCH-20260426-02045,SUP-20260426-02045,Montale,Intense Café,,supplier_source,240470,supplier_name_normalisation,0.7,Initial candidate generated from supplier row only. Requires independent verification before approval.,needs_verification,low_supplier_source_only,2026-09-15T23:52:40+00:00
MATCH-20260426-02046,SUP-20260426-02046,Montale,Wild Pears,,supplier_source,338798,supplier_name_normalisation,0.62,Initial candidate generated from supplier row only. Requires independent verification before approval.,needs_verification,low_supplier_source_only,2026-09-15T23:52:40+00:00
MATCH-20260426-02047,SUP-20260426-02047,Montale,Chocolate Greedy,,supplier_source,502557,supplier_name_normalisation,0.62,Initial candidate generated from supplier row only. Requires independent verification before approval.,needs_verification,low_supplier_source_only,2026-09-15T23:52:40+00:00
MATCH-20260426-02048,SUP-20260426-02048,Montale,Arabians Tonka,,supplier_source,336258,supplier_name_normalisation,0.62,Initial candidate generated from supplier row only. Requires independent verification before approval.,needs_verification,low_supplier_source_only,2026-09-15T23:52:40+00:00
MATCH-20260426-02049,SUP-20260426-02049,Montale,Lucky Candy,,supplier_source,YE64897,supplier_name_normalisation,0.7,Initial candidate generated from supplier row only. Requires independent verification before approval.,needs_verification,low_supplier_source_only,2026-09-15T23:52:40+00:00
MATCH-20260426-02050,SUP-20260426-02050,Montale,Black OUD,,supplier_source,3000471,supplier_name_normalisation,0.7,Initial candidate generated from supplier row only. Requires independent verification before approval.,needs_verification,low_supplier_source_only,2026-09-15T23:52:40+00:00
MATCH-20260426-02051,SUP-20260426-02051,Montale,Intense Café,,supplier_source,3000472,supplier_name_normalisation,0.7,Initial candidate generated from supplier row only. Requires independent verification before approval.,needs_verification,low_supplier_source_only,2026-09-15T23:52:40+00:00
MATCH-20260426-02052,SUP-20260426-02052,Montale,Musk Rose,,supplier_source,3000473,supplier_name_normalisation,0.7,Initial candidate generated from supplier row only. Requires independent verification before approval.,needs_verification,low_supplier_source_only,2026-09-15T23:52:40+00:00
MATCH-20260426-02053,SUP-20260426-02053,Montale,Sensual Instinct,,supplier_source,3000474,supplier_name_normalisation,0.7,Initial candidate generated from supplier row only. Requires independent verification before approval.,needs_verification,low_supplier_source_only,2026-09-15T23:52:40+00:00
MATCH-20260426-02054,SUP-20260426-02054,Montale,Intense Café Ristretto,,supplier_source,3000475,supplier_name_normalisation,0.7,Initial candidate generated from supplier row only. Requires independent verification before approval.,needs_verification,low_supplier_source_only,2026-09-15T23:52:40+00:00
MATCH-20260426-02055,SUP-20260426-02055,Montale,Arabians Tonka,,supplier_source,240027,supplier_name_normalisation,0.7,Initial candidate generated from supplier row only. Requires independent verification before approval.,needs_verification,low_supplier_source_only,2026-09-15T23:52:40+00:00
MATCH-20260426-02056,SUP-20260426-02056,Montana,Montana Parfum De Peau,,supplier_source,883052-B,supplier_name_normalisation,0.62,Initial candidate generated from supplier row only. Requires independent verification before approval.,needs_verification,low_supplier_source_only,2026-09-15T23:52:40+00:00
MATCH-20260426-02057,SUP-20260426-02057,Montblanc,Explorer Ultra Blue,,supplier_source,3000476,supplier_name_normalisation,0.7,Initial candidate generated from supplier row only. Requires independent verification before approval.,needs_verification,low_supplier_source_only,2026-09-15T23:52:40+00:00
MATCH-20260426-02058,SUP-20260426-02058,Montblanc,Legend Red,,supplier_source,3000477,supplier_name_normalisation,0.7,Initial candidate generated from supplier row only. Requires independent verification before approval.,needs_verification,low_supplier_source_only,2026-09-15T23:52:40+00:00
MATCH-20260426-02059,SUP-20260426-02059,Moschino,Funny,,supplier_source,347616,supplier_name_normalisation,0.62,Initial candidate generated from supplier row only. Requires independent verification before approval.,needs_verification,low_supplier_source_only,2026-09-15T23:52:40+00:00
MATCH-20260426-02060,SUP-20260426-02060,Moschino,Toy 2 Bubble Gum,,supplier_source,680251,supplier_name_normalisation,0.62,Initial candidate generated from supplier row only. Requires independent verification before approval.,needs_verification,low_supplier_source_only,2026-09-15T23:52:40+00:00
MATCH-20260426-02061,SUP-20260426-02061,Moschino,Moschino Toy Boy,,supplier_source,233168,supplier_name_normalisation,0.62,Initial candidate generated from supplier row only. Requires independent verification before approval.,needs_verification,low_supplier_source_only,2026-09-15T23:52:40+00:00
MATCH-20260426-02062,SUP-20260426-02062,Moschino,Toy 2,,supplier_source,701800-T,supplier_name_normalisation,0.62,Initial candidate generated from supplier row only. Requires independent verification before approval.,needs_verification,low_supplier_source_only,2026-09-15T23:52:40+00:00
MATCH-20260426-02063,SUP-20260426-02063,Moschino,Funny,,supplier_source,240083,supplier_name_normalisation,0.7,Initial candidate generated from supplier row only. Requires independent verification before approval.,needs_verification,low_supplier_source_only,2026-09-15T23:52:40+00:00
MATCH-20260426-02064,SUP-20260426-02064,Moschino,Forever,,supplier_source,240084,supplier_name_normalisation,0.7,Initial candidate generated from supplier row only. Requires independent verification before approval.,needs_verification,low_supplier_source_only,2026-09-15T23:52:40+00:00
MATCH-20260426-02065,SUP-20260426-02065,Moschino,Cheap & Chic I Love,,supplier_source,240114,supplier_name_normalisation,0.7,Initial candidate generated from supplier row only. Requires independent verification before approval.,needs_verification,low_supplier_source_only,2026-09-15T23:52:40+00:00
MATCH-20260426-02066,SUP-20260426-02066,Mukallat 786,Mukallat 786,,supplier_source,3000478,supplier_name_normalisation,0.7,Initial candidate generated from supplier row only. Requires independent verification before approval.,needs_verification,low_supplier_source_only,2026-09-15T23:52:40+00:00
MATCH-20260426-02067,SUP-20260426-02067,Mukallat Al,Mukhalat Al Dahbi,,supplier_source,3000479,supplier_name_normalisation,0.7,Initial candidate generated from supplier row only. Requires independent verification before approval.,needs_verification,low_supplier_source_only,2026-09-15T23:52:40+00:00
MATCH-20260426-02068,SUP-20260426-02068,Mukallat Alah,Mukhallat Alah,,supplier_source,3000480,supplier_name_normalisation,0.7,Initial candidate generated from supplier row only. Requires independent verification before approval.,needs_verification,low_supplier_source_only,2026-09-15T23:52:40+00:00
MATCH-20260426-02069,SUP-20260426-02069,Mukallat,Ma'ajoon Al Arabia Al,,supplier_source,3000481,supplier_name_normalisation,0.7,Initial candidate generated from supplier row only. Requires independent verification before approval.,needs_verification,low_supplier_source_only,2026-09-15T23:52:40+00:00
MATCH-20260426-02070,SUP-20260426-02070,Mukallat Bmw,Mukallat Bmw,,supplier_source,3000482,supplier_name_normalisation,0.7,Initial candidate generated from supplier row only. Requires independent verification before approval.,needs_verification,low_supplier_source_only,2026-09-15T23:52:40+00:00
MATCH-20260426-02071,SUP-20260426-02071,Mukallat,Creation,,supplier_source,3000483,supplier_name_normalisation,0.7,Initial candidate generated from supplier row only. Requires independent verification before approval.,needs_verification,low_supplier_source_only,2026-09-15T23:52:40+00:00
MATCH-20260426-02072,SUP-20260426-02072,Mukallat,Creation,,supplier_source,3000484,supplier_name_normalisation,0.7,Initial candidate generated from supplier row only. Requires independent verification before approval.,needs_verification,low_supplier_source_only,2026-09-15T23:52:40+00:00
MATCH-20260426-02073,SUP-20260426-02073,Mukallat Fatima,Mukallat Fatima,,supplier_source,3000485,supplier_name_normalisation,0.7,Initial candidate generated from supplier row only. Requires independent verification before approval.,needs_verification,low_supplier_source_only,2026-09-15T23:52:40+00:00
MATCH-20260426-02074,SUP-20260426-02074,Mukallat Yas,Bakhoor Zayed,,supplier_source,3000486,supplier_name_normalisation,0.7,Initial candidate generated from supplier row only. Requires independent verification before approval.,needs_verification,low_supplier_source_only,2026-09-15T23:52:40+00:00
MATCH-20260426-02075,SUP-20260426-02075,Mukallat Zayed,Mukhallat Zayed,,supplier_source,MASUM,supplier_name_normalisation,0.7,Initial candidate generated from supplier row only. Requires independent verification before approval.,needs_verification,low_supplier_source_only,2026-09-15T23:52:40+00:00
MATCH-20260426-02076,SUP-20260426-02076,Mukhallat,Ibrahim,,supplier_source,580092,supplier_name_normalisation,0.62,Initial candidate generated from supplier row only. Requires independent verification before approval.,needs_verification,low_supplier_source_only,2026-09-15T23:52:40+00:00
MATCH-20260426-02077,SUP-20260426-02077,Mukhallat,Mukhallat Kuwait,,supplier_source,3000487,supplier_name_normalisation,0.62,Initial candidate generated from supplier row only. Requires independent verification before approval.,needs_verification,low_supplier_source_only,2026-09-15T23:52:40+00:00
MATCH-20260426-02078,SUP-20260426-02078,Mukhallat,Mukhallat,,supplier_source,580092-B,supplier_name_normalisation,0.62,Initial candidate generated from supplier row only. Requires independent verification before approval.,needs_verification,low_supplier_source_only,2026-09-15T23:52:40+00:00
MATCH-20260426-02079,SUP-20260426-02079,Mukhallat,Mukallat Masum,,supplier_source,3000488,supplier_name_normalisation,0.7,Initial candidate generated from supplier row only. Requires independent verification before approval.,needs_verification,low_supplier_source_only,2026-09-15T23:52:40+00:00
MATCH-20260426-02080,SUP-20260426-02080,Musk,Al Tahra White,,supplier_source,240718,supplier_name_normalisation,0.7,Initial candidate generated from supplier row only. Requires independent verification before approval.,needs_verification,low_supplier_source_only,2026-09-15T23:52:40+00:00
MATCH-20260426-02081,SUP-20260426-02081,Mukhallat,Mukhallat Badar,,supplier_source,3000489,supplier_name_normalisation,0.7,Initial candidate generated from supplier row only. Requires independent verification before approval.,needs_verification,low_supplier_source_only,2026-09-15T23:52:40+00:00
MATCH-20260426-02082,SUP-20260426-02082,Musk,Misk With Strawberry,,supplier_source,250176,supplier_name_normalisation,0.7,Initial candidate generated from supplier row only. Requires independent verification before approval.,needs_verification,low_supplier_source_only,2026-09-15T23:52:40+00:00
MATCH-20260426-02083,SUP-20260426-02083,Musk,Misk With Chocolate,,supplier_source,250190,supplier_name_normalisation,0.7,Initial candidate generated from supplier row only. Requires independent verification before approval.,needs_verification,low_supplier_source_only,2026-09-15T23:52:40+00:00
MATCH-20260426-02084,SUP-20260426-02084,Musk,Misk With Chocopista,,supplier_source,250191,supplier_name_normalisation,0.7,Initial candidate generated from supplier row only. Requires independent verification before approval.,needs_verification,low_supplier_source_only,2026-09-15T23:52:40+00:00
MATCH-20260426-02085,SUP-20260426-02085,Musk,Misk With Marshmallow,,supplier_source,250192,supplier_name_normalisation,0.7,Initial candidate generated from supplier row only. Requires independent verification before approval.,needs_verification,low_supplier_source_only,2026-09-15T23:52:40+00:00
MATCH-20260426-02086,SUP-20260426-02086,Musk,Misk With Hudson Valley,,supplier_source,240737,supplier_name_normalisation,0.7,Initial candidate generated from supplier row only. Requires independent verification before approval.,needs_verification,low_supplier_source_only,2026-09-15T23:52:40+00:00
MATCH-20260426-02087,SUP-20260426-02087,Musk,Misk With Gissah Imperial Valley,,supplier_source,240736,supplier_name_normalisation,0.7,Initial candidate generated from supplier row only. Requires independent verification before approval.,needs_verification,low_supplier_source_only,2026-09-15T23:52:40+00:00
MATCH-20260426-02088,SUP-20260426-02088,Musk,Misk With Pink Sugar,,supplier_source,240679,supplier_name_normalisation,0.7,Initial candidate generated from supplier row only. Requires independent verification before approval.,needs_verification,low_supplier_source_only,2026-09-15T23:52:40+00:00
MATCH-20260426-02089,SUP-20260426-02089,Musk,Misk With Good Girl,,supplier_source,240680,supplier_name_normalisation,0.7,Initial candidate generated from supplier row only. Requires independent verification before approval.,needs_verification,low_supplier_source_only,2026-09-15T23:52:40+00:00
MATCH-20260426-02090,SUP-20260426-02090,Musk,Misk With Erba Pura,,supplier_source,240681,supplier_name_normalisation,0.7,Initial candidate generated from supplier row only. Requires independent verification before approval.,needs_verification,low_supplier_source_only,2026-09-15T23:52:40+00:00
MATCH-20260426-02091,SUP-20260426-02091,Musk,Misk With Blueberry Navy,,supplier_source,240682,supplier_name_normalisation,0.7,Initial candidate generated from supplier row only. Requires independent verification before approval.,needs_verification,low_supplier_source_only,2026-09-15T23:52:40+00:00
MATCH-20260426-02092,SUP-20260426-02092,Musk,Misk With Bluberry,,supplier_source,240683,supplier_name_normalisation,0.7,Initial candidate generated from supplier row only. Requires independent verification before approval.,needs_verification,low_supplier_source_only,2026-09-15T23:52:40+00:00
MATCH-20260426-02093,SUP-20260426-02093,Musk,Misk With Pineapple,,supplier_source,240684,supplier_name_normalisation,0.7,Initial candidate generated from supplier row only. Requires independent verification before approval.,needs_verification,low_supplier_source_only,2026-09-15T23:52:40+00:00
MATCH-20260426-02094,SUP-20260426-02094,Musk,Safi,,supplier_source,240252,supplier_name_normalisation,0.7,Initial candidate generated from supplier row only. Requires independent verification before approval.,needs_verification,low_supplier_source_only,2026-09-15T23:52:40+00:00
MATCH-20260426-02095,SUP-20260426-02095,Musk,Rumman,,supplier_source,354068,supplier_name_normalisation,0.62,Initial candidate generated from supplier row only. Requires independent verification before approval.,needs_verification,low_supplier_source_only,2026-09-15T23:52:40+00:00
MATCH-20260426-02096,SUP-20260426-02096,Musk,Mukhallat Musk,,supplier_source,285044,supplier_name_normalisation,0.62,Initial candidate generated from supplier row only. Requires independent verification before approval.,needs_verification,low_supplier_source_only,2026-09-15T23:52:40+00:00
MATCH-20260426-02097,SUP-20260426-02097,Musk,Shaik Al Shyukh,,supplier_source,339296,supplier_name_normalisation,0.62,Initial candidate generated from supplier row only. Requires independent verification before approval.,needs_verification,low_supplier_source_only,2026-09-15T23:52:40+00:00
MATCH-20260426-02098,SUP-20260426-02098,Musk,Misk With Pomegranate,,supplier_source,240685,supplier_name_normalisation,0.7,Initial candidate generated from supplier row only. Requires independent verification before approval.,needs_verification,low_supplier_source_only,2026-09-15T23:52:40+00:00
MATCH-20260426-02099,SUP-20260426-02099,Musk,Misk With Peach,,supplier_source,353685,supplier_name_normalisation,0.62,Initial candidate generated from supplier row only. Requires independent verification before approval.,needs_verification,low_supplier_source_only,2026-09-15T23:52:40+00:00
MATCH-20260426-02100,SUP-20260426-02100,Musk,Misk With Rose,,supplier_source,353981,supplier_name_normalisation,0.62,Initial candidate generated from supplier row only. Requires independent verification before approval.,needs_verification,low_supplier_source_only,2026-09-15T23:52:40+00:00
MATCH-20260426-02101,SUP-20260426-02101,Musk,Misk With Orange,,supplier_source,353931,supplier_name_normalisation,0.62,Initial candidate generated from supplier row only. Requires independent verification before approval.,needs_verification,low_supplier_source_only,2026-09-15T23:52:40+00:00
MATCH-20260426-02102,SUP-20260426-02102,Musk,Misk With Lavendor,,supplier_source,352319-A,supplier_name_normalisation,0.62,Initial candidate generated from supplier row only. Requires independent verification before approval.,needs_verification,low_supplier_source_only,2026-09-15T23:52:40+00:00
MATCH-20260426-02103,SUP-20260426-02103,Musk,Misk Powder,,supplier_source,354040,supplier_name_normalisation,0.62,Initial candidate generated from supplier row only. Requires independent verification before approval.,needs_verification,low_supplier_source_only,2026-09-15T23:52:40+00:00
MATCH-20260426-02104,SUP-20260426-02104,Musk,Misk With Apple,,supplier_source,353916,supplier_name_normalisation,0.62,Initial candidate generated from supplier row only. Requires independent verification before approval.,needs_verification,low_supplier_source_only,2026-09-15T23:52:40+00:00
MATCH-20260426-02105,SUP-20260426-02105,Musk,Misk With OUD,,supplier_source,354045,supplier_name_normalisation,0.62,Initial candidate generated from supplier row only. Requires independent verification before approval.,needs_verification,low_supplier_source_only,2026-09-15T23:52:40+00:00
MATCH-20260426-02106,SUP-20260426-02106,Musk,Misk With Mulberry,,supplier_source,353914,supplier_name_normalisation,0.62,Initial candidate generated from supplier row only. Requires independent verification before approval.,needs_verification,low_supplier_source_only,2026-09-15T23:52:40+00:00
MATCH-20260426-02107,SUP-20260426-02107,Musk,Misk With Kamuthraa,,supplier_source,353944,supplier_name_normalisation,0.62,Initial candidate generated from supplier row only. Requires independent verification before approval.,needs_verification,low_supplier_source_only,2026-09-15T23:52:40+00:00
MATCH-20260426-02108,SUP-20260426-02108,Musk,Misk With Cherry,,supplier_source,353943,supplier_name_normalisation,0.62,Initial candidate generated from supplier row only. Requires independent verification before approval.,needs_verification,low_supplier_source_only,2026-09-15T23:52:40+00:00
MATCH-20260426-02109,SUP-20260426-02109,Musk,Misk With Vanilana,,supplier_source,353982,supplier_name_normalisation,0.62,Initial candidate generated from supplier row only. Requires independent verification before approval.,needs_verification,low_supplier_source_only,2026-09-15T23:52:40+00:00
MATCH-20260426-02110,SUP-20260426-02110,Musk,Misk Al Barghmut,,supplier_source,353115,supplier_name_normalisation,0.62,Initial candidate generated from supplier row only. Requires independent verification before approval.,needs_verification,low_supplier_source_only,2026-09-15T23:52:40+00:00
MATCH-20260426-02111,SUP-20260426-02111,Musk,Misk Al Luban,,supplier_source,350531,supplier_name_normalisation,0.62,Initial candidate generated from supplier row only. Requires independent verification before approval.,needs_verification,low_supplier_source_only,2026-09-15T23:52:40+00:00
MATCH-20260426-02112,SUP-20260426-02112,Musk,Musk Tahara,,supplier_source,3000490,supplier_name_normalisation,0.7,Initial candidate generated from supplier row only. Requires independent verification before approval.,needs_verification,low_supplier_source_only,2026-09-15T23:52:40+00:00
MATCH-20260426-02113,SUP-20260426-02113,Musk,Musk Tahara,,supplier_source,3000491,supplier_name_normalisation,0.7,Initial candidate generated from supplier row only. Requires independent verification before approval.,needs_verification,low_supplier_source_only,2026-09-15T23:52:40+00:00
MATCH-20260426-02114,SUP-20260426-02114,Musk Al Gazal Black,Musk Al Gazal Black,,supplier_source,3000492,supplier_name_normalisation,0.7,Initial candidate generated from supplier row only. Requires independent verification before approval.,needs_verification,low_supplier_source_only,2026-09-15T23:52:40+00:00
MATCH-20260426-02115,SUP-20260426-02115,Musk Al,Musk Al Shoyoukh Luzi,,supplier_source,260659-T,supplier_name_normalisation,0.62,Initial candidate generated from supplier row only. Requires independent verification before approval.,needs_verification,low_supplier_source_only,2026-09-15T23:52:40+00:00
MATCH-20260426-02116,SUP-20260426-02116,Musk Al Shyukh,Musk Al Shyukh,,supplier_source,3000493,supplier_name_normalisation,0.7,Initial candidate generated from supplier row only. Requires independent verification before approval.,needs_verification,low_supplier_source_only,2026-09-15T23:52:40+00:00
MATCH-20260426-02117,SUP-20260426-02117,Musk Al Shyukh Milky,Musk Al Shyukh Milky,,supplier_source,3000494,supplier_name_normalisation,0.7,Initial candidate generated from supplier row only. Requires independent verification before approval.,needs_verification,low_supplier_source_only,2026-09-15T23:52:40+00:00
MATCH-20260426-02118,SUP-20260426-02118,Musk Al Tahara,Misk Al Tahara,,supplier_source,351820-F,supplier_name_normalisation,0.62,Initial candidate generated from supplier row only. Requires independent verification before approval.,needs_verification,low_supplier_source_only,2026-09-15T23:52:40+00:00
MATCH-20260426-02119,SUP-20260426-02119,Musk Al Tahara,Misk Al Tahara,,supplier_source,351820-L,supplier_name_normalisation,0.62,Initial candidate generated from supplier row only. Requires independent verification before approval.,needs_verification,low_supplier_source_only,2026-09-15T23:52:40+00:00
MATCH-20260426-02120,SUP-20260426-02120,Musk Soft And Musk,Soft And Musk,,supplier_source,3000495,supplier_name_normalisation,0.7,Initial candidate generated from supplier row only. Requires independent verification before approval.,needs_verification,low_supplier_source_only,2026-09-15T23:52:40+00:00
MATCH-20260426-02121,SUP-20260426-02121,Musk Soft Musk,Soft Musk,,supplier_source,3000496,supplier_name_normalisation,0.7,Initial candidate generated from supplier row only. Requires independent verification before approval.,needs_verification,low_supplier_source_only,2026-09-15T23:52:40+00:00
MATCH-20260426-02122,SUP-20260426-02122,Musk,White Musk,,supplier_source,240173,supplier_name_normalisation,0.7,Initial candidate generated from supplier row only. Requires independent verification before approval.,needs_verification,low_supplier_source_only,2026-09-15T23:52:40+00:00
MATCH-20260426-02123,SUP-20260426-02123,Nusuk,Raheeq,,supplier_source,250343,supplier_name_normalisation,0.7,Initial candidate generated from supplier row only. Requires independent verification before approval.,needs_verification,low_supplier_source_only,2026-09-15T23:52:40+00:00
MATCH-20260426-02124,SUP-20260426-02124,Nabeel,Nasaem LZ,,supplier_source,232975-A,supplier_name_normalisation,0.62,Initial candidate generated from supplier row only. Requires independent verification before approval.,needs_verification,low_supplier_source_only,2026-09-15T23:52:40+00:00
MATCH-20260426-02125,SUP-20260426-02125,Nabeel,Bakhoor Touch Me,,supplier_source,3000497,supplier_name_normalisation,0.7,Initial candidate generated from supplier row only. Requires independent verification before approval.,needs_verification,low_supplier_source_only,2026-09-15T23:52:40+00:00
MATCH-20260426-02126,SUP-20260426-02126,Nabeel,Bukhoor Etisalbi,,supplier_source,3000498,supplier_name_normalisation,0.7,Initial candidate generated from supplier row only. Requires independent verification before approval.,needs_verification,low_supplier_source_only,2026-09-15T23:52:40+00:00
MATCH-20260426-02127,SUP-20260426-02127,Nabeel,Bukhoor Touch Me,,supplier_source,3000499,supplier_name_normalisation,0.7,Initial candidate generated from supplier row only. Requires independent verification before approval.,needs_verification,low_supplier_source_only,2026-09-15T23:52:40+00:00
MATCH-20260426-02128,SUP-20260426-02128,Nabeel,Louna,,supplier_source,3000501,supplier_name_normalisation,0.7,Initial candidate generated from supplier row only. Requires independent verification before approval.,needs_verification,low_supplier_source_only,2026-09-15T23:52:40+00:00
MATCH-20260426-02129,SUP-20260426-02129,Nabeel,Nasaem,,supplier_source,3000502,supplier_name_normalisation,0.7,Initial candidate generated from supplier row only. Requires independent verification before approval.,needs_verification,low_supplier_source_only,2026-09-15T23:52:40+00:00
MATCH-20260426-02130,SUP-20260426-02130,Nagarmotha,Nagarmotha,,supplier_source,3000503,supplier_name_normalisation,0.7,Initial candidate generated from supplier row only. Requires independent verification before approval.,needs_verification,low_supplier_source_only,2026-09-15T23:52:40+00:00
MATCH-20260426-02131,SUP-20260426-02131,Narciso,Musc Noir For Her,,supplier_source,250287,supplier_name_normalisation,0.7,Initial candidate generated from supplier row only. Requires independent verification before approval.,needs_verification,low_supplier_source_only,2026-09-15T23:52:40+00:00
MATCH-20260426-02132,SUP-20260426-02132,Narciso,For Her (black),,supplier_source,250151,supplier_name_normalisation,0.7,Initial candidate generated from supplier row only. Requires independent verification before approval.,needs_verification,low_supplier_source_only,2026-09-15T23:52:40+00:00
MATCH-20260426-02133,SUP-20260426-02133,Narciso,Eau De Perfume Radiante,,supplier_source,250084,supplier_name_normalisation,0.7,Initial candidate generated from supplier row only. Requires independent verification before approval.,needs_verification,low_supplier_source_only,2026-09-15T23:52:40+00:00
MATCH-20260426-02134,SUP-20260426-02134,Narciso,Rodriguez Bleu Noir For Him Perfume,,supplier_source,250039,supplier_name_normalisation,0.7,Initial candidate generated from supplier row only. Requires independent verification before approval.,needs_verification,low_supplier_source_only,2026-09-15T23:52:40+00:00
MATCH-20260426-02135,SUP-20260426-02135,Narciso,Rodriguez For Her Pink Edition,,supplier_source,240956,supplier_name_normalisation,0.7,Initial candidate generated from supplier row only. Requires independent verification before approval.,needs_verification,low_supplier_source_only,2026-09-15T23:52:40+00:00
MATCH-20260426-02136,SUP-20260426-02136,Narciso,Rodriguez For Her Intense,,supplier_source,240949,supplier_name_normalisation,0.7,Initial candidate generated from supplier row only. Requires independent verification before approval.,needs_verification,low_supplier_source_only,2026-09-15T23:52:40+00:00
MATCH-20260426-02137,SUP-20260426-02137,Narciso,Saffran Musc,,supplier_source,240821,supplier_name_normalisation,0.7,Initial candidate generated from supplier row only. Requires independent verification before approval.,needs_verification,low_supplier_source_only,2026-09-15T23:52:40+00:00
MATCH-20260426-02138,SUP-20260426-02138,Narciso,For Her Musc Nude,,supplier_source,240379,supplier_name_normalisation,0.7,Initial candidate generated from supplier row only. Requires independent verification before approval.,needs_verification,low_supplier_source_only,2026-09-15T23:52:40+00:00
MATCH-20260426-02139,SUP-20260426-02139,Narciso,Fleur Musc For Her,,supplier_source,461300-B,supplier_name_normalisation,0.62,Initial candidate generated from supplier row only. Requires independent verification before approval.,needs_verification,low_supplier_source_only,2026-09-15T23:52:40+00:00
MATCH-20260426-02140,SUP-20260426-02140,Narciso,All Of Me,,supplier_source,354351,supplier_name_normalisation,0.62,Initial candidate generated from supplier row only. Requires independent verification before approval.,needs_verification,low_supplier_source_only,2026-09-15T23:52:40+00:00
MATCH-20260426-02141,SUP-20260426-02141,Narciso,Amber Muse For Her,,supplier_source,3000504,supplier_name_normalisation,0.7,Initial candidate generated from supplier row only. Requires independent verification before approval.,needs_verification,low_supplier_source_only,2026-09-15T23:52:40+00:00
MATCH-20260426-02142,SUP-20260426-02142,Narciso,Bleu Noir For Him,,supplier_source,3000505,supplier_name_normalisation,0.7,Initial candidate generated from supplier row only. Requires independent verification before approval.,needs_verification,low_supplier_source_only,2026-09-15T23:52:40+00:00
MATCH-20260426-02143,SUP-20260426-02143,Narciso,Narciso Eau De Per,,supplier_source,3000506,supplier_name_normalisation,0.7,Initial candidate generated from supplier row only. Requires independent verification before approval.,needs_verification,low_supplier_source_only,2026-09-15T23:52:40+00:00
MATCH-20260426-02144,SUP-20260426-02144,Narciso,Narciso Rodriguez Men,,supplier_source,3000507,supplier_name_normalisation,0.7,Initial candidate generated from supplier row only. Requires independent verification before approval.,needs_verification,low_supplier_source_only,2026-09-15T23:52:40+00:00
MATCH-20260426-02145,SUP-20260426-02145,Narciso,Narciso Rouge ( Red ),,supplier_source,250146,supplier_name_normalisation,0.7,Initial candidate generated from supplier row only. Requires independent verification before approval.,needs_verification,low_supplier_source_only,2026-09-15T23:52:40+00:00
MATCH-20260426-02146,SUP-20260426-02146,Narciso,OUD Musc,,supplier_source,3000509,supplier_name_normalisation,0.7,Initial candidate generated from supplier row only. Requires independent verification before approval.,needs_verification,low_supplier_source_only,2026-09-15T23:52:40+00:00
MATCH-20260426-02147,SUP-20260426-02147,Narciso,Poudree,,supplier_source,240651,supplier_name_normalisation,0.7,Initial candidate generated from supplier row only. Requires independent verification before approval.,needs_verification,low_supplier_source_only,2026-09-15T23:52:40+00:00
MATCH-20260426-02148,SUP-20260426-02148,Narciso,Pure Musc For Her,,supplier_source,240423,supplier_name_normalisation,0.7,Initial candidate generated from supplier row only. Requires independent verification before approval.,needs_verification,low_supplier_source_only,2026-09-15T23:52:40+00:00
MATCH-20260426-02149,SUP-20260426-02149,Narciso,All Of Me,,supplier_source,DF23F45,supplier_name_normalisation,0.7,Initial candidate generated from supplier row only. Requires independent verification before approval.,needs_verification,low_supplier_source_only,2026-09-15T23:52:40+00:00
MATCH-20260426-02150,SUP-20260426-02150,Narciso,For Him,,supplier_source,240699,supplier_name_normalisation,0.7,Initial candidate generated from supplier row only. Requires independent verification before approval.,needs_verification,low_supplier_source_only,2026-09-15T23:52:40+00:00
MATCH-20260426-02151,SUP-20260426-02151,Nasomatto,Baraonda,,supplier_source,240746,supplier_name_normalisation,0.7,Initial candidate generated from supplier row only. Requires independent verification before approval.,needs_verification,low_supplier_source_only,2026-09-15T23:52:40+00:00
MATCH-20260426-02152,SUP-20260426-02152,Nasomatto,Baraonda,,supplier_source,240270,supplier_name_normalisation,0.7,Initial candidate generated from supplier row only. Requires independent verification before approval.,needs_verification,low_supplier_source_only,2026-09-15T23:52:40+00:00
MATCH-20260426-02153,SUP-20260426-02153,Nasomatto,Black Afgano,,supplier_source,250315,supplier_name_normalisation,0.7,Initial candidate generated from supplier row only. Requires independent verification before approval.,needs_verification,low_supplier_source_only,2026-09-15T23:52:40+00:00
MATCH-20260426-02154,SUP-20260426-02154,Nasomatto,Black Afgano,,supplier_source,250316,supplier_name_normalisation,0.7,Initial candidate generated from supplier row only. Requires independent verification before approval.,needs_verification,low_supplier_source_only,2026-09-15T23:52:40+00:00
MATCH-20260426-02155,SUP-20260426-02155,Nasomatto,Black Afgano,,supplier_source,250317,supplier_name_normalisation,0.7,Initial candidate generated from supplier row only. Requires independent verification before approval.,needs_verification,low_supplier_source_only,2026-09-15T23:52:40+00:00
MATCH-20260426-02156,SUP-20260426-02156,Nasomatto,Black Afgano,,supplier_source,359607,supplier_name_normalisation,0.62,Initial candidate generated from supplier row only. Requires independent verification before approval.,needs_verification,low_supplier_source_only,2026-09-15T23:52:40+00:00
MATCH-20260426-02157,SUP-20260426-02157,Nasomatto,Black Afgano,,supplier_source,359607-A,supplier_name_normalisation,0.62,Initial candidate generated from supplier row only. Requires independent verification before approval.,needs_verification,low_supplier_source_only,2026-09-15T23:52:40+00:00
MATCH-20260426-02158,SUP-20260426-02158,Nasomatto,Black Afgano,,supplier_source,359607-B,supplier_name_normalisation,0.62,Initial candidate generated from supplier row only. Requires independent verification before approval.,needs_verification,low_supplier_source_only,2026-09-15T23:52:40+00:00
MATCH-20260426-02159,SUP-20260426-02159,Nasomatto,Black Afgano,,supplier_source,359607-T,supplier_name_normalisation,0.62,Initial candidate generated from supplier row only. Requires independent verification before approval.,needs_verification,low_supplier_source_only,2026-09-15T23:52:40+00:00
MATCH-20260426-02160,SUP-20260426-02160,Nasomatto,China White,,supplier_source,461187,supplier_name_normalisation,0.62,Initial candidate generated from supplier row only. Requires independent verification before approval.,needs_verification,low_supplier_source_only,2026-09-15T23:52:40+00:00
MATCH-20260426-02161,SUP-20260426-02161,Nasomatto,Narcotic Venus Woman,,supplier_source,339277,supplier_name_normalisation,0.62,Initial candidate generated from supplier row only. Requires independent verification before approval.,needs_verification,low_supplier_source_only,2026-09-15T23:52:40+00:00
MATCH-20260426-02162,SUP-20260426-02162,Nasomatto,Nudiflorum,,supplier_source,339406,supplier_name_normalisation,0.62,Initial candidate generated from supplier row only. Requires independent verification before approval.,needs_verification,low_supplier_source_only,2026-09-15T23:52:40+00:00
MATCH-20260426-02163,SUP-20260426-02163,Nasomatto,Fantomas,,supplier_source,503818,supplier_name_normalisation,0.62,Initial candidate generated from supplier row only. Requires independent verification before approval.,needs_verification,low_supplier_source_only,2026-09-15T23:52:40+00:00
MATCH-20260426-02164,SUP-20260426-02164,Nasomatto,Sadonaso,,supplier_source,344230,supplier_name_normalisation,0.62,Initial candidate generated from supplier row only. Requires independent verification before approval.,needs_verification,low_supplier_source_only,2026-09-15T23:52:40+00:00
MATCH-20260426-02165,SUP-20260426-02165,Nasomatto,Sadonaso,,supplier_source,344230-A,supplier_name_normalisation,0.62,Initial candidate generated from supplier row only. Requires independent verification before approval.,needs_verification,low_supplier_source_only,2026-09-15T23:52:40+00:00
MATCH-20260426-02166,SUP-20260426-02166,Nasomatto,Nudiflorum,,supplier_source,240107,supplier_name_normalisation,0.7,Initial candidate generated from supplier row only. Requires independent verification before approval.,needs_verification,low_supplier_source_only,2026-09-15T23:52:40+00:00
MATCH-20260426-02167,SUP-20260426-02167,Nasomatto,Black Afghano,,supplier_source,3000511,supplier_name_normalisation,0.7,Initial candidate generated from supplier row only. Requires independent verification before approval.,needs_verification,low_supplier_source_only,2026-09-15T23:52:40+00:00
MATCH-20260426-02168,SUP-20260426-02168,Nasomatto,Sadonaso,,supplier_source,3000512,supplier_name_normalisation,0.7,Initial candidate generated from supplier row only. Requires independent verification before approval.,needs_verification,low_supplier_source_only,2026-09-15T23:52:40+00:00
MATCH-20260426-02169,SUP-20260426-02169,Nicolai,Patchouli Intense,,supplier_source,339332-T,supplier_name_normalisation,0.62,Initial candidate generated from supplier row only. Requires independent verification before approval.,needs_verification,low_supplier_source_only,2026-09-15T23:52:40+00:00
MATCH-20260426-02170,SUP-20260426-02170,Nina Ricci,Nina,,supplier_source,240325,supplier_name_normalisation,0.7,Initial candidate generated from supplier row only. Requires independent verification before approval.,needs_verification,low_supplier_source_only,2026-09-15T23:52:40+00:00
MATCH-20260426-02171,SUP-20260426-02171,Nina Ricci,Bella,,supplier_source,3000513,supplier_name_normalisation,0.7,Initial candidate generated from supplier row only. Requires independent verification before approval.,needs_verification,low_supplier_source_only,2026-09-15T23:52:40+00:00
MATCH-20260426-02172,SUP-20260426-02172,Nina Ricci,Luna Blue Apple,,supplier_source,3000514,supplier_name_normalisation,0.7,Initial candidate generated from supplier row only. Requires independent verification before approval.,needs_verification,low_supplier_source_only,2026-09-15T23:52:40+00:00
MATCH-20260426-02173,SUP-20260426-02173,Nina Ricci,Nina Red Apple,,supplier_source,3000515,supplier_name_normalisation,0.7,Initial candidate generated from supplier row only. Requires independent verification before approval.,needs_verification,low_supplier_source_only,2026-09-15T23:52:40+00:00
MATCH-20260426-02174,SUP-20260426-02174,Nina Ricci,Nina Rouge,,supplier_source,3000516,supplier_name_normalisation,0.7,Initial candidate generated from supplier row only. Requires independent verification before approval.,needs_verification,low_supplier_source_only,2026-09-15T23:52:40+00:00
MATCH-20260426-02175,SUP-20260426-02175,Nina Ricci,Nina Extra Rouge,,supplier_source,3000517,supplier_name_normalisation,0.7,Initial candidate generated from supplier row only. Requires independent verification before approval.,needs_verification,low_supplier_source_only,2026-09-15T23:52:40+00:00
MATCH-20260426-02176,SUP-20260426-02176,Nishane,Meant To Be Seen,,supplier_source,250328,supplier_name_normalisation,0.7,Initial candidate generated from supplier row only. Requires independent verification before approval.,needs_verification,low_supplier_source_only,2026-09-15T23:52:40+00:00
MATCH-20260426-02177,SUP-20260426-02177,Nishane,Tero,,supplier_source,240999,supplier_name_normalisation,0.7,Initial candidate generated from supplier row only. Requires independent verification before approval.,needs_verification,low_supplier_source_only,2026-09-15T23:52:40+00:00
MATCH-20260426-02178,SUP-20260426-02178,Nishane,Hacivat OUD,,supplier_source,240957,supplier_name_normalisation,0.7,Initial candidate generated from supplier row only. Requires independent verification before approval.,needs_verification,low_supplier_source_only,2026-09-15T23:52:40+00:00
MATCH-20260426-02179,SUP-20260426-02179,Nishane,Ani X,,supplier_source,240569,supplier_name_normalisation,0.7,Initial candidate generated from supplier row only. Requires independent verification before approval.,needs_verification,low_supplier_source_only,2026-09-15T23:52:40+00:00
MATCH-20260426-02180,SUP-20260426-02180,Nishane,Deziro,,supplier_source,240507,supplier_name_normalisation,0.7,Initial candidate generated from supplier row only. Requires independent verification before approval.,needs_verification,low_supplier_source_only,2026-09-15T23:52:40+00:00
MATCH-20260426-02181,SUP-20260426-02181,Nishane,Sultan Vetiver,,supplier_source,240313,supplier_name_normalisation,0.7,Initial candidate generated from supplier row only. Requires independent verification before approval.,needs_verification,low_supplier_source_only,2026-09-15T23:52:40+00:00
MATCH-20260426-02182,SUP-20260426-02182,Nishane,Nefs,,supplier_source,240437,supplier_name_normalisation,0.7,Initial candidate generated from supplier row only. Requires independent verification before approval.,needs_verification,low_supplier_source_only,2026-09-15T23:52:40+00:00
MATCH-20260426-02183,SUP-20260426-02183,Nishane,Karagoz,,supplier_source,240184,supplier_name_normalisation,0.7,Initial candidate generated from supplier row only. Requires independent verification before approval.,needs_verification,low_supplier_source_only,2026-09-15T23:52:40+00:00
MATCH-20260426-02184,SUP-20260426-02184,Nishane,Fan Your Flames,,supplier_source,240303,supplier_name_normalisation,0.7,Initial candidate generated from supplier row only. Requires independent verification before approval.,needs_verification,low_supplier_source_only,2026-09-15T23:52:40+00:00
MATCH-20260426-02185,SUP-20260426-02185,Nishane,Hacivat,,supplier_source,461860-A,supplier_name_normalisation,0.62,Initial candidate generated from supplier row only. Requires independent verification before approval.,needs_verification,low_supplier_source_only,2026-09-15T23:52:40+00:00
MATCH-20260426-02186,SUP-20260426-02186,Nishane,Hacivat,,supplier_source,240148,supplier_name_normalisation,0.7,Initial candidate generated from supplier row only. Requires independent verification before approval.,needs_verification,low_supplier_source_only,2026-09-15T23:52:40+00:00
MATCH-20260426-02187,SUP-20260426-02187,Nishane,Hundred Silent Ways X,,supplier_source,EFS973,supplier_name_normalisation,0.7,Initial candidate generated from supplier row only. Requires independent verification before approval.,needs_verification,low_supplier_source_only,2026-09-15T23:52:40+00:00
MATCH-20260426-02188,SUP-20260426-02188,Nishane,Hundred Silent Ways,,supplier_source,240108,supplier_name_normalisation,0.7,Initial candidate generated from supplier row only. Requires independent verification before approval.,needs_verification,low_supplier_source_only,2026-09-15T23:52:40+00:00
MATCH-20260426-02189,SUP-20260426-02189,Nishane,Ani,,supplier_source,240126,supplier_name_normalisation,0.7,Initial candidate generated from supplier row only. Requires independent verification before approval.,needs_verification,low_supplier_source_only,2026-09-15T23:52:40+00:00
MATCH-20260426-02190,SUP-20260426-02190,Nishane,Shem,,supplier_source,3000518,supplier_name_normalisation,0.7,Initial candidate generated from supplier row only. Requires independent verification before approval.,needs_verification,low_supplier_source_only,2026-09-15T23:52:40+00:00
MATCH-20260426-02191,SUP-20260426-02191,Nishane,Ambra Calabria,,supplier_source,3000519,supplier_name_normalisation,0.7,Initial candidate generated from supplier row only. Requires independent verification before approval.,needs_verification,low_supplier_source_only,2026-09-15T23:52:40+00:00
MATCH-20260426-02192,SUP-20260426-02192,Nishane,Wulong Cha X,,supplier_source,250303,supplier_name_normalisation,0.7,Initial candidate generated from supplier row only. Requires independent verification before approval.,needs_verification,low_supplier_source_only,2026-09-15T23:52:40+00:00
MATCH-20260426-02193,SUP-20260426-02193,Nishane,Wulong Cha,,supplier_source,240005,supplier_name_normalisation,0.7,Initial candidate generated from supplier row only. Requires independent verification before approval.,needs_verification,low_supplier_source_only,2026-09-15T23:52:40+00:00
MATCH-20260426-02194,SUP-20260426-02194,Nishane,Favonius,,supplier_source,3000521,supplier_name_normalisation,0.7,Initial candidate generated from supplier row only. Requires independent verification before approval.,needs_verification,low_supplier_source_only,2026-09-15T23:52:40+00:00
MATCH-20260426-02195,SUP-20260426-02195,Nishane,Fan Your Flames X,,supplier_source,3000522,supplier_name_normalisation,0.7,Initial candidate generated from supplier row only. Requires independent verification before approval.,needs_verification,low_supplier_source_only,2026-09-15T23:52:40+00:00
MATCH-20260426-02196,SUP-20260426-02196,Nishane,Nishane Hacivat Extrait De Parfum,,supplier_source,3000523,supplier_name_normalisation,0.7,Initial candidate generated from supplier row only. Requires independent verification before approval.,needs_verification,low_supplier_source_only,2026-09-15T23:52:40+00:00
MATCH-20260426-02197,SUP-20260426-02197,Nishane,Nishane Hacivat Extrait De Parfum,,supplier_source,240052,supplier_name_normalisation,0.7,Initial candidate generated from supplier row only. Requires independent verification before approval.,needs_verification,low_supplier_source_only,2026-09-15T23:52:40+00:00
MATCH-20260426-02198,SUP-20260426-02198,Nivea,Nivea Men Paris Saint,,supplier_source,3000524,supplier_name_normalisation,0.7,Initial candidate generated from supplier row only. Requires independent verification before approval.,needs_verification,low_supplier_source_only,2026-09-15T23:52:40+00:00
MATCH-20260426-02199,SUP-20260426-02199,Oman Luxury,Wonderlust,,supplier_source,250291,supplier_name_normalisation,0.7,Initial candidate generated from supplier row only. Requires independent verification before approval.,needs_verification,low_supplier_source_only,2026-09-15T23:52:40+00:00
MATCH-20260426-02200,SUP-20260426-02200,Oman Luxury,Caden,,supplier_source,250280,supplier_name_normalisation,0.7,Initial candidate generated from supplier row only. Requires independent verification before approval.,needs_verification,low_supplier_source_only,2026-09-15T23:52:40+00:00
MATCH-20260426-02201,SUP-20260426-02201,Oman Luxury,Royal Incense,,supplier_source,250011,supplier_name_normalisation,0.7,Initial candidate generated from supplier row only. Requires independent verification before approval.,needs_verification,low_supplier_source_only,2026-09-15T23:52:40+00:00
MATCH-20260426-02202,SUP-20260426-02202,Ormaie,Livree Nuit Extrait,,supplier_source,250404,supplier_name_normalisation,0.7,Initial candidate generated from supplier row only. Requires independent verification before approval.,needs_verification,low_supplier_source_only,2026-09-15T23:52:40+00:00
MATCH-20260426-02203,SUP-20260426-02203,Ormaie,Marque-page,,supplier_source,261138-T,supplier_name_normalisation,0.62,Initial candidate generated from supplier row only. Requires independent verification before approval.,needs_verification,low_supplier_source_only,2026-09-15T23:52:40+00:00
MATCH-20260426-02204,SUP-20260426-02204,Obvious,Une Pistache EDP,,supplier_source,240874,supplier_name_normalisation,0.7,Initial candidate generated from supplier row only. Requires independent verification before approval.,needs_verification,low_supplier_source_only,2026-09-15T23:52:40+00:00
MATCH-20260426-02205,SUP-20260426-02205,Ormonde Jayne,Montabacco Rio 2025,,supplier_source,250115,supplier_name_normalisation,0.7,Initial candidate generated from supplier row only. Requires independent verification before approval.,needs_verification,low_supplier_source_only,2026-09-15T23:52:40+00:00
MATCH-20260426-02206,SUP-20260426-02206,Ormonde Jayne,Ambre Royal,,supplier_source,240719,supplier_name_normalisation,0.7,Initial candidate generated from supplier row only. Requires independent verification before approval.,needs_verification,low_supplier_source_only,2026-09-15T23:52:40+00:00
MATCH-20260426-02207,SUP-20260426-02207,Ormonde Jayne,Montabacco Verano,,supplier_source,240512,supplier_name_normalisation,0.7,Initial candidate generated from supplier row only. Requires independent verification before approval.,needs_verification,low_supplier_source_only,2026-09-15T23:52:40+00:00
MATCH-20260426-02208,SUP-20260426-02208,Ormonde Jayne,Zizan,,supplier_source,240348,supplier_name_normalisation,0.7,Initial candidate generated from supplier row only. Requires independent verification before approval.,needs_verification,low_supplier_source_only,2026-09-15T23:52:40+00:00
MATCH-20260426-02209,SUP-20260426-02209,Ormonde Jayne,Montabaco,,supplier_source,260728-T,supplier_name_normalisation,0.62,Initial candidate generated from supplier row only. Requires independent verification before approval.,needs_verification,low_supplier_source_only,2026-09-15T23:52:40+00:00
MATCH-20260426-02210,SUP-20260426-02210,Ormonde Jayne,Montabaco,,supplier_source,260728,supplier_name_normalisation,0.62,Initial candidate generated from supplier row only. Requires independent verification before approval.,needs_verification,low_supplier_source_only,2026-09-15T23:52:40+00:00
MATCH-20260426-02211,SUP-20260426-02211,Ormonde Jayne,Montabaco,,supplier_source,260728-A,supplier_name_normalisation,0.62,Initial candidate generated from supplier row only. Requires independent verification before approval.,needs_verification,low_supplier_source_only,2026-09-15T23:52:40+00:00
MATCH-20260426-02212,SUP-20260426-02212,Ormonde Jayne,2 Nawab Of Oudh Intensivo,,supplier_source,233510-T,supplier_name_normalisation,0.62,Initial candidate generated from supplier row only. Requires independent verification before approval.,needs_verification,low_supplier_source_only,2026-09-15T23:52:40+00:00
MATCH-20260426-02213,SUP-20260426-02213,Ormonde Jayne,Oudh Flor Parfum (ha,,supplier_source,336318-T,supplier_name_normalisation,0.62,Initial candidate generated from supplier row only. Requires independent verification before approval.,needs_verification,low_supplier_source_only,2026-09-15T23:52:40+00:00
MATCH-20260426-02214,SUP-20260426-02214,Ormonde Jayne,Osmanthus,,supplier_source,240112,supplier_name_normalisation,0.7,Initial candidate generated from supplier row only. Requires independent verification before approval.,needs_verification,low_supplier_source_only,2026-09-15T23:52:40+00:00
MATCH-20260426-02215,SUP-20260426-02215,Orto Parisi,Risvelium,,supplier_source,250050,supplier_name_normalisation,0.7,Initial candidate generated from supplier row only. Requires independent verification before approval.,needs_verification,low_supplier_source_only,2026-09-15T23:52:40+00:00
MATCH-20260426-02216,SUP-20260426-02216,Orto Parisi,Megamare,,supplier_source,503782-A,supplier_name_normalisation,0.62,Initial candidate generated from supplier row only. Requires independent verification before approval.,needs_verification,low_supplier_source_only,2026-09-15T23:52:40+00:00
MATCH-20260426-02217,SUP-20260426-02217,Orto Parisi,Terroni,,supplier_source,343773-A,supplier_name_normalisation,0.62,Initial candidate generated from supplier row only. Requires independent verification before approval.,needs_verification,low_supplier_source_only,2026-09-15T23:52:40+00:00
MATCH-20260426-02218,SUP-20260426-02218,Orto Parisi,Cuoium,,supplier_source,503930-T,supplier_name_normalisation,0.62,Initial candidate generated from supplier row only. Requires independent verification before approval.,needs_verification,low_supplier_source_only,2026-09-15T23:52:40+00:00
MATCH-20260426-02219,SUP-20260426-02219,Orto Parisi,Cuoium,,supplier_source,503930,supplier_name_normalisation,0.62,Initial candidate generated from supplier row only. Requires independent verification before approval.,needs_verification,low_supplier_source_only,2026-09-15T23:52:40+00:00
MATCH-20260426-02220,SUP-20260426-02220,Orto Parisi,Megamare,,supplier_source,3000525,supplier_name_normalisation,0.7,Initial candidate generated from supplier row only. Requires independent verification before approval.,needs_verification,low_supplier_source_only,2026-09-15T23:52:40+00:00
MATCH-20260426-02221,SUP-20260426-02221,Orto Parisi,Megamare,,supplier_source,3000526,supplier_name_normalisation,0.7,Initial candidate generated from supplier row only. Requires independent verification before approval.,needs_verification,low_supplier_source_only,2026-09-15T23:52:40+00:00
MATCH-20260426-02222,SUP-20260426-02222,Orto Parisi,Bergamask,,supplier_source,240081,supplier_name_normalisation,0.7,Initial candidate generated from supplier row only. Requires independent verification before approval.,needs_verification,low_supplier_source_only,2026-09-15T23:52:40+00:00
MATCH-20260426-02223,SUP-20260426-02223,Orto Parisi,Brutus,,supplier_source,3000527,supplier_name_normalisation,0.7,Initial candidate generated from supplier row only. Requires independent verification before approval.,needs_verification,low_supplier_source_only,2026-09-15T23:52:40+00:00
MATCH-20260426-02224,SUP-20260426-02224,Orto Parisi,Seminalis,,supplier_source,3000528,supplier_name_normalisation,0.7,Initial candidate generated from supplier row only. Requires independent verification before approval.,needs_verification,low_supplier_source_only,2026-09-15T23:52:40+00:00
MATCH-20260426-02225,SUP-20260426-02225,Orto Parisi,Stercus,,supplier_source,3000529,supplier_name_normalisation,0.7,Initial candidate generated from supplier row only. Requires independent verification before approval.,needs_verification,low_supplier_source_only,2026-09-15T23:52:40+00:00
MATCH-20260426-02226,SUP-20260426-02226,Orto Parisi,Viride,,supplier_source,240385,supplier_name_normalisation,0.7,Initial candidate generated from supplier row only. Requires independent verification before approval.,needs_verification,low_supplier_source_only,2026-09-15T23:52:40+00:00
MATCH-20260426-02227,SUP-20260426-02227,OUD,OUD Shams,,supplier_source,343973,supplier_name_normalisation,0.62,Initial candidate generated from supplier row only. Requires independent verification before approval.,needs_verification,low_supplier_source_only,2026-09-15T23:52:40+00:00
MATCH-20260426-02228,SUP-20260426-02228,OUD,Dahnal OUD Asami,,supplier_source,3000530,supplier_name_normalisation,0.7,Initial candidate generated from supplier row only. Requires independent verification before approval.,needs_verification,low_supplier_source_only,2026-09-15T23:52:40+00:00
MATCH-20260426-02229,SUP-20260426-02229,OUD,Dahnal OUD Bormi,,supplier_source,3000531,supplier_name_normalisation,0.7,Initial candidate generated from supplier row only. Requires independent verification before approval.,needs_verification,low_supplier_source_only,2026-09-15T23:52:40+00:00
MATCH-20260426-02230,SUP-20260426-02230,OUD,Dahnal OUD Combodi,,supplier_source,3000532,supplier_name_normalisation,0.7,Initial candidate generated from supplier row only. Requires independent verification before approval.,needs_verification,low_supplier_source_only,2026-09-15T23:52:40+00:00
MATCH-20260426-02231,SUP-20260426-02231,OUD,Dahnal OUD Supar,,supplier_source,3000533,supplier_name_normalisation,0.7,Initial candidate generated from supplier row only. Requires independent verification before approval.,needs_verification,low_supplier_source_only,2026-09-15T23:52:40+00:00
MATCH-20260426-02232,SUP-20260426-02232,OUD,OUD Saudi,,supplier_source,3000534,supplier_name_normalisation,0.7,Initial candidate generated from supplier row only. Requires independent verification before approval.,needs_verification,low_supplier_source_only,2026-09-15T23:52:40+00:00
MATCH-20260426-02233,SUP-20260426-02233,OUD,Dahnal OUD Kalakasi,,supplier_source,3000535,supplier_name_normalisation,0.7,Initial candidate generated from supplier row only. Requires independent verification before approval.,needs_verification,low_supplier_source_only,2026-09-15T23:52:40+00:00
MATCH-20260426-02234,SUP-20260426-02234,OUD Al Mas,OUD Al Mas,,supplier_source,3000536,supplier_name_normalisation,0.7,Initial candidate generated from supplier row only. Requires independent verification before approval.,needs_verification,low_supplier_source_only,2026-09-15T23:52:40+00:00
MATCH-20260426-02235,SUP-20260426-02235,OUD Al,OUD Al Mubakhar,,supplier_source,3000537,supplier_name_normalisation,0.7,Initial candidate generated from supplier row only. Requires independent verification before approval.,needs_verification,low_supplier_source_only,2026-09-15T23:52:40+00:00
MATCH-20260426-02236,SUP-20260426-02236,OUD Balla,OUD Balla,,supplier_source,3000538,supplier_name_normalisation,0.7,Initial candidate generated from supplier row only. Requires independent verification before approval.,needs_verification,low_supplier_source_only,2026-09-15T23:52:40+00:00
MATCH-20260426-02237,SUP-20260426-02237,OUD Balla Top,OUD Balla,,supplier_source,3000539,supplier_name_normalisation,0.7,Initial candidate generated from supplier row only. Requires independent verification before approval.,needs_verification,low_supplier_source_only,2026-09-15T23:52:40+00:00
MATCH-20260426-02238,SUP-20260426-02238,OUD Collection,OUD Collection,,supplier_source,3000541,supplier_name_normalisation,0.7,Initial candidate generated from supplier row only. Requires independent verification before approval.,needs_verification,low_supplier_source_only,2026-09-15T23:52:40+00:00
MATCH-20260426-02239,SUP-20260426-02239,OUD Hamddan,OUD Hamddan,,supplier_source,3000542,supplier_name_normalisation,0.7,Initial candidate generated from supplier row only. Requires independent verification before approval.,needs_verification,low_supplier_source_only,2026-09-15T23:52:40+00:00
MATCH-20260426-02240,SUP-20260426-02240,OUD Laosi,OUD Laosi,,supplier_source,3000543,supplier_name_normalisation,0.7,Initial candidate generated from supplier row only. Requires independent verification before approval.,needs_verification,low_supplier_source_only,2026-09-15T23:52:40+00:00
MATCH-20260426-02241,SUP-20260426-02241,OUD Mitaliya Rs,OUD Mitaliya Rs,,supplier_source,3000544,supplier_name_normalisation,0.7,Initial candidate generated from supplier row only. Requires independent verification before approval.,needs_verification,low_supplier_source_only,2026-09-15T23:52:40+00:00
MATCH-20260426-02242,SUP-20260426-02242,Oudh Boya Nt,Oudh Boya Nt Abs,,supplier_source,3000545,supplier_name_normalisation,0.7,Initial candidate generated from supplier row only. Requires independent verification before approval.,needs_verification,low_supplier_source_only,2026-09-15T23:52:40+00:00
MATCH-20260426-02243,SUP-20260426-02243,Paco Rabanne,Million Gold Elixir,,supplier_source,250058,supplier_name_normalisation,0.7,Initial candidate generated from supplier row only. Requires independent verification before approval.,needs_verification,low_supplier_source_only,2026-09-15T23:52:40+00:00
MATCH-20260426-02244,SUP-20260426-02244,Paco Rabanne,Fame In Love,,supplier_source,250375,supplier_name_normalisation,0.7,Initial candidate generated from supplier row only. Requires independent verification before approval.,needs_verification,low_supplier_source_only,2026-09-15T23:52:40+00:00
MATCH-20260426-02245,SUP-20260426-02245,Paco Rabanne,Invictus Victory Absolu 2025,,supplier_source,250201,supplier_name_normalisation,0.7,Initial candidate generated from supplier row only. Requires independent verification before approval.,needs_verification,low_supplier_source_only,2026-09-15T23:52:40+00:00
MATCH-20260426-02246,SUP-20260426-02246,Paco Rabanne,Dandy Me,,supplier_source,250076,supplier_name_normalisation,0.7,Initial candidate generated from supplier row only. Requires independent verification before approval.,needs_verification,low_supplier_source_only,2026-09-15T23:52:40+00:00
MATCH-20260426-02247,SUP-20260426-02247,Paco Rabanne,Invictus Victory Absolu,,supplier_source,250044,supplier_name_normalisation,0.7,Initial candidate generated from supplier row only. Requires independent verification before approval.,needs_verification,low_supplier_source_only,2026-09-15T23:52:40+00:00
MATCH-20260426-02248,SUP-20260426-02248,Paco Rabanne,Olympea Absolu,,supplier_source,250038,supplier_name_normalisation,0.7,Initial candidate generated from supplier row only. Requires independent verification before approval.,needs_verification,low_supplier_source_only,2026-09-15T23:52:40+00:00
MATCH-20260426-02249,SUP-20260426-02249,Paco Rabanne,Million Gold For Her Pure Jasmine,,supplier_source,240980,supplier_name_normalisation,0.7,Initial candidate generated from supplier row only. Requires independent verification before approval.,needs_verification,low_supplier_source_only,2026-09-15T23:52:40+00:00
MATCH-20260426-02250,SUP-20260426-02250,Paco Rabanne,Million Gold,,supplier_source,240499,supplier_name_normalisation,0.7,Initial candidate generated from supplier row only. Requires independent verification before approval.,needs_verification,low_supplier_source_only,2026-09-15T23:52:40+00:00
MATCH-20260426-02251,SUP-20260426-02251,Paco Rabanne,Phanthom Elixir,,supplier_source,240819,supplier_name_normalisation,0.7,Initial candidate generated from supplier row only. Requires independent verification before approval.,needs_verification,low_supplier_source_only,2026-09-15T23:52:40+00:00
MATCH-20260426-02252,SUP-20260426-02252,Paco Rabanne,Fame Intense,,supplier_source,240652,supplier_name_normalisation,0.7,Initial candidate generated from supplier row only. Requires independent verification before approval.,needs_verification,low_supplier_source_only,2026-09-15T23:52:40+00:00
MATCH-20260426-02253,SUP-20260426-02253,Paco Rabanne,Million Gold For Her,,supplier_source,240581,supplier_name_normalisation,0.7,Initial candidate generated from supplier row only. Requires independent verification before approval.,needs_verification,low_supplier_source_only,2026-09-15T23:52:40+00:00
MATCH-20260426-02254,SUP-20260426-02254,Paco Rabanne,One Million Royal,,supplier_source,240552,supplier_name_normalisation,0.7,Initial candidate generated from supplier row only. Requires independent verification before approval.,needs_verification,low_supplier_source_only,2026-09-15T23:52:40+00:00
MATCH-20260426-02255,SUP-20260426-02255,Paco Rabanne,Black Xs,,supplier_source,606822-C,supplier_name_normalisation,0.62,Initial candidate generated from supplier row only. Requires independent verification before approval.,needs_verification,low_supplier_source_only,2026-09-15T23:52:40+00:00
MATCH-20260426-02256,SUP-20260426-02256,Paco Rabanne,Ebony Abundance/excess,,supplier_source,340170-B,supplier_name_normalisation,0.62,Initial candidate generated from supplier row only. Requires independent verification before approval.,needs_verification,low_supplier_source_only,2026-09-15T23:52:40+00:00
MATCH-20260426-02257,SUP-20260426-02257,Paco Rabanne,Ebony Abundance/excess,,supplier_source,340170-C,supplier_name_normalisation,0.62,Initial candidate generated from supplier row only. Requires independent verification before approval.,needs_verification,low_supplier_source_only,2026-09-15T23:52:40+00:00
MATCH-20260426-02258,SUP-20260426-02258,Paco Rabanne,Black Excess,,supplier_source,240729,supplier_name_normalisation,0.7,Initial candidate generated from supplier row only. Requires independent verification before approval.,needs_verification,low_supplier_source_only,2026-09-15T23:52:40+00:00
MATCH-20260426-02259,SUP-20260426-02259,Paco Rabanne,Invictus,,supplier_source,240182,supplier_name_normalisation,0.7,Initial candidate generated from supplier row only. Requires independent verification before approval.,needs_verification,low_supplier_source_only,2026-09-15T23:52:40+00:00
MATCH-20260426-02260,SUP-20260426-02260,Paco Rabanne,Invictus LZ,,supplier_source,230790-AH,supplier_name_normalisation,0.62,Initial candidate generated from supplier row only. Requires independent verification before approval.,needs_verification,low_supplier_source_only,2026-09-15T23:52:40+00:00
MATCH-20260426-02261,SUP-20260426-02261,Paco Rabanne,Olympea Blossom,,supplier_source,233459-A,supplier_name_normalisation,0.62,Initial candidate generated from supplier row only. Requires independent verification before approval.,needs_verification,low_supplier_source_only,2026-09-15T23:52:40+00:00
MATCH-20260426-02262,SUP-20260426-02262,Paco Rabanne,Olympea Flor,,supplier_source,354299-A,supplier_name_normalisation,0.62,Initial candidate generated from supplier row only. Requires independent verification before approval.,needs_verification,low_supplier_source_only,2026-09-15T23:52:40+00:00
MATCH-20260426-02263,SUP-20260426-02263,Paco Rabanne,Lady Million,,supplier_source,240421,supplier_name_normalisation,0.7,Initial candidate generated from supplier row only. Requires independent verification before approval.,needs_verification,low_supplier_source_only,2026-09-15T23:52:40+00:00
MATCH-20260426-02264,SUP-20260426-02264,Paco Rabanne,Lady Million,,supplier_source,650103-A,supplier_name_normalisation,0.62,Initial candidate generated from supplier row only. Requires independent verification before approval.,needs_verification,low_supplier_source_only,2026-09-15T23:52:40+00:00
MATCH-20260426-02265,SUP-20260426-02265,Paco Rabanne,Lady Million,,supplier_source,650103-T,supplier_name_normalisation,0.62,Initial candidate generated from supplier row only. Requires independent verification before approval.,needs_verification,low_supplier_source_only,2026-09-15T23:52:40+00:00
MATCH-20260426-02266,SUP-20260426-02266,Paco Rabanne,1 Million Elixir,,supplier_source,354120,supplier_name_normalisation,0.62,Initial candidate generated from supplier row only. Requires independent verification before approval.,needs_verification,low_supplier_source_only,2026-09-15T23:52:40+00:00
MATCH-20260426-02267,SUP-20260426-02267,Paco Rabanne,Invictus Platinum,,supplier_source,240234,supplier_name_normalisation,0.7,Initial candidate generated from supplier row only. Requires independent verification before approval.,needs_verification,low_supplier_source_only,2026-09-15T23:52:40+00:00
MATCH-20260426-02268,SUP-20260426-02268,Paco Rabanne,Invictus Platinum,,supplier_source,336174-T,supplier_name_normalisation,0.62,Initial candidate generated from supplier row only. Requires independent verification before approval.,needs_verification,low_supplier_source_only,2026-09-15T23:52:40+00:00
MATCH-20260426-02269,SUP-20260426-02269,Paco Rabanne,Fame,,supplier_source,462298,supplier_name_normalisation,0.62,Initial candidate generated from supplier row only. Requires independent verification before approval.,needs_verification,low_supplier_source_only,2026-09-15T23:52:40+00:00
MATCH-20260426-02270,SUP-20260426-02270,Paco Rabanne,1 Million Lucky,,supplier_source,240443,supplier_name_normalisation,0.7,Initial candidate generated from supplier row only. Requires independent verification before approval.,needs_verification,low_supplier_source_only,2026-09-15T23:52:40+00:00
MATCH-20260426-02271,SUP-20260426-02271,Paco Rabanne,1 Million,,supplier_source,240181,supplier_name_normalisation,0.7,Initial candidate generated from supplier row only. Requires independent verification before approval.,needs_verification,low_supplier_source_only,2026-09-15T23:52:40+00:00
MATCH-20260426-02272,SUP-20260426-02272,Paco Rabanne,1 Million,,supplier_source,250104,supplier_name_normalisation,0.7,Initial candidate generated from supplier row only. Requires independent verification before approval.,needs_verification,low_supplier_source_only,2026-09-15T23:52:40+00:00
MATCH-20260426-02273,SUP-20260426-02273,Paco Rabanne,Phantom Parfume,,supplier_source,240634,supplier_name_normalisation,0.7,Initial candidate generated from supplier row only. Requires independent verification before approval.,needs_verification,low_supplier_source_only,2026-09-15T23:52:40+00:00
MATCH-20260426-02274,SUP-20260426-02274,Paco Rabanne,Phantom Parfume,,supplier_source,240137,supplier_name_normalisation,0.7,Initial candidate generated from supplier row only. Requires independent verification before approval.,needs_verification,low_supplier_source_only,2026-09-15T23:52:40+00:00
MATCH-20260426-02275,SUP-20260426-02275,Paco Rabanne,1 Million Golden OUD,,supplier_source,240574,supplier_name_normalisation,0.7,Initial candidate generated from supplier row only. Requires independent verification before approval.,needs_verification,low_supplier_source_only,2026-09-15T23:52:40+00:00
MATCH-20260426-02276,SUP-20260426-02276,Paco Rabanne,Black Xs La For Her,,supplier_source,3000546,supplier_name_normalisation,0.7,Initial candidate generated from supplier row only. Requires independent verification before approval.,needs_verification,low_supplier_source_only,2026-09-15T23:52:40+00:00
MATCH-20260426-02277,SUP-20260426-02277,Paco Rabanne,Dangerous Me,,supplier_source,3000550,supplier_name_normalisation,0.7,Initial candidate generated from supplier row only. Requires independent verification before approval.,needs_verification,low_supplier_source_only,2026-09-15T23:52:40+00:00
MATCH-20260426-02278,SUP-20260426-02278,Paco Rabanne,Erotic Me,,supplier_source,3000551,supplier_name_normalisation,0.7,Initial candidate generated from supplier row only. Requires independent verification before approval.,needs_verification,low_supplier_source_only,2026-09-15T23:52:40+00:00
MATCH-20260426-02279,SUP-20260426-02279,Paco Rabanne,Invictus Aqua 2024,,supplier_source,240575,supplier_name_normalisation,0.7,Initial candidate generated from supplier row only. Requires independent verification before approval.,needs_verification,low_supplier_source_only,2026-09-15T23:52:40+00:00
MATCH-20260426-02280,SUP-20260426-02280,Paco Rabanne,Invictus Aqua,,supplier_source,3000553,supplier_name_normalisation,0.7,Initial candidate generated from supplier row only. Requires independent verification before approval.,needs_verification,low_supplier_source_only,2026-09-15T23:52:40+00:00
MATCH-20260426-02281,SUP-20260426-02281,Paco Rabanne,Invictus Legend,,supplier_source,3000554,supplier_name_normalisation,0.7,Initial candidate generated from supplier row only. Requires independent verification before approval.,needs_verification,low_supplier_source_only,2026-09-15T23:52:40+00:00
MATCH-20260426-02282,SUP-20260426-02282,Paco Rabanne,Lady Million Empire,,supplier_source,3000555,supplier_name_normalisation,0.7,Initial candidate generated from supplier row only. Requires independent verification before approval.,needs_verification,low_supplier_source_only,2026-09-15T23:52:40+00:00
MATCH-20260426-02283,SUP-20260426-02283,Paco Rabanne,Lady Million Lucky,,supplier_source,3000556,supplier_name_normalisation,0.7,Initial candidate generated from supplier row only. Requires independent verification before approval.,needs_verification,low_supplier_source_only,2026-09-15T23:52:40+00:00
MATCH-20260426-02284,SUP-20260426-02284,Paco Rabanne,Olympea,,supplier_source,240584,supplier_name_normalisation,0.7,Initial candidate generated from supplier row only. Requires independent verification before approval.,needs_verification,low_supplier_source_only,2026-09-15T23:52:40+00:00
MATCH-20260426-02285,SUP-20260426-02285,Paco Rabanne,Olympea Legend,,supplier_source,3000557,supplier_name_normalisation,0.7,Initial candidate generated from supplier row only. Requires independent verification before approval.,needs_verification,low_supplier_source_only,2026-09-15T23:52:40+00:00
MATCH-20260426-02286,SUP-20260426-02286,Paco Rabanne,Pure Xs,,supplier_source,3000558,supplier_name_normalisation,0.7,Initial candidate generated from supplier row only. Requires independent verification before approval.,needs_verification,low_supplier_source_only,2026-09-15T23:52:40+00:00
MATCH-20260426-02287,SUP-20260426-02287,Paco Rabanne,Strong Me,,supplier_source,3000559,supplier_name_normalisation,0.7,Initial candidate generated from supplier row only. Requires independent verification before approval.,needs_verification,low_supplier_source_only,2026-09-15T23:52:40+00:00
MATCH-20260426-02288,SUP-20260426-02288,Paco Rabanne,1 Million Parfum,,supplier_source,3000560,supplier_name_normalisation,0.7,Initial candidate generated from supplier row only. Requires independent verification before approval.,needs_verification,low_supplier_source_only,2026-09-15T23:52:40+00:00
MATCH-20260426-02289,SUP-20260426-02289,Paco Rabanne,Lady Million Fabulous,,supplier_source,3000561,supplier_name_normalisation,0.7,Initial candidate generated from supplier row only. Requires independent verification before approval.,needs_verification,low_supplier_source_only,2026-09-15T23:52:40+00:00
MATCH-20260426-02290,SUP-20260426-02290,Paco Rabanne,Phantom,,supplier_source,3000562,supplier_name_normalisation,0.7,Initial candidate generated from supplier row only. Requires independent verification before approval.,needs_verification,low_supplier_source_only,2026-09-15T23:52:40+00:00
MATCH-20260426-02291,SUP-20260426-02291,Paco Rabanne,Invictus Victory Elixir,,supplier_source,240155,supplier_name_normalisation,0.7,Initial candidate generated from supplier row only. Requires independent verification before approval.,needs_verification,low_supplier_source_only,2026-09-15T23:52:40+00:00
MATCH-20260426-02292,SUP-20260426-02292,Paco Rabanne,Invictus Victory,,supplier_source,240390,supplier_name_normalisation,0.7,Initial candidate generated from supplier row only. Requires independent verification before approval.,needs_verification,low_supplier_source_only,2026-09-15T23:52:40+00:00
MATCH-20260426-02293,SUP-20260426-02293,Paco Rabanne,Invictus Onyx,,supplier_source,3000563,supplier_name_normalisation,0.7,Initial candidate generated from supplier row only. Requires independent verification before approval.,needs_verification,low_supplier_source_only,2026-09-15T23:52:40+00:00
MATCH-20260426-02294,SUP-20260426-02294,Phlur,Vanilla Nectar,,supplier_source,250426,supplier_name_normalisation,0.7,Initial candidate generated from supplier row only. Requires independent verification before approval.,needs_verification,low_supplier_source_only,2026-09-15T23:52:40+00:00
MATCH-20260426-02295,SUP-20260426-02295,Phlur,Beach Skin,,supplier_source,250391,supplier_name_normalisation,0.7,Initial candidate generated from supplier row only. Requires independent verification before approval.,needs_verification,low_supplier_source_only,2026-09-15T23:52:40+00:00
MATCH-20260426-02296,SUP-20260426-02296,Phlur,Peach Skin,,supplier_source,250309,supplier_name_normalisation,0.7,Initial candidate generated from supplier row only. Requires independent verification before approval.,needs_verification,low_supplier_source_only,2026-09-15T23:52:40+00:00
MATCH-20260426-02297,SUP-20260426-02297,Parfums De Marly,Athenais,,supplier_source,250476,supplier_name_normalisation,0.7,Initial candidate generated from supplier row only. Requires independent verification before approval.,needs_verification,low_supplier_source_only,2026-09-15T23:52:40+00:00
MATCH-20260426-02298,SUP-20260426-02298,Parfums De Marly,Eragon,,supplier_source,250302,supplier_name_normalisation,0.7,Initial candidate generated from supplier row only. Requires independent verification before approval.,needs_verification,low_supplier_source_only,2026-09-15T23:52:40+00:00
MATCH-20260426-02299,SUP-20260426-02299,Parfums De Marly,Valero,,supplier_source,250301,supplier_name_normalisation,0.7,Initial candidate generated from supplier row only. Requires independent verification before approval.,needs_verification,low_supplier_source_only,2026-09-15T23:52:40+00:00
MATCH-20260426-02300,SUP-20260426-02300,Parfums De Marly,Castley,,supplier_source,250098,supplier_name_normalisation,0.7,Initial candidate generated from supplier row only. Requires independent verification before approval.,needs_verification,low_supplier_source_only,2026-09-15T23:52:40+00:00
MATCH-20260426-02301,SUP-20260426-02301,Parfums De Marly,Castley,,supplier_source,250132,supplier_name_normalisation,0.7,Initial candidate generated from supplier row only. Requires independent verification before approval.,needs_verification,low_supplier_source_only,2026-09-15T23:52:40+00:00
MATCH-20260426-02302,SUP-20260426-02302,Parfums De Marly,Valaya Exclusif,,supplier_source,250019,supplier_name_normalisation,0.7,Initial candidate generated from supplier row only. Requires independent verification before approval.,needs_verification,low_supplier_source_only,2026-09-15T23:52:40+00:00
MATCH-20260426-02303,SUP-20260426-02303,Parfums De Marly,Althalia,,supplier_source,240797,supplier_name_normalisation,0.7,Initial candidate generated from supplier row only. Requires independent verification before approval.,needs_verification,low_supplier_source_only,2026-09-15T23:52:40+00:00
MATCH-20260426-02304,SUP-20260426-02304,Parfums De Marly,Palatine,,supplier_source,240526,supplier_name_normalisation,0.7,Initial candidate generated from supplier row only. Requires independent verification before approval.,needs_verification,low_supplier_source_only,2026-09-15T23:52:40+00:00
MATCH-20260426-02305,SUP-20260426-02305,Parfums De Marly,Casilli,,supplier_source,240414,supplier_name_normalisation,0.7,Initial candidate generated from supplier row only. Requires independent verification before approval.,needs_verification,low_supplier_source_only,2026-09-15T23:52:40+00:00
MATCH-20260426-02306,SUP-20260426-02306,Parfums De Marly,Herod,,supplier_source,240412,supplier_name_normalisation,0.7,Initial candidate generated from supplier row only. Requires independent verification before approval.,needs_verification,low_supplier_source_only,2026-09-15T23:52:40+00:00
MATCH-20260426-02307,SUP-20260426-02307,Parfums De Marly,Percival,,supplier_source,240361,supplier_name_normalisation,0.7,Initial candidate generated from supplier row only. Requires independent verification before approval.,needs_verification,low_supplier_source_only,2026-09-15T23:52:40+00:00
MATCH-20260426-02308,SUP-20260426-02308,Parfums De Marly,Persus,,supplier_source,240204,supplier_name_normalisation,0.7,Initial candidate generated from supplier row only. Requires independent verification before approval.,needs_verification,low_supplier_source_only,2026-09-15T23:52:40+00:00
MATCH-20260426-02309,SUP-20260426-02309,Parfums De Marly,Althair,,supplier_source,240633,supplier_name_normalisation,0.7,Initial candidate generated from supplier row only. Requires independent verification before approval.,needs_verification,low_supplier_source_only,2026-09-15T23:52:40+00:00
MATCH-20260426-02310,SUP-20260426-02310,Parfums De Marly,Althair,,supplier_source,240041,supplier_name_normalisation,0.45,Initial candidate generated from supplier row only. Requires independent verification before approval.,needs_verification,low_supplier_source_only,2026-09-15T23:52:40+00:00
MATCH-20260426-02311,SUP-20260426-02311,Parfums De Marly,Carlisle,,supplier_source,240206,supplier_name_normalisation,0.7,Initial candidate generated from supplier row only. Requires independent verification before approval.,needs_verification,low_supplier_source_only,2026-09-15T23:52:40+00:00
MATCH-20260426-02312,SUP-20260426-02312,Parfums De Marly,Pegasus,,supplier_source,240073,supplier_name_normalisation,0.7,Initial candidate generated from supplier row only. Requires independent verification before approval.,needs_verification,low_supplier_source_only,2026-09-15T23:52:40+00:00
MATCH-20260426-02313,SUP-20260426-02313,Parfumes De,Haltane,,supplier_source,240595,supplier_name_normalisation,0.7,Initial candidate generated from supplier row only. Requires independent verification before approval.,needs_verification,low_supplier_source_only,2026-09-15T23:52:40+00:00
MATCH-20260426-02314,SUP-20260426-02314,Parfumes De,Haltane,,supplier_source,234078,supplier_name_normalisation,0.62,Initial candidate generated from supplier row only. Requires independent verification before approval.,needs_verification,low_supplier_source_only,2026-09-15T23:52:40+00:00
MATCH-20260426-02315,SUP-20260426-02315,Parfumes De,Layton Exclusif,,supplier_source,240264,supplier_name_normalisation,0.7,Initial candidate generated from supplier row only. Requires independent verification before approval.,needs_verification,low_supplier_source_only,2026-09-15T23:52:40+00:00
MATCH-20260426-02316,SUP-20260426-02316,Parfumes De,Delina Exclusif,,supplier_source,3000564,supplier_name_normalisation,0.7,Initial candidate generated from supplier row only. Requires independent verification before approval.,needs_verification,low_supplier_source_only,2026-09-15T23:52:40+00:00
MATCH-20260426-02317,SUP-20260426-02317,Parfumes De,Delina Exclusif,,supplier_source,240046,supplier_name_normalisation,0.7,Initial candidate generated from supplier row only. Requires independent verification before approval.,needs_verification,low_supplier_source_only,2026-09-15T23:52:40+00:00
MATCH-20260426-02318,SUP-20260426-02318,Parfumes De,Sedley,,supplier_source,240302,supplier_name_normalisation,0.7,Initial candidate generated from supplier row only. Requires independent verification before approval.,needs_verification,low_supplier_source_only,2026-09-15T23:52:40+00:00
MATCH-20260426-02319,SUP-20260426-02319,Parfumes De,Sedley,,supplier_source,503864,supplier_name_normalisation,0.62,Initial candidate generated from supplier row only. Requires independent verification before approval.,needs_verification,low_supplier_source_only,2026-09-15T23:52:40+00:00
MATCH-20260426-02320,SUP-20260426-02320,Parfums De,Shagya,,supplier_source,261092-T,supplier_name_normalisation,0.62,Initial candidate generated from supplier row only. Requires independent verification before approval.,needs_verification,low_supplier_source_only,2026-09-15T23:52:40+00:00
MATCH-20260426-02321,SUP-20260426-02321,Parfums De,Sedbury,,supplier_source,680247-XX,supplier_name_normalisation,0.62,Initial candidate generated from supplier row only. Requires independent verification before approval.,needs_verification,low_supplier_source_only,2026-09-15T23:52:40+00:00
MATCH-20260426-02322,SUP-20260426-02322,Parfums De,Darcy,,supplier_source,694434,supplier_name_normalisation,0.62,Initial candidate generated from supplier row only. Requires independent verification before approval.,needs_verification,low_supplier_source_only,2026-09-15T23:52:40+00:00
MATCH-20260426-02323,SUP-20260426-02323,Parfums De,Sfand,,supplier_source,233560,supplier_name_normalisation,0.62,Initial candidate generated from supplier row only. Requires independent verification before approval.,needs_verification,low_supplier_source_only,2026-09-15T23:52:40+00:00
MATCH-20260426-02324,SUP-20260426-02324,Parfums De,Oajan,,supplier_source,233522,supplier_name_normalisation,0.62,Initial candidate generated from supplier row only. Requires independent verification before approval.,needs_verification,low_supplier_source_only,2026-09-15T23:52:40+00:00
MATCH-20260426-02325,SUP-20260426-02325,Parfums De,Nisean,,supplier_source,694430,supplier_name_normalisation,0.62,Initial candidate generated from supplier row only. Requires independent verification before approval.,needs_verification,low_supplier_source_only,2026-09-15T23:52:40+00:00
MATCH-20260426-02326,SUP-20260426-02326,Parfums De,Meliora,,supplier_source,353760,supplier_name_normalisation,0.62,Initial candidate generated from supplier row only. Requires independent verification before approval.,needs_verification,low_supplier_source_only,2026-09-15T23:52:40+00:00
MATCH-20260426-02327,SUP-20260426-02327,Parfums De,Galloway,,supplier_source,694431,supplier_name_normalisation,0.62,Initial candidate generated from supplier row only. Requires independent verification before approval.,needs_verification,low_supplier_source_only,2026-09-15T23:52:40+00:00
MATCH-20260426-02328,SUP-20260426-02328,Parfums De,Valaya,,supplier_source,336329,supplier_name_normalisation,0.62,Initial candidate generated from supplier row only. Requires independent verification before approval.,needs_verification,low_supplier_source_only,2026-09-15T23:52:40+00:00
MATCH-20260426-02329,SUP-20260426-02329,Parfums De,Valaya,,supplier_source,240573,supplier_name_normalisation,0.7,Initial candidate generated from supplier row only. Requires independent verification before approval.,needs_verification,low_supplier_source_only,2026-09-15T23:52:40+00:00
MATCH-20260426-02330,SUP-20260426-02330,Parfums De,Greenly,,supplier_source,240175,supplier_name_normalisation,0.7,Initial candidate generated from supplier row only. Requires independent verification before approval.,needs_verification,low_supplier_source_only,2026-09-15T23:52:40+00:00
MATCH-20260426-02331,SUP-20260426-02331,Parfums De,Greenly,,supplier_source,354056-T,supplier_name_normalisation,0.62,Initial candidate generated from supplier row only. Requires independent verification before approval.,needs_verification,low_supplier_source_only,2026-09-15T23:52:40+00:00
MATCH-20260426-02332,SUP-20260426-02332,Parfums De,Ispazon,,supplier_source,233500,supplier_name_normalisation,0.62,Initial candidate generated from supplier row only. Requires independent verification before approval.,needs_verification,low_supplier_source_only,2026-09-15T23:52:40+00:00
MATCH-20260426-02333,SUP-20260426-02333,Parfums De,Oriana,,supplier_source,503894,supplier_name_normalisation,0.62,Initial candidate generated from supplier row only. Requires independent verification before approval.,needs_verification,low_supplier_source_only,2026-09-15T23:52:40+00:00
MATCH-20260426-02334,SUP-20260426-02334,Parfums De,Delina La Roses,,supplier_source,240210,supplier_name_normalisation,0.7,Initial candidate generated from supplier row only. Requires independent verification before approval.,needs_verification,low_supplier_source_only,2026-09-15T23:52:40+00:00
MATCH-20260426-02335,SUP-20260426-02335,Parfums De,Pegasus Exclusif,,supplier_source,240144,supplier_name_normalisation,0.7,Initial candidate generated from supplier row only. Requires independent verification before approval.,needs_verification,low_supplier_source_only,2026-09-15T23:52:40+00:00
MATCH-20260426-02336,SUP-20260426-02336,Parfums De,Kalan,,supplier_source,240916,supplier_name_normalisation,0.7,Initial candidate generated from supplier row only. Requires independent verification before approval.,needs_verification,low_supplier_source_only,2026-09-15T23:52:40+00:00
MATCH-20260426-02337,SUP-20260426-02337,Perfumes De,Delina,,supplier_source,240171,supplier_name_normalisation,0.7,Initial candidate generated from supplier row only. Requires independent verification before approval.,needs_verification,low_supplier_source_only,2026-09-15T23:52:40+00:00
MATCH-20260426-02338,SUP-20260426-02338,Perfums De Marly,Layton,,supplier_source,240411,supplier_name_normalisation,0.7,Initial candidate generated from supplier row only. Requires independent verification before approval.,needs_verification,low_supplier_source_only,2026-09-15T23:52:40+00:00
MATCH-20260426-02339,SUP-20260426-02339,Paris Hilton,Hotel,,supplier_source,346720-A,supplier_name_normalisation,0.62,Initial candidate generated from supplier row only. Requires independent verification before approval.,needs_verification,low_supplier_source_only,2026-09-15T23:52:40+00:00
MATCH-20260426-02340,SUP-20260426-02340,Paris Hilton,Paris Hilton,,supplier_source,240770,supplier_name_normalisation,0.7,Initial candidate generated from supplier row only. Requires independent verification before approval.,needs_verification,low_supplier_source_only,2026-09-15T23:52:40+00:00
MATCH-20260426-02341,SUP-20260426-02341,Patchouli,Patchouli,,supplier_source,3000567,supplier_name_normalisation,0.7,Initial candidate generated from supplier row only. Requires independent verification before approval.,needs_verification,low_supplier_source_only,2026-09-15T23:52:40+00:00
MATCH-20260426-02342,SUP-20260426-02342,Patchouli,Patchouli Pure,,supplier_source,3000568,supplier_name_normalisation,0.7,Initial candidate generated from supplier row only. Requires independent verification before approval.,needs_verification,low_supplier_source_only,2026-09-15T23:52:40+00:00
MATCH-20260426-02343,SUP-20260426-02343,Penhaligons,The Cut,,supplier_source,250431,supplier_name_normalisation,0.7,Initial candidate generated from supplier row only. Requires independent verification before approval.,needs_verification,low_supplier_source_only,2026-09-15T23:52:40+00:00
MATCH-20260426-02344,SUP-20260426-02344,Penhaligons,Mr Harrod,,supplier_source,250362,supplier_name_normalisation,0.7,Initial candidate generated from supplier row only. Requires independent verification before approval.,needs_verification,low_supplier_source_only,2026-09-15T23:52:40+00:00
MATCH-20260426-02345,SUP-20260426-02345,Penhaligons,Vra Vra Vroom,,supplier_source,250052,supplier_name_normalisation,0.7,Initial candidate generated from supplier row only. Requires independent verification before approval.,needs_verification,low_supplier_source_only,2026-09-15T23:52:40+00:00
MATCH-20260426-02346,SUP-20260426-02346,Penhaligons,Fortuitous Finley EDP,,supplier_source,250014,supplier_name_normalisation,0.7,Initial candidate generated from supplier row only. Requires independent verification before approval.,needs_verification,low_supplier_source_only,2026-09-15T23:52:40+00:00
MATCH-20260426-02347,SUP-20260426-02347,Penhaligons,The Dandy,,supplier_source,240751,supplier_name_normalisation,0.7,Initial candidate generated from supplier row only. Requires independent verification before approval.,needs_verification,low_supplier_source_only,2026-09-15T23:52:40+00:00
MATCH-20260426-02348,SUP-20260426-02348,Penhaligons,Changing Constance,,supplier_source,240749,supplier_name_normalisation,0.7,Initial candidate generated from supplier row only. Requires independent verification before approval.,needs_verification,low_supplier_source_only,2026-09-15T23:52:40+00:00
MATCH-20260426-02349,SUP-20260426-02349,Penhaligons,Halfeti Cedar,,supplier_source,240583,supplier_name_normalisation,0.7,Initial candidate generated from supplier row only. Requires independent verification before approval.,needs_verification,low_supplier_source_only,2026-09-15T23:52:40+00:00
MATCH-20260426-02350,SUP-20260426-02350,Penhaligons,Cairo,,supplier_source,240471,supplier_name_normalisation,0.7,Initial candidate generated from supplier row only. Requires independent verification before approval.,needs_verification,low_supplier_source_only,2026-09-15T23:52:40+00:00
MATCH-20260426-02351,SUP-20260426-02351,Penhaligons,Alula,,supplier_source,240295,supplier_name_normalisation,0.7,Initial candidate generated from supplier row only. Requires independent verification before approval.,needs_verification,low_supplier_source_only,2026-09-15T23:52:40+00:00
MATCH-20260426-02352,SUP-20260426-02352,Penhaligons,The Omniscient Mr Thompson,,supplier_source,240836,supplier_name_normalisation,0.7,Initial candidate generated from supplier row only. Requires independent verification before approval.,needs_verification,low_supplier_source_only,2026-09-15T23:52:40+00:00
MATCH-20260426-02353,SUP-20260426-02353,Penhaligon's,The Blazing Mr Sam,,supplier_source,339913-A,supplier_name_normalisation,0.62,Initial candidate generated from supplier row only. Requires independent verification before approval.,needs_verification,low_supplier_source_only,2026-09-15T23:52:40+00:00
MATCH-20260426-02354,SUP-20260426-02354,Penhaligon's,The Blazing Mr Sam,,supplier_source,339913-B,supplier_name_normalisation,0.62,Initial candidate generated from supplier row only. Requires independent verification before approval.,needs_verification,low_supplier_source_only,2026-09-15T23:52:40+00:00
MATCH-20260426-02355,SUP-20260426-02355,Penhaligon's,Clandestine Clara 2017,,supplier_source,233253,supplier_name_normalisation,0.62,Initial candidate generated from supplier row only. Requires independent verification before approval.,needs_verification,low_supplier_source_only,2026-09-15T23:52:40+00:00
MATCH-20260426-02356,SUP-20260426-02356,Penhaligon's,Halfeti,,supplier_source,461624,supplier_name_normalisation,0.62,Initial candidate generated from supplier row only. Requires independent verification before approval.,needs_verification,low_supplier_source_only,2026-09-15T23:52:40+00:00
MATCH-20260426-02357,SUP-20260426-02357,Penhaligon's,The Tragedy Of Lord George,,supplier_source,240604,supplier_name_normalisation,0.7,Initial candidate generated from supplier row only. Requires independent verification before approval.,needs_verification,low_supplier_source_only,2026-09-15T23:52:40+00:00
MATCH-20260426-02358,SUP-20260426-02358,Penhaligon's,The World According Arthur,,supplier_source,240657,supplier_name_normalisation,0.7,Initial candidate generated from supplier row only. Requires independent verification before approval.,needs_verification,low_supplier_source_only,2026-09-15T23:52:40+00:00
MATCH-20260426-02359,SUP-20260426-02359,Penhaligon's,Legacy Of Petra,,supplier_source,462342,supplier_name_normalisation,0.62,Initial candidate generated from supplier row only. Requires independent verification before approval.,needs_verification,low_supplier_source_only,2026-09-15T23:52:40+00:00
MATCH-20260426-02360,SUP-20260426-02360,Penhaligon's,Sports Car Club,,supplier_source,250364,supplier_name_normalisation,0.7,Initial candidate generated from supplier row only. Requires independent verification before approval.,needs_verification,low_supplier_source_only,2026-09-15T23:52:40+00:00
MATCH-20260426-02361,SUP-20260426-02361,Penhaligon's,The Bewtching Yesmin,,supplier_source,240130,supplier_name_normalisation,0.7,Initial candidate generated from supplier row only. Requires independent verification before approval.,needs_verification,low_supplier_source_only,2026-09-15T23:52:40+00:00
MATCH-20260426-02362,SUP-20260426-02362,Penhaligon's,Empressa,,supplier_source,3000570,supplier_name_normalisation,0.7,Initial candidate generated from supplier row only. Requires independent verification before approval.,needs_verification,low_supplier_source_only,2026-09-15T23:52:40+00:00
MATCH-20260426-02363,SUP-20260426-02363,Penhaligon's,Halfeti,,supplier_source,3000571,supplier_name_normalisation,0.7,Initial candidate generated from supplier row only. Requires independent verification before approval.,needs_verification,low_supplier_source_only,2026-09-15T23:52:40+00:00
MATCH-20260426-02364,SUP-20260426-02364,Penhaligon's,Halfeti Leather,,supplier_source,3000572,supplier_name_normalisation,0.7,Initial candidate generated from supplier row only. Requires independent verification before approval.,needs_verification,low_supplier_source_only,2026-09-15T23:52:40+00:00
MATCH-20260426-02365,SUP-20260426-02365,Philipp Plein,The Skull,,supplier_source,233476-T,supplier_name_normalisation,0.62,Initial candidate generated from supplier row only. Requires independent verification before approval.,needs_verification,low_supplier_source_only,2026-09-15T23:52:40+00:00
MATCH-20260426-02366,SUP-20260426-02366,Philipp Plein,No Limits,,supplier_source,3000573,supplier_name_normalisation,0.7,Initial candidate generated from supplier row only. Requires independent verification before approval.,needs_verification,low_supplier_source_only,2026-09-15T23:52:40+00:00
MATCH-20260426-02367,SUP-20260426-02367,Powdery,Baby Shop,,supplier_source,232064-N,supplier_name_normalisation,0.62,Initial candidate generated from supplier row only. Requires independent verification before approval.,needs_verification,low_supplier_source_only,2026-09-15T23:52:40+00:00
MATCH-20260426-02368,SUP-20260426-02368,Powdery,Kiddy,,supplier_source,338905-A,supplier_name_normalisation,0.62,Initial candidate generated from supplier row only. Requires independent verification before approval.,needs_verification,low_supplier_source_only,2026-09-15T23:52:40+00:00
MATCH-20260426-02369,SUP-20260426-02369,Powdery,Babelion,,supplier_source,359984,supplier_name_normalisation,0.62,Initial candidate generated from supplier row only. Requires independent verification before approval.,needs_verification,low_supplier_source_only,2026-09-15T23:52:40+00:00
MATCH-20260426-02370,SUP-20260426-02370,Prada,Marienbad,,supplier_source,250458,supplier_name_normalisation,0.7,Initial candidate generated from supplier row only. Requires independent verification before approval.,needs_verification,low_supplier_source_only,2026-09-15T23:52:40+00:00
MATCH-20260426-02371,SUP-20260426-02371,Prada,Paradigme,,supplier_source,250217,supplier_name_normalisation,0.7,Initial candidate generated from supplier row only. Requires independent verification before approval.,needs_verification,low_supplier_source_only,2026-09-15T23:52:40+00:00
MATCH-20260426-02372,SUP-20260426-02372,Prada,Prada Paradoxe Radical Essence 2025,,supplier_source,250202,supplier_name_normalisation,0.7,Initial candidate generated from supplier row only. Requires independent verification before approval.,needs_verification,low_supplier_source_only,2026-09-15T23:52:40+00:00
MATCH-20260426-02373,SUP-20260426-02373,Prada,Luna Rossa Extream,,supplier_source,250026,supplier_name_normalisation,0.7,Initial candidate generated from supplier row only. Requires independent verification before approval.,needs_verification,low_supplier_source_only,2026-09-15T23:52:40+00:00
MATCH-20260426-02374,SUP-20260426-02374,Prada,Paradoxe Intense,,supplier_source,240927,supplier_name_normalisation,0.7,Initial candidate generated from supplier row only. Requires independent verification before approval.,needs_verification,low_supplier_source_only,2026-09-15T23:52:40+00:00
MATCH-20260426-02375,SUP-20260426-02375,Prada,Paradoxe Virtual Flower,,supplier_source,240689,supplier_name_normalisation,0.7,Initial candidate generated from supplier row only. Requires independent verification before approval.,needs_verification,low_supplier_source_only,2026-09-15T23:52:40+00:00
MATCH-20260426-02376,SUP-20260426-02376,Prada,Prada Candy,,supplier_source,230210,supplier_name_normalisation,0.62,Initial candidate generated from supplier row only. Requires independent verification before approval.,needs_verification,low_supplier_source_only,2026-09-15T23:52:40+00:00
MATCH-20260426-02377,SUP-20260426-02377,Prada,L Homme,,supplier_source,240440,supplier_name_normalisation,0.7,Initial candidate generated from supplier row only. Requires independent verification before approval.,needs_verification,low_supplier_source_only,2026-09-15T23:52:40+00:00
MATCH-20260426-02378,SUP-20260426-02378,Prada,Luna Rossa Black,,supplier_source,240352,supplier_name_normalisation,0.7,Initial candidate generated from supplier row only. Requires independent verification before approval.,needs_verification,low_supplier_source_only,2026-09-15T23:52:40+00:00
MATCH-20260426-02379,SUP-20260426-02379,Prada,Prada Candy Night,,supplier_source,3000574,supplier_name_normalisation,0.7,Initial candidate generated from supplier row only. Requires independent verification before approval.,needs_verification,low_supplier_source_only,2026-09-15T23:52:40+00:00
MATCH-20260426-02380,SUP-20260426-02380,Prada,Luna Rossa Ocean,,supplier_source,240079,supplier_name_normalisation,0.7,Initial candidate generated from supplier row only. Requires independent verification before approval.,needs_verification,low_supplier_source_only,2026-09-15T23:52:40+00:00
MATCH-20260426-02381,SUP-20260426-02381,Prada,Paradoxe,,supplier_source,240034,supplier_name_normalisation,0.7,Initial candidate generated from supplier row only. Requires independent verification before approval.,needs_verification,low_supplier_source_only,2026-09-15T23:52:40+00:00
MATCH-20260426-02382,SUP-20260426-02382,Prada Candy,Prada Candy,,supplier_source,3000575,supplier_name_normalisation,0.7,Initial candidate generated from supplier row only. Requires independent verification before approval.,needs_verification,low_supplier_source_only,2026-09-15T23:52:40+00:00
MATCH-20260426-02383,SUP-20260426-02383,Ramon Bejar,Black Stone Extrait De,,supplier_source,250335,supplier_name_normalisation,0.7,Initial candidate generated from supplier row only. Requires independent verification before approval.,needs_verification,low_supplier_source_only,2026-09-15T23:52:40+00:00
MATCH-20260426-02384,SUP-20260426-02384,Remy Latoure,Cigar,,supplier_source,250143,supplier_name_normalisation,0.7,Initial candidate generated from supplier row only. Requires independent verification before approval.,needs_verification,low_supplier_source_only,2026-09-15T23:52:40+00:00
MATCH-20260426-02385,SUP-20260426-02385,Reef Perfumes,Reef 27,,supplier_source,240012,supplier_name_normalisation,0.7,Initial candidate generated from supplier row only. Requires independent verification before approval.,needs_verification,low_supplier_source_only,2026-09-15T23:52:40+00:00
MATCH-20260426-02386,SUP-20260426-02386,Reef Perfumes,Reef 6,,supplier_source,240523,supplier_name_normalisation,0.45,Initial candidate generated from supplier row only. Requires independent verification before approval.,needs_verification,low_supplier_source_only,2026-09-15T23:52:40+00:00
MATCH-20260426-02387,SUP-20260426-02387,Reef Perfumes,Reef 11,,supplier_source,240892,supplier_name_normalisation,0.7,Initial candidate generated from supplier row only. Requires independent verification before approval.,needs_verification,low_supplier_source_only,2026-09-15T23:52:40+00:00
MATCH-20260426-02388,SUP-20260426-02388,Reef Perfumes,Arabs Of Diriyah,,supplier_source,240889,supplier_name_normalisation,0.7,Initial candidate generated from supplier row only. Requires independent verification before approval.,needs_verification,low_supplier_source_only,2026-09-15T23:52:40+00:00
MATCH-20260426-02389,SUP-20260426-02389,Reef Perfumes,Reef 19,,supplier_source,240890,supplier_name_normalisation,0.7,Initial candidate generated from supplier row only. Requires independent verification before approval.,needs_verification,low_supplier_source_only,2026-09-15T23:52:40+00:00
MATCH-20260426-02390,SUP-20260426-02390,Reef Perfumes,Reef 33 White,,supplier_source,240891,supplier_name_normalisation,0.7,Initial candidate generated from supplier row only. Requires independent verification before approval.,needs_verification,low_supplier_source_only,2026-09-15T23:52:40+00:00
MATCH-20260426-02391,SUP-20260426-02391,Reef Perfumes,Reef 33,,supplier_source,240549,supplier_name_normalisation,0.7,Initial candidate generated from supplier row only. Requires independent verification before approval.,needs_verification,low_supplier_source_only,2026-09-15T23:52:40+00:00
MATCH-20260426-02392,SUP-20260426-02392,Ralph Lauran,Polo 67,,supplier_source,240896,supplier_name_normalisation,0.7,Initial candidate generated from supplier row only. Requires independent verification before approval.,needs_verification,low_supplier_source_only,2026-09-15T23:52:40+00:00
MATCH-20260426-02393,SUP-20260426-02393,Ralph Lauran,Polo Earth Austral Sandalwood,,supplier_source,240814,supplier_name_normalisation,0.7,Initial candidate generated from supplier row only. Requires independent verification before approval.,needs_verification,low_supplier_source_only,2026-09-15T23:52:40+00:00
MATCH-20260426-02394,SUP-20260426-02394,Ralph Lauran,Ralph's Club Parfum,,supplier_source,3000576,supplier_name_normalisation,0.7,Initial candidate generated from supplier row only. Requires independent verification before approval.,needs_verification,low_supplier_source_only,2026-09-15T23:52:40+00:00
MATCH-20260426-02395,SUP-20260426-02395,Ralph Lauren,Polo Supreme OUD,,supplier_source,501985-A,supplier_name_normalisation,0.62,Initial candidate generated from supplier row only. Requires independent verification before approval.,needs_verification,low_supplier_source_only,2026-09-15T23:52:40+00:00
MATCH-20260426-02396,SUP-20260426-02396,Ralph Lauren,Polo Red,,supplier_source,240128,supplier_name_normalisation,0.7,Initial candidate generated from supplier row only. Requires independent verification before approval.,needs_verification,low_supplier_source_only,2026-09-15T23:52:40+00:00
MATCH-20260426-02397,SUP-20260426-02397,Ralph Lauren,Polo Blue,,supplier_source,240288,supplier_name_normalisation,0.7,Initial candidate generated from supplier row only. Requires independent verification before approval.,needs_verification,low_supplier_source_only,2026-09-15T23:52:40+00:00
MATCH-20260426-02398,SUP-20260426-02398,Ralph Lauren,Polo Sport,,supplier_source,240725,supplier_name_normalisation,0.7,Initial candidate generated from supplier row only. Requires independent verification before approval.,needs_verification,low_supplier_source_only,2026-09-15T23:52:40+00:00
MATCH-20260426-02399,SUP-20260426-02399,Ralph Lauren,Polo Ultra Blue Man,,supplier_source,3000579,supplier_name_normalisation,0.7,Initial candidate generated from supplier row only. Requires independent verification before approval.,needs_verification,low_supplier_source_only,2026-09-15T23:52:40+00:00
MATCH-20260426-02400,SUP-20260426-02400,Ralph Lauren,Woman,,supplier_source,3000580,supplier_name_normalisation,0.7,Initial candidate generated from supplier row only. Requires independent verification before approval.,needs_verification,low_supplier_source_only,2026-09-15T23:52:40+00:00
MATCH-20260426-02401,SUP-20260426-02401,Ralph Lauren,Polo Sport,,supplier_source,3000581,supplier_name_normalisation,0.7,Initial candidate generated from supplier row only. Requires independent verification before approval.,needs_verification,low_supplier_source_only,2026-09-15T23:52:40+00:00
MATCH-20260426-02402,SUP-20260426-02402,Ralph Lauren,Polo Deep Blue,,supplier_source,3000582,supplier_name_normalisation,0.7,Initial candidate generated from supplier row only. Requires independent verification before approval.,needs_verification,low_supplier_source_only,2026-09-15T23:52:40+00:00
MATCH-20260426-02403,SUP-20260426-02403,Ramon Monegal,Matador,,supplier_source,250424,supplier_name_normalisation,0.7,Initial candidate generated from supplier row only. Requires independent verification before approval.,needs_verification,low_supplier_source_only,2026-09-15T23:52:40+00:00
MATCH-20260426-02404,SUP-20260426-02404,Ramon Monegal,Flamenco,,supplier_source,343771,supplier_name_normalisation,0.62,Initial candidate generated from supplier row only. Requires independent verification before approval.,needs_verification,low_supplier_source_only,2026-09-15T23:52:40+00:00
MATCH-20260426-02405,SUP-20260426-02405,Rasasi,Blue Lady,,supplier_source,250065,supplier_name_normalisation,0.7,Initial candidate generated from supplier row only. Requires independent verification before approval.,needs_verification,low_supplier_source_only,2026-09-15T23:52:40+00:00
MATCH-20260426-02406,SUP-20260426-02406,Rasasi,Hawas Ice,,supplier_source,240038,supplier_name_normalisation,0.7,Initial candidate generated from supplier row only. Requires independent verification before approval.,needs_verification,low_supplier_source_only,2026-09-15T23:52:40+00:00
MATCH-20260426-02407,SUP-20260426-02407,Rasasi,Hawas,,supplier_source,240054,supplier_name_normalisation,0.7,Initial candidate generated from supplier row only. Requires independent verification before approval.,needs_verification,low_supplier_source_only,2026-09-15T23:52:40+00:00
MATCH-20260426-02408,SUP-20260426-02408,Rasasi,Afshan,,supplier_source,3000583,supplier_name_normalisation,0.7,Initial candidate generated from supplier row only. Requires independent verification before approval.,needs_verification,low_supplier_source_only,2026-09-15T23:52:40+00:00
MATCH-20260426-02409,SUP-20260426-02409,Rasasi,Bakhoor Al Dhekra,,supplier_source,3000584,supplier_name_normalisation,0.7,Initial candidate generated from supplier row only. Requires independent verification before approval.,needs_verification,low_supplier_source_only,2026-09-15T23:52:40+00:00
MATCH-20260426-02410,SUP-20260426-02410,Rasasi,Bakhoor Jebal Ali,,supplier_source,3000585,supplier_name_normalisation,0.7,Initial candidate generated from supplier row only. Requires independent verification before approval.,needs_verification,low_supplier_source_only,2026-09-15T23:52:40+00:00
MATCH-20260426-02411,SUP-20260426-02411,Rasasi,Bakhoor Jebal Ali,,supplier_source,3000586,supplier_name_normalisation,0.7,Initial candidate generated from supplier row only. Requires independent verification before approval.,needs_verification,low_supplier_source_only,2026-09-15T23:52:40+00:00
MATCH-20260426-02412,SUP-20260426-02412,Rasasi,Bakhoor Raqiya Ambroxan,,supplier_source,3000587,supplier_name_normalisation,0.7,Initial candidate generated from supplier row only. Requires independent verification before approval.,needs_verification,low_supplier_source_only,2026-09-15T23:52:40+00:00
MATCH-20260426-02413,SUP-20260426-02413,Rasasi,Bakhoor Raqiya Cashmeran,,supplier_source,3000588,supplier_name_normalisation,0.7,Initial candidate generated from supplier row only. Requires independent verification before approval.,needs_verification,low_supplier_source_only,2026-09-15T23:52:40+00:00
MATCH-20260426-02414,SUP-20260426-02414,Rasasi,Emotion Men,,supplier_source,3000590,supplier_name_normalisation,0.7,Initial candidate generated from supplier row only. Requires independent verification before approval.,needs_verification,low_supplier_source_only,2026-09-15T23:52:40+00:00
MATCH-20260426-02415,SUP-20260426-02415,Rasasi,Esrra By Rasasi,,supplier_source,3000591,supplier_name_normalisation,0.7,Initial candidate generated from supplier row only. Requires independent verification before approval.,needs_verification,low_supplier_source_only,2026-09-15T23:52:40+00:00
MATCH-20260426-02416,SUP-20260426-02416,Rasasi,Ghair Al Nas,,supplier_source,3000592,supplier_name_normalisation,0.7,Initial candidate generated from supplier row only. Requires independent verification before approval.,needs_verification,low_supplier_source_only,2026-09-15T23:52:40+00:00
MATCH-20260426-02417,SUP-20260426-02417,Rasasi,Hareer Musk Collection,,supplier_source,3000593,supplier_name_normalisation,0.7,Initial candidate generated from supplier row only. Requires independent verification before approval.,needs_verification,low_supplier_source_only,2026-09-15T23:52:40+00:00
MATCH-20260426-02418,SUP-20260426-02418,Rasasi,Insherah Gold By Rasasi,,supplier_source,3000594,supplier_name_normalisation,0.7,Initial candidate generated from supplier row only. Requires independent verification before approval.,needs_verification,low_supplier_source_only,2026-09-15T23:52:40+00:00
MATCH-20260426-02419,SUP-20260426-02419,Rasasi,Naqaya Musk Collection,,supplier_source,3000595,supplier_name_normalisation,0.7,Initial candidate generated from supplier row only. Requires independent verification before approval.,needs_verification,low_supplier_source_only,2026-09-15T23:52:40+00:00
MATCH-20260426-02420,SUP-20260426-02420,Rasasi,Naseem Al Fajr,,supplier_source,3000596,supplier_name_normalisation,0.7,Initial candidate generated from supplier row only. Requires independent verification before approval.,needs_verification,low_supplier_source_only,2026-09-15T23:52:40+00:00
MATCH-20260426-02421,SUP-20260426-02421,Rasasi,Qasamat Ebhar,,supplier_source,3000597,supplier_name_normalisation,0.7,Initial candidate generated from supplier row only. Requires independent verification before approval.,needs_verification,low_supplier_source_only,2026-09-15T23:52:40+00:00
MATCH-20260426-02422,SUP-20260426-02422,Rasasi,Raqiya - D,,supplier_source,3000598,supplier_name_normalisation,0.7,Initial candidate generated from supplier row only. Requires independent verification before approval.,needs_verification,low_supplier_source_only,2026-09-15T23:52:40+00:00
MATCH-20260426-02423,SUP-20260426-02423,Rasasi,Raqiya -c,,supplier_source,3000599,supplier_name_normalisation,0.7,Initial candidate generated from supplier row only. Requires independent verification before approval.,needs_verification,low_supplier_source_only,2026-09-15T23:52:40+00:00
MATCH-20260426-02424,SUP-20260426-02424,Rasasi,Romance Women,,supplier_source,3000600,supplier_name_normalisation,0.7,Initial candidate generated from supplier row only. Requires independent verification before approval.,needs_verification,low_supplier_source_only,2026-09-15T23:52:40+00:00
MATCH-20260426-02425,SUP-20260426-02425,Rasasi,Royale Blue Men,,supplier_source,250064,supplier_name_normalisation,0.7,Initial candidate generated from supplier row only. Requires independent verification before approval.,needs_verification,low_supplier_source_only,2026-09-15T23:52:40+00:00
MATCH-20260426-02426,SUP-20260426-02426,Rasasi,Royale Men,,supplier_source,3000602,supplier_name_normalisation,0.7,Initial candidate generated from supplier row only. Requires independent verification before approval.,needs_verification,low_supplier_source_only,2026-09-15T23:52:40+00:00
MATCH-20260426-02427,SUP-20260426-02427,Rasasi,Saab Al Maram,,supplier_source,3000603,supplier_name_normalisation,0.7,Initial candidate generated from supplier row only. Requires independent verification before approval.,needs_verification,low_supplier_source_only,2026-09-15T23:52:40+00:00
MATCH-20260426-02428,SUP-20260426-02428,Rasasi,Sharki Musk Collection,,supplier_source,3000604,supplier_name_normalisation,0.7,Initial candidate generated from supplier row only. Requires independent verification before approval.,needs_verification,low_supplier_source_only,2026-09-15T23:52:40+00:00
MATCH-20260426-02429,SUP-20260426-02429,Rasasi,Sotoor Waaw,,supplier_source,3000605,supplier_name_normalisation,0.7,Initial candidate generated from supplier row only. Requires independent verification before approval.,needs_verification,low_supplier_source_only,2026-09-15T23:52:40+00:00
MATCH-20260426-02430,SUP-20260426-02430,Rasasi,Wisal,,supplier_source,3000606,supplier_name_normalisation,0.7,Initial candidate generated from supplier row only. Requires independent verification before approval.,needs_verification,low_supplier_source_only,2026-09-15T23:52:40+00:00
MATCH-20260426-02431,SUP-20260426-02431,Rasasi,Oudh Almethali,,supplier_source,3000607,supplier_name_normalisation,0.7,Initial candidate generated from supplier row only. Requires independent verification before approval.,needs_verification,low_supplier_source_only,2026-09-15T23:52:40+00:00
MATCH-20260426-02432,SUP-20260426-02432,Rassasi,Arba Wardat,,supplier_source,3000608,supplier_name_normalisation,0.7,Initial candidate generated from supplier row only. Requires independent verification before approval.,needs_verification,low_supplier_source_only,2026-09-15T23:52:40+00:00
MATCH-20260426-02433,SUP-20260426-02433,Rehab,Aseel,,supplier_source,3000609,supplier_name_normalisation,0.7,Initial candidate generated from supplier row only. Requires independent verification before approval.,needs_verification,low_supplier_source_only,2026-09-15T23:52:40+00:00
MATCH-20260426-02434,SUP-20260426-02434,Rehab,Lord By Al Rehab,,supplier_source,3000610,supplier_name_normalisation,0.7,Initial candidate generated from supplier row only. Requires independent verification before approval.,needs_verification,low_supplier_source_only,2026-09-15T23:52:40+00:00
MATCH-20260426-02435,SUP-20260426-02435,Rehab,Sabaya,,supplier_source,3000611,supplier_name_normalisation,0.7,Initial candidate generated from supplier row only. Requires independent verification before approval.,needs_verification,low_supplier_source_only,2026-09-15T23:52:40+00:00
MATCH-20260426-02436,SUP-20260426-02436,Rehab,Soft,,supplier_source,3000612,supplier_name_normalisation,0.7,Initial candidate generated from supplier row only. Requires independent verification before approval.,needs_verification,low_supplier_source_only,2026-09-15T23:52:40+00:00
MATCH-20260426-02437,SUP-20260426-02437,Rehab,Sultan Al Rehab,,supplier_source,3000613,supplier_name_normalisation,0.7,Initial candidate generated from supplier row only. Requires independent verification before approval.,needs_verification,low_supplier_source_only,2026-09-15T23:52:40+00:00
MATCH-20260426-02438,SUP-20260426-02438,Revedor,Revedor,,supplier_source,3000614,supplier_name_normalisation,0.7,Initial candidate generated from supplier row only. Requires independent verification before approval.,needs_verification,low_supplier_source_only,2026-09-15T23:52:40+00:00
MATCH-20260426-02439,SUP-20260426-02439,Rituals,Nuit D'azar,,supplier_source,343706,supplier_name_normalisation,0.62,Initial candidate generated from supplier row only. Requires independent verification before approval.,needs_verification,low_supplier_source_only,2026-09-15T23:52:40+00:00
MATCH-20260426-02440,SUP-20260426-02440,Rituals,Poeme D' Azar,,supplier_source,503580,supplier_name_normalisation,0.62,Initial candidate generated from supplier row only. Requires independent verification before approval.,needs_verification,low_supplier_source_only,2026-09-15T23:52:40+00:00
MATCH-20260426-02441,SUP-20260426-02441,Roberto Cavalli,Serpentine 2025,,supplier_source,250428,supplier_name_normalisation,0.7,Initial candidate generated from supplier row only. Requires independent verification before approval.,needs_verification,low_supplier_source_only,2026-09-15T23:52:40+00:00
MATCH-20260426-02442,SUP-20260426-02442,Roberto Cavalli,Paradiso Rosa,,supplier_source,240984,supplier_name_normalisation,0.7,Initial candidate generated from supplier row only. Requires independent verification before approval.,needs_verification,low_supplier_source_only,2026-09-15T23:52:40+00:00
MATCH-20260426-02443,SUP-20260426-02443,Roberto Cavalli,Acqua W,,supplier_source,701038,supplier_name_normalisation,0.62,Initial candidate generated from supplier row only. Requires independent verification before approval.,needs_verification,low_supplier_source_only,2026-09-15T23:52:40+00:00
MATCH-20260426-02444,SUP-20260426-02444,Roberto Cavalli,Divine OUD,,supplier_source,400086,supplier_name_normalisation,0.62,Initial candidate generated from supplier row only. Requires independent verification before approval.,needs_verification,low_supplier_source_only,2026-09-15T23:52:40+00:00
MATCH-20260426-02445,SUP-20260426-02445,Roberto Cavalli,Just Cavalli W,,supplier_source,500914,supplier_name_normalisation,0.62,Initial candidate generated from supplier row only. Requires independent verification before approval.,needs_verification,low_supplier_source_only,2026-09-15T23:52:40+00:00
MATCH-20260426-02446,SUP-20260426-02446,Roberto Cavalli,Supreme Sandal,,supplier_source,461341,supplier_name_normalisation,0.62,Initial candidate generated from supplier row only. Requires independent verification before approval.,needs_verification,low_supplier_source_only,2026-09-15T23:52:40+00:00
MATCH-20260426-02447,SUP-20260426-02447,Roberto Cavalli,Tiger OUD W,,supplier_source,500979,supplier_name_normalisation,0.62,Initial candidate generated from supplier row only. Requires independent verification before approval.,needs_verification,low_supplier_source_only,2026-09-15T23:52:40+00:00
MATCH-20260426-02448,SUP-20260426-02448,Roberto Cavalli,Uomo La Notte,,supplier_source,233655,supplier_name_normalisation,0.62,Initial candidate generated from supplier row only. Requires independent verification before approval.,needs_verification,low_supplier_source_only,2026-09-15T23:52:40+00:00
MATCH-20260426-02449,SUP-20260426-02449,Roberto Cavalli,Uomo M,,supplier_source,260782,supplier_name_normalisation,0.62,Initial candidate generated from supplier row only. Requires independent verification before approval.,needs_verification,low_supplier_source_only,2026-09-15T23:52:40+00:00
MATCH-20260426-02450,SUP-20260426-02450,Roberto Cavalli,Deep Desire,,supplier_source,3000615,supplier_name_normalisation,0.7,Initial candidate generated from supplier row only. Requires independent verification before approval.,needs_verification,low_supplier_source_only,2026-09-15T23:52:40+00:00
MATCH-20260426-02451,SUP-20260426-02451,Roberto Cavalli,Florence,,supplier_source,3000616,supplier_name_normalisation,0.7,Initial candidate generated from supplier row only. Requires independent verification before approval.,needs_verification,low_supplier_source_only,2026-09-15T23:52:40+00:00
MATCH-20260426-02452,SUP-20260426-02452,Roberto Cavalli,Paradisio Roberto Cavalli,,supplier_source,3000617,supplier_name_normalisation,0.7,Initial candidate generated from supplier row only. Requires independent verification before approval.,needs_verification,low_supplier_source_only,2026-09-15T23:52:40+00:00
MATCH-20260426-02453,SUP-20260426-02453,Roberto Cavalli,Roberto Cavalli Aqua,,supplier_source,3000618,supplier_name_normalisation,0.7,Initial candidate generated from supplier row only. Requires independent verification before approval.,needs_verification,low_supplier_source_only,2026-09-15T23:52:40+00:00
MATCH-20260426-02454,SUP-20260426-02454,Roberto Cavalli,Roberto Cavalli Gold W,,supplier_source,3000619,supplier_name_normalisation,0.7,Initial candidate generated from supplier row only. Requires independent verification before approval.,needs_verification,low_supplier_source_only,2026-09-15T23:52:40+00:00
MATCH-20260426-02455,SUP-20260426-02455,Roberto Cavalli,Roberto Cavalli Gold W,,supplier_source,3000620,supplier_name_normalisation,0.7,Initial candidate generated from supplier row only. Requires independent verification before approval.,needs_verification,low_supplier_source_only,2026-09-15T23:52:40+00:00
MATCH-20260426-02456,SUP-20260426-02456,Rochas,Audace,,supplier_source,250269,supplier_name_normalisation,0.7,Initial candidate generated from supplier row only. Requires independent verification before approval.,needs_verification,low_supplier_source_only,2026-09-15T23:52:40+00:00
MATCH-20260426-02457,SUP-20260426-02457,Rochas,Man,,supplier_source,234233-A,supplier_name_normalisation,0.62,Initial candidate generated from supplier row only. Requires independent verification before approval.,needs_verification,low_supplier_source_only,2026-09-15T23:52:40+00:00
MATCH-20260426-02458,SUP-20260426-02458,Rochas,Girl,,supplier_source,354253-A,supplier_name_normalisation,0.62,Initial candidate generated from supplier row only. Requires independent verification before approval.,needs_verification,low_supplier_source_only,2026-09-15T23:52:40+00:00
MATCH-20260426-02459,SUP-20260426-02459,Rochas,Byzance 2019,,supplier_source,3000621,supplier_name_normalisation,0.7,Initial candidate generated from supplier row only. Requires independent verification before approval.,needs_verification,low_supplier_source_only,2026-09-15T23:52:40+00:00
MATCH-20260426-02460,SUP-20260426-02460,Rochas,L'homme Rochas,,supplier_source,3000622,supplier_name_normalisation,0.7,Initial candidate generated from supplier row only. Requires independent verification before approval.,needs_verification,low_supplier_source_only,2026-09-15T23:52:40+00:00
MATCH-20260426-02461,SUP-20260426-02461,Roja,Perfume De La Nuit,,supplier_source,250361,supplier_name_normalisation,0.7,Initial candidate generated from supplier row only. Requires independent verification before approval.,needs_verification,low_supplier_source_only,2026-09-15T23:52:40+00:00
MATCH-20260426-02462,SUP-20260426-02462,Roja,Elysium Noir,,supplier_source,250299,supplier_name_normalisation,0.7,Initial candidate generated from supplier row only. Requires independent verification before approval.,needs_verification,low_supplier_source_only,2026-09-15T23:52:40+00:00
MATCH-20260426-02463,SUP-20260426-02463,Roja,Isola Sol,,supplier_source,250289,supplier_name_normalisation,0.7,Initial candidate generated from supplier row only. Requires independent verification before approval.,needs_verification,low_supplier_source_only,2026-09-15T23:52:40+00:00
MATCH-20260426-02464,SUP-20260426-02464,Roja,Lost In Paris,,supplier_source,250251,supplier_name_normalisation,0.7,Initial candidate generated from supplier row only. Requires independent verification before approval.,needs_verification,low_supplier_source_only,2026-09-15T23:52:40+00:00
MATCH-20260426-02465,SUP-20260426-02465,Roja,Lost In Paris,,supplier_source,240910,supplier_name_normalisation,0.7,Initial candidate generated from supplier row only. Requires independent verification before approval.,needs_verification,low_supplier_source_only,2026-09-15T23:52:40+00:00
MATCH-20260426-02466,SUP-20260426-02466,Roja,United Arab Emirates,,supplier_source,250242,supplier_name_normalisation,0.7,Initial candidate generated from supplier row only. Requires independent verification before approval.,needs_verification,low_supplier_source_only,2026-09-15T23:52:40+00:00
MATCH-20260426-02467,SUP-20260426-02467,Roja,Haute Luxe,,supplier_source,250207,supplier_name_normalisation,0.7,Initial candidate generated from supplier row only. Requires independent verification before approval.,needs_verification,low_supplier_source_only,2026-09-15T23:52:40+00:00
MATCH-20260426-02468,SUP-20260426-02468,Roja,A Midsummer Dream,,supplier_source,240994,supplier_name_normalisation,0.7,Initial candidate generated from supplier row only. Requires independent verification before approval.,needs_verification,low_supplier_source_only,2026-09-15T23:52:40+00:00
MATCH-20260426-02469,SUP-20260426-02469,Roja,Aoud,,supplier_source,240800,supplier_name_normalisation,0.7,Initial candidate generated from supplier row only. Requires independent verification before approval.,needs_verification,low_supplier_source_only,2026-09-15T23:52:40+00:00
MATCH-20260426-02470,SUP-20260426-02470,Roja,Musk Aoud,,supplier_source,240734,supplier_name_normalisation,0.7,Initial candidate generated from supplier row only. Requires independent verification before approval.,needs_verification,low_supplier_source_only,2026-09-15T23:52:40+00:00
MATCH-20260426-02471,SUP-20260426-02471,Roja,Manhattan EDP,,supplier_source,462400,supplier_name_normalisation,0.62,Initial candidate generated from supplier row only. Requires independent verification before approval.,needs_verification,low_supplier_source_only,2026-09-15T23:52:40+00:00
MATCH-20260426-02472,SUP-20260426-02472,Roja,Ahlam,,supplier_source,503627-B,supplier_name_normalisation,0.62,Initial candidate generated from supplier row only. Requires independent verification before approval.,needs_verification,low_supplier_source_only,2026-09-15T23:52:40+00:00
MATCH-20260426-02473,SUP-20260426-02473,Roja,51 Eau De Parfume Pour,,supplier_source,343744-B,supplier_name_normalisation,0.62,Initial candidate generated from supplier row only. Requires independent verification before approval.,needs_verification,low_supplier_source_only,2026-09-15T23:52:40+00:00
MATCH-20260426-02474,SUP-20260426-02474,Roja,Danger Pour Homme,,supplier_source,694432,supplier_name_normalisation,0.62,Initial candidate generated from supplier row only. Requires independent verification before approval.,needs_verification,low_supplier_source_only,2026-09-15T23:52:40+00:00
MATCH-20260426-02475,SUP-20260426-02475,Roja,Oligarch Roja,,supplier_source,233956-A,supplier_name_normalisation,0.62,Initial candidate generated from supplier row only. Requires independent verification before approval.,needs_verification,low_supplier_source_only,2026-09-15T23:52:40+00:00
MATCH-20260426-02476,SUP-20260426-02476,Roja,51 Pour Femme,,supplier_source,343744,supplier_name_normalisation,0.62,Initial candidate generated from supplier row only. Requires independent verification before approval.,needs_verification,low_supplier_source_only,2026-09-15T23:52:40+00:00
MATCH-20260426-02477,SUP-20260426-02477,Roja,Madison Pour Femme,,supplier_source,343745,supplier_name_normalisation,0.62,Initial candidate generated from supplier row only. Requires independent verification before approval.,needs_verification,low_supplier_source_only,2026-09-15T23:52:40+00:00
MATCH-20260426-02478,SUP-20260426-02478,Roja,Danger Pour Homme,,supplier_source,232069-T,supplier_name_normalisation,0.62,Initial candidate generated from supplier row only. Requires independent verification before approval.,needs_verification,low_supplier_source_only,2026-09-15T23:52:40+00:00
MATCH-20260426-02479,SUP-20260426-02479,Roja,Elixir Pour Femme Essence De,,supplier_source,233684,supplier_name_normalisation,0.62,Initial candidate generated from supplier row only. Requires independent verification before approval.,needs_verification,low_supplier_source_only,2026-09-15T23:52:40+00:00
MATCH-20260426-02480,SUP-20260426-02480,Roja,Elysium Pour Homme Parfum,,supplier_source,353736,supplier_name_normalisation,0.62,Initial candidate generated from supplier row only. Requires independent verification before approval.,needs_verification,low_supplier_source_only,2026-09-15T23:52:40+00:00
MATCH-20260426-02481,SUP-20260426-02481,Roja,Scandal Pour Homme,,supplier_source,232480,supplier_name_normalisation,0.62,Initial candidate generated from supplier row only. Requires independent verification before approval.,needs_verification,low_supplier_source_only,2026-09-15T23:52:40+00:00
MATCH-20260426-02482,SUP-20260426-02482,Roja,Elysium Pour Homme Parfum,,supplier_source,240063,supplier_name_normalisation,0.7,Initial candidate generated from supplier row only. Requires independent verification before approval.,needs_verification,low_supplier_source_only,2026-09-15T23:52:40+00:00
MATCH-20260426-02483,SUP-20260426-02483,Roja,Oligarch Roja,,supplier_source,233956-T,supplier_name_normalisation,0.62,Initial candidate generated from supplier row only. Requires independent verification before approval.,needs_verification,low_supplier_source_only,2026-09-15T23:52:40+00:00
MATCH-20260426-02484,SUP-20260426-02484,Roja,Amber Aoud,,supplier_source,240799,supplier_name_normalisation,0.7,Initial candidate generated from supplier row only. Requires independent verification before approval.,needs_verification,low_supplier_source_only,2026-09-15T23:52:40+00:00
MATCH-20260426-02485,SUP-20260426-02485,Roja Dove,Haute Parfumerie 20th Anniversary,,supplier_source,240444,supplier_name_normalisation,0.7,Initial candidate generated from supplier row only. Requires independent verification before approval.,needs_verification,low_supplier_source_only,2026-09-15T23:52:40+00:00
MATCH-20260426-02486,SUP-20260426-02486,Roja Dove,Burlington 1819,,supplier_source,240410,supplier_name_normalisation,0.7,Initial candidate generated from supplier row only. Requires independent verification before approval.,needs_verification,low_supplier_source_only,2026-09-15T23:52:40+00:00
MATCH-20260426-02487,SUP-20260426-02487,Roja Dove,Britania,,supplier_source,240243,supplier_name_normalisation,0.7,Initial candidate generated from supplier row only. Requires independent verification before approval.,needs_verification,low_supplier_source_only,2026-09-15T23:52:40+00:00
MATCH-20260426-02488,SUP-20260426-02488,Roja Dove,Ocenia,,supplier_source,240238,supplier_name_normalisation,0.7,Initial candidate generated from supplier row only. Requires independent verification before approval.,needs_verification,low_supplier_source_only,2026-09-15T23:52:40+00:00
MATCH-20260426-02489,SUP-20260426-02489,Roja Dove,Isola Blu,,supplier_source,240236,supplier_name_normalisation,0.7,Initial candidate generated from supplier row only. Requires independent verification before approval.,needs_verification,low_supplier_source_only,2026-09-15T23:52:40+00:00
MATCH-20260426-02490,SUP-20260426-02490,Roja Dove,Lakme,,supplier_source,240233,supplier_name_normalisation,0.7,Initial candidate generated from supplier row only. Requires independent verification before approval.,needs_verification,low_supplier_source_only,2026-09-15T23:52:40+00:00
MATCH-20260426-02491,SUP-20260426-02491,Roja Dove,Turandot,,supplier_source,343991,supplier_name_normalisation,0.62,Initial candidate generated from supplier row only. Requires independent verification before approval.,needs_verification,low_supplier_source_only,2026-09-15T23:52:40+00:00
MATCH-20260426-02492,SUP-20260426-02492,Roja Dove,Enigma Pour Femme,,supplier_source,250177,supplier_name_normalisation,0.7,Initial candidate generated from supplier row only. Requires independent verification before approval.,needs_verification,low_supplier_source_only,2026-09-15T23:52:40+00:00
MATCH-20260426-02493,SUP-20260426-02493,Roja Dove,Enigma Pour Femme,,supplier_source,343746-T,supplier_name_normalisation,0.62,Initial candidate generated from supplier row only. Requires independent verification before approval.,needs_verification,low_supplier_source_only,2026-09-15T23:52:40+00:00
MATCH-20260426-02494,SUP-20260426-02494,Roja Dove,Apex,,supplier_source,240735,supplier_name_normalisation,0.7,Initial candidate generated from supplier row only. Requires independent verification before approval.,needs_verification,low_supplier_source_only,2026-09-15T23:52:40+00:00
MATCH-20260426-02495,SUP-20260426-02495,Roja Dove,Elysium Pour Femme,,supplier_source,240450,supplier_name_normalisation,0.7,Initial candidate generated from supplier row only. Requires independent verification before approval.,needs_verification,low_supplier_source_only,2026-09-15T23:52:40+00:00
MATCH-20260426-02496,SUP-20260426-02496,Roja Dove,Elysium Eau Intense,,supplier_source,240798,supplier_name_normalisation,0.7,Initial candidate generated from supplier row only. Requires independent verification before approval.,needs_verification,low_supplier_source_only,2026-09-15T23:52:40+00:00
MATCH-20260426-02497,SUP-20260426-02497,Roja Dove,Elysium Pour Homme Colonge,,supplier_source,240102,supplier_name_normalisation,0.7,Initial candidate generated from supplier row only. Requires independent verification before approval.,needs_verification,low_supplier_source_only,2026-09-15T23:52:40+00:00
MATCH-20260426-02498,SUP-20260426-02498,Roja Dove,Sweetie Aoud,,supplier_source,3000624,supplier_name_normalisation,0.7,Initial candidate generated from supplier row only. Requires independent verification before approval.,needs_verification,low_supplier_source_only,2026-09-15T23:52:40+00:00
MATCH-20260426-02499,SUP-20260426-02499,Roja Dove,Candy Aoud,,supplier_source,3000625,supplier_name_normalisation,0.7,Initial candidate generated from supplier row only. Requires independent verification before approval.,needs_verification,low_supplier_source_only,2026-09-15T23:52:40+00:00
MATCH-20260426-02500,SUP-20260426-02500,Rosendo Mateu,Rosendo Mateu No 5 Floral Amber Sensual Musk,,supplier_source,240228,supplier_name_normalisation,0.7,Initial candidate generated from supplier row only. Requires independent verification before approval.,needs_verification,low_supplier_source_only,2026-09-15T23:52:40+00:00
MATCH-20260426-02501,SUP-20260426-02501,Rosendo Mateu,Rosendo Mateu No.07,,supplier_source,3000629,supplier_name_normalisation,0.7,Initial candidate generated from supplier row only. Requires independent verification before approval.,needs_verification,low_supplier_source_only,2026-09-15T23:52:40+00:00
MATCH-20260426-02502,SUP-20260426-02502,Rosendo Mateu,Rosendo Mateu No.06,,supplier_source,3000630,supplier_name_normalisation,0.7,Initial candidate generated from supplier row only. Requires independent verification before approval.,needs_verification,low_supplier_source_only,2026-09-15T23:52:40+00:00
MATCH-20260426-02503,SUP-20260426-02503,Sora Dora,Jany,,supplier_source,250369,supplier_name_normalisation,0.7,Initial candidate generated from supplier row only. Requires independent verification before approval.,needs_verification,low_supplier_source_only,2026-09-15T23:52:40+00:00
MATCH-20260426-02504,SUP-20260426-02504,Sweet Tooth,Sabrina Carpenter,,supplier_source,250243,supplier_name_normalisation,0.7,Initial candidate generated from supplier row only. Requires independent verification before approval.,needs_verification,low_supplier_source_only,2026-09-15T23:52:40+00:00
MATCH-20260426-02505,SUP-20260426-02505,Sol De Janerio,Cheirosa 59,,supplier_source,250435,supplier_name_normalisation,0.7,Initial candidate generated from supplier row only. Requires independent verification before approval.,needs_verification,low_supplier_source_only,2026-09-15T23:52:40+00:00
MATCH-20260426-02506,SUP-20260426-02506,Sol De Janerio,Cheirosa 40,,supplier_source,250436,supplier_name_normalisation,0.7,Initial candidate generated from supplier row only. Requires independent verification before approval.,needs_verification,low_supplier_source_only,2026-09-15T23:52:40+00:00
MATCH-20260426-02507,SUP-20260426-02507,Sol De Janerio,Rio Radiance Mist,,supplier_source,250437,supplier_name_normalisation,0.7,Initial candidate generated from supplier row only. Requires independent verification before approval.,needs_verification,low_supplier_source_only,2026-09-15T23:52:40+00:00
MATCH-20260426-02508,SUP-20260426-02508,Sol De Janerio,Cheirosa 48,,supplier_source,250438,supplier_name_normalisation,0.7,Initial candidate generated from supplier row only. Requires independent verification before approval.,needs_verification,low_supplier_source_only,2026-09-15T23:52:40+00:00
MATCH-20260426-02509,SUP-20260426-02509,Sol De Janerio,Cheirosa 87,,supplier_source,250133,supplier_name_normalisation,0.7,Initial candidate generated from supplier row only. Requires independent verification before approval.,needs_verification,low_supplier_source_only,2026-09-15T23:52:40+00:00
MATCH-20260426-02510,SUP-20260426-02510,Sol De Janerio,Danca Mistica,,supplier_source,250053,supplier_name_normalisation,0.7,Initial candidate generated from supplier row only. Requires independent verification before approval.,needs_verification,low_supplier_source_only,2026-09-15T23:52:40+00:00
MATCH-20260426-02511,SUP-20260426-02511,Sol De Janerio,Flor Mistica,,supplier_source,250055,supplier_name_normalisation,0.7,Initial candidate generated from supplier row only. Requires independent verification before approval.,needs_verification,low_supplier_source_only,2026-09-15T23:52:40+00:00
MATCH-20260426-02512,SUP-20260426-02512,Sol De Janerio,Summer E Amor,,supplier_source,240939,supplier_name_normalisation,0.7,Initial candidate generated from supplier row only. Requires independent verification before approval.,needs_verification,low_supplier_source_only,2026-09-15T23:52:40+00:00
MATCH-20260426-02513,SUP-20260426-02513,Sol De Janerio,Cheirosa 39,,supplier_source,240938,supplier_name_normalisation,0.7,Initial candidate generated from supplier row only. Requires independent verification before approval.,needs_verification,low_supplier_source_only,2026-09-15T23:52:40+00:00
MATCH-20260426-02514,SUP-20260426-02514,Sol De Janerio,Cheirosa 76,,supplier_source,240847,supplier_name_normalisation,0.7,Initial candidate generated from supplier row only. Requires independent verification before approval.,needs_verification,low_supplier_source_only,2026-09-15T23:52:40+00:00
MATCH-20260426-02515,SUP-20260426-02515,Sol De Janerio,Cheirosa 71,,supplier_source,240655,supplier_name_normalisation,0.7,Initial candidate generated from supplier row only. Requires independent verification before approval.,needs_verification,low_supplier_source_only,2026-09-15T23:52:40+00:00
MATCH-20260426-02516,SUP-20260426-02516,Sol De Janerio,Brazilian Crush Cheirosa 62,,supplier_source,240500,supplier_name_normalisation,0.7,Initial candidate generated from supplier row only. Requires independent verification before approval.,needs_verification,low_supplier_source_only,2026-09-15T23:52:40+00:00
MATCH-20260426-02517,SUP-20260426-02517,Strangelove Nyc,Dead Of Knight,,supplier_source,240198,supplier_name_normalisation,0.7,Initial candidate generated from supplier row only. Requires independent verification before approval.,needs_verification,low_supplier_source_only,2026-09-15T23:52:40+00:00
MATCH-20260426-02518,SUP-20260426-02518,Sabaik,Sabaik Satcoo,,supplier_source,3000631,supplier_name_normalisation,0.7,Initial candidate generated from supplier row only. Requires independent verification before approval.,needs_verification,low_supplier_source_only,2026-09-15T23:52:40+00:00
MATCH-20260426-02519,SUP-20260426-02519,Sadaf,Sadaf,,supplier_source,3000632,supplier_name_normalisation,0.7,Initial candidate generated from supplier row only. Requires independent verification before approval.,needs_verification,low_supplier_source_only,2026-09-15T23:52:40+00:00
MATCH-20260426-02520,SUP-20260426-02520,Salvatore,Ferragamo Emozione,,supplier_source,250074,supplier_name_normalisation,0.7,Initial candidate generated from supplier row only. Requires independent verification before approval.,needs_verification,low_supplier_source_only,2026-09-15T23:52:40+00:00
MATCH-20260426-02521,SUP-20260426-02521,Salvatore,Amo Ferragamo,,supplier_source,400121,supplier_name_normalisation,0.62,Initial candidate generated from supplier row only. Requires independent verification before approval.,needs_verification,low_supplier_source_only,2026-09-15T23:52:40+00:00
MATCH-20260426-02522,SUP-20260426-02522,Salvatore,Ferragamo,,supplier_source,343836-T,supplier_name_normalisation,0.62,Initial candidate generated from supplier row only. Requires independent verification before approval.,needs_verification,low_supplier_source_only,2026-09-15T23:52:40+00:00
MATCH-20260426-02523,SUP-20260426-02523,Sandal,Sandal,,supplier_source,240759,supplier_name_normalisation,0.7,Initial candidate generated from supplier row only. Requires independent verification before approval.,needs_verification,low_supplier_source_only,2026-09-15T23:52:40+00:00
MATCH-20260426-02524,SUP-20260426-02524,Sandaliya,Sandaliya,,supplier_source,240727,supplier_name_normalisation,0.7,Initial candidate generated from supplier row only. Requires independent verification before approval.,needs_verification,low_supplier_source_only,2026-09-15T23:52:40+00:00
MATCH-20260426-02525,SUP-20260426-02525,Sandaliya,Sandaliya,,supplier_source,240758,supplier_name_normalisation,0.7,Initial candidate generated from supplier row only. Requires independent verification before approval.,needs_verification,low_supplier_source_only,2026-09-15T23:52:40+00:00
MATCH-20260426-02526,SUP-20260426-02526,Santa Eulaila,Crocus,,supplier_source,352874,supplier_name_normalisation,0.62,Initial candidate generated from supplier row only. Requires independent verification before approval.,needs_verification,low_supplier_source_only,2026-09-15T23:52:40+00:00
MATCH-20260426-02527,SUP-20260426-02527,Scents Of Wood,Vanilla In Bouborn,,supplier_source,3000637,supplier_name_normalisation,0.7,Initial candidate generated from supplier row only. Requires independent verification before approval.,needs_verification,low_supplier_source_only,2026-09-15T23:52:40+00:00
MATCH-20260426-02528,SUP-20260426-02528,Sculpture,Sculpture,,supplier_source,3000638,supplier_name_normalisation,0.7,Initial candidate generated from supplier row only. Requires independent verification before approval.,needs_verification,low_supplier_source_only,2026-09-15T23:52:40+00:00
MATCH-20260426-02529,SUP-20260426-02529,Second Wife,Second Wife,,supplier_source,240090,supplier_name_normalisation,0.7,Initial candidate generated from supplier row only. Requires independent verification before approval.,needs_verification,low_supplier_source_only,2026-09-15T23:52:40+00:00
MATCH-20260426-02530,SUP-20260426-02530,Sensual,Sensual,,supplier_source,240715,supplier_name_normalisation,0.7,Initial candidate generated from supplier row only. Requires independent verification before approval.,needs_verification,low_supplier_source_only,2026-09-15T23:52:40+00:00
MATCH-20260426-02531,SUP-20260426-02531,Serge Lutens,Chergui,,supplier_source,240697,supplier_name_normalisation,0.7,Initial candidate generated from supplier row only. Requires independent verification before approval.,needs_verification,low_supplier_source_only,2026-09-15T23:52:40+00:00
MATCH-20260426-02532,SUP-20260426-02532,Shaik,Chic Shaik No.70,,supplier_source,357564,supplier_name_normalisation,0.62,Initial candidate generated from supplier row only. Requires independent verification before approval.,needs_verification,low_supplier_source_only,2026-09-15T23:52:40+00:00
MATCH-20260426-02533,SUP-20260426-02533,Shaik,Shaik Classic Gold Edition,,supplier_source,338794,supplier_name_normalisation,0.62,Initial candidate generated from supplier row only. Requires independent verification before approval.,needs_verification,low_supplier_source_only,2026-09-15T23:52:40+00:00
MATCH-20260426-02534,SUP-20260426-02534,Shaik,Shaik No 30,,supplier_source,461369,supplier_name_normalisation,0.62,Initial candidate generated from supplier row only. Requires independent verification before approval.,needs_verification,low_supplier_source_only,2026-09-15T23:52:40+00:00
MATCH-20260426-02535,SUP-20260426-02535,Shaik,"Shaik No,77 Men",,supplier_source,230780-A,supplier_name_normalisation,0.62,Initial candidate generated from supplier row only. Requires independent verification before approval.,needs_verification,low_supplier_source_only,2026-09-15T23:52:40+00:00
MATCH-20260426-02536,SUP-20260426-02536,Shaik,"Shaik No,77 Men",,supplier_source,230780,supplier_name_normalisation,0.62,Initial candidate generated from supplier row only. Requires independent verification before approval.,needs_verification,low_supplier_source_only,2026-09-15T23:52:40+00:00
MATCH-20260426-02537,SUP-20260426-02537,Shaik,Shaik Opulent No 33,,supplier_source,508799,supplier_name_normalisation,0.62,Initial candidate generated from supplier row only. Requires independent verification before approval.,needs_verification,low_supplier_source_only,2026-09-15T23:52:40+00:00
MATCH-20260426-02538,SUP-20260426-02538,Shaik,Sheikh 77 England,,supplier_source,3000640,supplier_name_normalisation,0.7,Initial candidate generated from supplier row only. Requires independent verification before approval.,needs_verification,low_supplier_source_only,2026-09-15T23:52:40+00:00
MATCH-20260426-02539,SUP-20260426-02539,Shamama Amber,Shamama Amber,,supplier_source,3000641,supplier_name_normalisation,0.7,Initial candidate generated from supplier row only. Requires independent verification before approval.,needs_verification,low_supplier_source_only,2026-09-15T23:52:40+00:00
MATCH-20260426-02540,SUP-20260426-02540,Sheikh Al Arab,Sheikh Al Arab,,supplier_source,3000642,supplier_name_normalisation,0.7,Initial candidate generated from supplier row only. Requires independent verification before approval.,needs_verification,low_supplier_source_only,2026-09-15T23:52:40+00:00
MATCH-20260426-02541,SUP-20260426-02541,Sheikh Al Shuyukh Top,Sheikh Al Shuyukh,,supplier_source,3000643,supplier_name_normalisation,0.7,Initial candidate generated from supplier row only. Requires independent verification before approval.,needs_verification,low_supplier_source_only,2026-09-15T23:52:40+00:00
MATCH-20260426-02542,SUP-20260426-02542,Sheikh Al Suyk,Shekh Al Syuk,,supplier_source,3000644,supplier_name_normalisation,0.7,Initial candidate generated from supplier row only. Requires independent verification before approval.,needs_verification,low_supplier_source_only,2026-09-15T23:52:40+00:00
MATCH-20260426-02543,SUP-20260426-02543,Sheikha,Q8,,supplier_source,336164,supplier_name_normalisation,0.62,Initial candidate generated from supplier row only. Requires independent verification before approval.,needs_verification,low_supplier_source_only,2026-09-15T23:52:40+00:00
MATCH-20260426-02544,SUP-20260426-02544,Sheikha,Sheikha,,supplier_source,3000645,supplier_name_normalisation,0.7,Initial candidate generated from supplier row only. Requires independent verification before approval.,needs_verification,low_supplier_source_only,2026-09-15T23:52:40+00:00
MATCH-20260426-02545,SUP-20260426-02545,Shekh Rashid,Shekh Rashid,,supplier_source,343901-T,supplier_name_normalisation,0.62,Initial candidate generated from supplier row only. Requires independent verification before approval.,needs_verification,low_supplier_source_only,2026-09-15T23:52:40+00:00
MATCH-20260426-02546,SUP-20260426-02546,Shiseido,Zen,,supplier_source,237919,supplier_name_normalisation,0.62,Initial candidate generated from supplier row only. Requires independent verification before approval.,needs_verification,low_supplier_source_only,2026-09-15T23:52:40+00:00
MATCH-20260426-02547,SUP-20260426-02547,Simone Andreoli,Vicebomb,,supplier_source,FJGHS74,supplier_name_normalisation,0.7,Initial candidate generated from supplier row only. Requires independent verification before approval.,needs_verification,low_supplier_source_only,2026-09-15T23:52:40+00:00
MATCH-20260426-02548,SUP-20260426-02548,Sisley,Eau De Soir Sisley,,supplier_source,3000646,supplier_name_normalisation,0.7,Initial candidate generated from supplier row only. Requires independent verification before approval.,needs_verification,low_supplier_source_only,2026-09-15T23:52:40+00:00
MATCH-20260426-02549,SUP-20260426-02549,So OUD,So OUD,,supplier_source,240720,supplier_name_normalisation,0.7,Initial candidate generated from supplier row only. Requires independent verification before approval.,needs_verification,low_supplier_source_only,2026-09-15T23:52:40+00:00
MATCH-20260426-02550,SUP-20260426-02550,Sospiro,Il Padrino,,supplier_source,250090,supplier_name_normalisation,0.7,Initial candidate generated from supplier row only. Requires independent verification before approval.,needs_verification,low_supplier_source_only,2026-09-15T23:52:40+00:00
MATCH-20260426-02551,SUP-20260426-02551,Sospiro,Maraschino,,supplier_source,240614,supplier_name_normalisation,0.7,Initial candidate generated from supplier row only. Requires independent verification before approval.,needs_verification,low_supplier_source_only,2026-09-15T23:52:40+00:00
MATCH-20260426-02552,SUP-20260426-02552,Sospiro,Bibrato,,supplier_source,240261,supplier_name_normalisation,0.7,Initial candidate generated from supplier row only. Requires independent verification before approval.,needs_verification,low_supplier_source_only,2026-09-15T23:52:40+00:00
MATCH-20260426-02553,SUP-20260426-02553,Sospiro,Accento,,supplier_source,250320,supplier_name_normalisation,0.7,Initial candidate generated from supplier row only. Requires independent verification before approval.,needs_verification,low_supplier_source_only,2026-09-15T23:52:40+00:00
MATCH-20260426-02554,SUP-20260426-02554,Sospiro,Accento,,supplier_source,501962-D,supplier_name_normalisation,0.62,Initial candidate generated from supplier row only. Requires independent verification before approval.,needs_verification,low_supplier_source_only,2026-09-15T23:52:40+00:00
MATCH-20260426-02555,SUP-20260426-02555,Sospiro,Accento,,supplier_source,501962-E,supplier_name_normalisation,0.62,Initial candidate generated from supplier row only. Requires independent verification before approval.,needs_verification,low_supplier_source_only,2026-09-15T23:52:40+00:00
MATCH-20260426-02556,SUP-20260426-02556,Sospiro,Erba Pura Magicia,,supplier_source,261249-T,supplier_name_normalisation,0.62,Initial candidate generated from supplier row only. Requires independent verification before approval.,needs_verification,low_supplier_source_only,2026-09-15T23:52:40+00:00
MATCH-20260426-02557,SUP-20260426-02557,Sospiro,Ensemble,,supplier_source,343636,supplier_name_normalisation,0.62,Initial candidate generated from supplier row only. Requires independent verification before approval.,needs_verification,low_supplier_source_only,2026-09-15T23:52:40+00:00
MATCH-20260426-02558,SUP-20260426-02558,Sospiro,Erba Pura,,supplier_source,240299,supplier_name_normalisation,0.7,Initial candidate generated from supplier row only. Requires independent verification before approval.,needs_verification,low_supplier_source_only,2026-09-15T23:52:40+00:00
MATCH-20260426-02559,SUP-20260426-02559,Sospiro,Erba Pura,,supplier_source,232080-K,supplier_name_normalisation,0.62,Initial candidate generated from supplier row only. Requires independent verification before approval.,needs_verification,low_supplier_source_only,2026-09-15T23:52:40+00:00
MATCH-20260426-02560,SUP-20260426-02560,Sospiro,Erba Pura,,supplier_source,232080-A,supplier_name_normalisation,0.62,Initial candidate generated from supplier row only. Requires independent verification before approval.,needs_verification,low_supplier_source_only,2026-09-15T23:52:40+00:00
MATCH-20260426-02561,SUP-20260426-02561,Sospiro,Erba Pura,,supplier_source,232080,supplier_name_normalisation,0.62,Initial candidate generated from supplier row only. Requires independent verification before approval.,needs_verification,low_supplier_source_only,2026-09-15T23:52:40+00:00
MATCH-20260426-02562,SUP-20260426-02562,Sospiro,Erba Pura,,supplier_source,232080-T,supplier_name_normalisation,0.62,Initial candidate generated from supplier row only. Requires independent verification before approval.,needs_verification,low_supplier_source_only,2026-09-15T23:52:40+00:00
MATCH-20260426-02563,SUP-20260426-02563,Sospiro,Laylati,,supplier_source,338929-T,supplier_name_normalisation,0.62,Initial candidate generated from supplier row only. Requires independent verification before approval.,needs_verification,low_supplier_source_only,2026-09-15T23:52:40+00:00
MATCH-20260426-02564,SUP-20260426-02564,Sospiro,Opera,,supplier_source,338931-T,supplier_name_normalisation,0.62,Initial candidate generated from supplier row only. Requires independent verification before approval.,needs_verification,low_supplier_source_only,2026-09-15T23:52:40+00:00
MATCH-20260426-02565,SUP-20260426-02565,Sospiro,Ouverture,,supplier_source,342722,supplier_name_normalisation,0.62,Initial candidate generated from supplier row only. Requires independent verification before approval.,needs_verification,low_supplier_source_only,2026-09-15T23:52:40+00:00
MATCH-20260426-02566,SUP-20260426-02566,Sospiro,Accento,,supplier_source,501962-F,supplier_name_normalisation,0.62,Initial candidate generated from supplier row only. Requires independent verification before approval.,needs_verification,low_supplier_source_only,2026-09-15T23:52:40+00:00
MATCH-20260426-02567,SUP-20260426-02567,Sospiro,Muse,,supplier_source,3000648,supplier_name_normalisation,0.7,Initial candidate generated from supplier row only. Requires independent verification before approval.,needs_verification,low_supplier_source_only,2026-09-15T23:52:40+00:00
MATCH-20260426-02568,SUP-20260426-02568,Stefano Ricci,Royal Eagle Gold,,supplier_source,240246,supplier_name_normalisation,0.7,Initial candidate generated from supplier row only. Requires independent verification before approval.,needs_verification,low_supplier_source_only,2026-09-15T23:52:40+00:00
MATCH-20260426-02569,SUP-20260426-02569,Stefano Ricci,Royal Eagle Sport,,supplier_source,240116,supplier_name_normalisation,0.7,Initial candidate generated from supplier row only. Requires independent verification before approval.,needs_verification,low_supplier_source_only,2026-09-15T23:52:40+00:00
MATCH-20260426-02570,SUP-20260426-02570,Stephane Hum Lucas,The Queen & The Viper,,supplier_source,250300,supplier_name_normalisation,0.7,Initial candidate generated from supplier row only. Requires independent verification before approval.,needs_verification,low_supplier_source_only,2026-09-15T23:52:40+00:00
MATCH-20260426-02571,SUP-20260426-02571,Stephane Hum Lucas,The Queen & The Viper,,supplier_source,250305,supplier_name_normalisation,0.7,Initial candidate generated from supplier row only. Requires independent verification before approval.,needs_verification,low_supplier_source_only,2026-09-15T23:52:40+00:00
MATCH-20260426-02572,SUP-20260426-02572,Stephane Hum Lucas,Le 8,,supplier_source,250197,supplier_name_normalisation,0.7,Initial candidate generated from supplier row only. Requires independent verification before approval.,needs_verification,low_supplier_source_only,2026-09-15T23:52:40+00:00
MATCH-20260426-02573,SUP-20260426-02573,Stephane Hum Lucas,Sand Dance,,supplier_source,240820,supplier_name_normalisation,0.7,Initial candidate generated from supplier row only. Requires independent verification before approval.,needs_verification,low_supplier_source_only,2026-09-15T23:52:40+00:00
MATCH-20260426-02574,SUP-20260426-02574,Stephane Hum Lucas,Sea My Love,,supplier_source,240628,supplier_name_normalisation,0.7,Initial candidate generated from supplier row only. Requires independent verification before approval.,needs_verification,low_supplier_source_only,2026-09-15T23:52:40+00:00
MATCH-20260426-02575,SUP-20260426-02575,Stephane Hum Lucas,Lady White Snake,,supplier_source,240577,supplier_name_normalisation,0.7,Initial candidate generated from supplier row only. Requires independent verification before approval.,needs_verification,low_supplier_source_only,2026-09-15T23:52:40+00:00
MATCH-20260426-02576,SUP-20260426-02576,Stephane Hum Lucas,Pink Boa,,supplier_source,240511,supplier_name_normalisation,0.7,Initial candidate generated from supplier row only. Requires independent verification before approval.,needs_verification,low_supplier_source_only,2026-09-15T23:52:40+00:00
MATCH-20260426-02577,SUP-20260426-02577,Stephane Hum Lucas,Venom Incarnat,,supplier_source,240510,supplier_name_normalisation,0.7,Initial candidate generated from supplier row only. Requires independent verification before approval.,needs_verification,low_supplier_source_only,2026-09-15T23:52:40+00:00
MATCH-20260426-02578,SUP-20260426-02578,Stephane Hum Lucas,God Of Fire,,supplier_source,240183,supplier_name_normalisation,0.7,Initial candidate generated from supplier row only. Requires independent verification before approval.,needs_verification,low_supplier_source_only,2026-09-15T23:52:40+00:00
MATCH-20260426-02579,SUP-20260426-02579,Stephane Hum Lucas,Mortal Skin,,supplier_source,461525,supplier_name_normalisation,0.62,Initial candidate generated from supplier row only. Requires independent verification before approval.,needs_verification,low_supplier_source_only,2026-09-15T23:52:40+00:00
MATCH-20260426-02580,SUP-20260426-02580,Stephane Hum Lucas,Soleil De Jeddah Mango Kiss,,supplier_source,240513,supplier_name_normalisation,0.7,Initial candidate generated from supplier row only. Requires independent verification before approval.,needs_verification,low_supplier_source_only,2026-09-15T23:52:40+00:00
MATCH-20260426-02581,SUP-20260426-02581,Stephane Hum Lucas,Soleil De Jeddah,,supplier_source,461523,supplier_name_normalisation,0.62,Initial candidate generated from supplier row only. Requires independent verification before approval.,needs_verification,low_supplier_source_only,2026-09-15T23:52:40+00:00
MATCH-20260426-02582,SUP-20260426-02582,Sugar Baby / Soft,Sugar Baby / Soft,,supplier_source,3000649,supplier_name_normalisation,0.7,Initial candidate generated from supplier row only. Requires independent verification before approval.,needs_verification,low_supplier_source_only,2026-09-15T23:52:40+00:00
MATCH-20260426-02583,SUP-20260426-02583,Suhailah,Suhailah,,supplier_source,3000650,supplier_name_normalisation,0.7,Initial candidate generated from supplier row only. Requires independent verification before approval.,needs_verification,low_supplier_source_only,2026-09-15T23:52:40+00:00
MATCH-20260426-02584,SUP-20260426-02584,Suhalah,Mukallat Shu,,supplier_source,3000651,supplier_name_normalisation,0.7,Initial candidate generated from supplier row only. Requires independent verification before approval.,needs_verification,low_supplier_source_only,2026-09-15T23:52:40+00:00
MATCH-20260426-02585,SUP-20260426-02585,Sultan,Sultan Best,,supplier_source,3000652,supplier_name_normalisation,0.7,Initial candidate generated from supplier row only. Requires independent verification before approval.,needs_verification,low_supplier_source_only,2026-09-15T23:52:40+00:00
MATCH-20260426-02586,SUP-20260426-02586,Swiss Arabian,Shaghaf Amber Infusion,,supplier_source,250356,supplier_name_normalisation,0.7,Initial candidate generated from supplier row only. Requires independent verification before approval.,needs_verification,low_supplier_source_only,2026-09-15T23:52:40+00:00
MATCH-20260426-02587,SUP-20260426-02587,Swiss Arabian,Sgaghaf Vanilla Toffee,,supplier_source,240862,supplier_name_normalisation,0.7,Initial candidate generated from supplier row only. Requires independent verification before approval.,needs_verification,low_supplier_source_only,2026-09-15T23:52:40+00:00
MATCH-20260426-02588,SUP-20260426-02588,Swiss Arabian,Mukhallat Arais Luzi,,supplier_source,340813,supplier_name_normalisation,0.62,Initial candidate generated from supplier row only. Requires independent verification before approval.,needs_verification,low_supplier_source_only,2026-09-15T23:52:40+00:00
MATCH-20260426-02589,SUP-20260426-02589,Swiss Arabian,Noora Luzi,,supplier_source,500924,supplier_name_normalisation,0.62,Initial candidate generated from supplier row only. Requires independent verification before approval.,needs_verification,low_supplier_source_only,2026-09-15T23:52:40+00:00
MATCH-20260426-02590,SUP-20260426-02590,Swiss Arabian,Arais,,supplier_source,3000653,supplier_name_normalisation,0.7,Initial candidate generated from supplier row only. Requires independent verification before approval.,needs_verification,low_supplier_source_only,2026-09-15T23:52:40+00:00
MATCH-20260426-02591,SUP-20260426-02591,Swiss Arabian,Bakhoor Dijaz,,supplier_source,3000654,supplier_name_normalisation,0.7,Initial candidate generated from supplier row only. Requires independent verification before approval.,needs_verification,low_supplier_source_only,2026-09-15T23:52:40+00:00
MATCH-20260426-02592,SUP-20260426-02592,Swiss Arabian,Chi Chi Pink Sapil,,supplier_source,3000655,supplier_name_normalisation,0.7,Initial candidate generated from supplier row only. Requires independent verification before approval.,needs_verification,low_supplier_source_only,2026-09-15T23:52:40+00:00
MATCH-20260426-02593,SUP-20260426-02593,Swiss Arabian,Dukhoon Al Yas,,supplier_source,3000656,supplier_name_normalisation,0.7,Initial candidate generated from supplier row only. Requires independent verification before approval.,needs_verification,low_supplier_source_only,2026-09-15T23:52:40+00:00
MATCH-20260426-02594,SUP-20260426-02594,Swiss Arabian,Jannatul Firdous,,supplier_source,240041,supplier_name_normalisation,0.45,Initial candidate generated from supplier row only. Requires independent verification before approval.,needs_verification,low_supplier_source_only,2026-09-15T23:52:40+00:00
MATCH-20260426-02595,SUP-20260426-02595,Swiss Arabian,Kashkha,,supplier_source,3000658,supplier_name_normalisation,0.7,Initial candidate generated from supplier row only. Requires independent verification before approval.,needs_verification,low_supplier_source_only,2026-09-15T23:52:40+00:00
MATCH-20260426-02596,SUP-20260426-02596,Swiss Arabian,Layali,,supplier_source,3000659,supplier_name_normalisation,0.7,Initial candidate generated from supplier row only. Requires independent verification before approval.,needs_verification,low_supplier_source_only,2026-09-15T23:52:40+00:00
MATCH-20260426-02597,SUP-20260426-02597,Swiss Arabian,Mukhalat Malaki,,supplier_source,3000660,supplier_name_normalisation,0.7,Initial candidate generated from supplier row only. Requires independent verification before approval.,needs_verification,low_supplier_source_only,2026-09-15T23:52:40+00:00
MATCH-20260426-02598,SUP-20260426-02598,Swiss Arabian,Noora,,supplier_source,3000661,supplier_name_normalisation,0.7,Initial candidate generated from supplier row only. Requires independent verification before approval.,needs_verification,low_supplier_source_only,2026-09-15T23:52:40+00:00
MATCH-20260426-02599,SUP-20260426-02599,Swiss Arabian,OUD Mang,,supplier_source,3000662,supplier_name_normalisation,0.7,Initial candidate generated from supplier row only. Requires independent verification before approval.,needs_verification,low_supplier_source_only,2026-09-15T23:52:40+00:00
MATCH-20260426-02600,SUP-20260426-02600,Swiss Arabian,Rakkan Normal,,supplier_source,3000663,supplier_name_normalisation,0.7,Initial candidate generated from supplier row only. Requires independent verification before approval.,needs_verification,low_supplier_source_only,2026-09-15T23:52:40+00:00
MATCH-20260426-02601,SUP-20260426-02601,Swiss Arabian,Rakkan,,supplier_source,3000664,supplier_name_normalisation,0.7,Initial candidate generated from supplier row only. Requires independent verification before approval.,needs_verification,low_supplier_source_only,2026-09-15T23:52:40+00:00
MATCH-20260426-02602,SUP-20260426-02602,Swiss Arabian,Rashika,,supplier_source,3000665,supplier_name_normalisation,0.7,Initial candidate generated from supplier row only. Requires independent verification before approval.,needs_verification,low_supplier_source_only,2026-09-15T23:52:40+00:00
MATCH-20260426-02603,SUP-20260426-02603,Swiss Arabian,Sehr Al Sheila,,supplier_source,3000666,supplier_name_normalisation,0.7,Initial candidate generated from supplier row only. Requires independent verification before approval.,needs_verification,low_supplier_source_only,2026-09-15T23:52:40+00:00
MATCH-20260426-02604,SUP-20260426-02604,Swiss Arabian,Shumoukh Al Ghutra,,supplier_source,3000667,supplier_name_normalisation,0.7,Initial candidate generated from supplier row only. Requires independent verification before approval.,needs_verification,low_supplier_source_only,2026-09-15T23:52:40+00:00
MATCH-20260426-02605,SUP-20260426-02605,Tamburins,Pumpkini,,supplier_source,250440,supplier_name_normalisation,0.7,Initial candidate generated from supplier row only. Requires independent verification before approval.,needs_verification,low_supplier_source_only,2026-09-15T23:52:40+00:00
MATCH-20260426-02606,SUP-20260426-02606,The Sprit Of Dubai,Meydan,,supplier_source,240738,supplier_name_normalisation,0.7,Initial candidate generated from supplier row only. Requires independent verification before approval.,needs_verification,low_supplier_source_only,2026-09-15T23:52:40+00:00
MATCH-20260426-02607,SUP-20260426-02607,The Sprit Of Dubai,Meydan,,supplier_source,240476,supplier_name_normalisation,0.7,Initial candidate generated from supplier row only. Requires independent verification before approval.,needs_verification,low_supplier_source_only,2026-09-15T23:52:40+00:00
MATCH-20260426-02608,SUP-20260426-02608,Talzi,Talzi,,supplier_source,3000668,supplier_name_normalisation,0.7,Initial candidate generated from supplier row only. Requires independent verification before approval.,needs_verification,low_supplier_source_only,2026-09-15T23:52:40+00:00
MATCH-20260426-02609,SUP-20260426-02609,Tauer Perfumes,2 L Air Du Desert Marocain,,supplier_source,240767,supplier_name_normalisation,0.7,Initial candidate generated from supplier row only. Requires independent verification before approval.,needs_verification,low_supplier_source_only,2026-09-15T23:52:40+00:00
MATCH-20260426-02610,SUP-20260426-02610,Tauer Perfumes,Air Du Desert Marocain,,supplier_source,3000669,supplier_name_normalisation,0.7,Initial candidate generated from supplier row only. Requires independent verification before approval.,needs_verification,low_supplier_source_only,2026-09-15T23:52:40+00:00
MATCH-20260426-02611,SUP-20260426-02611,Tea Rose,Tea Rose,,supplier_source,3000670,supplier_name_normalisation,0.7,Initial candidate generated from supplier row only. Requires independent verification before approval.,needs_verification,low_supplier_source_only,2026-09-15T23:52:40+00:00
MATCH-20260426-02612,SUP-20260426-02612,Tea Rose,Tea Rose,,supplier_source,3000671,supplier_name_normalisation,0.7,Initial candidate generated from supplier row only. Requires independent verification before approval.,needs_verification,low_supplier_source_only,2026-09-15T23:52:40+00:00
MATCH-20260426-02613,SUP-20260426-02613,Thameen,Not Telling,,supplier_source,250357,supplier_name_normalisation,0.7,Initial candidate generated from supplier row only. Requires independent verification before approval.,needs_verification,low_supplier_source_only,2026-09-15T23:52:40+00:00
MATCH-20260426-02614,SUP-20260426-02614,Thameen,Royal Saphire,,supplier_source,233794,supplier_name_normalisation,0.62,Initial candidate generated from supplier row only. Requires independent verification before approval.,needs_verification,low_supplier_source_only,2026-09-15T23:52:40+00:00
MATCH-20260426-02615,SUP-20260426-02615,Thameen,Insignia,,supplier_source,262337,supplier_name_normalisation,0.62,Initial candidate generated from supplier row only. Requires independent verification before approval.,needs_verification,low_supplier_source_only,2026-09-15T23:52:40+00:00
MATCH-20260426-02616,SUP-20260426-02616,Thameen,Carved OUD,,supplier_source,461362,supplier_name_normalisation,0.62,Initial candidate generated from supplier row only. Requires independent verification before approval.,needs_verification,low_supplier_source_only,2026-09-15T23:52:40+00:00
MATCH-20260426-02617,SUP-20260426-02617,Thameen,Regent Leather,,supplier_source,339393,supplier_name_normalisation,0.62,Initial candidate generated from supplier row only. Requires independent verification before approval.,needs_verification,low_supplier_source_only,2026-09-15T23:52:40+00:00
MATCH-20260426-02618,SUP-20260426-02618,Thameen,Riviere,,supplier_source,339460,supplier_name_normalisation,0.62,Initial candidate generated from supplier row only. Requires independent verification before approval.,needs_verification,low_supplier_source_only,2026-09-15T23:52:40+00:00
MATCH-20260426-02619,SUP-20260426-02619,Thameen,Riviere,,supplier_source,339460-A,supplier_name_normalisation,0.62,Initial candidate generated from supplier row only. Requires independent verification before approval.,needs_verification,low_supplier_source_only,2026-09-15T23:52:40+00:00
MATCH-20260426-02620,SUP-20260426-02620,Thameen,Blue Heart,,supplier_source,344110-T,supplier_name_normalisation,0.62,Initial candidate generated from supplier row only. Requires independent verification before approval.,needs_verification,low_supplier_source_only,2026-09-15T23:52:40+00:00
MATCH-20260426-02621,SUP-20260426-02621,Thameen,Royal Saphire,,supplier_source,233794-B,supplier_name_normalisation,0.62,Initial candidate generated from supplier row only. Requires independent verification before approval.,needs_verification,low_supplier_source_only,2026-09-15T23:52:40+00:00
MATCH-20260426-02622,SUP-20260426-02622,Thameen,The Rose,,supplier_source,354159-T,supplier_name_normalisation,0.62,Initial candidate generated from supplier row only. Requires independent verification before approval.,needs_verification,low_supplier_source_only,2026-09-15T23:52:40+00:00
MATCH-20260426-02623,SUP-20260426-02623,The Beautiful M.,Boudicca Wode,,supplier_source,260830,supplier_name_normalisation,0.62,Initial candidate generated from supplier row only. Requires independent verification before approval.,needs_verification,low_supplier_source_only,2026-09-15T23:52:40+00:00
MATCH-20260426-02624,SUP-20260426-02624,The Beautiful M.,Vol 1 /intelligence & Fantasy,,supplier_source,232025-T,supplier_name_normalisation,0.62,Initial candidate generated from supplier row only. Requires independent verification before approval.,needs_verification,low_supplier_source_only,2026-09-15T23:52:40+00:00
MATCH-20260426-02625,SUP-20260426-02625,The Beautiful M.,Volume 2/ The Beautiful Mind,,supplier_source,232072-T,supplier_name_normalisation,0.62,Initial candidate generated from supplier row only. Requires independent verification before approval.,needs_verification,low_supplier_source_only,2026-09-15T23:52:40+00:00
MATCH-20260426-02626,SUP-20260426-02626,The Body Shop,Black Musk,,supplier_source,233617-B,supplier_name_normalisation,0.62,Initial candidate generated from supplier row only. Requires independent verification before approval.,needs_verification,low_supplier_source_only,2026-09-15T23:52:40+00:00
MATCH-20260426-02627,SUP-20260426-02627,The Body Shop,Black Musk,,supplier_source,3000672,supplier_name_normalisation,0.7,Initial candidate generated from supplier row only. Requires independent verification before approval.,needs_verification,low_supplier_source_only,2026-09-15T23:52:40+00:00
MATCH-20260426-02628,SUP-20260426-02628,The Body Shop,Body Musk France,,supplier_source,3000673,supplier_name_normalisation,0.7,Initial candidate generated from supplier row only. Requires independent verification before approval.,needs_verification,low_supplier_source_only,2026-09-15T23:52:40+00:00
MATCH-20260426-02629,SUP-20260426-02629,The House Of OUD,Empathy,,supplier_source,343714,supplier_name_normalisation,0.62,Initial candidate generated from supplier row only. Requires independent verification before approval.,needs_verification,low_supplier_source_only,2026-09-15T23:52:40+00:00
MATCH-20260426-02630,SUP-20260426-02630,The House Of OUD,Empathy,,supplier_source,343714-B,supplier_name_normalisation,0.62,Initial candidate generated from supplier row only. Requires independent verification before approval.,needs_verification,low_supplier_source_only,2026-09-15T23:52:40+00:00
MATCH-20260426-02631,SUP-20260426-02631,The Merchant Of,Vinegia 21,,supplier_source,240646,supplier_name_normalisation,0.7,Initial candidate generated from supplier row only. Requires independent verification before approval.,needs_verification,low_supplier_source_only,2026-09-15T23:52:40+00:00
MATCH-20260426-02632,SUP-20260426-02632,The Merchant Of,Imperial Emerald,,supplier_source,461676,supplier_name_normalisation,0.62,Initial candidate generated from supplier row only. Requires independent verification before approval.,needs_verification,low_supplier_source_only,2026-09-15T23:52:40+00:00
MATCH-20260426-02633,SUP-20260426-02633,Thierry Mugler,Mugler A*men Stellar,,supplier_source,250203,supplier_name_normalisation,0.7,Initial candidate generated from supplier row only. Requires independent verification before approval.,needs_verification,low_supplier_source_only,2026-09-15T23:52:40+00:00
MATCH-20260426-02634,SUP-20260426-02634,Thierry Mugler,A Men Pure Havane,,supplier_source,250131,supplier_name_normalisation,0.7,Initial candidate generated from supplier row only. Requires independent verification before approval.,needs_verification,low_supplier_source_only,2026-09-15T23:52:40+00:00
MATCH-20260426-02635,SUP-20260426-02635,Thierry Mugler,Alien Extraintense 2025,,supplier_source,240858,supplier_name_normalisation,0.7,Initial candidate generated from supplier row only. Requires independent verification before approval.,needs_verification,low_supplier_source_only,2026-09-15T23:52:40+00:00
MATCH-20260426-02636,SUP-20260426-02636,Thierry Mugler,A* Men Pure Malt,,supplier_source,240354,supplier_name_normalisation,0.7,Initial candidate generated from supplier row only. Requires independent verification before approval.,needs_verification,low_supplier_source_only,2026-09-15T23:52:40+00:00
MATCH-20260426-02637,SUP-20260426-02637,Thierry Mugler,Angel For Men,,supplier_source,240219,supplier_name_normalisation,0.7,Initial candidate generated from supplier row only. Requires independent verification before approval.,needs_verification,low_supplier_source_only,2026-09-15T23:52:40+00:00
MATCH-20260426-02638,SUP-20260426-02638,Thierry Mugler,Allien Women,,supplier_source,240587,supplier_name_normalisation,0.7,Initial candidate generated from supplier row only. Requires independent verification before approval.,needs_verification,low_supplier_source_only,2026-09-15T23:52:40+00:00
MATCH-20260426-02639,SUP-20260426-02639,Thierry Mugler,Allien Women,,supplier_source,693261,supplier_name_normalisation,0.62,Initial candidate generated from supplier row only. Requires independent verification before approval.,needs_verification,low_supplier_source_only,2026-09-15T23:52:40+00:00
MATCH-20260426-02640,SUP-20260426-02640,Thierry Mugler,Alien,,supplier_source,3000674,supplier_name_normalisation,0.7,Initial candidate generated from supplier row only. Requires independent verification before approval.,needs_verification,low_supplier_source_only,2026-09-15T23:52:40+00:00
MATCH-20260426-02641,SUP-20260426-02641,Thierry Mugler,Alien For Man,,supplier_source,3000675,supplier_name_normalisation,0.7,Initial candidate generated from supplier row only. Requires independent verification before approval.,needs_verification,low_supplier_source_only,2026-09-15T23:52:40+00:00
MATCH-20260426-02642,SUP-20260426-02642,Thierry Mugler,Alien OUD Majestueux,,supplier_source,3000676,supplier_name_normalisation,0.7,Initial candidate generated from supplier row only. Requires independent verification before approval.,needs_verification,low_supplier_source_only,2026-09-15T23:52:40+00:00
MATCH-20260426-02643,SUP-20260426-02643,Thierry Mugler,Angel Musk,,supplier_source,3000677,supplier_name_normalisation,0.7,Initial candidate generated from supplier row only. Requires independent verification before approval.,needs_verification,low_supplier_source_only,2026-09-15T23:52:40+00:00
MATCH-20260426-02644,SUP-20260426-02644,Thierry Mugler,Angel Woman,,supplier_source,3000678,supplier_name_normalisation,0.7,Initial candidate generated from supplier row only. Requires independent verification before approval.,needs_verification,low_supplier_source_only,2026-09-15T23:52:40+00:00
MATCH-20260426-02645,SUP-20260426-02645,Thierry Mugler,Angel Elixir,,supplier_source,3000679,supplier_name_normalisation,0.7,Initial candidate generated from supplier row only. Requires independent verification before approval.,needs_verification,low_supplier_source_only,2026-09-15T23:52:40+00:00
MATCH-20260426-02646,SUP-20260426-02646,Thomas Kosmala,N 4 Neon,,supplier_source,240691,supplier_name_normalisation,0.7,Initial candidate generated from supplier row only. Requires independent verification before approval.,needs_verification,low_supplier_source_only,2026-09-15T23:52:40+00:00
MATCH-20260426-02647,SUP-20260426-02647,Thomas Kosmala,Desire Du Coeur,,supplier_source,504053,supplier_name_normalisation,0.62,Initial candidate generated from supplier row only. Requires independent verification before approval.,needs_verification,low_supplier_source_only,2026-09-15T23:52:40+00:00
MATCH-20260426-02648,SUP-20260426-02648,Thomas Kosmala,Desire Du Coeur,,supplier_source,504053-A,supplier_name_normalisation,0.62,Initial candidate generated from supplier row only. Requires independent verification before approval.,needs_verification,low_supplier_source_only,2026-09-15T23:52:40+00:00
MATCH-20260426-02649,SUP-20260426-02649,Thomas Kosmala,No.09 Bukhoor,,supplier_source,343855,supplier_name_normalisation,0.62,Initial candidate generated from supplier row only. Requires independent verification before approval.,needs_verification,low_supplier_source_only,2026-09-15T23:52:40+00:00
MATCH-20260426-02650,SUP-20260426-02650,Thomas Kosmala,No.09 Bukhoor,,supplier_source,343855-A,supplier_name_normalisation,0.62,Initial candidate generated from supplier row only. Requires independent verification before approval.,needs_verification,low_supplier_source_only,2026-09-15T23:52:40+00:00
MATCH-20260426-02651,SUP-20260426-02651,Thomas Kosmala,"No 4 Apres L"" Amour",,supplier_source,233441-T,supplier_name_normalisation,0.62,Initial candidate generated from supplier row only. Requires independent verification before approval.,needs_verification,low_supplier_source_only,2026-09-15T23:52:40+00:00
MATCH-20260426-02652,SUP-20260426-02652,Thomas Kosmala,"No 4 Apres L"" Amour",,supplier_source,250093,supplier_name_normalisation,0.7,Initial candidate generated from supplier row only. Requires independent verification before approval.,needs_verification,low_supplier_source_only,2026-09-15T23:52:40+00:00
MATCH-20260426-02653,SUP-20260426-02653,Thomas Kosmala,No. 9 Bukhoor,,supplier_source,343855-T,supplier_name_normalisation,0.62,Initial candidate generated from supplier row only. Requires independent verification before approval.,needs_verification,low_supplier_source_only,2026-09-15T23:52:40+00:00
MATCH-20260426-02654,SUP-20260426-02654,Thomas Kosmala,A Never Ending Love,,supplier_source,462322 -T,supplier_name_normalisation,0.62,Initial candidate generated from supplier row only. Requires independent verification before approval.,needs_verification,low_supplier_source_only,2026-09-15T23:52:40+00:00
MATCH-20260426-02655,SUP-20260426-02655,Thomas Kosmala,A Never Ending Love,,supplier_source,462322,supplier_name_normalisation,0.62,Initial candidate generated from supplier row only. Requires independent verification before approval.,needs_verification,low_supplier_source_only,2026-09-15T23:52:40+00:00
MATCH-20260426-02656,SUP-20260426-02656,Thomas Kosmala,No.09 Bukhoor,,supplier_source,3000680,supplier_name_normalisation,0.7,Initial candidate generated from supplier row only. Requires independent verification before approval.,needs_verification,low_supplier_source_only,2026-09-15T23:52:40+00:00
MATCH-20260426-02657,SUP-20260426-02657,Thomas Kosmala,Tonic Blanc No 1,,supplier_source,3000681,supplier_name_normalisation,0.7,Initial candidate generated from supplier row only. Requires independent verification before approval.,needs_verification,low_supplier_source_only,2026-09-15T23:52:40+00:00
MATCH-20260426-02658,SUP-20260426-02658,Tiffany & Co,Tiffant EDP,,supplier_source,343632,supplier_name_normalisation,0.62,Initial candidate generated from supplier row only. Requires independent verification before approval.,needs_verification,low_supplier_source_only,2026-09-15T23:52:40+00:00
MATCH-20260426-02659,SUP-20260426-02659,Tiziana Terenzi,Omicron,,supplier_source,250468,supplier_name_normalisation,0.7,Initial candidate generated from supplier row only. Requires independent verification before approval.,needs_verification,low_supplier_source_only,2026-09-15T23:52:40+00:00
MATCH-20260426-02660,SUP-20260426-02660,Tiziana Terenzi,Telea,,supplier_source,250142,supplier_name_normalisation,0.7,Initial candidate generated from supplier row only. Requires independent verification before approval.,needs_verification,low_supplier_source_only,2026-09-15T23:52:40+00:00
MATCH-20260426-02661,SUP-20260426-02661,Tiziana Terenzi,Osola,,supplier_source,250134,supplier_name_normalisation,0.7,Initial candidate generated from supplier row only. Requires independent verification before approval.,needs_verification,low_supplier_source_only,2026-09-15T23:52:40+00:00
MATCH-20260426-02662,SUP-20260426-02662,Tiziana Terenzi,Osola,,supplier_source,250216,supplier_name_normalisation,0.7,Initial candidate generated from supplier row only. Requires independent verification before approval.,needs_verification,low_supplier_source_only,2026-09-15T23:52:40+00:00
MATCH-20260426-02663,SUP-20260426-02663,Tiziana Terenzi,Ilba,,supplier_source,250135,supplier_name_normalisation,0.7,Initial candidate generated from supplier row only. Requires independent verification before approval.,needs_verification,low_supplier_source_only,2026-09-15T23:52:40+00:00
MATCH-20260426-02664,SUP-20260426-02664,Tiziana Terenzi,Nottebuia,,supplier_source,240350,supplier_name_normalisation,0.7,Initial candidate generated from supplier row only. Requires independent verification before approval.,needs_verification,low_supplier_source_only,2026-09-15T23:52:40+00:00
MATCH-20260426-02665,SUP-20260426-02665,Tiziana Terenzi,Halley,,supplier_source,233181-T,supplier_name_normalisation,0.62,Initial candidate generated from supplier row only. Requires independent verification before approval.,needs_verification,low_supplier_source_only,2026-09-15T23:52:40+00:00
MATCH-20260426-02666,SUP-20260426-02666,Tiziana Terenzi,Afrodite,,supplier_source,339671,supplier_name_normalisation,0.62,Initial candidate generated from supplier row only. Requires independent verification before approval.,needs_verification,low_supplier_source_only,2026-09-15T23:52:40+00:00
MATCH-20260426-02667,SUP-20260426-02667,Tiziana Terenzi,Afrodite,,supplier_source,339671-B,supplier_name_normalisation,0.62,Initial candidate generated from supplier row only. Requires independent verification before approval.,needs_verification,low_supplier_source_only,2026-09-15T23:52:40+00:00
MATCH-20260426-02668,SUP-20260426-02668,Tiziana Terenzi,Andromeda,,supplier_source,233622,supplier_name_normalisation,0.62,Initial candidate generated from supplier row only. Requires independent verification before approval.,needs_verification,low_supplier_source_only,2026-09-15T23:52:40+00:00
MATCH-20260426-02669,SUP-20260426-02669,Tiziana Terenzi,Casanova,,supplier_source,343639,supplier_name_normalisation,0.62,Initial candidate generated from supplier row only. Requires independent verification before approval.,needs_verification,low_supplier_source_only,2026-09-15T23:52:40+00:00
MATCH-20260426-02670,SUP-20260426-02670,Tiziana Terenzi,Cassiopea,,supplier_source,343644-D,supplier_name_normalisation,0.62,Initial candidate generated from supplier row only. Requires independent verification before approval.,needs_verification,low_supplier_source_only,2026-09-15T23:52:40+00:00
MATCH-20260426-02671,SUP-20260426-02671,Tiziana Terenzi,Draco,,supplier_source,233784,supplier_name_normalisation,0.62,Initial candidate generated from supplier row only. Requires independent verification before approval.,needs_verification,low_supplier_source_only,2026-09-15T23:52:40+00:00
MATCH-20260426-02672,SUP-20260426-02672,Tiziana Terenzi,Draco,,supplier_source,233784-C,supplier_name_normalisation,0.62,Initial candidate generated from supplier row only. Requires independent verification before approval.,needs_verification,low_supplier_source_only,2026-09-15T23:52:40+00:00
MATCH-20260426-02673,SUP-20260426-02673,Tiziana Terenzi,Kirke Overdose,,supplier_source,250358,supplier_name_normalisation,0.7,Initial candidate generated from supplier row only. Requires independent verification before approval.,needs_verification,low_supplier_source_only,2026-09-15T23:52:40+00:00
MATCH-20260426-02674,SUP-20260426-02674,Tiziana Terenzi,Kirke,,supplier_source,233285,supplier_name_normalisation,0.62,Initial candidate generated from supplier row only. Requires independent verification before approval.,needs_verification,low_supplier_source_only,2026-09-15T23:52:40+00:00
MATCH-20260426-02675,SUP-20260426-02675,Tiziana Terenzi,Kirke,,supplier_source,233285-T,supplier_name_normalisation,0.62,Initial candidate generated from supplier row only. Requires independent verification before approval.,needs_verification,low_supplier_source_only,2026-09-15T23:52:40+00:00
MATCH-20260426-02676,SUP-20260426-02676,Tiziana Terenzi,Kirke,,supplier_source,233285-E,supplier_name_normalisation,0.62,Initial candidate generated from supplier row only. Requires independent verification before approval.,needs_verification,low_supplier_source_only,2026-09-15T23:52:40+00:00
MATCH-20260426-02677,SUP-20260426-02677,Tiziana Terenzi,Orion,,supplier_source,503470,supplier_name_normalisation,0.62,Initial candidate generated from supplier row only. Requires independent verification before approval.,needs_verification,low_supplier_source_only,2026-09-15T23:52:40+00:00
MATCH-20260426-02678,SUP-20260426-02678,Tiziana Terenzi,Porpora,,supplier_source,339346,supplier_name_normalisation,0.62,Initial candidate generated from supplier row only. Requires independent verification before approval.,needs_verification,low_supplier_source_only,2026-09-15T23:52:40+00:00
MATCH-20260426-02679,SUP-20260426-02679,Tiziana Terenzi,Cubia,,supplier_source,701203,supplier_name_normalisation,0.62,Initial candidate generated from supplier row only. Requires independent verification before approval.,needs_verification,low_supplier_source_only,2026-09-15T23:52:40+00:00
MATCH-20260426-02680,SUP-20260426-02680,Tiziana Terenzi,Andromeda,,supplier_source,233622-T,supplier_name_normalisation,0.62,Initial candidate generated from supplier row only. Requires independent verification before approval.,needs_verification,low_supplier_source_only,2026-09-15T23:52:40+00:00
MATCH-20260426-02681,SUP-20260426-02681,Tiziana Terenzi,Mirach,,supplier_source,503735,supplier_name_normalisation,0.62,Initial candidate generated from supplier row only. Requires independent verification before approval.,needs_verification,low_supplier_source_only,2026-09-15T23:52:40+00:00
MATCH-20260426-02682,SUP-20260426-02682,Tiziana Terenzi,Gumin,,supplier_source,240176,supplier_name_normalisation,0.7,Initial candidate generated from supplier row only. Requires independent verification before approval.,needs_verification,low_supplier_source_only,2026-09-15T23:52:40+00:00
MATCH-20260426-02683,SUP-20260426-02683,Tiziana Terenzi,Gumin,,supplier_source,261020,supplier_name_normalisation,0.62,Initial candidate generated from supplier row only. Requires independent verification before approval.,needs_verification,low_supplier_source_only,2026-09-15T23:52:40+00:00
MATCH-20260426-02684,SUP-20260426-02684,Tiziana Terenzi,Nero Oudh,,supplier_source,503919-T,supplier_name_normalisation,0.62,Initial candidate generated from supplier row only. Requires independent verification before approval.,needs_verification,low_supplier_source_only,2026-09-15T23:52:40+00:00
MATCH-20260426-02685,SUP-20260426-02685,Tiziana Terenzi,Nero Oudh,,supplier_source,503919,supplier_name_normalisation,0.62,Initial candidate generated from supplier row only. Requires independent verification before approval.,needs_verification,low_supplier_source_only,2026-09-15T23:52:40+00:00
MATCH-20260426-02686,SUP-20260426-02686,Tiziana Terenzi,Delox,,supplier_source,354199-T,supplier_name_normalisation,0.62,Initial candidate generated from supplier row only. Requires independent verification before approval.,needs_verification,low_supplier_source_only,2026-09-15T23:52:40+00:00
MATCH-20260426-02687,SUP-20260426-02687,Tiziana Terenzi,Vittoriale 2022,,supplier_source,504054-T,supplier_name_normalisation,0.62,Initial candidate generated from supplier row only. Requires independent verification before approval.,needs_verification,low_supplier_source_only,2026-09-15T23:52:40+00:00
MATCH-20260426-02688,SUP-20260426-02688,Tiziana Terenzi,Vittoriale 2022,,supplier_source,504054,supplier_name_normalisation,0.62,Initial candidate generated from supplier row only. Requires independent verification before approval.,needs_verification,low_supplier_source_only,2026-09-15T23:52:40+00:00
MATCH-20260426-02689,SUP-20260426-02689,Tiziana Terenzi,Ursa,,supplier_source,240069,supplier_name_normalisation,0.7,Initial candidate generated from supplier row only. Requires independent verification before approval.,needs_verification,low_supplier_source_only,2026-09-15T23:52:40+00:00
MATCH-20260426-02690,SUP-20260426-02690,Tomford,Fig Erotique,,supplier_source,250475,supplier_name_normalisation,0.7,Initial candidate generated from supplier row only. Requires independent verification before approval.,needs_verification,low_supplier_source_only,2026-09-15T23:52:40+00:00
MATCH-20260426-02691,SUP-20260426-02691,Tomford,Black Orchid Reserve,,supplier_source,250332,supplier_name_normalisation,0.7,Initial candidate generated from supplier row only. Requires independent verification before approval.,needs_verification,low_supplier_source_only,2026-09-15T23:52:40+00:00
MATCH-20260426-02692,SUP-20260426-02692,Tomford,OUD Voyager,,supplier_source,250284,supplier_name_normalisation,0.7,Initial candidate generated from supplier row only. Requires independent verification before approval.,needs_verification,low_supplier_source_only,2026-09-15T23:52:40+00:00
MATCH-20260426-02693,SUP-20260426-02693,Tomford,Eau De Soleil Blanc 2025,,supplier_source,250181,supplier_name_normalisation,0.7,Initial candidate generated from supplier row only. Requires independent verification before approval.,needs_verification,low_supplier_source_only,2026-09-15T23:52:40+00:00
MATCH-20260426-02694,SUP-20260426-02694,Tomford,Bois Pacifique,,supplier_source,240985,supplier_name_normalisation,0.7,Initial candidate generated from supplier row only. Requires independent verification before approval.,needs_verification,low_supplier_source_only,2026-09-15T23:52:40+00:00
MATCH-20260426-02695,SUP-20260426-02695,Tomford,Vanilla Fatale 2024,,supplier_source,240907,supplier_name_normalisation,0.7,Initial candidate generated from supplier row only. Requires independent verification before approval.,needs_verification,low_supplier_source_only,2026-09-15T23:52:40+00:00
MATCH-20260426-02696,SUP-20260426-02696,Tomford,Plum Japonish,,supplier_source,240904,supplier_name_normalisation,0.7,Initial candidate generated from supplier row only. Requires independent verification before approval.,needs_verification,low_supplier_source_only,2026-09-15T23:52:40+00:00
MATCH-20260426-02697,SUP-20260426-02697,Tomford,Rose Exposed,,supplier_source,240794,supplier_name_normalisation,0.7,Initial candidate generated from supplier row only. Requires independent verification before approval.,needs_verification,low_supplier_source_only,2026-09-15T23:52:40+00:00
MATCH-20260426-02698,SUP-20260426-02698,Tomford,Amber Intrigue,,supplier_source,240753,supplier_name_normalisation,0.7,Initial candidate generated from supplier row only. Requires independent verification before approval.,needs_verification,low_supplier_source_only,2026-09-15T23:52:40+00:00
MATCH-20260426-02699,SUP-20260426-02699,Tomford,Noir De Noir,,supplier_source,240630,supplier_name_normalisation,0.7,Initial candidate generated from supplier row only. Requires independent verification before approval.,needs_verification,low_supplier_source_only,2026-09-15T23:52:40+00:00
MATCH-20260426-02700,SUP-20260426-02700,Tomford,Soleil Neige,,supplier_source,240590,supplier_name_normalisation,0.7,Initial candidate generated from supplier row only. Requires independent verification before approval.,needs_verification,low_supplier_source_only,2026-09-15T23:52:40+00:00
MATCH-20260426-02701,SUP-20260426-02701,Tom Ford,Eau D Ombre Leather,,supplier_source,240557,supplier_name_normalisation,0.7,Initial candidate generated from supplier row only. Requires independent verification before approval.,needs_verification,low_supplier_source_only,2026-09-15T23:52:40+00:00
MATCH-20260426-02702,SUP-20260426-02702,Tom Ford,Black Lacquer,,supplier_source,240525,supplier_name_normalisation,0.7,Initial candidate generated from supplier row only. Requires independent verification before approval.,needs_verification,low_supplier_source_only,2026-09-15T23:52:40+00:00
MATCH-20260426-02703,SUP-20260426-02703,Tom Ford,Fougree D Argent,,supplier_source,240469,supplier_name_normalisation,0.7,Initial candidate generated from supplier row only. Requires independent verification before approval.,needs_verification,low_supplier_source_only,2026-09-15T23:52:40+00:00
MATCH-20260426-02704,SUP-20260426-02704,Tom Ford,Jasmine Rouge,,supplier_source,240436,supplier_name_normalisation,0.7,Initial candidate generated from supplier row only. Requires independent verification before approval.,needs_verification,low_supplier_source_only,2026-09-15T23:52:40+00:00
MATCH-20260426-02705,SUP-20260426-02705,Tom Ford,Amber Absolute,,supplier_source,240433,supplier_name_normalisation,0.7,Initial candidate generated from supplier row only. Requires independent verification before approval.,needs_verification,low_supplier_source_only,2026-09-15T23:52:40+00:00
MATCH-20260426-02706,SUP-20260426-02706,Tom Ford,White Suede,,supplier_source,240430,supplier_name_normalisation,0.7,Initial candidate generated from supplier row only. Requires independent verification before approval.,needs_verification,low_supplier_source_only,2026-09-15T23:52:40+00:00
MATCH-20260426-02707,SUP-20260426-02707,Tom Ford,Soleil De Feu,,supplier_source,240424,supplier_name_normalisation,0.7,Initial candidate generated from supplier row only. Requires independent verification before approval.,needs_verification,low_supplier_source_only,2026-09-15T23:52:40+00:00
MATCH-20260426-02708,SUP-20260426-02708,Tom Ford,Myrre Mystre,,supplier_source,240147,supplier_name_normalisation,0.7,Initial candidate generated from supplier row only. Requires independent verification before approval.,needs_verification,low_supplier_source_only,2026-09-15T23:52:40+00:00
MATCH-20260426-02709,SUP-20260426-02709,Tom Ford,Musk Pure,,supplier_source,239255-B,supplier_name_normalisation,0.62,Initial candidate generated from supplier row only. Requires independent verification before approval.,needs_verification,low_supplier_source_only,2026-09-15T23:52:40+00:00
MATCH-20260426-02710,SUP-20260426-02710,Tom Ford,Jasmine Musk,,supplier_source,359088-A,supplier_name_normalisation,0.62,Initial candidate generated from supplier row only. Requires independent verification before approval.,needs_verification,low_supplier_source_only,2026-09-15T23:52:40+00:00
MATCH-20260426-02711,SUP-20260426-02711,Tom Ford,Noir Extreme Parfum,,supplier_source,680300,supplier_name_normalisation,0.62,Initial candidate generated from supplier row only. Requires independent verification before approval.,needs_verification,low_supplier_source_only,2026-09-15T23:52:40+00:00
MATCH-20260426-02712,SUP-20260426-02712,Tom Ford,Electric Cherry,,supplier_source,261234-T,supplier_name_normalisation,0.62,Initial candidate generated from supplier row only. Requires independent verification before approval.,needs_verification,low_supplier_source_only,2026-09-15T23:52:40+00:00
MATCH-20260426-02713,SUP-20260426-02713,Tom Ford,Vanilla Sex,,supplier_source,240058,supplier_name_normalisation,0.7,Initial candidate generated from supplier row only. Requires independent verification before approval.,needs_verification,low_supplier_source_only,2026-09-15T23:52:40+00:00
MATCH-20260426-02714,SUP-20260426-02714,Tom Ford,Vanilla Sex,,supplier_source,240115,supplier_name_normalisation,0.7,Initial candidate generated from supplier row only. Requires independent verification before approval.,needs_verification,low_supplier_source_only,2026-09-15T23:52:40+00:00
MATCH-20260426-02715,SUP-20260426-02715,Tom Ford,Ombre Leather,,supplier_source,240134,supplier_name_normalisation,0.7,Initial candidate generated from supplier row only. Requires independent verification before approval.,needs_verification,low_supplier_source_only,2026-09-15T23:52:40+00:00
MATCH-20260426-02716,SUP-20260426-02716,Tomford,Black Orchid,,supplier_source,240619,supplier_name_normalisation,0.7,Initial candidate generated from supplier row only. Requires independent verification before approval.,needs_verification,low_supplier_source_only,2026-09-15T23:52:40+00:00
MATCH-20260426-02717,SUP-20260426-02717,Tomford,Black Orchid,,supplier_source,607403,supplier_name_normalisation,0.62,Initial candidate generated from supplier row only. Requires independent verification before approval.,needs_verification,low_supplier_source_only,2026-09-15T23:52:40+00:00
MATCH-20260426-02718,SUP-20260426-02718,Tomford,Lost Cherry,,supplier_source,343713 T,supplier_name_normalisation,0.62,Initial candidate generated from supplier row only. Requires independent verification before approval.,needs_verification,low_supplier_source_only,2026-09-15T23:52:40+00:00
MATCH-20260426-02719,SUP-20260426-02719,Tomford,Lost Cherry,,supplier_source,250321,supplier_name_normalisation,0.7,Initial candidate generated from supplier row only. Requires independent verification before approval.,needs_verification,low_supplier_source_only,2026-09-15T23:52:40+00:00
MATCH-20260426-02720,SUP-20260426-02720,Tomford,Lost Cherry,,supplier_source,343713,supplier_name_normalisation,0.62,Initial candidate generated from supplier row only. Requires independent verification before approval.,needs_verification,low_supplier_source_only,2026-09-15T23:52:40+00:00
MATCH-20260426-02721,SUP-20260426-02721,Tomford,Noir Extreme,,supplier_source,240427,supplier_name_normalisation,0.7,Initial candidate generated from supplier row only. Requires independent verification before approval.,needs_verification,low_supplier_source_only,2026-09-15T23:52:40+00:00
MATCH-20260426-02722,SUP-20260426-02722,Tomford,Ombre Leather 2018,,supplier_source,233642,supplier_name_normalisation,0.62,Initial candidate generated from supplier row only. Requires independent verification before approval.,needs_verification,low_supplier_source_only,2026-09-15T23:52:40+00:00
MATCH-20260426-02723,SUP-20260426-02723,Tomford,Soleil Blanc,,supplier_source,240406,supplier_name_normalisation,0.7,Initial candidate generated from supplier row only. Requires independent verification before approval.,needs_verification,low_supplier_source_only,2026-09-15T23:52:40+00:00
MATCH-20260426-02724,SUP-20260426-02724,Tomford,Soleil Blanc,,supplier_source,342762,supplier_name_normalisation,0.62,Initial candidate generated from supplier row only. Requires independent verification before approval.,needs_verification,low_supplier_source_only,2026-09-15T23:52:40+00:00
MATCH-20260426-02725,SUP-20260426-02725,Tomford,Tuscan Leather,,supplier_source,250102,supplier_name_normalisation,0.7,Initial candidate generated from supplier row only. Requires independent verification before approval.,needs_verification,low_supplier_source_only,2026-09-15T23:52:40+00:00
MATCH-20260426-02726,SUP-20260426-02726,Tomford,Vanille Fatale,,supplier_source,339373-C,supplier_name_normalisation,0.62,Initial candidate generated from supplier row only. Requires independent verification before approval.,needs_verification,low_supplier_source_only,2026-09-15T23:52:40+00:00
MATCH-20260426-02727,SUP-20260426-02727,Tomford,Vanille Fatale,,supplier_source,339373,supplier_name_normalisation,0.62,Initial candidate generated from supplier row only. Requires independent verification before approval.,needs_verification,low_supplier_source_only,2026-09-15T23:52:40+00:00
MATCH-20260426-02728,SUP-20260426-02728,Tomford,Venetian Bergamot,,supplier_source,461524-BB,supplier_name_normalisation,0.62,Initial candidate generated from supplier row only. Requires independent verification before approval.,needs_verification,low_supplier_source_only,2026-09-15T23:52:40+00:00
MATCH-20260426-02729,SUP-20260426-02729,Tomford,Venetian Bergamot,,supplier_source,461524,supplier_name_normalisation,0.62,Initial candidate generated from supplier row only. Requires independent verification before approval.,needs_verification,low_supplier_source_only,2026-09-15T23:52:40+00:00
MATCH-20260426-02730,SUP-20260426-02730,Tomford,OUD Wood,,supplier_source,240963,supplier_name_normalisation,0.7,Initial candidate generated from supplier row only. Requires independent verification before approval.,needs_verification,low_supplier_source_only,2026-09-15T23:52:40+00:00
MATCH-20260426-02731,SUP-20260426-02731,Tomford,OUD Wood,,supplier_source,358107-T,supplier_name_normalisation,0.62,Initial candidate generated from supplier row only. Requires independent verification before approval.,needs_verification,low_supplier_source_only,2026-09-15T23:52:40+00:00
MATCH-20260426-02732,SUP-20260426-02732,Tomford,Black Orchid Parfum,,supplier_source,353930-T,supplier_name_normalisation,0.62,Initial candidate generated from supplier row only. Requires independent verification before approval.,needs_verification,low_supplier_source_only,2026-09-15T23:52:40+00:00
MATCH-20260426-02733,SUP-20260426-02733,Tomford,Rose Prick,,supplier_source,240606,supplier_name_normalisation,0.7,Initial candidate generated from supplier row only. Requires independent verification before approval.,needs_verification,low_supplier_source_only,2026-09-15T23:52:40+00:00
MATCH-20260426-02734,SUP-20260426-02734,Tomford,Rose Prick,,supplier_source,233328,supplier_name_normalisation,0.62,Initial candidate generated from supplier row only. Requires independent verification before approval.,needs_verification,low_supplier_source_only,2026-09-15T23:52:40+00:00
MATCH-20260426-02735,SUP-20260426-02735,Tomford,F Fabulous,,supplier_source,503463,supplier_name_normalisation,0.62,Initial candidate generated from supplier row only. Requires independent verification before approval.,needs_verification,low_supplier_source_only,2026-09-15T23:52:40+00:00
MATCH-20260426-02736,SUP-20260426-02736,Tomford,F Fabulous,,supplier_source,250322,supplier_name_normalisation,0.7,Initial candidate generated from supplier row only. Requires independent verification before approval.,needs_verification,low_supplier_source_only,2026-09-15T23:52:40+00:00
MATCH-20260426-02737,SUP-20260426-02737,Tomford,Tubereuse Nue,,supplier_source,503827,supplier_name_normalisation,0.62,Initial candidate generated from supplier row only. Requires independent verification before approval.,needs_verification,low_supplier_source_only,2026-09-15T23:52:40+00:00
MATCH-20260426-02738,SUP-20260426-02738,Tomford,Beau De Jour,,supplier_source,503822,supplier_name_normalisation,0.62,Initial candidate generated from supplier row only. Requires independent verification before approval.,needs_verification,low_supplier_source_only,2026-09-15T23:52:40+00:00
MATCH-20260426-02739,SUP-20260426-02739,Tomford,Soleil Brulant,,supplier_source,261089,supplier_name_normalisation,0.62,Initial candidate generated from supplier row only. Requires independent verification before approval.,needs_verification,low_supplier_source_only,2026-09-15T23:52:40+00:00
MATCH-20260426-02740,SUP-20260426-02740,Tomford,Lavender Extreme,,supplier_source,339974,supplier_name_normalisation,0.62,Initial candidate generated from supplier row only. Requires independent verification before approval.,needs_verification,low_supplier_source_only,2026-09-15T23:52:40+00:00
MATCH-20260426-02741,SUP-20260426-02741,Tomford,Costa Azzurra,,supplier_source,233442,supplier_name_normalisation,0.62,Initial candidate generated from supplier row only. Requires independent verification before approval.,needs_verification,low_supplier_source_only,2026-09-15T23:52:40+00:00
MATCH-20260426-02742,SUP-20260426-02742,Tomford,Ebene Fume,,supplier_source,240602,supplier_name_normalisation,0.7,Initial candidate generated from supplier row only. Requires independent verification before approval.,needs_verification,low_supplier_source_only,2026-09-15T23:52:40+00:00
MATCH-20260426-02743,SUP-20260426-02743,Tomford,Ombre Leather Parfum,,supplier_source,233536,supplier_name_normalisation,0.62,Initial candidate generated from supplier row only. Requires independent verification before approval.,needs_verification,low_supplier_source_only,2026-09-15T23:52:40+00:00
MATCH-20260426-02744,SUP-20260426-02744,Tomford,Rose D'amalfi,,supplier_source,680265-T,supplier_name_normalisation,0.62,Initial candidate generated from supplier row only. Requires independent verification before approval.,needs_verification,low_supplier_source_only,2026-09-15T23:52:40+00:00
MATCH-20260426-02745,SUP-20260426-02745,Tomford,Rose De Chine,,supplier_source,580235-TT,supplier_name_normalisation,0.62,Initial candidate generated from supplier row only. Requires independent verification before approval.,needs_verification,low_supplier_source_only,2026-09-15T23:52:40+00:00
MATCH-20260426-02746,SUP-20260426-02746,Tomford,Rose De Russie,,supplier_source,240425,supplier_name_normalisation,0.7,Initial candidate generated from supplier row only. Requires independent verification before approval.,needs_verification,low_supplier_source_only,2026-09-15T23:52:40+00:00
MATCH-20260426-02747,SUP-20260426-02747,Tomford,Metallique,,supplier_source,233764-A,supplier_name_normalisation,0.62,Initial candidate generated from supplier row only. Requires independent verification before approval.,needs_verification,low_supplier_source_only,2026-09-15T23:52:40+00:00
MATCH-20260426-02748,SUP-20260426-02748,Tomford,Tobacco OUD,,supplier_source,462229,supplier_name_normalisation,0.62,Initial candidate generated from supplier row only. Requires independent verification before approval.,needs_verification,low_supplier_source_only,2026-09-15T23:52:40+00:00
MATCH-20260426-02749,SUP-20260426-02749,Tomford,Italian Cypress,,supplier_source,239233-T,supplier_name_normalisation,0.62,Initial candidate generated from supplier row only. Requires independent verification before approval.,needs_verification,low_supplier_source_only,2026-09-15T23:52:40+00:00
MATCH-20260426-02750,SUP-20260426-02750,Tomford,Cherry Smoke,,supplier_source,462395-T,supplier_name_normalisation,0.62,Initial candidate generated from supplier row only. Requires independent verification before approval.,needs_verification,low_supplier_source_only,2026-09-15T23:52:40+00:00
MATCH-20260426-02751,SUP-20260426-02751,Tomford,Tobacco Vanilla,,supplier_source,240101,supplier_name_normalisation,0.7,Initial candidate generated from supplier row only. Requires independent verification before approval.,needs_verification,low_supplier_source_only,2026-09-15T23:52:40+00:00
MATCH-20260426-02752,SUP-20260426-02752,Tomford,Black Orchid,,supplier_source,3000682,supplier_name_normalisation,0.7,Initial candidate generated from supplier row only. Requires independent verification before approval.,needs_verification,low_supplier_source_only,2026-09-15T23:52:40+00:00
MATCH-20260426-02753,SUP-20260426-02753,Tomford,Metallique,,supplier_source,3000683,supplier_name_normalisation,0.7,Initial candidate generated from supplier row only. Requires independent verification before approval.,needs_verification,low_supplier_source_only,2026-09-15T23:52:40+00:00
MATCH-20260426-02754,SUP-20260426-02754,Tomford,Neroli Protofino,,supplier_source,240211,supplier_name_normalisation,0.7,Initial candidate generated from supplier row only. Requires independent verification before approval.,needs_verification,low_supplier_source_only,2026-09-15T23:52:40+00:00
MATCH-20260426-02755,SUP-20260426-02755,Tomford,Noir Anthracite,,supplier_source,3000684,supplier_name_normalisation,0.7,Initial candidate generated from supplier row only. Requires independent verification before approval.,needs_verification,low_supplier_source_only,2026-09-15T23:52:40+00:00
MATCH-20260426-02756,SUP-20260426-02756,Tomford,OUD Minerale,,supplier_source,240662,supplier_name_normalisation,0.7,Initial candidate generated from supplier row only. Requires independent verification before approval.,needs_verification,low_supplier_source_only,2026-09-15T23:52:40+00:00
MATCH-20260426-02757,SUP-20260426-02757,Tomford,OUD Minerale,,supplier_source,240702,supplier_name_normalisation,0.7,Initial candidate generated from supplier row only. Requires independent verification before approval.,needs_verification,low_supplier_source_only,2026-09-15T23:52:40+00:00
MATCH-20260426-02758,SUP-20260426-02758,Tomford,OUD Wood Intense,,supplier_source,3000685,supplier_name_normalisation,0.7,Initial candidate generated from supplier row only. Requires independent verification before approval.,needs_verification,low_supplier_source_only,2026-09-15T23:52:40+00:00
MATCH-20260426-02759,SUP-20260426-02759,Tomford,Tobacco OUD,,supplier_source,3000686,supplier_name_normalisation,0.7,Initial candidate generated from supplier row only. Requires independent verification before approval.,needs_verification,low_supplier_source_only,2026-09-15T23:52:40+00:00
MATCH-20260426-02760,SUP-20260426-02760,Tomford,Tomford Noir,,supplier_source,240417,supplier_name_normalisation,0.7,Initial candidate generated from supplier row only. Requires independent verification before approval.,needs_verification,low_supplier_source_only,2026-09-15T23:52:40+00:00
MATCH-20260426-02761,SUP-20260426-02761,Tomford,Tuscan Leather Tom Ford,,supplier_source,3000687,supplier_name_normalisation,0.7,Initial candidate generated from supplier row only. Requires independent verification before approval.,needs_verification,low_supplier_source_only,2026-09-15T23:52:40+00:00
MATCH-20260426-02762,SUP-20260426-02762,Tomford,Velvet Orchid,,supplier_source,240404,supplier_name_normalisation,0.7,Initial candidate generated from supplier row only. Requires independent verification before approval.,needs_verification,low_supplier_source_only,2026-09-15T23:52:40+00:00
MATCH-20260426-02763,SUP-20260426-02763,Tomford,Wood OUD,,supplier_source,3000688,supplier_name_normalisation,0.7,Initial candidate generated from supplier row only. Requires independent verification before approval.,needs_verification,low_supplier_source_only,2026-09-15T23:52:40+00:00
MATCH-20260426-02764,SUP-20260426-02764,Tomford,Bitter Peach,,supplier_source,3000689,supplier_name_normalisation,0.7,Initial candidate generated from supplier row only. Requires independent verification before approval.,needs_verification,low_supplier_source_only,2026-09-15T23:52:40+00:00
MATCH-20260426-02765,SUP-20260426-02765,Tomford,Grey Vetiver,,supplier_source,3000690,supplier_name_normalisation,0.7,Initial candidate generated from supplier row only. Requires independent verification before approval.,needs_verification,low_supplier_source_only,2026-09-15T23:52:40+00:00
MATCH-20260426-02766,SUP-20260426-02766,Tomford,Café Rose,,supplier_source,240586,supplier_name_normalisation,0.7,Initial candidate generated from supplier row only. Requires independent verification before approval.,needs_verification,low_supplier_source_only,2026-09-15T23:52:40+00:00
MATCH-20260426-02767,SUP-20260426-02767,Tomford,Santal Blush,,supplier_source,240665,supplier_name_normalisation,0.7,Initial candidate generated from supplier row only. Requires independent verification before approval.,needs_verification,low_supplier_source_only,2026-09-15T23:52:40+00:00
MATCH-20260426-02768,SUP-20260426-02768,Tomford.,Bitter Peach,,supplier_source,339882,supplier_name_normalisation,0.62,Initial candidate generated from supplier row only. Requires independent verification before approval.,needs_verification,low_supplier_source_only,2026-09-15T23:52:40+00:00
MATCH-20260426-02769,SUP-20260426-02769,Tomford-f,Cherry Smoke,,supplier_source,3000691,supplier_name_normalisation,0.7,Initial candidate generated from supplier row only. Requires independent verification before approval.,needs_verification,low_supplier_source_only,2026-09-15T23:52:40+00:00
MATCH-20260426-02770,SUP-20260426-02770,Tomford-f,Electric Cherry,,supplier_source,3000692,supplier_name_normalisation,0.7,Initial candidate generated from supplier row only. Requires independent verification before approval.,needs_verification,low_supplier_source_only,2026-09-15T23:52:40+00:00
MATCH-20260426-02771,SUP-20260426-02771,Tot Nikkar,Tot Nikkar,,supplier_source,3000693,supplier_name_normalisation,0.7,Initial candidate generated from supplier row only. Requires independent verification before approval.,needs_verification,low_supplier_source_only,2026-09-15T23:52:40+00:00
MATCH-20260426-02772,SUP-20260426-02772,Trussardi,I Vicoli Via Flori Chiari,,supplier_source,336308,supplier_name_normalisation,0.62,Initial candidate generated from supplier row only. Requires independent verification before approval.,needs_verification,low_supplier_source_only,2026-09-15T23:52:40+00:00
MATCH-20260426-02773,SUP-20260426-02773,Trussardi,Aperitivo Milanese Porta,,supplier_source,234008,supplier_name_normalisation,0.62,Initial candidate generated from supplier row only. Requires independent verification before approval.,needs_verification,low_supplier_source_only,2026-09-15T23:52:40+00:00
MATCH-20260426-02774,SUP-20260426-02774,Turab Al Dahab,Turab Al Dahab,,supplier_source,3000694,supplier_name_normalisation,0.7,Initial candidate generated from supplier row only. Requires independent verification before approval.,needs_verification,low_supplier_source_only,2026-09-15T23:52:40+00:00
MATCH-20260426-02775,SUP-20260426-02775,Uniquere Luxury,Crush On Me,,supplier_source,504073-A,supplier_name_normalisation,0.62,Initial candidate generated from supplier row only. Requires independent verification before approval.,needs_verification,low_supplier_source_only,2026-09-15T23:52:40+00:00
MATCH-20260426-02776,SUP-20260426-02776,Uniquere Luxury,Zengi,,supplier_source,240446,supplier_name_normalisation,0.7,Initial candidate generated from supplier row only. Requires independent verification before approval.,needs_verification,low_supplier_source_only,2026-09-15T23:52:40+00:00
MATCH-20260426-02777,SUP-20260426-02777,Uniquere Luxury,Kutay,,supplier_source,240239,supplier_name_normalisation,0.7,Initial candidate generated from supplier row only. Requires independent verification before approval.,needs_verification,low_supplier_source_only,2026-09-15T23:52:40+00:00
MATCH-20260426-02778,SUP-20260426-02778,Valentino,Uomo Born In Roma Purple Melancholia,,supplier_source,250478,supplier_name_normalisation,0.7,Initial candidate generated from supplier row only. Requires independent verification before approval.,needs_verification,low_supplier_source_only,2026-09-15T23:52:40+00:00
MATCH-20260426-02779,SUP-20260426-02779,Valentino,Donna Born In Roma Purple Melancholia,,supplier_source,250481,supplier_name_normalisation,0.7,Initial candidate generated from supplier row only. Requires independent verification before approval.,needs_verification,low_supplier_source_only,2026-09-15T23:52:40+00:00
MATCH-20260426-02780,SUP-20260426-02780,Valentino,Uomo Born In Roma Ivory,,supplier_source,250427,supplier_name_normalisation,0.7,Initial candidate generated from supplier row only. Requires independent verification before approval.,needs_verification,low_supplier_source_only,2026-09-15T23:52:40+00:00
MATCH-20260426-02781,SUP-20260426-02781,Valentino,Donna Born In Roma Ivory,,supplier_source,250400,supplier_name_normalisation,0.7,Initial candidate generated from supplier row only. Requires independent verification before approval.,needs_verification,low_supplier_source_only,2026-09-15T23:52:40+00:00
MATCH-20260426-02782,SUP-20260426-02782,Valentino,Sogno In Rosso,,supplier_source,250021,supplier_name_normalisation,0.7,Initial candidate generated from supplier row only. Requires independent verification before approval.,needs_verification,low_supplier_source_only,2026-09-15T23:52:40+00:00
MATCH-20260426-02783,SUP-20260426-02783,Valentino,Rockstud Noir,,supplier_source,240970,supplier_name_normalisation,0.7,Initial candidate generated from supplier row only. Requires independent verification before approval.,needs_verification,low_supplier_source_only,2026-09-15T23:52:40+00:00
MATCH-20260426-02784,SUP-20260426-02784,Valentino,Valentina 2025,,supplier_source,240961,supplier_name_normalisation,0.7,Initial candidate generated from supplier row only. Requires independent verification before approval.,needs_verification,low_supplier_source_only,2026-09-15T23:52:40+00:00
MATCH-20260426-02785,SUP-20260426-02785,Valentino,Uomo Born In Roma Extradose,,supplier_source,240933,supplier_name_normalisation,0.7,Initial candidate generated from supplier row only. Requires independent verification before approval.,needs_verification,low_supplier_source_only,2026-09-15T23:52:40+00:00
MATCH-20260426-02786,SUP-20260426-02786,Valentino,Donna Born In Roma Extradose,,supplier_source,240931,supplier_name_normalisation,0.7,Initial candidate generated from supplier row only. Requires independent verification before approval.,needs_verification,low_supplier_source_only,2026-09-15T23:52:40+00:00
MATCH-20260426-02787,SUP-20260426-02787,Valentino,Uomo Born In Coral Fantasy,,supplier_source,240893,supplier_name_normalisation,0.7,Initial candidate generated from supplier row only. Requires independent verification before approval.,needs_verification,low_supplier_source_only,2026-09-15T23:52:40+00:00
MATCH-20260426-02788,SUP-20260426-02788,Valentino,Uomo Born In Roma Yellow Dream,,supplier_source,240658,supplier_name_normalisation,0.7,Initial candidate generated from supplier row only. Requires independent verification before approval.,needs_verification,low_supplier_source_only,2026-09-15T23:52:40+00:00
MATCH-20260426-02789,SUP-20260426-02789,Valentino,Donna Born In Roma Coral Fantasy,,supplier_source,240648,supplier_name_normalisation,0.7,Initial candidate generated from supplier row only. Requires independent verification before approval.,needs_verification,low_supplier_source_only,2026-09-15T23:52:40+00:00
MATCH-20260426-02790,SUP-20260426-02790,Valentino,Donna Born In Roma The Gold,,supplier_source,240497,supplier_name_normalisation,0.7,Initial candidate generated from supplier row only. Requires independent verification before approval.,needs_verification,low_supplier_source_only,2026-09-15T23:52:40+00:00
MATCH-20260426-02791,SUP-20260426-02791,Valentino,Uomo Born In Roma The Gold,,supplier_source,240495,supplier_name_normalisation,0.7,Initial candidate generated from supplier row only. Requires independent verification before approval.,needs_verification,low_supplier_source_only,2026-09-15T23:52:40+00:00
MATCH-20260426-02792,SUP-20260426-02792,Valentino,Donna Born In Roma Green Stravaganza,,supplier_source,240283,supplier_name_normalisation,0.7,Initial candidate generated from supplier row only. Requires independent verification before approval.,needs_verification,low_supplier_source_only,2026-09-15T23:52:40+00:00
MATCH-20260426-02793,SUP-20260426-02793,Valentino,Uomo Born In Roma Green Stravaganza,,supplier_source,240202,supplier_name_normalisation,0.7,Initial candidate generated from supplier row only. Requires independent verification before approval.,needs_verification,low_supplier_source_only,2026-09-15T23:52:40+00:00
MATCH-20260426-02794,SUP-20260426-02794,Valentino,Uomo Born In Roma For Man,,supplier_source,240106,supplier_name_normalisation,0.7,Initial candidate generated from supplier row only. Requires independent verification before approval.,needs_verification,low_supplier_source_only,2026-09-15T23:52:40+00:00
MATCH-20260426-02795,SUP-20260426-02795,Valentino,Donna Born In Roma Intense,,supplier_source,240093,supplier_name_normalisation,0.7,Initial candidate generated from supplier row only. Requires independent verification before approval.,needs_verification,low_supplier_source_only,2026-09-15T23:52:40+00:00
MATCH-20260426-02796,SUP-20260426-02796,Valentino,Uomo Born In Roma Intense,,supplier_source,240529,supplier_name_normalisation,0.7,Initial candidate generated from supplier row only. Requires independent verification before approval.,needs_verification,low_supplier_source_only,2026-09-15T23:52:40+00:00
MATCH-20260426-02797,SUP-20260426-02797,Valentino,Donna Born In Roma Woman,,supplier_source,240113,supplier_name_normalisation,0.7,Initial candidate generated from supplier row only. Requires independent verification before approval.,needs_verification,low_supplier_source_only,2026-09-15T23:52:40+00:00
MATCH-20260426-02798,SUP-20260426-02798,Van Cleef & Arpels,Moonlight Cherry,,supplier_source,240979,supplier_name_normalisation,0.7,Initial candidate generated from supplier row only. Requires independent verification before approval.,needs_verification,low_supplier_source_only,2026-09-15T23:52:40+00:00
MATCH-20260426-02799,SUP-20260426-02799,Van Cleef & Arpels,Pour Homme 2025,,supplier_source,250327,supplier_name_normalisation,0.7,Initial candidate generated from supplier row only. Requires independent verification before approval.,needs_verification,low_supplier_source_only,2026-09-15T23:52:40+00:00
MATCH-20260426-02800,SUP-20260426-02800,Van Cleef & Arpels,Bois D Amande,,supplier_source,250282,supplier_name_normalisation,0.7,Initial candidate generated from supplier row only. Requires independent verification before approval.,needs_verification,low_supplier_source_only,2026-09-15T23:52:40+00:00
MATCH-20260426-02801,SUP-20260426-02801,Van Cleef & Arpels,Collection Extraordinaire,,supplier_source,503686,supplier_name_normalisation,0.62,Initial candidate generated from supplier row only. Requires independent verification before approval.,needs_verification,low_supplier_source_only,2026-09-15T23:52:40+00:00
MATCH-20260426-02802,SUP-20260426-02802,Van Cleef &,Moonlight Patchouli,,supplier_source,233778,supplier_name_normalisation,0.62,Initial candidate generated from supplier row only. Requires independent verification before approval.,needs_verification,low_supplier_source_only,2026-09-15T23:52:40+00:00
MATCH-20260426-02803,SUP-20260426-02803,Van Cleef &,Rose Rouge,,supplier_source,343776,supplier_name_normalisation,0.62,Initial candidate generated from supplier row only. Requires independent verification before approval.,needs_verification,low_supplier_source_only,2026-09-15T23:52:40+00:00
MATCH-20260426-02804,SUP-20260426-02804,Van Cleef &,Rose Rouge,,supplier_source,B43776-B,supplier_name_normalisation,0.62,Initial candidate generated from supplier row only. Requires independent verification before approval.,needs_verification,low_supplier_source_only,2026-09-15T23:52:40+00:00
MATCH-20260426-02805,SUP-20260426-02805,Van Cleef &,Santal Blanc,,supplier_source,233788,supplier_name_normalisation,0.62,Initial candidate generated from supplier row only. Requires independent verification before approval.,needs_verification,low_supplier_source_only,2026-09-15T23:52:40+00:00
MATCH-20260426-02806,SUP-20260426-02806,Van Cleef &,Reve De Cashmere,,supplier_source,233433,supplier_name_normalisation,0.62,Initial candidate generated from supplier row only. Requires independent verification before approval.,needs_verification,low_supplier_source_only,2026-09-15T23:52:40+00:00
MATCH-20260426-02807,SUP-20260426-02807,Versace,Man Eau Fraiche Extreme,,supplier_source,250107,supplier_name_normalisation,0.7,Initial candidate generated from supplier row only. Requires independent verification before approval.,needs_verification,low_supplier_source_only,2026-09-15T23:52:40+00:00
MATCH-20260426-02808,SUP-20260426-02808,Versace,Gingembre Petilant,,supplier_source,250010,supplier_name_normalisation,0.7,Initial candidate generated from supplier row only. Requires independent verification before approval.,needs_verification,low_supplier_source_only,2026-09-15T23:52:40+00:00
MATCH-20260426-02809,SUP-20260426-02809,Versace,Crystal Noir Parfum,,supplier_source,240870,supplier_name_normalisation,0.7,Initial candidate generated from supplier row only. Requires independent verification before approval.,needs_verification,low_supplier_source_only,2026-09-15T23:52:40+00:00
MATCH-20260426-02810,SUP-20260426-02810,Versace,Eros Najim,,supplier_source,240732,supplier_name_normalisation,0.7,Initial candidate generated from supplier row only. Requires independent verification before approval.,needs_verification,low_supplier_source_only,2026-09-15T23:52:40+00:00
MATCH-20260426-02811,SUP-20260426-02811,Versace,Pour Femme Dylan Purple,,supplier_source,240653,supplier_name_normalisation,0.7,Initial candidate generated from supplier row only. Requires independent verification before approval.,needs_verification,low_supplier_source_only,2026-09-15T23:52:40+00:00
MATCH-20260426-02812,SUP-20260426-02812,Versace,Eros Energy,,supplier_source,240533,supplier_name_normalisation,0.7,Initial candidate generated from supplier row only. Requires independent verification before approval.,needs_verification,low_supplier_source_only,2026-09-15T23:52:40+00:00
MATCH-20260426-02813,SUP-20260426-02813,Versace,Vanilla Rouge,,supplier_source,240257,supplier_name_normalisation,0.7,Initial candidate generated from supplier row only. Requires independent verification before approval.,needs_verification,low_supplier_source_only,2026-09-15T23:52:40+00:00
MATCH-20260426-02814,SUP-20260426-02814,Versace,Versace Man Eau Fraîche,,supplier_source,337040,supplier_name_normalisation,0.62,Initial candidate generated from supplier row only. Requires independent verification before approval.,needs_verification,low_supplier_source_only,2026-09-15T23:52:40+00:00
MATCH-20260426-02815,SUP-20260426-02815,Versace,Bright Crystal,,supplier_source,250448,supplier_name_normalisation,0.7,Initial candidate generated from supplier row only. Requires independent verification before approval.,needs_verification,low_supplier_source_only,2026-09-15T23:52:40+00:00
MATCH-20260426-02816,SUP-20260426-02816,Versace,Bright Crystal LZ,,supplier_source,237231,supplier_name_normalisation,0.62,Initial candidate generated from supplier row only. Requires independent verification before approval.,needs_verification,low_supplier_source_only,2026-09-15T23:52:40+00:00
MATCH-20260426-02817,SUP-20260426-02817,Versace,Crystal Noir,,supplier_source,240654,supplier_name_normalisation,0.7,Initial candidate generated from supplier row only. Requires independent verification before approval.,needs_verification,low_supplier_source_only,2026-09-15T23:52:40+00:00
MATCH-20260426-02818,SUP-20260426-02818,Versace,Eros LZ,,supplier_source,230775-T,supplier_name_normalisation,0.62,Initial candidate generated from supplier row only. Requires independent verification before approval.,needs_verification,low_supplier_source_only,2026-09-15T23:52:40+00:00
MATCH-20260426-02819,SUP-20260426-02819,Versace,Versace Eros Ea De Parfum,,supplier_source,233451,supplier_name_normalisation,0.62,Initial candidate generated from supplier row only. Requires independent verification before approval.,needs_verification,low_supplier_source_only,2026-09-15T23:52:40+00:00
MATCH-20260426-02820,SUP-20260426-02820,Versace,Versense,,supplier_source,693263,supplier_name_normalisation,0.62,Initial candidate generated from supplier row only. Requires independent verification before approval.,needs_verification,low_supplier_source_only,2026-09-15T23:52:40+00:00
MATCH-20260426-02821,SUP-20260426-02821,Versace,Dylan Blue Pour Femme,,supplier_source,3000695,supplier_name_normalisation,0.7,Initial candidate generated from supplier row only. Requires independent verification before approval.,needs_verification,low_supplier_source_only,2026-09-15T23:52:40+00:00
MATCH-20260426-02822,SUP-20260426-02822,Versace,Dylan Blue Pour Homme,,supplier_source,240064,supplier_name_normalisation,0.7,Initial candidate generated from supplier row only. Requires independent verification before approval.,needs_verification,low_supplier_source_only,2026-09-15T23:52:40+00:00
MATCH-20260426-02823,SUP-20260426-02823,Versace,Dylan Blue Pour Homme,,supplier_source,240635,supplier_name_normalisation,0.7,Initial candidate generated from supplier row only. Requires independent verification before approval.,needs_verification,low_supplier_source_only,2026-09-15T23:52:40+00:00
MATCH-20260426-02824,SUP-20260426-02824,Versace,Eros Flame,,supplier_source,240284,supplier_name_normalisation,0.7,Initial candidate generated from supplier row only. Requires independent verification before approval.,needs_verification,low_supplier_source_only,2026-09-15T23:52:40+00:00
MATCH-20260426-02825,SUP-20260426-02825,Versace,Eros,,supplier_source,240391,supplier_name_normalisation,0.7,Initial candidate generated from supplier row only. Requires independent verification before approval.,needs_verification,low_supplier_source_only,2026-09-15T23:52:40+00:00
MATCH-20260426-02826,SUP-20260426-02826,Versace,Cristal Noir,,supplier_source,3000696,supplier_name_normalisation,0.7,Initial candidate generated from supplier row only. Requires independent verification before approval.,needs_verification,low_supplier_source_only,2026-09-15T23:52:40+00:00
MATCH-20260426-02827,SUP-20260426-02827,Versace,Versace Eau Frece,,supplier_source,3000697,supplier_name_normalisation,0.7,Initial candidate generated from supplier row only. Requires independent verification before approval.,needs_verification,low_supplier_source_only,2026-09-15T23:52:40+00:00
MATCH-20260426-02828,SUP-20260426-02828,Versace,Versace Vanitas,,supplier_source,3000698,supplier_name_normalisation,0.7,Initial candidate generated from supplier row only. Requires independent verification before approval.,needs_verification,low_supplier_source_only,2026-09-15T23:52:40+00:00
MATCH-20260426-02829,SUP-20260426-02829,Versace,Versace Yellow Diamond,,supplier_source,240278,supplier_name_normalisation,0.7,Initial candidate generated from supplier row only. Requires independent verification before approval.,needs_verification,low_supplier_source_only,2026-09-15T23:52:40+00:00
MATCH-20260426-02830,SUP-20260426-02830,Versace,D.turquoise Versace Pour,,supplier_source,3000699,supplier_name_normalisation,0.7,Initial candidate generated from supplier row only. Requires independent verification before approval.,needs_verification,low_supplier_source_only,2026-09-15T23:52:40+00:00
MATCH-20260426-02831,SUP-20260426-02831,Versace,Safran Royal,,supplier_source,3000700,supplier_name_normalisation,0.7,Initial candidate generated from supplier row only. Requires independent verification before approval.,needs_verification,low_supplier_source_only,2026-09-15T23:52:40+00:00
MATCH-20260426-02832,SUP-20260426-02832,Versace,Dylan Purple Versace,,supplier_source,3000701,supplier_name_normalisation,0.7,Initial candidate generated from supplier row only. Requires independent verification before approval.,needs_verification,low_supplier_source_only,2026-09-15T23:52:40+00:00
MATCH-20260426-02833,SUP-20260426-02833,Vertus,Sole Patchouli,,supplier_source,284600,supplier_name_normalisation,0.62,Initial candidate generated from supplier row only. Requires independent verification before approval.,needs_verification,low_supplier_source_only,2026-09-15T23:52:40+00:00
MATCH-20260426-02834,SUP-20260426-02834,Vertus,Narcosis,,supplier_source,503809-T,supplier_name_normalisation,0.62,Initial candidate generated from supplier row only. Requires independent verification before approval.,needs_verification,low_supplier_source_only,2026-09-15T23:52:40+00:00
MATCH-20260426-02835,SUP-20260426-02835,Victor & Rolf,Flowerbomb Pretty Peony,,supplier_source,250341,supplier_name_normalisation,0.7,Initial candidate generated from supplier row only. Requires independent verification before approval.,needs_verification,low_supplier_source_only,2026-09-15T23:52:40+00:00
MATCH-20260426-02836,SUP-20260426-02836,Victor & Rolf,Spicebomb Metalic Musk,,supplier_source,250298,supplier_name_normalisation,0.7,Initial candidate generated from supplier row only. Requires independent verification before approval.,needs_verification,low_supplier_source_only,2026-09-15T23:52:40+00:00
MATCH-20260426-02837,SUP-20260426-02837,Victor & Rolf,Flowerbomb Extreme 2025,,supplier_source,250136,supplier_name_normalisation,0.7,Initial candidate generated from supplier row only. Requires independent verification before approval.,needs_verification,low_supplier_source_only,2026-09-15T23:52:40+00:00
MATCH-20260426-02838,SUP-20260426-02838,Victor & Rolf,Spicebomb Dark Leather,,supplier_source,240555,supplier_name_normalisation,0.7,Initial candidate generated from supplier row only. Requires independent verification before approval.,needs_verification,low_supplier_source_only,2026-09-15T23:52:40+00:00
MATCH-20260426-02839,SUP-20260426-02839,Victor & Rolf,Spicebomb Extream,,supplier_source,240416,supplier_name_normalisation,0.7,Initial candidate generated from supplier row only. Requires independent verification before approval.,needs_verification,low_supplier_source_only,2026-09-15T23:52:40+00:00
MATCH-20260426-02840,SUP-20260426-02840,Victor & Rolf,Spicebomb,,supplier_source,240356,supplier_name_normalisation,0.7,Initial candidate generated from supplier row only. Requires independent verification before approval.,needs_verification,low_supplier_source_only,2026-09-15T23:52:40+00:00
MATCH-20260426-02841,SUP-20260426-02841,Victor & Rolf,Flower Bomb,,supplier_source,240229,supplier_name_normalisation,0.7,Initial candidate generated from supplier row only. Requires independent verification before approval.,needs_verification,low_supplier_source_only,2026-09-15T23:52:40+00:00
MATCH-20260426-02842,SUP-20260426-02842,Victor & Rolf,Flowerbomb Midnight,,supplier_source,3000702,supplier_name_normalisation,0.7,Initial candidate generated from supplier row only. Requires independent verification before approval.,needs_verification,low_supplier_source_only,2026-09-15T23:52:40+00:00
MATCH-20260426-02843,SUP-20260426-02843,Victor & Rolf,Flowerbomb Nectar,,supplier_source,3000703,supplier_name_normalisation,0.7,Initial candidate generated from supplier row only. Requires independent verification before approval.,needs_verification,low_supplier_source_only,2026-09-15T23:52:40+00:00
MATCH-20260426-02844,SUP-20260426-02844,Victor Rolf,Flowerbomb Ruby Orchid,,supplier_source,3000704,supplier_name_normalisation,0.7,Initial candidate generated from supplier row only. Requires independent verification before approval.,needs_verification,low_supplier_source_only,2026-09-15T23:52:40+00:00
MATCH-20260426-02845,SUP-20260426-02845,Victoria Secret,Very Sexy Night,,supplier_source,250290,supplier_name_normalisation,0.7,Initial candidate generated from supplier row only. Requires independent verification before approval.,needs_verification,low_supplier_source_only,2026-09-15T23:52:40+00:00
MATCH-20260426-02846,SUP-20260426-02846,Victoria Secret,Xo,,supplier_source,240952,supplier_name_normalisation,0.7,Initial candidate generated from supplier row only. Requires independent verification before approval.,needs_verification,low_supplier_source_only,2026-09-15T23:52:40+00:00
MATCH-20260426-02847,SUP-20260426-02847,Victoria Secret,Pure Seduction Cashmere,,supplier_source,240693,supplier_name_normalisation,0.7,Initial candidate generated from supplier row only. Requires independent verification before approval.,needs_verification,low_supplier_source_only,2026-09-15T23:52:40+00:00
MATCH-20260426-02848,SUP-20260426-02848,Victoria Secret,Cedar Breeze,,supplier_source,240530,supplier_name_normalisation,0.7,Initial candidate generated from supplier row only. Requires independent verification before approval.,needs_verification,low_supplier_source_only,2026-09-15T23:52:40+00:00
MATCH-20260426-02849,SUP-20260426-02849,Victoria Secret,Eau So Sexy Eau De Parfum,,supplier_source,339696,supplier_name_normalisation,0.62,Initial candidate generated from supplier row only. Requires independent verification before approval.,needs_verification,low_supplier_source_only,2026-09-15T23:52:40+00:00
MATCH-20260426-02850,SUP-20260426-02850,Victoria Secret,Love Me More,,supplier_source,694433,supplier_name_normalisation,0.62,Initial candidate generated from supplier row only. Requires independent verification before approval.,needs_verification,low_supplier_source_only,2026-09-15T23:52:40+00:00
MATCH-20260426-02851,SUP-20260426-02851,Victoria Secret,Hardcore Rose,,supplier_source,339704,supplier_name_normalisation,0.62,Initial candidate generated from supplier row only. Requires independent verification before approval.,needs_verification,low_supplier_source_only,2026-09-15T23:52:40+00:00
MATCH-20260426-02852,SUP-20260426-02852,Victoria Secret,Just A Kiss,,supplier_source,233747,supplier_name_normalisation,0.62,Initial candidate generated from supplier row only. Requires independent verification before approval.,needs_verification,low_supplier_source_only,2026-09-15T23:52:40+00:00
MATCH-20260426-02853,SUP-20260426-02853,Victoria Secret,Bombshell,,supplier_source,338510,supplier_name_normalisation,0.62,Initial candidate generated from supplier row only. Requires independent verification before approval.,needs_verification,low_supplier_source_only,2026-09-15T23:52:40+00:00
MATCH-20260426-02854,SUP-20260426-02854,Victoria Secret,Scandalous,,supplier_source,501970,supplier_name_normalisation,0.62,Initial candidate generated from supplier row only. Requires independent verification before approval.,needs_verification,low_supplier_source_only,2026-09-15T23:52:40+00:00
MATCH-20260426-02855,SUP-20260426-02855,Victoria Secret,Bombshell Gold,,supplier_source,503813,supplier_name_normalisation,0.62,Initial candidate generated from supplier row only. Requires independent verification before approval.,needs_verification,low_supplier_source_only,2026-09-15T23:52:40+00:00
MATCH-20260426-02856,SUP-20260426-02856,Victoria Secret,Angel Gold,,supplier_source,503843,supplier_name_normalisation,0.62,Initial candidate generated from supplier row only. Requires independent verification before approval.,needs_verification,low_supplier_source_only,2026-09-15T23:52:40+00:00
MATCH-20260426-02857,SUP-20260426-02857,Victoria Secret,Victoria's Secret Bombshell OUD,,supplier_source,233505,supplier_name_normalisation,0.62,Initial candidate generated from supplier row only. Requires independent verification before approval.,needs_verification,low_supplier_source_only,2026-09-15T23:52:40+00:00
MATCH-20260426-02858,SUP-20260426-02858,Victoria Secret,Bombshell Magic,,supplier_source,580269,supplier_name_normalisation,0.62,Initial candidate generated from supplier row only. Requires independent verification before approval.,needs_verification,low_supplier_source_only,2026-09-15T23:52:40+00:00
MATCH-20260426-02859,SUP-20260426-02859,Victoria Secret,Bombshell,,supplier_source,240097,supplier_name_normalisation,0.7,Initial candidate generated from supplier row only. Requires independent verification before approval.,needs_verification,low_supplier_source_only,2026-09-15T23:52:40+00:00
MATCH-20260426-02860,SUP-20260426-02860,Victoria Secret,Bombshell Holiday,,supplier_source,3000705,supplier_name_normalisation,0.7,Initial candidate generated from supplier row only. Requires independent verification before approval.,needs_verification,low_supplier_source_only,2026-09-15T23:52:40+00:00
MATCH-20260426-02861,SUP-20260426-02861,Victoria Secret,Eau So Sexy,,supplier_source,240611,supplier_name_normalisation,0.7,Initial candidate generated from supplier row only. Requires independent verification before approval.,needs_verification,low_supplier_source_only,2026-09-15T23:52:40+00:00
MATCH-20260426-02862,SUP-20260426-02862,Victoria Secret,Love Eau De Parfum,,supplier_source,3000706,supplier_name_normalisation,0.7,Initial candidate generated from supplier row only. Requires independent verification before approval.,needs_verification,low_supplier_source_only,2026-09-15T23:52:40+00:00
MATCH-20260426-02863,SUP-20260426-02863,Victoria Secret,Mango Temptation,,supplier_source,250171,supplier_name_normalisation,0.7,Initial candidate generated from supplier row only. Requires independent verification before approval.,needs_verification,low_supplier_source_only,2026-09-15T23:52:40+00:00
MATCH-20260426-02864,SUP-20260426-02864,Victoria Secret,Temptation,,supplier_source,3000708,supplier_name_normalisation,0.7,Initial candidate generated from supplier row only. Requires independent verification before approval.,needs_verification,low_supplier_source_only,2026-09-15T23:52:40+00:00
MATCH-20260426-02865,SUP-20260426-02865,Victoria Secret,Very Sexy,,supplier_source,240493,supplier_name_normalisation,0.7,Initial candidate generated from supplier row only. Requires independent verification before approval.,needs_verification,low_supplier_source_only,2026-09-15T23:52:40+00:00
MATCH-20260426-02866,SUP-20260426-02866,Victoria Secret,Very Sexy Now 2017,,supplier_source,240501,supplier_name_normalisation,0.7,Initial candidate generated from supplier row only. Requires independent verification before approval.,needs_verification,low_supplier_source_only,2026-09-15T23:52:40+00:00
MATCH-20260426-02867,SUP-20260426-02867,Victoria Secret,Victoria's Secret Paris,,supplier_source,3000709,supplier_name_normalisation,0.7,Initial candidate generated from supplier row only. Requires independent verification before approval.,needs_verification,low_supplier_source_only,2026-09-15T23:52:40+00:00
MATCH-20260426-02868,SUP-20260426-02868,Victoria Secret,Bombshell OUD,,supplier_source,3000710,supplier_name_normalisation,0.7,Initial candidate generated from supplier row only. Requires independent verification before approval.,needs_verification,low_supplier_source_only,2026-09-15T23:52:40+00:00
MATCH-20260426-02869,SUP-20260426-02869,Victoria Secret,Bombshell Passion,,supplier_source,3000711,supplier_name_normalisation,0.7,Initial candidate generated from supplier row only. Requires independent verification before approval.,needs_verification,low_supplier_source_only,2026-09-15T23:52:40+00:00
MATCH-20260426-02870,SUP-20260426-02870,Victoria Secret,Tease Creme Cloud,,supplier_source,3000712,supplier_name_normalisation,0.7,Initial candidate generated from supplier row only. Requires independent verification before approval.,needs_verification,low_supplier_source_only,2026-09-15T23:52:40+00:00
MATCH-20260426-02871,SUP-20260426-02871,Victoria Secret,Candy Baby Women,,supplier_source,3000713,supplier_name_normalisation,0.7,Initial candidate generated from supplier row only. Requires independent verification before approval.,needs_verification,low_supplier_source_only,2026-09-15T23:52:40+00:00
MATCH-20260426-02872,SUP-20260426-02872,Victoria Secret,Bomsheel Celebration,,supplier_source,3000714,supplier_name_normalisation,0.7,Initial candidate generated from supplier row only. Requires independent verification before approval.,needs_verification,low_supplier_source_only,2026-09-15T23:52:40+00:00
MATCH-20260426-02873,SUP-20260426-02873,Victoria Secret,Tease Sugar Fleur,,supplier_source,3000715,supplier_name_normalisation,0.7,Initial candidate generated from supplier row only. Requires independent verification before approval.,needs_verification,low_supplier_source_only,2026-09-15T23:52:40+00:00
MATCH-20260426-02874,SUP-20260426-02874,Victoria's Secret,Vary Sexy Oasis,,supplier_source,462359,supplier_name_normalisation,0.62,Initial candidate generated from supplier row only. Requires independent verification before approval.,needs_verification,low_supplier_source_only,2026-09-15T23:52:40+00:00
MATCH-20260426-02875,SUP-20260426-02875,Vilhelm,Chimlika,,supplier_source,250344,supplier_name_normalisation,0.7,Initial candidate generated from supplier row only. Requires independent verification before approval.,needs_verification,low_supplier_source_only,2026-09-15T23:52:40+00:00
MATCH-20260426-02876,SUP-20260426-02876,Vilhelm,Mango Skin,,supplier_source,339958,supplier_name_normalisation,0.62,Initial candidate generated from supplier row only. Requires independent verification before approval.,needs_verification,low_supplier_source_only,2026-09-15T23:52:40+00:00
MATCH-20260426-02877,SUP-20260426-02877,Vilhelm,Dear Polly,,supplier_source,240914,supplier_name_normalisation,0.7,Initial candidate generated from supplier row only. Requires independent verification before approval.,needs_verification,low_supplier_source_only,2026-09-15T23:52:40+00:00
MATCH-20260426-02878,SUP-20260426-02878,Ward,Ward,,supplier_source,240721,supplier_name_normalisation,0.7,Initial candidate generated from supplier row only. Requires independent verification before approval.,needs_verification,low_supplier_source_only,2026-09-15T23:52:40+00:00
MATCH-20260426-02879,SUP-20260426-02879,Ward,Ward Isparta,,supplier_source,3000718,supplier_name_normalisation,0.7,Initial candidate generated from supplier row only. Requires independent verification before approval.,needs_verification,low_supplier_source_only,2026-09-15T23:52:40+00:00
MATCH-20260426-02880,SUP-20260426-02880,White Amber,White Ambery,,supplier_source,340834,supplier_name_normalisation,0.62,Initial candidate generated from supplier row only. Requires independent verification before approval.,needs_verification,low_supplier_source_only,2026-09-15T23:52:40+00:00
MATCH-20260426-02881,SUP-20260426-02881,White Amber,White Amber,,supplier_source,3000719,supplier_name_normalisation,0.7,Initial candidate generated from supplier row only. Requires independent verification before approval.,needs_verification,low_supplier_source_only,2026-09-15T23:52:40+00:00
MATCH-20260426-02882,SUP-20260426-02882,White Amber,White Amber,,supplier_source,3000720,supplier_name_normalisation,0.7,Initial candidate generated from supplier row only. Requires independent verification before approval.,needs_verification,low_supplier_source_only,2026-09-15T23:52:40+00:00
MATCH-20260426-02883,SUP-20260426-02883,White Amber,White Amber,,supplier_source,3000721,supplier_name_normalisation,0.7,Initial candidate generated from supplier row only. Requires independent verification before approval.,needs_verification,low_supplier_source_only,2026-09-15T23:52:40+00:00
MATCH-20260426-02884,SUP-20260426-02884,White OUD,White OUD,,supplier_source,240466,supplier_name_normalisation,0.7,Initial candidate generated from supplier row only. Requires independent verification before approval.,needs_verification,low_supplier_source_only,2026-09-15T23:52:40+00:00
MATCH-20260426-02885,SUP-20260426-02885,White Rose,White Rose,,supplier_source,3000722,supplier_name_normalisation,0.7,Initial candidate generated from supplier row only. Requires independent verification before approval.,needs_verification,low_supplier_source_only,2026-09-15T23:52:40+00:00
MATCH-20260426-02886,SUP-20260426-02886,Widian,New York,,supplier_source,250329,supplier_name_normalisation,0.7,Initial candidate generated from supplier row only. Requires independent verification before approval.,needs_verification,low_supplier_source_only,2026-09-15T23:52:40+00:00
MATCH-20260426-02887,SUP-20260426-02887,Widian,Samar,,supplier_source,240987,supplier_name_normalisation,0.7,Initial candidate generated from supplier row only. Requires independent verification before approval.,needs_verification,low_supplier_source_only,2026-09-15T23:52:40+00:00
MATCH-20260426-02888,SUP-20260426-02888,Widian,London,,supplier_source,240629,supplier_name_normalisation,0.7,Initial candidate generated from supplier row only. Requires independent verification before approval.,needs_verification,low_supplier_source_only,2026-09-15T23:52:40+00:00
MATCH-20260426-02889,SUP-20260426-02889,Widian,Hili,,supplier_source,240522,supplier_name_normalisation,0.7,Initial candidate generated from supplier row only. Requires independent verification before approval.,needs_verification,low_supplier_source_only,2026-09-15T23:52:40+00:00
MATCH-20260426-02890,SUP-20260426-02890,Widian,Limited 71 Extreme,,supplier_source,3000723,supplier_name_normalisation,0.7,Initial candidate generated from supplier row only. Requires independent verification before approval.,needs_verification,low_supplier_source_only,2026-09-15T23:52:40+00:00
MATCH-20260426-02891,SUP-20260426-02891,X5,X5,,supplier_source,3000724,supplier_name_normalisation,0.7,Initial candidate generated from supplier row only. Requires independent verification before approval.,needs_verification,low_supplier_source_only,2026-09-15T23:52:40+00:00
MATCH-20260426-02892,SUP-20260426-02892,Xerjoff,Louis Xv 1722 Rose,,supplier_source,250464,supplier_name_normalisation,0.7,Initial candidate generated from supplier row only. Requires independent verification before approval.,needs_verification,low_supplier_source_only,2026-09-15T23:52:40+00:00
MATCH-20260426-02893,SUP-20260426-02893,Xerjoff,Duran Duran,,supplier_source,250462,supplier_name_normalisation,0.7,Initial candidate generated from supplier row only. Requires independent verification before approval.,needs_verification,low_supplier_source_only,2026-09-15T23:52:40+00:00
MATCH-20260426-02894,SUP-20260426-02894,Xerjoff,Torino 25,,supplier_source,250429,supplier_name_normalisation,0.7,Initial candidate generated from supplier row only. Requires independent verification before approval.,needs_verification,low_supplier_source_only,2026-09-15T23:52:40+00:00
MATCH-20260426-02895,SUP-20260426-02895,Xerjoff,1 Parfume,,supplier_source,250418,supplier_name_normalisation,0.7,Initial candidate generated from supplier row only. Requires independent verification before approval.,needs_verification,low_supplier_source_only,2026-09-15T23:52:40+00:00
MATCH-20260426-02896,SUP-20260426-02896,Xerjoff,2 Parfume,,supplier_source,250422,supplier_name_normalisation,0.7,Initial candidate generated from supplier row only. Requires independent verification before approval.,needs_verification,low_supplier_source_only,2026-09-15T23:52:40+00:00
MATCH-20260426-02897,SUP-20260426-02897,Xerjoff,Coro,,supplier_source,250256,supplier_name_normalisation,0.7,Initial candidate generated from supplier row only. Requires independent verification before approval.,needs_verification,low_supplier_source_only,2026-09-15T23:52:40+00:00
MATCH-20260426-02898,SUP-20260426-02898,Xerjoff,Coro,,supplier_source,250205,supplier_name_normalisation,0.7,Initial candidate generated from supplier row only. Requires independent verification before approval.,needs_verification,low_supplier_source_only,2026-09-15T23:52:40+00:00
MATCH-20260426-02899,SUP-20260426-02899,Xerjoff,Alexandria III,,supplier_source,250152,supplier_name_normalisation,0.7,Initial candidate generated from supplier row only. Requires independent verification before approval.,needs_verification,low_supplier_source_only,2026-09-15T23:52:40+00:00
MATCH-20260426-02900,SUP-20260426-02900,Xerjoff,Erba Pura,,supplier_source,250048,supplier_name_normalisation,0.7,Initial candidate generated from supplier row only. Requires independent verification before approval.,needs_verification,low_supplier_source_only,2026-09-15T23:52:40+00:00
MATCH-20260426-02901,SUP-20260426-02901,Xerjoff,Erba Pura,,supplier_source,233423-XX,supplier_name_normalisation,0.7,Initial candidate generated from supplier row only. Requires independent verification before approval.,needs_verification,low_supplier_source_only,2026-09-15T23:52:40+00:00
MATCH-20260426-02902,SUP-20260426-02902,Xerjoff,Torino 24,,supplier_source,240690,supplier_name_normalisation,0.7,Initial candidate generated from supplier row only. Requires independent verification before approval.,needs_verification,low_supplier_source_only,2026-09-15T23:52:40+00:00
MATCH-20260426-02903,SUP-20260426-02903,Xerjoff,Newcleus 2024,,supplier_source,240645,supplier_name_normalisation,0.7,Initial candidate generated from supplier row only. Requires independent verification before approval.,needs_verification,low_supplier_source_only,2026-09-15T23:52:40+00:00
MATCH-20260426-02904,SUP-20260426-02904,Xerjoff,Italica,,supplier_source,240626,supplier_name_normalisation,0.7,Initial candidate generated from supplier row only. Requires independent verification before approval.,needs_verification,low_supplier_source_only,2026-09-15T23:52:40+00:00
MATCH-20260426-02905,SUP-20260426-02905,Xerjoff,Elixir Perfume Extrait,,supplier_source,240535,supplier_name_normalisation,0.7,Initial candidate generated from supplier row only. Requires independent verification before approval.,needs_verification,low_supplier_source_only,2026-09-15T23:52:40+00:00
MATCH-20260426-02906,SUP-20260426-02906,Xerjoff,Quattro Pizzi,,supplier_source,240534,supplier_name_normalisation,0.7,Initial candidate generated from supplier row only. Requires independent verification before approval.,needs_verification,low_supplier_source_only,2026-09-15T23:52:40+00:00
MATCH-20260426-02907,SUP-20260426-02907,Xerjoff,Richwood,,supplier_source,240408,supplier_name_normalisation,0.7,Initial candidate generated from supplier row only. Requires independent verification before approval.,needs_verification,low_supplier_source_only,2026-09-15T23:52:40+00:00
MATCH-20260426-02908,SUP-20260426-02908,Xerjoff,Tonny Lommi Deified Parfum,,supplier_source,240372,supplier_name_normalisation,0.7,Initial candidate generated from supplier row only. Requires independent verification before approval.,needs_verification,low_supplier_source_only,2026-09-15T23:52:40+00:00
MATCH-20260426-02909,SUP-20260426-02909,Xerjoff,Lira,,supplier_source,240272,supplier_name_normalisation,0.7,Initial candidate generated from supplier row only. Requires independent verification before approval.,needs_verification,low_supplier_source_only,2026-09-15T23:52:40+00:00
MATCH-20260426-02910,SUP-20260426-02910,Xerjoff,La Tosca,,supplier_source,240271,supplier_name_normalisation,0.7,Initial candidate generated from supplier row only. Requires independent verification before approval.,needs_verification,low_supplier_source_only,2026-09-15T23:52:40+00:00
MATCH-20260426-02911,SUP-20260426-02911,Xerjoff,La Capitale,,supplier_source,240255,supplier_name_normalisation,0.7,Initial candidate generated from supplier row only. Requires independent verification before approval.,needs_verification,low_supplier_source_only,2026-09-15T23:52:40+00:00
MATCH-20260426-02912,SUP-20260426-02912,Xerjoff,Tonny Lommi Monkey Special,,supplier_source,240220,supplier_name_normalisation,0.7,Initial candidate generated from supplier row only. Requires independent verification before approval.,needs_verification,low_supplier_source_only,2026-09-15T23:52:40+00:00
MATCH-20260426-02913,SUP-20260426-02913,Xerjoff,Alexandria Orientale,,supplier_source,693241 T,supplier_name_normalisation,0.62,Initial candidate generated from supplier row only. Requires independent verification before approval.,needs_verification,low_supplier_source_only,2026-09-15T23:52:40+00:00
MATCH-20260426-02914,SUP-20260426-02914,Xerjoff,Wardasina,,supplier_source,232449,supplier_name_normalisation,0.62,Initial candidate generated from supplier row only. Requires independent verification before approval.,needs_verification,low_supplier_source_only,2026-09-15T23:52:40+00:00
MATCH-20260426-02915,SUP-20260426-02915,Xerjoff,Dolce Amalfi,,supplier_source,339976,supplier_name_normalisation,0.62,Initial candidate generated from supplier row only. Requires independent verification before approval.,needs_verification,low_supplier_source_only,2026-09-15T23:52:40+00:00
MATCH-20260426-02916,SUP-20260426-02916,Xerjoff,Groove Xcape,,supplier_source,680366,supplier_name_normalisation,0.62,Initial candidate generated from supplier row only. Requires independent verification before approval.,needs_verification,low_supplier_source_only,2026-09-15T23:52:40+00:00
MATCH-20260426-02917,SUP-20260426-02917,Xerjoff,Torino 21,,supplier_source,240214,supplier_name_normalisation,0.7,Initial candidate generated from supplier row only. Requires independent verification before approval.,needs_verification,low_supplier_source_only,2026-09-15T23:52:40+00:00
MATCH-20260426-02918,SUP-20260426-02918,Xerjoff,Torino 22,,supplier_source,250188,supplier_name_normalisation,0.7,Initial candidate generated from supplier row only. Requires independent verification before approval.,needs_verification,low_supplier_source_only,2026-09-15T23:52:40+00:00
MATCH-20260426-02919,SUP-20260426-02919,Xerjoff,Torino 23,,supplier_source,240273,supplier_name_normalisation,0.7,Initial candidate generated from supplier row only. Requires independent verification before approval.,needs_verification,low_supplier_source_only,2026-09-15T23:52:40+00:00
MATCH-20260426-02920,SUP-20260426-02920,Xerjoff,Starlight,,supplier_source,353632 T,supplier_name_normalisation,0.62,Initial candidate generated from supplier row only. Requires independent verification before approval.,needs_verification,low_supplier_source_only,2026-09-15T23:52:40+00:00
MATCH-20260426-02921,SUP-20260426-02921,Xerjoff,40 Noeuds,,supplier_source,233146 T,supplier_name_normalisation,0.62,Initial candidate generated from supplier row only. Requires independent verification before approval.,needs_verification,low_supplier_source_only,2026-09-15T23:52:40+00:00
MATCH-20260426-02922,SUP-20260426-02922,Xerjoff,Alexandria II,,supplier_source,240442,supplier_name_normalisation,0.7,Initial candidate generated from supplier row only. Requires independent verification before approval.,needs_verification,low_supplier_source_only,2026-09-15T23:52:40+00:00
MATCH-20260426-02923,SUP-20260426-02923,Xerjoff,Alexandria II,,supplier_source,342784,supplier_name_normalisation,0.62,Initial candidate generated from supplier row only. Requires independent verification before approval.,needs_verification,low_supplier_source_only,2026-09-15T23:52:40+00:00
MATCH-20260426-02924,SUP-20260426-02924,Xerjoff,Alexandria Orientale,,supplier_source,339595,supplier_name_normalisation,0.62,Initial candidate generated from supplier row only. Requires independent verification before approval.,needs_verification,low_supplier_source_only,2026-09-15T23:52:40+00:00
MATCH-20260426-02925,SUP-20260426-02925,Xerjoff,Amber Gold,,supplier_source,503623,supplier_name_normalisation,0.62,Initial candidate generated from supplier row only. Requires independent verification before approval.,needs_verification,low_supplier_source_only,2026-09-15T23:52:40+00:00
MATCH-20260426-02926,SUP-20260426-02926,Xerjoff,Amber Star,,supplier_source,233790,supplier_name_normalisation,0.62,Initial candidate generated from supplier row only. Requires independent verification before approval.,needs_verification,low_supplier_source_only,2026-09-15T23:52:40+00:00
MATCH-20260426-02927,SUP-20260426-02927,Xerjoff,Erba Gold,,supplier_source,503769-T,supplier_name_normalisation,0.62,Initial candidate generated from supplier row only. Requires independent verification before approval.,needs_verification,low_supplier_source_only,2026-09-15T23:52:40+00:00
MATCH-20260426-02928,SUP-20260426-02928,Xerjoff,Gran Ballo,,supplier_source,503433,supplier_name_normalisation,0.62,Initial candidate generated from supplier row only. Requires independent verification before approval.,needs_verification,low_supplier_source_only,2026-09-15T23:52:40+00:00
MATCH-20260426-02929,SUP-20260426-02929,Xerjoff,Mefisto,,supplier_source,338925-T,supplier_name_normalisation,0.62,Initial candidate generated from supplier row only. Requires independent verification before approval.,needs_verification,low_supplier_source_only,2026-09-15T23:52:40+00:00
MATCH-20260426-02930,SUP-20260426-02930,Xerjoff,Mefisto,,supplier_source,338925,supplier_name_normalisation,0.45,Initial candidate generated from supplier row only. Requires independent verification before approval.,needs_verification,low_supplier_source_only,2026-09-15T23:52:40+00:00
MATCH-20260426-02931,SUP-20260426-02931,Xerjoff,More Than Words,,supplier_source,232485,supplier_name_normalisation,0.62,Initial candidate generated from supplier row only. Requires independent verification before approval.,needs_verification,low_supplier_source_only,2026-09-15T23:52:40+00:00
MATCH-20260426-02932,SUP-20260426-02932,Xerjoff,Rose Gold,,supplier_source,339618,supplier_name_normalisation,0.62,Initial candidate generated from supplier row only. Requires independent verification before approval.,needs_verification,low_supplier_source_only,2026-09-15T23:52:40+00:00
MATCH-20260426-02933,SUP-20260426-02933,Xerjoff,Uden,,supplier_source,339170,supplier_name_normalisation,0.62,Initial candidate generated from supplier row only. Requires independent verification before approval.,needs_verification,low_supplier_source_only,2026-09-15T23:52:40+00:00
MATCH-20260426-02934,SUP-20260426-02934,Xerjoff,Mefisto,,supplier_source,338925,supplier_name_normalisation,0.45,Initial candidate generated from supplier row only. Requires independent verification before approval.,needs_verification,low_supplier_source_only,2026-09-15T23:52:40+00:00
MATCH-20260426-02935,SUP-20260426-02935,Xerjoff,Mefisto Gentiluomo,,supplier_source,503861,supplier_name_normalisation,0.62,Initial candidate generated from supplier row only. Requires independent verification before approval.,needs_verification,low_supplier_source_only,2026-09-15T23:52:40+00:00
MATCH-20260426-02936,SUP-20260426-02936,Xerjoff,Corallo,,supplier_source,503862,supplier_name_normalisation,0.62,Initial candidate generated from supplier row only. Requires independent verification before approval.,needs_verification,low_supplier_source_only,2026-09-15T23:52:40+00:00
MATCH-20260426-02937,SUP-20260426-02937,Xerjoff,Xj 1861 Naxos,,supplier_source,503642,supplier_name_normalisation,0.62,Initial candidate generated from supplier row only. Requires independent verification before approval.,needs_verification,low_supplier_source_only,2026-09-15T23:52:40+00:00
MATCH-20260426-02938,SUP-20260426-02938,Xerjoff,Xj 1861 Naxos,,supplier_source,503642-E,supplier_name_normalisation,0.62,Initial candidate generated from supplier row only. Requires independent verification before approval.,needs_verification,low_supplier_source_only,2026-09-15T23:52:40+00:00
MATCH-20260426-02939,SUP-20260426-02939,Xerjoff,Golden Dallah,,supplier_source,3000725,supplier_name_normalisation,0.7,Initial candidate generated from supplier row only. Requires independent verification before approval.,needs_verification,low_supplier_source_only,2026-09-15T23:52:40+00:00
MATCH-20260426-02940,SUP-20260426-02940,Xerjoff,Xj 1861 Naxos,,supplier_source,3000726,supplier_name_normalisation,0.7,Initial candidate generated from supplier row only. Requires independent verification before approval.,needs_verification,low_supplier_source_only,2026-09-15T23:52:40+00:00
MATCH-20260426-02941,SUP-20260426-02941,Xerjoff,Xj 1861 Naxos,,supplier_source,240017,supplier_name_normalisation,0.7,Initial candidate generated from supplier row only. Requires independent verification before approval.,needs_verification,low_supplier_source_only,2026-09-15T23:52:40+00:00
MATCH-20260426-02942,SUP-20260426-02942,Xerjoff,Xj 1861 Naxos,,supplier_source,240025,supplier_name_normalisation,0.7,Initial candidate generated from supplier row only. Requires independent verification before approval.,needs_verification,low_supplier_source_only,2026-09-15T23:52:40+00:00
MATCH-20260426-02943,SUP-20260426-02943,Yamen,Tib El,,supplier_source,461963,supplier_name_normalisation,0.62,Initial candidate generated from supplier row only. Requires independent verification before approval.,needs_verification,low_supplier_source_only,2026-09-15T23:52:40+00:00
MATCH-20260426-02944,SUP-20260426-02944,Yas Perfumes,Jazzab,,supplier_source,3000727,supplier_name_normalisation,0.7,Initial candidate generated from supplier row only. Requires independent verification before approval.,needs_verification,low_supplier_source_only,2026-09-15T23:52:40+00:00
MATCH-20260426-02945,SUP-20260426-02945,Yves Saint Laurent,Babycat Raw Bouborn,,supplier_source,250472,supplier_name_normalisation,0.7,Initial candidate generated from supplier row only. Requires independent verification before approval.,needs_verification,low_supplier_source_only,2026-09-15T23:52:40+00:00
MATCH-20260426-02946,SUP-20260426-02946,Yves Saint Laurent,Y Iced Colonge,,supplier_source,250403,supplier_name_normalisation,0.7,Initial candidate generated from supplier row only. Requires independent verification before approval.,needs_verification,low_supplier_source_only,2026-09-15T23:52:40+00:00
MATCH-20260426-02947,SUP-20260426-02947,Yves Saint Laurent,Tuxedo Sharp Patchouli,,supplier_source,250295,supplier_name_normalisation,0.7,Initial candidate generated from supplier row only. Requires independent verification before approval.,needs_verification,low_supplier_source_only,2026-09-15T23:52:40+00:00
MATCH-20260426-02948,SUP-20260426-02948,Yves Saint Laurent,Blouse Impertinent Rose,,supplier_source,250410,supplier_name_normalisation,0.7,Initial candidate generated from supplier row only. Requires independent verification before approval.,needs_verification,low_supplier_source_only,2026-09-15T23:52:40+00:00
MATCH-20260426-02949,SUP-20260426-02949,Yves Saint Laurent,Blouse Impertinent Rose,,supplier_source,250274,supplier_name_normalisation,0.7,Initial candidate generated from supplier row only. Requires independent verification before approval.,needs_verification,low_supplier_source_only,2026-09-15T23:52:40+00:00
MATCH-20260426-02950,SUP-20260426-02950,Yves Saint Laurent,Libre Vanille Couture,,supplier_source,250262,supplier_name_normalisation,0.7,Initial candidate generated from supplier row only. Requires independent verification before approval.,needs_verification,low_supplier_source_only,2026-09-15T23:52:40+00:00
MATCH-20260426-02951,SUP-20260426-02951,Yves Saint Laurent,Muse Inspiring Ink,,supplier_source,250260,supplier_name_normalisation,0.7,Initial candidate generated from supplier row only. Requires independent verification before approval.,needs_verification,low_supplier_source_only,2026-09-15T23:52:40+00:00
MATCH-20260426-02952,SUP-20260426-02952,Yves Saint Laurent,Libre L Eau Nue,,supplier_source,250164,supplier_name_normalisation,0.7,Initial candidate generated from supplier row only. Requires independent verification before approval.,needs_verification,low_supplier_source_only,2026-09-15T23:52:40+00:00
MATCH-20260426-02953,SUP-20260426-02953,Yves Saint Laurent,Myself L' Absolu,,supplier_source,250106,supplier_name_normalisation,0.7,Initial candidate generated from supplier row only. Requires independent verification before approval.,needs_verification,low_supplier_source_only,2026-09-15T23:52:40+00:00
MATCH-20260426-02954,SUP-20260426-02954,Yves Saint Laurent,Muse,,supplier_source,250099,supplier_name_normalisation,0.7,Initial candidate generated from supplier row only. Requires independent verification before approval.,needs_verification,low_supplier_source_only,2026-09-15T23:52:40+00:00
MATCH-20260426-02955,SUP-20260426-02955,Yves Saint Laurent,37 Rue De Bellechasse,,supplier_source,250088,supplier_name_normalisation,0.7,Initial candidate generated from supplier row only. Requires independent verification before approval.,needs_verification,low_supplier_source_only,2026-09-15T23:52:40+00:00
MATCH-20260426-02956,SUP-20260426-02956,Yves Saint Laurent,Gauche,,supplier_source,250067,supplier_name_normalisation,0.7,Initial candidate generated from supplier row only. Requires independent verification before approval.,needs_verification,low_supplier_source_only,2026-09-15T23:52:40+00:00
MATCH-20260426-02957,SUP-20260426-02957,Yves Saint Laurent,La Nuit De L'homme Bleu Electrique,,supplier_source,240869,supplier_name_normalisation,0.7,Initial candidate generated from supplier row only. Requires independent verification before approval.,needs_verification,low_supplier_source_only,2026-09-15T23:52:40+00:00
MATCH-20260426-02958,SUP-20260426-02958,Yves Saint Laurent,Black Opium Glitter 2025,,supplier_source,240861,supplier_name_normalisation,0.7,Initial candidate generated from supplier row only. Requires independent verification before approval.,needs_verification,low_supplier_source_only,2026-09-15T23:52:40+00:00
MATCH-20260426-02959,SUP-20260426-02959,Yves Saint Laurent,Champagne,,supplier_source,240837,supplier_name_normalisation,0.7,Initial candidate generated from supplier row only. Requires independent verification before approval.,needs_verification,low_supplier_source_only,2026-09-15T23:52:40+00:00
MATCH-20260426-02960,SUP-20260426-02960,Yves Saint Laurent,Black Opium Over Red,,supplier_source,240711,supplier_name_normalisation,0.7,Initial candidate generated from supplier row only. Requires independent verification before approval.,needs_verification,low_supplier_source_only,2026-09-15T23:52:40+00:00
MATCH-20260426-02961,SUP-20260426-02961,Yves Saint Laurent,La Nuit D L Homme,,supplier_source,240607,supplier_name_normalisation,0.7,Initial candidate generated from supplier row only. Requires independent verification before approval.,needs_verification,low_supplier_source_only,2026-09-15T23:52:40+00:00
MATCH-20260426-02962,SUP-20260426-02962,Yves Saint Laurent,Libre Flowers & Flames,,supplier_source,240564,supplier_name_normalisation,0.7,Initial candidate generated from supplier row only. Requires independent verification before approval.,needs_verification,low_supplier_source_only,2026-09-15T23:52:40+00:00
MATCH-20260426-02963,SUP-20260426-02963,Yves Saint Laurent,Libre Le Parfum,,supplier_source,240415,supplier_name_normalisation,0.7,Initial candidate generated from supplier row only. Requires independent verification before approval.,needs_verification,low_supplier_source_only,2026-09-15T23:52:40+00:00
MATCH-20260426-02964,SUP-20260426-02964,Yves Saint Laurent,Libre,,supplier_source,680049,supplier_name_normalisation,0.62,Initial candidate generated from supplier row only. Requires independent verification before approval.,needs_verification,low_supplier_source_only,2026-09-15T23:52:40+00:00
MATCH-20260426-02965,SUP-20260426-02965,Yves Saint Laurent,Libre,,supplier_source,240099,supplier_name_normalisation,0.7,Initial candidate generated from supplier row only. Requires independent verification before approval.,needs_verification,low_supplier_source_only,2026-09-15T23:52:40+00:00
MATCH-20260426-02966,SUP-20260426-02966,Yves Saint Laurent,Y Elixir,,supplier_source,240286,supplier_name_normalisation,0.7,Initial candidate generated from supplier row only. Requires independent verification before approval.,needs_verification,low_supplier_source_only,2026-09-15T23:52:40+00:00
MATCH-20260426-02967,SUP-20260426-02967,Yves Saint Laurent,Y Eau De Parfum (2018),,supplier_source,240194,supplier_name_normalisation,0.7,Initial candidate generated from supplier row only. Requires independent verification before approval.,needs_verification,low_supplier_source_only,2026-09-15T23:52:40+00:00
MATCH-20260426-02968,SUP-20260426-02968,Yves Saint Laurent,Y (2017),,supplier_source,233906-A,supplier_name_normalisation,0.62,Initial candidate generated from supplier row only. Requires independent verification before approval.,needs_verification,low_supplier_source_only,2026-09-15T23:52:40+00:00
MATCH-20260426-02969,SUP-20260426-02969,Yves Saint Laurent,Y (2017),,supplier_source,240100,supplier_name_normalisation,0.7,Initial candidate generated from supplier row only. Requires independent verification before approval.,needs_verification,low_supplier_source_only,2026-09-15T23:52:40+00:00
MATCH-20260426-02970,SUP-20260426-02970,Yves Saint Laurent,Y Intense,,supplier_source,240620,supplier_name_normalisation,0.7,Initial candidate generated from supplier row only. Requires independent verification before approval.,needs_verification,low_supplier_source_only,2026-09-15T23:52:40+00:00
MATCH-20260426-02971,SUP-20260426-02971,Yves Saint Laurent,Baby Cat,,supplier_source,240322,supplier_name_normalisation,0.7,Initial candidate generated from supplier row only. Requires independent verification before approval.,needs_verification,low_supplier_source_only,2026-09-15T23:52:40+00:00
MATCH-20260426-02972,SUP-20260426-02972,Yves Saint Laurent,Black Opium Le Parfum,,supplier_source,240434,supplier_name_normalisation,0.7,Initial candidate generated from supplier row only. Requires independent verification before approval.,needs_verification,low_supplier_source_only,2026-09-15T23:52:40+00:00
MATCH-20260426-02973,SUP-20260426-02973,Yves Saint Laurent,Black Opium,,supplier_source,250047,supplier_name_normalisation,0.7,Initial candidate generated from supplier row only. Requires independent verification before approval.,needs_verification,low_supplier_source_only,2026-09-15T23:52:40+00:00
MATCH-20260426-02974,SUP-20260426-02974,Yves Saint Laurent,Black Opium,,supplier_source,338826,supplier_name_normalisation,0.62,Initial candidate generated from supplier row only. Requires independent verification before approval.,needs_verification,low_supplier_source_only,2026-09-15T23:52:40+00:00
MATCH-20260426-02975,SUP-20260426-02975,Yves Saint Laurent,Caban,,supplier_source,381455-BT,supplier_name_normalisation,0.62,Initial candidate generated from supplier row only. Requires independent verification before approval.,needs_verification,low_supplier_source_only,2026-09-15T23:52:40+00:00
MATCH-20260426-02976,SUP-20260426-02976,Yves Saint Laurent,Cinema,,supplier_source,240925,supplier_name_normalisation,0.7,Initial candidate generated from supplier row only. Requires independent verification before approval.,needs_verification,low_supplier_source_only,2026-09-15T23:52:40+00:00
MATCH-20260426-02977,SUP-20260426-02977,Yves Saint Laurent,Exquisite Embroidery,,supplier_source,343666-B,supplier_name_normalisation,0.62,Initial candidate generated from supplier row only. Requires independent verification before approval.,needs_verification,low_supplier_source_only,2026-09-15T23:52:40+00:00
MATCH-20260426-02978,SUP-20260426-02978,Yves Saint Laurent,Exquisite Musk,,supplier_source,233759,supplier_name_normalisation,0.62,Initial candidate generated from supplier row only. Requires independent verification before approval.,needs_verification,low_supplier_source_only,2026-09-15T23:52:40+00:00
MATCH-20260426-02979,SUP-20260426-02979,Yves Saint Laurent,Mon Paris,,supplier_source,250451,supplier_name_normalisation,0.7,Initial candidate generated from supplier row only. Requires independent verification before approval.,needs_verification,low_supplier_source_only,2026-09-15T23:52:40+00:00
MATCH-20260426-02980,SUP-20260426-02980,Yves Saint Laurent,Mon Paris,,supplier_source,232927-A,supplier_name_normalisation,0.62,Initial candidate generated from supplier row only. Requires independent verification before approval.,needs_verification,low_supplier_source_only,2026-09-15T23:52:40+00:00
MATCH-20260426-02981,SUP-20260426-02981,Yves Saint Laurent,Black Opium Extreme,,supplier_source,336038,supplier_name_normalisation,0.62,Initial candidate generated from supplier row only. Requires independent verification before approval.,needs_verification,low_supplier_source_only,2026-09-15T23:52:40+00:00
MATCH-20260426-02982,SUP-20260426-02982,Yves Saint Laurent,Black Opium Illicit Green,,supplier_source,336105-XX,supplier_name_normalisation,0.62,Initial candidate generated from supplier row only. Requires independent verification before approval.,needs_verification,low_supplier_source_only,2026-09-15T23:52:40+00:00
MATCH-20260426-02983,SUP-20260426-02983,Yves Saint Laurent,Supreme Bouquet,,supplier_source,340836-F,supplier_name_normalisation,0.62,Initial candidate generated from supplier row only. Requires independent verification before approval.,needs_verification,low_supplier_source_only,2026-09-15T23:52:40+00:00
MATCH-20260426-02984,SUP-20260426-02984,Yves Saint Laurent,Supreme Bouquet,,supplier_source,340836-D,supplier_name_normalisation,0.62,Initial candidate generated from supplier row only. Requires independent verification before approval.,needs_verification,low_supplier_source_only,2026-09-15T23:52:40+00:00
MATCH-20260426-02985,SUP-20260426-02985,Yves Saint Laurent,Black Opium Baby Cat,,supplier_source,336011,supplier_name_normalisation,0.62,Initial candidate generated from supplier row only. Requires independent verification before approval.,needs_verification,low_supplier_source_only,2026-09-15T23:52:40+00:00
MATCH-20260426-02986,SUP-20260426-02986,Yves Saint Laurent,Wild Leather,,supplier_source,343899-T,supplier_name_normalisation,0.62,Initial candidate generated from supplier row only. Requires independent verification before approval.,needs_verification,low_supplier_source_only,2026-09-15T23:52:40+00:00
MATCH-20260426-02987,SUP-20260426-02987,Yves Saint Laurent,Myself Le Parfum,,supplier_source,240582,supplier_name_normalisation,0.7,Initial candidate generated from supplier row only. Requires independent verification before approval.,needs_verification,low_supplier_source_only,2026-09-15T23:52:40+00:00
MATCH-20260426-02988,SUP-20260426-02988,Yves Saint Laurent,Myself,,supplier_source,240375,supplier_name_normalisation,0.7,Initial candidate generated from supplier row only. Requires independent verification before approval.,needs_verification,low_supplier_source_only,2026-09-15T23:52:40+00:00
MATCH-20260426-02989,SUP-20260426-02989,Yves Saint Laurent,Libre L Absolu Platine,,supplier_source,240119,supplier_name_normalisation,0.7,Initial candidate generated from supplier row only. Requires independent verification before approval.,needs_verification,low_supplier_source_only,2026-09-15T23:52:40+00:00
MATCH-20260426-02990,SUP-20260426-02990,Yves Saint Laurent,Baby Doll,,supplier_source,3000728,supplier_name_normalisation,0.7,Initial candidate generated from supplier row only. Requires independent verification before approval.,needs_verification,low_supplier_source_only,2026-09-15T23:52:40+00:00
MATCH-20260426-02991,SUP-20260426-02991,Yves Saint Laurent,Black Opium Intense,,supplier_source,250147,supplier_name_normalisation,0.7,Initial candidate generated from supplier row only. Requires independent verification before approval.,needs_verification,low_supplier_source_only,2026-09-15T23:52:40+00:00
MATCH-20260426-02992,SUP-20260426-02992,Yves Saint Laurent,Caftan,,supplier_source,3000730,supplier_name_normalisation,0.7,Initial candidate generated from supplier row only. Requires independent verification before approval.,needs_verification,low_supplier_source_only,2026-09-15T23:52:40+00:00
MATCH-20260426-02993,SUP-20260426-02993,Yves Saint Laurent,Intense,,supplier_source,3000731,supplier_name_normalisation,0.7,Initial candidate generated from supplier row only. Requires independent verification before approval.,needs_verification,low_supplier_source_only,2026-09-15T23:52:40+00:00
MATCH-20260426-02994,SUP-20260426-02994,Yves Saint Laurent,Kouros,,supplier_source,3000732,supplier_name_normalisation,0.7,Initial candidate generated from supplier row only. Requires independent verification before approval.,needs_verification,low_supplier_source_only,2026-09-15T23:52:40+00:00
MATCH-20260426-02995,SUP-20260426-02995,Yves Saint Laurent,Manifesto,,supplier_source,3000733,supplier_name_normalisation,0.7,Initial candidate generated from supplier row only. Requires independent verification before approval.,needs_verification,low_supplier_source_only,2026-09-15T23:52:40+00:00
MATCH-20260426-02996,SUP-20260426-02996,Yves Saint Laurent,Mon Paris,,supplier_source,3000734,supplier_name_normalisation,0.7,Initial candidate generated from supplier row only. Requires independent verification before approval.,needs_verification,low_supplier_source_only,2026-09-15T23:52:40+00:00
MATCH-20260426-02997,SUP-20260426-02997,Yves Saint Laurent,Libre Intense,,supplier_source,240623,supplier_name_normalisation,0.7,Initial candidate generated from supplier row only. Requires independent verification before approval.,needs_verification,low_supplier_source_only,2026-09-15T23:52:40+00:00
MATCH-20260426-02998,SUP-20260426-02998,Yves Saint Laurent,Y Le Parfum,,supplier_source,240405,supplier_name_normalisation,0.7,Initial candidate generated from supplier row only. Requires independent verification before approval.,needs_verification,low_supplier_source_only,2026-09-15T23:52:40+00:00
MATCH-20260426-02999,SUP-20260426-02999,Yves Saint Laurent,Tuxedo,,supplier_source,240263,supplier_name_normalisation,0.7,Initial candidate generated from supplier row only. Requires independent verification before approval.,needs_verification,low_supplier_source_only,2026-09-15T23:52:40+00:00
MATCH-20260426-03000,SUP-20260426-03000,Yves Rocher,Rose OUD,,supplier_source,3000736,supplier_name_normalisation,0.7,Initial candidate generated from supplier row only. Requires independent verification before approval.,needs_verification,low_supplier_source_only,2026-09-15T23:52:40+00:00
MATCH-20260426-03001,SUP-20260426-03001,Zadig & Voltaire,Just Rock For Him,,supplier_source,461377,supplier_name_normalisation,0.62,Initial candidate generated from supplier row only. Requires independent verification before approval.,needs_verification,low_supplier_source_only,2026-09-15T23:52:40+00:00
MATCH-20260426-03002,SUP-20260426-03002,Zadig & Voltaire,This Is Us,,supplier_source,233479,supplier_name_normalisation,0.62,Initial candidate generated from supplier row only. Requires independent verification before approval.,needs_verification,low_supplier_source_only,2026-09-15T23:52:40+00:00
MATCH-20260426-03003,SUP-20260426-03003,Zafran,Attar Zafran,,supplier_source,3000737,supplier_name_normalisation,0.7,Initial candidate generated from supplier row only. Requires independent verification before approval.,needs_verification,low_supplier_source_only,2026-09-15T23:52:40+00:00
MATCH-20260426-03004,SUP-20260426-03004,Zafran,Zafran,,supplier_source,3000738,supplier_name_normalisation,0.7,Initial candidate generated from supplier row only. Requires independent verification before approval.,needs_verification,low_supplier_source_only,2026-09-15T23:52:40+00:00
MATCH-20260426-03005,SUP-20260426-03005,Zafran,Whtie Zafran,,supplier_source,3000739,supplier_name_normalisation,0.7,Initial candidate generated from supplier row only. Requires independent verification before approval.,needs_verification,low_supplier_source_only,2026-09-15T23:52:40+00:00
MATCH-20260426-03006,SUP-20260426-03006,Zara,Sun Kissed Banana,,supplier_source,250311,supplier_name_normalisation,0.7,Initial candidate generated from supplier row only. Requires independent verification before approval.,needs_verification,low_supplier_source_only,2026-09-15T23:52:40+00:00
MATCH-20260426-03007,SUP-20260426-03007,Zara,Fresh Rain Shower,,supplier_source,250307,supplier_name_normalisation,0.7,Initial candidate generated from supplier row only. Requires independent verification before approval.,needs_verification,low_supplier_source_only,2026-09-15T23:52:40+00:00
MATCH-20260426-03008,SUP-20260426-03008,Zara,Cozy Serenade,,supplier_source,354053,supplier_name_normalisation,0.62,Initial candidate generated from supplier row only. Requires independent verification before approval.,needs_verification,low_supplier_source_only,2026-09-15T23:52:40+00:00
MATCH-20260426-03009,SUP-20260426-03009,Zarko Perfume,Molecule No.08,,supplier_source,339479,supplier_name_normalisation,0.62,Initial candidate generated from supplier row only. Requires independent verification before approval.,needs_verification,low_supplier_source_only,2026-09-15T23:52:40+00:00
MATCH-20260426-03010,SUP-20260426-03010,Zarko Perfume,Pink Molecule 090.09,,supplier_source,240104,supplier_name_normalisation,0.7,Initial candidate generated from supplier row only. Requires independent verification before approval.,needs_verification,low_supplier_source_only,2026-09-15T23:52:40+00:00
MATCH-20260426-03011,SUP-20260426-03011,Zarko Perfume,Pink Molecule 090.09,,supplier_source,339642,supplier_name_normalisation,0.62,Initial candidate generated from supplier row only. Requires independent verification before approval.,needs_verification,low_supplier_source_only,2026-09-15T23:52:40+00:00
MATCH-20260426-03012,SUP-20260426-03012,Zarko Perfume,Molecule C-19 The Beach,,supplier_source,234050,supplier_name_normalisation,0.62,Initial candidate generated from supplier row only. Requires independent verification before approval.,needs_verification,low_supplier_source_only,2026-09-15T23:52:40+00:00
MATCH-20260426-03013,SUP-20260426-03013,Zarko Perfume,Purple Molecule 070.07,,supplier_source,503693,supplier_name_normalisation,0.62,Initial candidate generated from supplier row only. Requires independent verification before approval.,needs_verification,low_supplier_source_only,2026-09-15T23:52:40+00:00
MATCH-20260426-03014,SUP-20260426-03014,Zarko Perfume,Quantum Molecule,,supplier_source,702885,supplier_name_normalisation,0.62,Initial candidate generated from supplier row only. Requires independent verification before approval.,needs_verification,low_supplier_source_only,2026-09-15T23:52:40+00:00
MATCH-20260426-03015,SUP-20260426-03015,Zarko Perfume,The Muse,,supplier_source,261267,supplier_name_normalisation,0.62,Initial candidate generated from supplier row only. Requires independent verification before approval.,needs_verification,low_supplier_source_only,2026-09-15T23:52:40+00:00
MATCH-20260426-03016,SUP-20260426-03016,Zegna,Indonesian OUD Eau De Parfum,,supplier_source,250415,supplier_name_normalisation,0.7,Initial candidate generated from supplier row only. Requires independent verification before approval.,needs_verification,low_supplier_source_only,2026-09-15T23:52:40+00:00
MATCH-20260426-03017,SUP-20260426-03017,Zegna,Zegna Iris,,supplier_source,240622,supplier_name_normalisation,0.7,Initial candidate generated from supplier row only. Requires independent verification before approval.,needs_verification,low_supplier_source_only,2026-09-15T23:52:40+00:00
MATCH-20260426-03018,SUP-20260426-03018,Zielinski & Rozen,Vanilla Blend,,supplier_source,700902,supplier_name_normalisation,0.62,Initial candidate generated from supplier row only. Requires independent verification before approval.,needs_verification,low_supplier_source_only,2026-09-15T23:52:40+00:00
MATCH-20260426-03019,SUP-20260426-03019,Zielinski & Rozen,"Black Pepper & Amber,neroli",,supplier_source,343968,supplier_name_normalisation,0.62,Initial candidate generated from supplier row only. Requires independent verification before approval.,needs_verification,low_supplier_source_only,2026-09-15T23:52:40+00:00
MATCH-20260426-03020,SUP-20260426-03020,Zielinski & Rozen,"Orange & Jasmine, Vanilla",,supplier_source,462340,supplier_name_normalisation,0.62,Initial candidate generated from supplier row only. Requires independent verification before approval.,needs_verification,low_supplier_source_only,2026-09-15T23:52:40+00:00
MATCH-20260426-03021,SUP-20260426-03021,Zielinski & Rozen,Fiction,,supplier_source,344142-T,supplier_name_normalisation,0.62,Initial candidate generated from supplier row only. Requires independent verification before approval.,needs_verification,low_supplier_source_only,2026-09-15T23:52:40+00:00
MATCH-20260426-03022,SUP-20260426-03022,Zielinski & Rozen,Vetiver & Lemon.bergamot,,supplier_source,354182,supplier_name_normalisation,0.62,Initial candidate generated from supplier row only. Requires independent verification before approval.,needs_verification,low_supplier_source_only,2026-09-15T23:52:40+00:00
