review_priority,supplier_item_id,source_row_number,normalised_brand,candidate_original_name,supplier_clone_name,supplier_code,flags,required_action
Medium,SUP-20260426-00014,16,Acqua Di Parma,OUD & Spice,Italy In The Night,233551,lz_clone_name,"Verify brand/name, resolve variant or duplicate, and approve/reject before catalogue promotion."
Medium,SUP-20260426-00023,25,AF,Flower Oxy,Flower Oxy,339818,lz_clone_name,"Verify brand/name, resolve variant or duplicate, and approve/reject before catalogue promotion."
Medium,SUP-20260426-00024,26,AF,Citron Oxy,Citron Oxy,339816,lz_clone_name,"Verify brand/name, resolve variant or duplicate, and approve/reject before catalogue promotion."
Medium,SUP-20260426-00028,30,Ajmal,1101 Nights,Afrah,554861,lz_clone_name,"Verify brand/name, resolve variant or duplicate, and approve/reject before catalogue promotion."
Medium,SUP-20260426-00029,31,Ajmal,Amber Wood,,240801,top,"Verify brand/name, resolve variant or duplicate, and approve/reject before catalogue promotion."
Medium,SUP-20260426-00032,34,Ajmal,Ambre Pimente,Brownsy,353631,lz_clone_name,"Verify brand/name, resolve variant or duplicate, and approve/reject before catalogue promotion."
Medium,SUP-20260426-00033,35,Ajmal,Silk Musk,,240065,top,"Verify brand/name, resolve variant or duplicate, and approve/reject before catalogue promotion."
Medium,SUP-20260426-00035,37,Ajmal,Black Rose,Rose Black,338565,lz_clone_name,"Verify brand/name, resolve variant or duplicate, and approve/reject before catalogue promotion."
Medium,SUP-20260426-00053,56,Ajmal,Wisal,,240392,top,"Verify brand/name, resolve variant or duplicate, and approve/reject before catalogue promotion."
Medium,SUP-20260426-00057,60,Al Jazeera,Onxy,Black Gemstone,702567-D,lz_clone_name,"Verify brand/name, resolve variant or duplicate, and approve/reject before catalogue promotion."
Medium,SUP-20260426-00058,61,Al Jazeera,Damascus,Oudssaya,343661-H,lz_clone_name,"Verify brand/name, resolve variant or duplicate, and approve/reject before catalogue promotion."
Medium,SUP-20260426-00059,62,Al Jazeera,Venice,Piazza San Marco,461944-A,lz_clone_name,"Verify brand/name, resolve variant or duplicate, and approve/reject before catalogue promotion."
Medium,SUP-20260426-00060,63,Al Jazeera,Wisteria,Blue Rain,680021-T,lz_clone_name; top,"Verify brand/name, resolve variant or duplicate, and approve/reject before catalogue promotion."
Medium,SUP-20260426-00061,64,Al Jazeera,Venice,Piazza San Marco,461944-T,lz_clone_name; top,"Verify brand/name, resolve variant or duplicate, and approve/reject before catalogue promotion."
Medium,SUP-20260426-00062,65,Al Jazeera,Magic,Houdini,503629,lz_clone_name,"Verify brand/name, resolve variant or duplicate, and approve/reject before catalogue promotion."
Medium,SUP-20260426-00063,66,Al Teeb,Lora Dar,Lo Ys,693067,lz_clone_name,"Verify brand/name, resolve variant or duplicate, and approve/reject before catalogue promotion."
Medium,SUP-20260426-00064,67,Al Teeb,Juliet Dar,Liet Ys,261067,lz_clone_name,"Verify brand/name, resolve variant or duplicate, and approve/reject before catalogue promotion."
Medium,SUP-20260426-00065,68,Al Teeb,Warde-dar,Passion Ys,339927,lz_clone_name,"Verify brand/name, resolve variant or duplicate, and approve/reject before catalogue promotion."
Medium,SUP-20260426-00066,69,Alexandre. J,Mandarine Sultane,Alhambra Garden,343622-A,lz_clone_name,"Verify brand/name, resolve variant or duplicate, and approve/reject before catalogue promotion."
Medium,SUP-20260426-00067,70,Alexandre. J,Mandarine Sultane No,Alhambra Garden,343622,lz_clone_name,"Verify brand/name, resolve variant or duplicate, and approve/reject before catalogue promotion."
Medium,SUP-20260426-00068,71,Alexandre. J,Morning Muscs,Fresh Dewdrop,461305-B,lz_clone_name,"Verify brand/name, resolve variant or duplicate, and approve/reject before catalogue promotion."
Medium,SUP-20260426-00072,75,Alexandre J,Altesse,Savoy Of India,461250-B,lz_clone_name,"Verify brand/name, resolve variant or duplicate, and approve/reject before catalogue promotion."
Medium,SUP-20260426-00087,90,Amouage,Purpose,,240804,top,"Verify brand/name, resolve variant or duplicate, and approve/reject before catalogue promotion."
Medium,SUP-20260426-00096,99,Amouage,Amouage Epic Man,,240438,top,"Verify brand/name, resolve variant or duplicate, and approve/reject before catalogue promotion."
Medium,SUP-20260426-00097,100,Amouage,"Amouage, Lyric Man",Touching Poetry,231633-B,lz_clone_name,"Verify brand/name, resolve variant or duplicate, and approve/reject before catalogue promotion."
Medium,SUP-20260426-00098,101,Amouage,"Amouage, Opus V",Masterpiece,231662-B,lz_clone_name,"Verify brand/name, resolve variant or duplicate, and approve/reject before catalogue promotion."
Medium,SUP-20260426-00099,102,Amouage,"Amouage,journey Woman",Golden Trip,701761-B,lz_clone_name,"Verify brand/name, resolve variant or duplicate, and approve/reject before catalogue promotion."
Medium,SUP-20260426-00100,103,Amouage,Blossom Love Woman,,240432,top,"Verify brand/name, resolve variant or duplicate, and approve/reject before catalogue promotion."
Medium,SUP-20260426-00101,104,Amouage,Honour Man,Kingsize,461236-A,lz_clone_name,"Verify brand/name, resolve variant or duplicate, and approve/reject before catalogue promotion."
Medium,SUP-20260426-00102,105,Amouage,Interlude 53,,240803,top,"Verify brand/name, resolve variant or duplicate, and approve/reject before catalogue promotion."
Medium,SUP-20260426-00103,106,Amouage,Interlude Woman,Midnight Blue Lady,701741,lz_clone_name,"Verify brand/name, resolve variant or duplicate, and approve/reject before catalogue promotion."
Medium,SUP-20260426-00104,107,Amouage,Interude Man,Midnight Blue Man,340894-A,lz_clone_name,"Verify brand/name, resolve variant or duplicate, and approve/reject before catalogue promotion."
Medium,SUP-20260426-00105,108,Amouage,Interlude,,240802,top,"Verify brand/name, resolve variant or duplicate, and approve/reject before catalogue promotion."
Medium,SUP-20260426-00106,109,Amouage,Opus Vi,Arabian Poetry,342271-A,lz_clone_name,"Verify brand/name, resolve variant or duplicate, and approve/reject before catalogue promotion."
Medium,SUP-20260426-00107,111,Amouage,Overture Man,Gentlemans Mystique,233742,lz_clone_name,"Verify brand/name, resolve variant or duplicate, and approve/reject before catalogue promotion."
Medium,SUP-20260426-00108,112,Amouage,Portrayal Man,Holographic Man,233724,lz_clone_name,"Verify brand/name, resolve variant or duplicate, and approve/reject before catalogue promotion."
Medium,SUP-20260426-00109,113,Amouage,Portrayal Woman,Holographic Woman,503654,lz_clone_name,"Verify brand/name, resolve variant or duplicate, and approve/reject before catalogue promotion."
Medium,SUP-20260426-00110,114,Amouage,Rose Incense,Omani Maverick,339688,lz_clone_name,"Verify brand/name, resolve variant or duplicate, and approve/reject before catalogue promotion."
Medium,SUP-20260426-00111,115,Amouage,Silver Men,Titanium,230792,lz_clone_name,"Verify brand/name, resolve variant or duplicate, and approve/reject before catalogue promotion."
Medium,SUP-20260426-00112,116,Amouage,Imitation Woman,Sweet Art,339447,lz_clone_name,"Verify brand/name, resolve variant or duplicate, and approve/reject before catalogue promotion."
Medium,SUP-20260426-00113,117,Amouage,Honour Woman,Nobility,232459,lz_clone_name,"Verify brand/name, resolve variant or duplicate, and approve/reject before catalogue promotion."
Medium,SUP-20260426-00114,118,Amouage,Guidance,,204567,top,"Verify brand/name, resolve variant or duplicate, and approve/reject before catalogue promotion."
Medium,SUP-20260426-00127,131,Anfasic Dokhoon,Sukar,Sweet Elegance,260816-A,lz_clone_name,"Verify brand/name, resolve variant or duplicate, and approve/reject before catalogue promotion."
Medium,SUP-20260426-00132,136,Angel Shlesser,Angel Schlesser Femme,Ranway Fashion,346712-B,lz_clone_name,"Verify brand/name, resolve variant or duplicate, and approve/reject before catalogue promotion."
Medium,SUP-20260426-00133,137,Anna Sui,Fantasia,Land Of Dreams,343635,lz_clone_name,"Verify brand/name, resolve variant or duplicate, and approve/reject before catalogue promotion."
Medium,SUP-20260426-00134,138,Anna Sui,Flight Of Fancy Spirit,Chichi Soul,343730,lz_clone_name,"Verify brand/name, resolve variant or duplicate, and approve/reject before catalogue promotion."
Medium,SUP-20260426-00135,139,Anna Sui,Lucky Wish,Jackpot,342748,lz_clone_name,"Verify brand/name, resolve variant or duplicate, and approve/reject before catalogue promotion."
Medium,SUP-20260426-00136,140,Antonio,Blue Seduction Men,Zorro,238552,lz_clone_name,"Verify brand/name, resolve variant or duplicate, and approve/reject before catalogue promotion."
Medium,SUP-20260426-00137,141,Antonio,Seduction In Black,Seductive Man,359969,lz_clone_name,"Verify brand/name, resolve variant or duplicate, and approve/reject before catalogue promotion."
Medium,SUP-20260426-00138,142,Antonio,Seduction In Black,Seductive Man,359969-A,lz_clone_name,"Verify brand/name, resolve variant or duplicate, and approve/reject before catalogue promotion."
Medium,SUP-20260426-00139,143,Antonio,The Secret,Keyhole,239297,lz_clone_name,"Verify brand/name, resolve variant or duplicate, and approve/reject before catalogue promotion."
Medium,SUP-20260426-00140,144,Antonio,The Secret Temptation,Allure Whispers,353738,lz_clone_name,"Verify brand/name, resolve variant or duplicate, and approve/reject before catalogue promotion."
Medium,SUP-20260426-00141,145,Antonio,The Icon,Hombre Attractivo,354007,lz_clone_name,"Verify brand/name, resolve variant or duplicate, and approve/reject before catalogue promotion."
Medium,SUP-20260426-00142,146,Antonio,Blue Seduction For Men,Bluzorro,461995-A,lz_clone_name,"Verify brand/name, resolve variant or duplicate, and approve/reject before catalogue promotion."
Medium,SUP-20260426-00143,147,Antonio Banderas,Blue Seduction (blue Colour),Blue Seduction,240124,top,"Verify brand/name, resolve variant or duplicate, and approve/reject before catalogue promotion."
Medium,SUP-20260426-00145,149,Aquolina,Pink Sugar,Sweet Ribbon,339416,lz_clone_name,"Verify brand/name, resolve variant or duplicate, and approve/reject before catalogue promotion."
Medium,SUP-20260426-00151,155,Arabian OUD,Arabian Knight,Gilbert,353810-T,lz_clone_name,"Verify brand/name, resolve variant or duplicate, and approve/reject before catalogue promotion."
Medium,SUP-20260426-00155,159,Arabian OUD,Madawi 40 Years Gold Edition,,240056,top,"Verify brand/name, resolve variant or duplicate, and approve/reject before catalogue promotion."
Medium,SUP-20260426-00164,169,Ariana Grande,Mod Vanilla,Iconic Twiggy,336298,lz_clone_name,"Verify brand/name, resolve variant or duplicate, and approve/reject before catalogue promotion."
Medium,SUP-20260426-00168,173,Armand,Basi In Red,Red Bassoon,236080,lz_clone_name,"Verify brand/name, resolve variant or duplicate, and approve/reject before catalogue promotion."
Medium,SUP-20260426-00169,174,Armand,Basi In Red,Basi In Red,240082,top,"Verify brand/name, resolve variant or duplicate, and approve/reject before catalogue promotion."
Medium,SUP-20260426-00171,176,Armani,Stronger With You Powerfully,,250421,top,"Verify brand/name, resolve variant or duplicate, and approve/reject before catalogue promotion."
Medium,SUP-20260426-00172,177,Armani,Stronger With You Powerfully,,250483,super,"Verify brand/name, resolve variant or duplicate, and approve/reject before catalogue promotion."
Medium,SUP-20260426-00187,192,Armani,Prive OUD Royal,,240603,top,"Verify brand/name, resolve variant or duplicate, and approve/reject before catalogue promotion."
Medium,SUP-20260426-00194,199,Armani,Armani Prive Pivoine Suzhou,Tiger Hill,233612,lz_clone_name,"Verify brand/name, resolve variant or duplicate, and approve/reject before catalogue promotion."
Medium,SUP-20260426-00195,200,Armani,Si EDP Intense,,240673,intense; top,"Verify brand/name, resolve variant or duplicate, and approve/reject before catalogue promotion."
Medium,SUP-20260426-00197,202,Armani,Santal Dan Sha,Imperial Palace,344206,lz_clone_name,"Verify brand/name, resolve variant or duplicate, and approve/reject before catalogue promotion."
Medium,SUP-20260426-00199,204,Armani,My Way Luzi,White Catwalk,503781-T,lz_clone_name,"Verify brand/name, resolve variant or duplicate, and approve/reject before catalogue promotion."
Medium,SUP-20260426-00200,205,Armani,Acqua Di Gio Absolu Instinct,True Pantelleria,339713,absolute_or_absolu; lz_clone_name,"Verify brand/name, resolve variant or duplicate, and approve/reject before catalogue promotion."
Medium,SUP-20260426-00201,206,Armani,Musc Shamal,Grand Tourer,343743,lz_clone_name,"Verify brand/name, resolve variant or duplicate, and approve/reject before catalogue promotion."
Medium,SUP-20260426-00202,207,Armani,Si Fiori,,240598,top,"Verify brand/name, resolve variant or duplicate, and approve/reject before catalogue promotion."
Medium,SUP-20260426-00203,208,Armani,Si Armani LZ,I Will,500951,lz_clone_name,"Verify brand/name, resolve variant or duplicate, and approve/reject before catalogue promotion."
Medium,SUP-20260426-00204,209,Armani,Acqua Di Gio Homme,Pantellerio,554849,lz_clone_name,"Verify brand/name, resolve variant or duplicate, and approve/reject before catalogue promotion."
Medium,SUP-20260426-00205,210,Armani,Sable Nuit,Golden Sky,503835,lz_clone_name,"Verify brand/name, resolve variant or duplicate, and approve/reject before catalogue promotion."
Medium,SUP-20260426-00206,211,Armani,Aqua Di Gio Profondo Lights,Deep Island,233486,lz_clone_name,"Verify brand/name, resolve variant or duplicate, and approve/reject before catalogue promotion."
Medium,SUP-20260426-00207,212,Armani,Stronger With You Leather,Powerful Golden Love,339881-X,lz_clone_name,"Verify brand/name, resolve variant or duplicate, and approve/reject before catalogue promotion."
Medium,SUP-20260426-00208,213,Armani,Stronger With You Man,Powerful Love,233263-I,lz_clone_name,"Verify brand/name, resolve variant or duplicate, and approve/reject before catalogue promotion."
Medium,SUP-20260426-00209,214,Armani,Armani Code Parfum,Dark Tuxedo,233155,lz_clone_name,"Verify brand/name, resolve variant or duplicate, and approve/reject before catalogue promotion."
Medium,SUP-20260426-00210,215,Armani,Stronger With You OUD,Powerful Love In Orient,261186-TT,lz_clone_name,"Verify brand/name, resolve variant or duplicate, and approve/reject before catalogue promotion."
Medium,SUP-20260426-00211,216,Armani,Stronger With You OUD,Powrful Love In Orient,261186-B,lz_clone_name,"Verify brand/name, resolve variant or duplicate, and approve/reject before catalogue promotion."
Medium,SUP-20260426-00212,217,Armani,Magenta Tanzanite,Crimson Gemstone,680259,lz_clone_name,"Verify brand/name, resolve variant or duplicate, and approve/reject before catalogue promotion."
Medium,SUP-20260426-00213,218,Armani,Indigo Tanzanite,Blue Gemstone,680261,lz_clone_name,"Verify brand/name, resolve variant or duplicate, and approve/reject before catalogue promotion."
Medium,SUP-20260426-00214,219,Armani,Si Passione Eclat De Parfum,I Will Always Supreme,503937,lz_clone_name,"Verify brand/name, resolve variant or duplicate, and approve/reject before catalogue promotion."
Medium,SUP-20260426-00215,220,Armani,My Way Parfum,Intense White Catwalk,261245-T,intense; lz_clone_name,"Verify brand/name, resolve variant or duplicate, and approve/reject before catalogue promotion."
Medium,SUP-20260426-00216,221,Armani,Stronger With You Amber,Strong Love,234035,lz_clone_name,"Verify brand/name, resolve variant or duplicate, and approve/reject before catalogue promotion."
Medium,SUP-20260426-00218,223,Armani,Acqua Di Gio Absolu,,240338,absolute_or_absolu; top,"Verify brand/name, resolve variant or duplicate, and approve/reject before catalogue promotion."
Medium,SUP-20260426-00219,224,Armani,Acqua Di Gio Profumo,,240314,top,"Verify brand/name, resolve variant or duplicate, and approve/reject before catalogue promotion."
Medium,SUP-20260426-00223,228,Armani,Code,,240337,top,"Verify brand/name, resolve variant or duplicate, and approve/reject before catalogue promotion."
Medium,SUP-20260426-00224,229,Armani,Armani Code Absolu,,240336,absolute_or_absolu; top,"Verify brand/name, resolve variant or duplicate, and approve/reject before catalogue promotion."
Medium,SUP-20260426-00246,252,Armani Prive,Rouge Malachite,Rouge Malachite,240089,top,"Verify brand/name, resolve variant or duplicate, and approve/reject before catalogue promotion."
Medium,SUP-20260426-00248,254,Ateeq Aloud,Ateeq Al OUD,Magic Of East,555839-K,lz_clone_name,"Verify brand/name, resolve variant or duplicate, and approve/reject before catalogue promotion."
Medium,SUP-20260426-00252,258,Atelier Rebul,Istanbul,Bosphorus Delight,503854,lz_clone_name,"Verify brand/name, resolve variant or duplicate, and approve/reject before catalogue promotion."
Medium,SUP-20260426-00253,259,Atkinsons,OUD Save The King,,240585,top,"Verify brand/name, resolve variant or duplicate, and approve/reject before catalogue promotion."
Medium,SUP-20260426-00255,261,Attar Collection,Al Rayhan,Emeraldi,261024-A,lz_clone_name,"Verify brand/name, resolve variant or duplicate, and approve/reject before catalogue promotion."
Medium,SUP-20260426-00256,262,Attar Collection,Hayati,Rubini,461909,lz_clone_name,"Verify brand/name, resolve variant or duplicate, and approve/reject before catalogue promotion."
Medium,SUP-20260426-00258,264,Attar Colllection,Musk Kashmir,,240178,top,"Verify brand/name, resolve variant or duplicate, and approve/reject before catalogue promotion."
Medium,SUP-20260426-00259,265,Attar Collection,Musk Kashmir,Oriental Luxury,233777,lz_clone_name,"Verify brand/name, resolve variant or duplicate, and approve/reject before catalogue promotion."
Medium,SUP-20260426-00260,266,Attar Collection,Cristal Love For Her,Pure Diamond,343883,lz_clone_name,"Verify brand/name, resolve variant or duplicate, and approve/reject before catalogue promotion."
Medium,SUP-20260426-00261,267,Attar Collection,Areej,Dream Of A Flower,504034,lz_clone_name,"Verify brand/name, resolve variant or duplicate, and approve/reject before catalogue promotion."
Medium,SUP-20260426-00262,268,Attar Collection,Areej,Dream Of A Flower,504034-C,lz_clone_name,"Verify brand/name, resolve variant or duplicate, and approve/reject before catalogue promotion."
Medium,SUP-20260426-00263,269,Avon,Today,Now,232491,lz_clone_name,"Verify brand/name, resolve variant or duplicate, and approve/reject before catalogue promotion."
Medium,SUP-20260426-00269,275,Azzaro,The Most Wanted,,240199,top,"Verify brand/name, resolve variant or duplicate, and approve/reject before catalogue promotion."
Medium,SUP-20260426-00273,279,Azzaro,Wanted,,240320,top,"Verify brand/name, resolve variant or duplicate, and approve/reject before catalogue promotion."
Medium,SUP-20260426-00274,280,Azzaro,Wanted By Night,,240393,top,"Verify brand/name, resolve variant or duplicate, and approve/reject before catalogue promotion."
Medium,SUP-20260426-00277,283,Ahmed Al,OUD & Roses,,250105,top,"Verify brand/name, resolve variant or duplicate, and approve/reject before catalogue promotion."
Medium,SUP-20260426-00283,289,Ahmed Al,Marj,,250034,super,"Verify brand/name, resolve variant or duplicate, and approve/reject before catalogue promotion."
Medium,SUP-20260426-00303,309,Bakhoor,Sweet OUD,Sweet Bakhoor,343972-A,lz_clone_name,"Verify brand/name, resolve variant or duplicate, and approve/reject before catalogue promotion."
Medium,SUP-20260426-00322,329,Bakoor,Classic Bakhoor,Classic Bakhoor,343802-A,lz_clone_name,"Verify brand/name, resolve variant or duplicate, and approve/reject before catalogue promotion."
Medium,SUP-20260426-00324,331,Bath & Body,You Are The One,Special Sweetheart,154525,lz_clone_name,"Verify brand/name, resolve variant or duplicate, and approve/reject before catalogue promotion."
Medium,SUP-20260426-00325,332,Bath & Body,Vanilla Noir,Black Vanilla,650081,lz_clone_name,"Verify brand/name, resolve variant or duplicate, and approve/reject before catalogue promotion."
Medium,SUP-20260426-00326,333,Bath And Body Works,Pink Chiffon,Sugar Flower,339415,lz_clone_name,"Verify brand/name, resolve variant or duplicate, and approve/reject before catalogue promotion."
Medium,SUP-20260426-00330,337,Bdk Parfums,Pas Ce Soir Extrait,,IUTR2R,top,"Verify brand/name, resolve variant or duplicate, and approve/reject before catalogue promotion."
Medium,SUP-20260426-00331,338,Bdk Parfums,Pas Ce Soir Extrait,,240769,super,"Verify brand/name, resolve variant or duplicate, and approve/reject before catalogue promotion."
Medium,SUP-20260426-00332,339,Bdk Parfums,Gris Charnel Extrait,Gris Charnel Extrait,240085,top,"Verify brand/name, resolve variant or duplicate, and approve/reject before catalogue promotion."
Medium,SUP-20260426-00333,340,Bdk Parfums,Velvet Tonka,Delicate Touch,336264,lz_clone_name,"Verify brand/name, resolve variant or duplicate, and approve/reject before catalogue promotion."
Medium,SUP-20260426-00334,341,Bdk Parfums,Tabac Rose,Smoky Flowers,462353-T,lz_clone_name,"Verify brand/name, resolve variant or duplicate, and approve/reject before catalogue promotion."
Medium,SUP-20260426-00335,342,Bdk Parfums,Gris Charnel,,240413,top,"Verify brand/name, resolve variant or duplicate, and approve/reject before catalogue promotion."
Medium,SUP-20260426-00337,344,Bill Blass,Nude,Gentle Flower,343716,lz_clone_name,"Verify brand/name, resolve variant or duplicate, and approve/reject before catalogue promotion."
Medium,SUP-20260426-00340,347,Blends Of Love,Ask / Khaltat,Turkish Love,233770-A,lz_clone_name,"Verify brand/name, resolve variant or duplicate, and approve/reject before catalogue promotion."
High,SUP-20260426-00346,353,Boadicea The,Defender,,240010,duplicate_supplier_code,"Verify brand/name, resolve variant or duplicate, and approve/reject before catalogue promotion."
Medium,SUP-20260426-00352,359,Boadicea The,Blue Sapphire,,240667,top,"Verify brand/name, resolve variant or duplicate, and approve/reject before catalogue promotion."
Medium,SUP-20260426-00353,360,Boadicea The,Blue Sapphire,Jewel,501984,lz_clone_name,"Verify brand/name, resolve variant or duplicate, and approve/reject before catalogue promotion."
Medium,SUP-20260426-00354,361,Boadicea The,Heroine,Addicted,503742,lz_clone_name,"Verify brand/name, resolve variant or duplicate, and approve/reject before catalogue promotion."
Medium,SUP-20260426-00355,362,Boadicea The,Aurica,,240153,top,"Verify brand/name, resolve variant or duplicate, and approve/reject before catalogue promotion."
Medium,SUP-20260426-00356,363,Boadicea The,Angelic,Peyrac,503844,lz_clone_name,"Verify brand/name, resolve variant or duplicate, and approve/reject before catalogue promotion."
Medium,SUP-20260426-00357,364,Boadicea The,Hanuman,Sapiens,343945,lz_clone_name,"Verify brand/name, resolve variant or duplicate, and approve/reject before catalogue promotion."
Medium,SUP-20260426-00358,365,Boadicea The,Green Sapphire,,240668,top,"Verify brand/name, resolve variant or duplicate, and approve/reject before catalogue promotion."
Medium,SUP-20260426-00359,366,Boadicea The,Complex,,240475,top,"Verify brand/name, resolve variant or duplicate, and approve/reject before catalogue promotion."
Medium,SUP-20260426-00374,381,Bond No 9,New York Amber W,Golden Nyc,232073,lz_clone_name,"Verify brand/name, resolve variant or duplicate, and approve/reject before catalogue promotion."
Medium,SUP-20260426-00375,382,Bond No 9,New York Musk,Gotham City,338922,lz_clone_name,"Verify brand/name, resolve variant or duplicate, and approve/reject before catalogue promotion."
Medium,SUP-20260426-00376,383,Bond No 9,New York OUD W,Sublime OUD,509543,lz_clone_name,"Verify brand/name, resolve variant or duplicate, and approve/reject before catalogue promotion."
Medium,SUP-20260426-00377,384,Bond No 9,Perfume Bond No 9 W,Nyc Forever,342235,lz_clone_name,"Verify brand/name, resolve variant or duplicate, and approve/reject before catalogue promotion."
Medium,SUP-20260426-00378,385,Bond No 9,West Side W,Golden State,339031,lz_clone_name,"Verify brand/name, resolve variant or duplicate, and approve/reject before catalogue promotion."
Medium,SUP-20260426-00386,393,Boucheron,Boucheron Quatre,Timeless Ring,233370,lz_clone_name,"Verify brand/name, resolve variant or duplicate, and approve/reject before catalogue promotion."
Medium,SUP-20260426-00387,394,Boucheron,Rose D'isparta,Queen Of Uluborlu,353996,lz_clone_name,"Verify brand/name, resolve variant or duplicate, and approve/reject before catalogue promotion."
Medium,SUP-20260426-00388,396,Britney Spears,Midnight Fantasy LZ,Stage Whisper,338252-L,lz_clone_name,"Verify brand/name, resolve variant or duplicate, and approve/reject before catalogue promotion."
Medium,SUP-20260426-00397,405,Burberry,Goddes,,240608,top,"Verify brand/name, resolve variant or duplicate, and approve/reject before catalogue promotion."
Medium,SUP-20260426-00398,406,Burberry,Burberry Her,,240321,top,"Verify brand/name, resolve variant or duplicate, and approve/reject before catalogue promotion."
Medium,SUP-20260426-00400,408,Burberry,Burberry Her Blossom,British Girl,339711,lz_clone_name,"Verify brand/name, resolve variant or duplicate, and approve/reject before catalogue promotion."
Medium,SUP-20260426-00401,409,Burberry,My Burberry Blush,Pink Sweetheart,233290-A,lz_clone_name,"Verify brand/name, resolve variant or duplicate, and approve/reject before catalogue promotion."
Medium,SUP-20260426-00402,410,Burberry,Burberry Weekend For,Sunday,343297-A,lz_clone_name,"Verify brand/name, resolve variant or duplicate, and approve/reject before catalogue promotion."
Medium,SUP-20260426-00407,415,Burberry,Hero,,240394,top,"Verify brand/name, resolve variant or duplicate, and approve/reject before catalogue promotion."
Medium,SUP-20260426-00426,434,Bvlgari,Bvlgari Man Wood Neroli,Groot 2,260948,lz_clone_name,"Verify brand/name, resolve variant or duplicate, and approve/reject before catalogue promotion."
Medium,SUP-20260426-00430,438,Bvlgari,Rose Goldea,Immortal Pink,503522,lz_clone_name,"Verify brand/name, resolve variant or duplicate, and approve/reject before catalogue promotion."
Medium,SUP-20260426-00431,439,Bvlgari,Aqva Pour Homme Atlantiqve,Nautilus,339368-B,lz_clone_name,"Verify brand/name, resolve variant or duplicate, and approve/reject before catalogue promotion."
Medium,SUP-20260426-00432,440,Bvlgari,Bvlgari Man Terrae Essence,Conqueror,233525,lz_clone_name,"Verify brand/name, resolve variant or duplicate, and approve/reject before catalogue promotion."
Medium,SUP-20260426-00444,452,Bvlgari,Tygar,Trendy Men,343645,lz_clone_name,"Verify brand/name, resolve variant or duplicate, and approve/reject before catalogue promotion."
Medium,SUP-20260426-00445,453,Bvlgari,Tyger,Trendy Men,343645-T,lz_clone_name; top,"Verify brand/name, resolve variant or duplicate, and approve/reject before catalogue promotion."
Medium,SUP-20260426-00446,454,Bvlgari,Tygar,Tygar,240071,top,"Verify brand/name, resolve variant or duplicate, and approve/reject before catalogue promotion."
High,SUP-20260426-00449,457,Byredo,Blance Absolue,,250447,absolute_or_absolu; brand_contains_zero_possible_typo,"Verify brand/name, resolve variant or duplicate, and approve/reject before catalogue promotion."
High,SUP-20260426-00450,458,Byredo,Alto Astrale,,250425,brand_contains_zero_possible_typo,"Verify brand/name, resolve variant or duplicate, and approve/reject before catalogue promotion."
High,SUP-20260426-00451,459,Byredo,Bal D Afrique Absolu,,250196,absolute_or_absolu; brand_contains_zero_possible_typo,"Verify brand/name, resolve variant or duplicate, and approve/reject before catalogue promotion."
High,SUP-20260426-00452,460,Byredo,Desert Dawn,,240554,brand_contains_zero_possible_typo,"Verify brand/name, resolve variant or duplicate, and approve/reject before catalogue promotion."
High,SUP-20260426-00453,461,Byredo,La Tulipe,,240468,brand_contains_zero_possible_typo; top,"Verify brand/name, resolve variant or duplicate, and approve/reject before catalogue promotion."
High,SUP-20260426-00454,462,Byredo,Rose Of No Mans Land,,240235,brand_contains_zero_possible_typo,"Verify brand/name, resolve variant or duplicate, and approve/reject before catalogue promotion."
High,SUP-20260426-00455,463,Byredo,Tobacco Mandarin,Cozy Ambience,339883-B,brand_contains_zero_possible_typo; lz_clone_name,"Verify brand/name, resolve variant or duplicate, and approve/reject before catalogue promotion."
High,SUP-20260426-00456,464,Byredo,Animalique,,FJSGTE45,brand_contains_zero_possible_typo,"Verify brand/name, resolve variant or duplicate, and approve/reject before catalogue promotion."
High,SUP-20260426-00457,465,Byredo,Rouge Chatique,,240121,brand_contains_zero_possible_typo,"Verify brand/name, resolve variant or duplicate, and approve/reject before catalogue promotion."
Medium,SUP-20260426-00458,467,Byredo,Gypsy Water,Wanderlust,338847,lz_clone_name,"Verify brand/name, resolve variant or duplicate, and approve/reject before catalogue promotion."
Medium,SUP-20260426-00459,468,Byredo,Gypsy Water,,240642,top,"Verify brand/name, resolve variant or duplicate, and approve/reject before catalogue promotion."
Medium,SUP-20260426-00461,470,Byredo,Sundazed,Arctic Sun,261060,lz_clone_name,"Verify brand/name, resolve variant or duplicate, and approve/reject before catalogue promotion."
Medium,SUP-20260426-00462,471,Byredo,Tabacco Mandarin,Cozy Ambience,339883,lz_clone_name,"Verify brand/name, resolve variant or duplicate, and approve/reject before catalogue promotion."
Medium,SUP-20260426-00463,472,Byredo,Flowerhead,,240601,top,"Verify brand/name, resolve variant or duplicate, and approve/reject before catalogue promotion."
Medium,SUP-20260426-00464,473,Byredo,Open Sky,Star Globe,261088,lz_clone_name,"Verify brand/name, resolve variant or duplicate, and approve/reject before catalogue promotion."
Medium,SUP-20260426-00465,474,Byredo,Blanche,Jade Elixir,280100,lz_clone_name,"Verify brand/name, resolve variant or duplicate, and approve/reject before catalogue promotion."
Medium,SUP-20260426-00466,475,Byredo,De Los Santos,Notable Charm,503947,lz_clone_name,"Verify brand/name, resolve variant or duplicate, and approve/reject before catalogue promotion."
Medium,SUP-20260426-00474,483,Byredo,Bal D' Afrique,Exotic Continent,233942,lz_clone_name,"Verify brand/name, resolve variant or duplicate, and approve/reject before catalogue promotion."
Medium,SUP-20260426-00475,484,Byredo,Mojave Ghost,,240599,top,"Verify brand/name, resolve variant or duplicate, and approve/reject before catalogue promotion."
Medium,SUP-20260426-00476,485,Byredo,Mojave Ghost,Desert Spirit,260941,lz_clone_name,"Verify brand/name, resolve variant or duplicate, and approve/reject before catalogue promotion."
Medium,SUP-20260426-00477,486,Byredo,Sellier,Gentlemens Club,261137,lz_clone_name,"Verify brand/name, resolve variant or duplicate, and approve/reject before catalogue promotion."
Medium,SUP-20260426-00478,487,Byredo,Mumbai Noise,Bollywood Dreams,702880-T,lz_clone_name,"Verify brand/name, resolve variant or duplicate, and approve/reject before catalogue promotion."
Medium,SUP-20260426-00480,489,Byredo,Bibliotheque,Aprium,580248,lz_clone_name,"Verify brand/name, resolve variant or duplicate, and approve/reject before catalogue promotion."
Medium,SUP-20260426-00481,490,Byredo,Vanilla Antique,,240515,top,"Verify brand/name, resolve variant or duplicate, and approve/reject before catalogue promotion."
Medium,SUP-20260426-00483,492,Perfume Compounds,Ambraxon,,2794,possible_raw_material_or_single_note,"Verify brand/name, resolve variant or duplicate, and approve/reject before catalogue promotion."
Medium,SUP-20260426-00484,493,Perfume Compounds,Habanolide,,2795,possible_raw_material_or_single_note,"Verify brand/name, resolve variant or duplicate, and approve/reject before catalogue promotion."
Medium,SUP-20260426-00485,494,Perfume Compounds,Hedoine,,2796,possible_raw_material_or_single_note,"Verify brand/name, resolve variant or duplicate, and approve/reject before catalogue promotion."
Medium,SUP-20260426-00486,495,Perfume Compounds,Benzoin,,2797,possible_raw_material_or_single_note,"Verify brand/name, resolve variant or duplicate, and approve/reject before catalogue promotion."
Medium,SUP-20260426-00487,496,Perfume Compounds,Cashmeran,,2798,possible_raw_material_or_single_note,"Verify brand/name, resolve variant or duplicate, and approve/reject before catalogue promotion."
High,SUP-20260426-00488,497,Perfume Compounds,Fixative,,2778,duplicate_supplier_code; possible_raw_material_or_single_note; top,"Verify brand/name, resolve variant or duplicate, and approve/reject before catalogue promotion."
High,SUP-20260426-00489,498,Perfume Compounds,Fixative,,2777,duplicate_supplier_code; possible_raw_material_or_single_note,"Verify brand/name, resolve variant or duplicate, and approve/reject before catalogue promotion."
Medium,SUP-20260426-00490,499,Perfume Compounds,Rose Milk,,240311,possible_raw_material_or_single_note,"Verify brand/name, resolve variant or duplicate, and approve/reject before catalogue promotion."
Medium,SUP-20260426-00510,519,Calvin Klein,Escape,Kiss This Girl,931569-G,lz_clone_name,"Verify brand/name, resolve variant or duplicate, and approve/reject before catalogue promotion."
Medium,SUP-20260426-00512,521,Calvin Klein,Ck One,,250154,top,"Verify brand/name, resolve variant or duplicate, and approve/reject before catalogue promotion."
Medium,SUP-20260426-00525,534,Canali,Canali Dal 1934,Ebony & Ivory,239200-T,lz_clone_name,"Verify brand/name, resolve variant or duplicate, and approve/reject before catalogue promotion."
Medium,SUP-20260426-00540,549,Carolina Herrera,212 Men Ice,Iceman,345210-B,lz_clone_name,"Verify brand/name, resolve variant or duplicate, and approve/reject before catalogue promotion."
Medium,SUP-20260426-00541,550,Carolina Herrera,Stallion Leather,Churchill Downs,261248,lz_clone_name,"Verify brand/name, resolve variant or duplicate, and approve/reject before catalogue promotion."
Medium,SUP-20260426-00543,552,Carolina Herrera,Good Girl,,250187,top,"Verify brand/name, resolve variant or duplicate, and approve/reject before catalogue promotion."
Medium,SUP-20260426-00544,553,Carolina Herrera,Very Good Girl,,240596,top,"Verify brand/name, resolve variant or duplicate, and approve/reject before catalogue promotion."
Medium,SUP-20260426-00545,554,Carolina Herrera,Saffron Lazuli,Blue Crocus,353950-B,lz_clone_name,"Verify brand/name, resolve variant or duplicate, and approve/reject before catalogue promotion."
Medium,SUP-20260426-00546,555,Carolina Herrera,212 Heroes,Sculpted,336022,lz_clone_name,"Verify brand/name, resolve variant or duplicate, and approve/reject before catalogue promotion."
Medium,SUP-20260426-00547,556,Carolina Herrera,212 Man,,240808,top,"Verify brand/name, resolve variant or duplicate, and approve/reject before catalogue promotion."
Medium,SUP-20260426-00548,557,Carolina Herrera,212 VIP Rose Love Ny,Famouse Rose,154589,lz_clone_name,"Verify brand/name, resolve variant or duplicate, and approve/reject before catalogue promotion."
Medium,SUP-20260426-00557,567,Carolina Herrera,Bad Boy,,240388,top,"Verify brand/name, resolve variant or duplicate, and approve/reject before catalogue promotion."
Medium,SUP-20260426-00570,580,Cartier,La Panthere,Feline Heart,501901,lz_clone_name,"Verify brand/name, resolve variant or duplicate, and approve/reject before catalogue promotion."
Medium,SUP-20260426-00571,581,Cartier,Must De Cartier Gold,Olympia Aurum,503556,lz_clone_name,"Verify brand/name, resolve variant or duplicate, and approve/reject before catalogue promotion."
Medium,SUP-20260426-00572,582,Cartier,Declaration,Disclosure,234710,lz_clone_name,"Verify brand/name, resolve variant or duplicate, and approve/reject before catalogue promotion."
Medium,SUP-20260426-00576,586,Cassamorati,1888,Atava,701293,lz_clone_name,"Verify brand/name, resolve variant or duplicate, and approve/reject before catalogue promotion."
Medium,SUP-20260426-00577,587,Cassamorati,Dama Bianca,Belka,503860,lz_clone_name,"Verify brand/name, resolve variant or duplicate, and approve/reject before catalogue promotion."
Medium,SUP-20260426-00578,588,Cassamorati,Fiore D Ulivo,Zelkis,462059 T,lz_clone_name,"Verify brand/name, resolve variant or duplicate, and approve/reject before catalogue promotion."
Medium,SUP-20260426-00579,589,Cassamorati,Gran Ballo,Dance Event,693275,lz_clone_name,"Verify brand/name, resolve variant or duplicate, and approve/reject before catalogue promotion."
Medium,SUP-20260426-00580,590,Cassamorati,Regio,Julius,343891,lz_clone_name,"Verify brand/name, resolve variant or duplicate, and approve/reject before catalogue promotion."
Medium,SUP-20260426-00581,591,Cedarwood Super,Cedarwood,,3000162,super,"Verify brand/name, resolve variant or duplicate, and approve/reject before catalogue promotion."
Medium,SUP-20260426-00584,594,Chanel,Blue De Chanel Lexclusif,Blue De Chanel Lexclusif,250200,top,"Verify brand/name, resolve variant or duplicate, and approve/reject before catalogue promotion."
Medium,SUP-20260426-00585,595,Chanel,Blue De Chanel Lexclusif,Blue De Chanel Lexclusif,250227,super,"Verify brand/name, resolve variant or duplicate, and approve/reject before catalogue promotion."
Medium,SUP-20260426-00592,602,Chanel,Coco Noir,,240389,top,"Verify brand/name, resolve variant or duplicate, and approve/reject before catalogue promotion."
Medium,SUP-20260426-00594,604,Chanel,Blue De Chanel,,240536,top,"Verify brand/name, resolve variant or duplicate, and approve/reject before catalogue promotion."
Medium,SUP-20260426-00595,605,Chanel,Blue De Chanel,Renegade,239280-T,lz_clone_name; top,"Verify brand/name, resolve variant or duplicate, and approve/reject before catalogue promotion."
Medium,SUP-20260426-00596,606,Chanel,Blue De Chanel,Renegade,239280,lz_clone_name,"Verify brand/name, resolve variant or duplicate, and approve/reject before catalogue promotion."
Medium,SUP-20260426-00598,608,Chanel,Blue De Chanel,Renegade,239280-Z,lz_clone_name,"Verify brand/name, resolve variant or duplicate, and approve/reject before catalogue promotion."
Medium,SUP-20260426-00599,609,Chanel,Chanel No 5,Quantam Leap,343251-C,lz_clone_name,"Verify brand/name, resolve variant or duplicate, and approve/reject before catalogue promotion."
Medium,SUP-20260426-00600,610,Chanel,Chanel 1957,Iconic Style,233708,lz_clone_name,"Verify brand/name, resolve variant or duplicate, and approve/reject before catalogue promotion."
Medium,SUP-20260426-00601,611,Chanel,Chanel Allure Home Sport LZ,Energetic Couture,606203,lz_clone_name,"Verify brand/name, resolve variant or duplicate, and approve/reject before catalogue promotion."
Medium,SUP-20260426-00602,612,Chanel,Chanel Chance,,240545,top,"Verify brand/name, resolve variant or duplicate, and approve/reject before catalogue promotion."
Medium,SUP-20260426-00603,613,Chanel,Chanel Chance,Jacqueline,355450-A,lz_clone_name,"Verify brand/name, resolve variant or duplicate, and approve/reject before catalogue promotion."
Medium,SUP-20260426-00604,614,Chanel,Chanel No : 19,A Star Is Born,507839,lz_clone_name,"Verify brand/name, resolve variant or duplicate, and approve/reject before catalogue promotion."
Medium,SUP-20260426-00605,615,Chanel,Coco Mademoiselle,,240374,top,"Verify brand/name, resolve variant or duplicate, and approve/reject before catalogue promotion."
Medium,SUP-20260426-00606,616,Chanel,Coco Mademoiselle,Cute Missy,234740,lz_clone_name,"Verify brand/name, resolve variant or duplicate, and approve/reject before catalogue promotion."
Medium,SUP-20260426-00607,617,Chanel,1957 Chanel,Iconic Style,233708-B,lz_clone_name,"Verify brand/name, resolve variant or duplicate, and approve/reject before catalogue promotion."
Medium,SUP-20260426-00608,618,Chanel,Les Exclusive Coromandel,Belmandor,342250,lz_clone_name,"Verify brand/name, resolve variant or duplicate, and approve/reject before catalogue promotion."
Medium,SUP-20260426-00609,619,Chanel,Paris-deauville,North City,260960,lz_clone_name,"Verify brand/name, resolve variant or duplicate, and approve/reject before catalogue promotion."
Medium,SUP-20260426-00610,620,Chanel,Egoiste Platinum LZ,Signature,605643-A,lz_clone_name,"Verify brand/name, resolve variant or duplicate, and approve/reject before catalogue promotion."
Medium,SUP-20260426-00611,621,Chanel,Egoiste Platinum LZ,Signature,605643-B,lz_clone_name,"Verify brand/name, resolve variant or duplicate, and approve/reject before catalogue promotion."
Medium,SUP-20260426-00612,622,Chanel,Chance Eau Fraiche,Fresh Oppoutunity,237281,lz_clone_name,"Verify brand/name, resolve variant or duplicate, and approve/reject before catalogue promotion."
Medium,SUP-20260426-00613,624,Chanel,Chance Eau Tender,,240376,top,"Verify brand/name, resolve variant or duplicate, and approve/reject before catalogue promotion."
Medium,SUP-20260426-00614,625,Chanel,Chance Eau Tender LZ,Pink Jacqeline,230762-A,lz_clone_name,"Verify brand/name, resolve variant or duplicate, and approve/reject before catalogue promotion."
Medium,SUP-20260426-00615,626,Chanel,Gabrielle Parfum,Bronze Fireworks,233154,lz_clone_name,"Verify brand/name, resolve variant or duplicate, and approve/reject before catalogue promotion."
Medium,SUP-20260426-00616,627,Chanel,Paris-paris,,240518,top,"Verify brand/name, resolve variant or duplicate, and approve/reject before catalogue promotion."
Medium,SUP-20260426-00618,629,Chanel,Chanel No 5,Quantum Leap,693250,lz_clone_name,"Verify brand/name, resolve variant or duplicate, and approve/reject before catalogue promotion."
Medium,SUP-20260426-00619,630,Chanel,Allure Home Sport,Allure Home Sport,240094,top,"Verify brand/name, resolve variant or duplicate, and approve/reject before catalogue promotion."
High,SUP-20260426-00621,632,Chanel,Blue De Chanel,,240010,duplicate_supplier_code,"Verify brand/name, resolve variant or duplicate, and approve/reject before catalogue promotion."
Medium,SUP-20260426-00623,634,Chanel,Chanel No 5,Chanel No 5,240095,top,"Verify brand/name, resolve variant or duplicate, and approve/reject before catalogue promotion."
Medium,SUP-20260426-00626,637,Chanel,Gabrielle Essence,,240355,top,"Verify brand/name, resolve variant or duplicate, and approve/reject before catalogue promotion."
Medium,SUP-20260426-00632,643,Chloe,Nomade,,240705,top,"Verify brand/name, resolve variant or duplicate, and approve/reject before catalogue promotion."
Medium,SUP-20260426-00637,648,Chopard,OUD Maliki,,240716,top,"Verify brand/name, resolve variant or duplicate, and approve/reject before catalogue promotion."
Medium,SUP-20260426-00640,651,Christian Louboutin,Loubifunk,Princess In Red,344143,lz_clone_name,"Verify brand/name, resolve variant or duplicate, and approve/reject before catalogue promotion."
Medium,SUP-20260426-00641,652,Cilinque,Happy Cilinque,Harmonic For Men,693265,lz_clone_name,"Verify brand/name, resolve variant or duplicate, and approve/reject before catalogue promotion."
Medium,SUP-20260426-00643,654,Clinique Happy,Happy For Men,Hermonic For Men,605636-E,lz_clone_name,"Verify brand/name, resolve variant or duplicate, and approve/reject before catalogue promotion."
Medium,SUP-20260426-00654,665,Clive Christian,1872 For Men,,240326,top,"Verify brand/name, resolve variant or duplicate, and approve/reject before catalogue promotion."
Medium,SUP-20260426-00656,667,Clive Christian,X For Men,,240327,top,"Verify brand/name, resolve variant or duplicate, and approve/reject before catalogue promotion."
Medium,SUP-20260426-00657,668,Clive Christian,Matsukita,,240254,top,"Verify brand/name, resolve variant or duplicate, and approve/reject before catalogue promotion."
Medium,SUP-20260426-00658,669,Clive Christian,No.1 Men,,240328,top,"Verify brand/name, resolve variant or duplicate, and approve/reject before catalogue promotion."
Medium,SUP-20260426-00665,676,Comme Des Garcons,Wonderwood,,240491,top,"Verify brand/name, resolve variant or duplicate, and approve/reject before catalogue promotion."
Medium,SUP-20260426-00667,678,Costume,Scent Intense,Simply Dressed,353854,intense; lz_clone_name,"Verify brand/name, resolve variant or duplicate, and approve/reject before catalogue promotion."
Medium,SUP-20260426-00674,685,Creation,Abeer,Amber,443674,lz_clone_name,"Verify brand/name, resolve variant or duplicate, and approve/reject before catalogue promotion."
Medium,SUP-20260426-00675,686,Creation,Bakhoor / Luzi,Bakhoor,343200,lz_clone_name,"Verify brand/name, resolve variant or duplicate, and approve/reject before catalogue promotion."
Medium,SUP-20260426-00676,687,Creation,Cosmea,Cosmea,801054/E,lz_clone_name,"Verify brand/name, resolve variant or duplicate, and approve/reject before catalogue promotion."
Medium,SUP-20260426-00677,688,Creation,Rose And Musk,Rose And Musk,702556,lz_clone_name,"Verify brand/name, resolve variant or duplicate, and approve/reject before catalogue promotion."
Medium,SUP-20260426-00678,689,Creation,Soft Rose & OUD,Soft Rose & OUD,261033,lz_clone_name,"Verify brand/name, resolve variant or duplicate, and approve/reject before catalogue promotion."
Medium,SUP-20260426-00679,690,Creation,My First Rose,My First Rose,490000,lz_clone_name,"Verify brand/name, resolve variant or duplicate, and approve/reject before catalogue promotion."
Medium,SUP-20260426-00680,691,Creation,Smoke Rose,Smoke Rose,490004,lz_clone_name,"Verify brand/name, resolve variant or duplicate, and approve/reject before catalogue promotion."
Medium,SUP-20260426-00681,692,Creation,Golden Peak,Golden Peak,339453,lz_clone_name,"Verify brand/name, resolve variant or duplicate, and approve/reject before catalogue promotion."
Medium,SUP-20260426-00682,693,Creation,Shaikh Hamdan,Shaikh Hamdan,339788,lz_clone_name,"Verify brand/name, resolve variant or duplicate, and approve/reject before catalogue promotion."
Medium,SUP-20260426-00683,695,Creation,Shaikh Hamdan,Shaikh Hamdan,339788-A,lz_clone_name,"Verify brand/name, resolve variant or duplicate, and approve/reject before catalogue promotion."
Medium,SUP-20260426-00684,696,Creation,Dominator,Dominator,237209,lz_clone_name,"Verify brand/name, resolve variant or duplicate, and approve/reject before catalogue promotion."
Medium,SUP-20260426-00685,697,Creation,Escafawa Luzi,Escafawa,507158,lz_clone_name,"Verify brand/name, resolve variant or duplicate, and approve/reject before catalogue promotion."
Medium,SUP-20260426-00686,698,Creation,Magic Fruit,Magic Fruit,353414,lz_clone_name,"Verify brand/name, resolve variant or duplicate, and approve/reject before catalogue promotion."
Medium,SUP-20260426-00687,699,Creation,Abeer Bakhoor,Abeer Bakhoor,340820,lz_clone_name,"Verify brand/name, resolve variant or duplicate, and approve/reject before catalogue promotion."
Medium,SUP-20260426-00688,700,Creation,Raspberry In Blue,Raspberry In Blue,650074-A,lz_clone_name,"Verify brand/name, resolve variant or duplicate, and approve/reject before catalogue promotion."
Medium,SUP-20260426-00689,701,Creation,Three G,Three G,339072,lz_clone_name,"Verify brand/name, resolve variant or duplicate, and approve/reject before catalogue promotion."
Medium,SUP-20260426-00690,702,Creation,Sabaik Luzi,Sabaik,500919,lz_clone_name,"Verify brand/name, resolve variant or duplicate, and approve/reject before catalogue promotion."
Medium,SUP-20260426-00691,703,Creation,Silk Wood,Silkwood,349441,lz_clone_name,"Verify brand/name, resolve variant or duplicate, and approve/reject before catalogue promotion."
Medium,SUP-20260426-00692,704,Creation,Sultan,,240835,top,"Verify brand/name, resolve variant or duplicate, and approve/reject before catalogue promotion."
Medium,SUP-20260426-00693,705,Creation,Tootsy,Tootsy,338300,lz_clone_name,"Verify brand/name, resolve variant or duplicate, and approve/reject before catalogue promotion."
Medium,SUP-20260426-00694,706,Creation,Ward Al Taif,Ward Al Taif,941592-A,lz_clone_name,"Verify brand/name, resolve variant or duplicate, and approve/reject before catalogue promotion."
Medium,SUP-20260426-00695,707,Creation,Oriental Bakhoor,Oriental Bakhoor,336000,lz_clone_name,"Verify brand/name, resolve variant or duplicate, and approve/reject before catalogue promotion."
Medium,SUP-20260426-00696,708,Creation,New Oriental Fitness,New Oriental Fitness,343889,lz_clone_name,"Verify brand/name, resolve variant or duplicate, and approve/reject before catalogue promotion."
Medium,SUP-20260426-00697,709,Creation,Suisse Essence,Suisse Essence,351827,lz_clone_name,"Verify brand/name, resolve variant or duplicate, and approve/reject before catalogue promotion."
Medium,SUP-20260426-00698,710,Creation,Mussabat,Mussabit,351550,lz_clone_name,"Verify brand/name, resolve variant or duplicate, and approve/reject before catalogue promotion."
Medium,SUP-20260426-00706,718,Creed,OUD Zarian,,250198,top,"Verify brand/name, resolve variant or duplicate, and approve/reject before catalogue promotion."
Medium,SUP-20260426-00707,719,Creed,OUD Zarian,,250304,super,"Verify brand/name, resolve variant or duplicate, and approve/reject before catalogue promotion."
Medium,SUP-20260426-00714,726,Creed,Centaurus,,240567,super,"Verify brand/name, resolve variant or duplicate, and approve/reject before catalogue promotion."
Medium,SUP-20260426-00715,727,Creed,Centaurus,Centaurus,240556,top,"Verify brand/name, resolve variant or duplicate, and approve/reject before catalogue promotion."
Medium,SUP-20260426-00716,728,Creed,Delphinus,,240566,top,"Verify brand/name, resolve variant or duplicate, and approve/reject before catalogue promotion."
Medium,SUP-20260426-00719,731,Creed,Aventus Colonge,,240418,top,"Verify brand/name, resolve variant or duplicate, and approve/reject before catalogue promotion."
Medium,SUP-20260426-00721,733,Creed,Queen Of Silk,,240187,top,"Verify brand/name, resolve variant or duplicate, and approve/reject before catalogue promotion."
Medium,SUP-20260426-00726,738,Creed,Creed Aventus,,240825,top,"Verify brand/name, resolve variant or duplicate, and approve/reject before catalogue promotion."
Medium,SUP-20260426-00727,739,Creed,Creed Aventus,Spirit Of Adventure,239790-T,lz_clone_name; top,"Verify brand/name, resolve variant or duplicate, and approve/reject before catalogue promotion."
Medium,SUP-20260426-00728,740,Creed,Creed Aventus,,240033,top,"Verify brand/name, resolve variant or duplicate, and approve/reject before catalogue promotion."
Medium,SUP-20260426-00729,741,Creed,Creed Aventus,Spirit Of Adventure,239790,lz_clone_name,"Verify brand/name, resolve variant or duplicate, and approve/reject before catalogue promotion."
Medium,SUP-20260426-00730,742,Creed,Creed Aventus,Spirit Of Adventure,239790-C,lz_clone_name,"Verify brand/name, resolve variant or duplicate, and approve/reject before catalogue promotion."
Medium,SUP-20260426-00733,745,Creed,Absolu Aventus,,240022,absolute_or_absolu; top,"Verify brand/name, resolve variant or duplicate, and approve/reject before catalogue promotion."
Medium,SUP-20260426-00734,746,Creed,Absolu Aventus,,240024,absolute_or_absolu,"Verify brand/name, resolve variant or duplicate, and approve/reject before catalogue promotion."
Medium,SUP-20260426-00735,747,Creed,Aventus For Her,Golden Arc,232942,lz_clone_name,"Verify brand/name, resolve variant or duplicate, and approve/reject before catalogue promotion."
Medium,SUP-20260426-00736,748,Creed,Aventus For Her,Golden Arc,232942-A,lz_clone_name,"Verify brand/name, resolve variant or duplicate, and approve/reject before catalogue promotion."
Medium,SUP-20260426-00737,749,Creed,Silver Mountain Water,,240330,top,"Verify brand/name, resolve variant or duplicate, and approve/reject before catalogue promotion."
Medium,SUP-20260426-00738,750,Creed,Silver Mountain Water,Sparkling Spring,234738-A,lz_clone_name,"Verify brand/name, resolve variant or duplicate, and approve/reject before catalogue promotion."
Medium,SUP-20260426-00740,752,Creed,Viking,,240641,top,"Verify brand/name, resolve variant or duplicate, and approve/reject before catalogue promotion."
Medium,SUP-20260426-00741,753,Creed,Viking Cologne Men,,240631,top,"Verify brand/name, resolve variant or duplicate, and approve/reject before catalogue promotion."
Medium,SUP-20260426-00742,754,Creed,Wind Flowers,,240329,top,"Verify brand/name, resolve variant or duplicate, and approve/reject before catalogue promotion."
Medium,SUP-20260426-00743,755,Creed,Creed Aventus Colonge,Fresh Spirit,503661,lz_clone_name,"Verify brand/name, resolve variant or duplicate, and approve/reject before catalogue promotion."
Medium,SUP-20260426-00744,756,Creed,Sublim Vanille,Vanilla Touch,501997,lz_clone_name,"Verify brand/name, resolve variant or duplicate, and approve/reject before catalogue promotion."
Medium,SUP-20260426-00745,757,Creed,Himalaya,Mount Everest,233928-A,lz_clone_name,"Verify brand/name, resolve variant or duplicate, and approve/reject before catalogue promotion."
Medium,SUP-20260426-00746,758,Creed,Carmina,,240373,top,"Verify brand/name, resolve variant or duplicate, and approve/reject before catalogue promotion."
High,SUP-20260426-00747,759,Creed,Carmina,,240036,duplicate_supplier_code,"Verify brand/name, resolve variant or duplicate, and approve/reject before catalogue promotion."
Medium,SUP-20260426-00753,766,Creed,Creed Aventus 10th Anniversary,,240398,limited; top,"Verify brand/name, resolve variant or duplicate, and approve/reject before catalogue promotion."
Medium,SUP-20260426-00755,768,Creed,Millesime Imperial,Millesime Imperial,240123,top,"Verify brand/name, resolve variant or duplicate, and approve/reject before catalogue promotion."
Medium,SUP-20260426-00783,796,Dkny,Be Delicious,,250414,top,"Verify brand/name, resolve variant or duplicate, and approve/reject before catalogue promotion."
Medium,SUP-20260426-00799,812,Dolce & Gabbana,The One Luminous Night,,240332,top,"Verify brand/name, resolve variant or duplicate, and approve/reject before catalogue promotion."
Medium,SUP-20260426-00803,816,Dolce & Gabbana,3 L' Imperatrice,Reine,338534,lz_clone_name,"Verify brand/name, resolve variant or duplicate, and approve/reject before catalogue promotion."
Medium,SUP-20260426-00804,817,Dolce & Gabbana,Dolce Garden,Italian Landscape,503506,lz_clone_name,"Verify brand/name, resolve variant or duplicate, and approve/reject before catalogue promotion."
Medium,SUP-20260426-00806,819,Dolce & Gabbana,Q By Dolce & Gabbana,Contemporary Queen,336301-A,lz_clone_name,"Verify brand/name, resolve variant or duplicate, and approve/reject before catalogue promotion."
Medium,SUP-20260426-00809,822,Dolce & Gabbana,The Only One,Forever Yours,461488,lz_clone_name,"Verify brand/name, resolve variant or duplicate, and approve/reject before catalogue promotion."
Medium,SUP-20260426-00810,823,Dolce & Gabbana,Velvet Desert OUD,Silk Ebony & OUD,230798-B,lz_clone_name,"Verify brand/name, resolve variant or duplicate, and approve/reject before catalogue promotion."
Medium,SUP-20260426-00811,824,Dolce & Gabbana,Velvet Desert OUD,Silk Ebony & OUD,230798,lz_clone_name,"Verify brand/name, resolve variant or duplicate, and approve/reject before catalogue promotion."
Medium,SUP-20260426-00812,825,Dolce & Gabbana,Velvet Incenso,Church Town,343664,lz_clone_name,"Verify brand/name, resolve variant or duplicate, and approve/reject before catalogue promotion."
Medium,SUP-20260426-00813,826,Dolce & Gabbana,Velvet Incenso,Church Town,343664-B,lz_clone_name,"Verify brand/name, resolve variant or duplicate, and approve/reject before catalogue promotion."
Medium,SUP-20260426-00814,827,Dolce & Gabbana,Velvet Oriental Musk,Land Of Sicily,462109-A,lz_clone_name,"Verify brand/name, resolve variant or duplicate, and approve/reject before catalogue promotion."
Medium,SUP-20260426-00815,828,Dolce & Gabbana,Rose The One,First Rose,359610,lz_clone_name,"Verify brand/name, resolve variant or duplicate, and approve/reject before catalogue promotion."
Medium,SUP-20260426-00816,829,Dolce & Gabbana,Light Blue Forever,Celestial Corset,343928,lz_clone_name,"Verify brand/name, resolve variant or duplicate, and approve/reject before catalogue promotion."
Medium,SUP-20260426-00817,830,Dolce & Gabbana,Velvet Black Patchouli,Woody Darkness,343953,lz_clone_name,"Verify brand/name, resolve variant or duplicate, and approve/reject before catalogue promotion."
Medium,SUP-20260426-00821,834,Dolce & Gabbana,D & G The One Man,,240451,top,"Verify brand/name, resolve variant or duplicate, and approve/reject before catalogue promotion."
Medium,SUP-20260426-00835,848,Dolce & Gabbana,L' Imperatrice 2020 Limited,Jeanne Pink,233468,limited; lz_clone_name,"Verify brand/name, resolve variant or duplicate, and approve/reject before catalogue promotion."
Medium,SUP-20260426-00836,849,Dolce & Gabbana,Dolce,Delicate Essance,231643-A,lz_clone_name,"Verify brand/name, resolve variant or duplicate, and approve/reject before catalogue promotion."
Medium,SUP-20260426-00842,855,Danat Al Duniya,Duniya,,3000208,top,"Verify brand/name, resolve variant or duplicate, and approve/reject before catalogue promotion."
Medium,SUP-20260426-00843,856,David Beckham,David Beckham Follow Your,Spiceman,233706-A,lz_clone_name,"Verify brand/name, resolve variant or duplicate, and approve/reject before catalogue promotion."
Medium,SUP-20260426-00844,857,Davidoff,Cool Water Men,,240399,top,"Verify brand/name, resolve variant or duplicate, and approve/reject before catalogue promotion."
Medium,SUP-20260426-00847,860,Davidoff,Cool Water Woman,Aquatic Lady Ys,694435,lz_clone_name,"Verify brand/name, resolve variant or duplicate, and approve/reject before catalogue promotion."
Medium,SUP-20260426-00848,861,Davidoff,Cool Water Woman,Aquatic Lady,341992-A,lz_clone_name,"Verify brand/name, resolve variant or duplicate, and approve/reject before catalogue promotion."
Medium,SUP-20260426-00849,862,Davidoff,Cool Water Woman,Aquatic Lady,341992-D,lz_clone_name,"Verify brand/name, resolve variant or duplicate, and approve/reject before catalogue promotion."
Medium,SUP-20260426-00850,864,Davidoff,Cool Water Woman Blue,Aquatic Lady Blue,345219-A,lz_clone_name,"Verify brand/name, resolve variant or duplicate, and approve/reject before catalogue promotion."
Medium,SUP-20260426-00851,865,Davidoff,Cool Water Women,Aquatic Dreams,693252,lz_clone_name,"Verify brand/name, resolve variant or duplicate, and approve/reject before catalogue promotion."
Medium,SUP-20260426-00875,889,Dior,Homme Parfum,,240449,top,"Verify brand/name, resolve variant or duplicate, and approve/reject before catalogue promotion."
Medium,SUP-20260426-00876,890,Dior,Forever And Ever,,240358,top,"Verify brand/name, resolve variant or duplicate, and approve/reject before catalogue promotion."
Medium,SUP-20260426-00880,894,Dior,Gris Montaigne,Earthy Woods,4000064-A,lz_clone_name,"Verify brand/name, resolve variant or duplicate, and approve/reject before catalogue promotion."
Medium,SUP-20260426-00881,895,Dior,Holy Peony,Fragile,233686,lz_clone_name,"Verify brand/name, resolve variant or duplicate, and approve/reject before catalogue promotion."
Medium,SUP-20260426-00882,896,Dior,Miss Dior Cherie,Miss Darling,236522-B,lz_clone_name,"Verify brand/name, resolve variant or duplicate, and approve/reject before catalogue promotion."
Medium,SUP-20260426-00883,897,Dior,Purple OUD,OUD Full Moon,343675-T,lz_clone_name; top,"Verify brand/name, resolve variant or duplicate, and approve/reject before catalogue promotion."
Medium,SUP-20260426-00884,898,Dior,Purple OUD,OUD Full Moon,343675,lz_clone_name,"Verify brand/name, resolve variant or duplicate, and approve/reject before catalogue promotion."
Medium,SUP-20260426-00885,899,Dior,Sauvage,Hey Johnny,342272-T,lz_clone_name,"Verify brand/name, resolve variant or duplicate, and approve/reject before catalogue promotion."
Medium,SUP-20260426-00886,900,Dior,Homme Colonge 2022,,240249,top,"Verify brand/name, resolve variant or duplicate, and approve/reject before catalogue promotion."
Medium,SUP-20260426-00887,901,Dior,Homme 2020,,240193,top,"Verify brand/name, resolve variant or duplicate, and approve/reject before catalogue promotion."
Medium,SUP-20260426-00888,902,Dior,OUD Rosewood,,240832,top,"Verify brand/name, resolve variant or duplicate, and approve/reject before catalogue promotion."
Medium,SUP-20260426-00889,903,Dior,Sauvage,Hey Johnny,342272,lz_clone_name,"Verify brand/name, resolve variant or duplicate, and approve/reject before catalogue promotion."
Medium,SUP-20260426-00890,904,Dior,Sauvage LZ,Hey Johnny,342272-A,lz_clone_name,"Verify brand/name, resolve variant or duplicate, and approve/reject before catalogue promotion."
Medium,SUP-20260426-00891,905,Dior,Tobacolor,,240400,top,"Verify brand/name, resolve variant or duplicate, and approve/reject before catalogue promotion."
Medium,SUP-20260426-00892,906,Dior,Vanilla Diorama,Dreamy Scent,336037,lz_clone_name,"Verify brand/name, resolve variant or duplicate, and approve/reject before catalogue promotion."
Medium,SUP-20260426-00893,907,Dior,Sauvage Elixir,Hey Johnny Boy,343920,lz_clone_name,"Verify brand/name, resolve variant or duplicate, and approve/reject before catalogue promotion."
Medium,SUP-20260426-00894,908,Dior,Sauvage Elixir,Hey Johnny Boy,343920-A,lz_clone_name,"Verify brand/name, resolve variant or duplicate, and approve/reject before catalogue promotion."
Medium,SUP-20260426-00895,909,Dior,Jadore LZ,Drop In Gold,353495,lz_clone_name,"Verify brand/name, resolve variant or duplicate, and approve/reject before catalogue promotion."
Medium,SUP-20260426-00897,911,Dior,Sauvage Elixir,Hey Johnny Boy,343920-T,lz_clone_name; top,"Verify brand/name, resolve variant or duplicate, and approve/reject before catalogue promotion."
Medium,SUP-20260426-00898,912,Dior,Patchouli Elixir Precieux,True Treasure,504019,lz_clone_name,"Verify brand/name, resolve variant or duplicate, and approve/reject before catalogue promotion."
Medium,SUP-20260426-00899,913,Dior,Miss Dior Rose Essence,Stay Closer To Me,233115-T,lz_clone_name,"Verify brand/name, resolve variant or duplicate, and approve/reject before catalogue promotion."
Medium,SUP-20260426-00900,914,Dior,Addict,,240324,top,"Verify brand/name, resolve variant or duplicate, and approve/reject before catalogue promotion."
Medium,SUP-20260426-00902,916,Dior,Miss Dior,Lovey,693266,lz_clone_name,"Verify brand/name, resolve variant or duplicate, and approve/reject before catalogue promotion."
Medium,SUP-20260426-00903,917,Dior,Poison,Passiflora,693255,lz_clone_name,"Verify brand/name, resolve variant or duplicate, and approve/reject before catalogue promotion."
Medium,SUP-20260426-00904,918,Dior,OUD Ispahan,,240057,top,"Verify brand/name, resolve variant or duplicate, and approve/reject before catalogue promotion."
Medium,SUP-20260426-00905,919,Dior,Amber Nuit,,240919,top,"Verify brand/name, resolve variant or duplicate, and approve/reject before catalogue promotion."
High,SUP-20260426-00906,920,Dior,Dior Homme Intense,,240031,duplicate_supplier_code; intense,"Verify brand/name, resolve variant or duplicate, and approve/reject before catalogue promotion."
Medium,SUP-20260426-00907,921,Dior,Fahrenheit,,240316,top,"Verify brand/name, resolve variant or duplicate, and approve/reject before catalogue promotion."
Medium,SUP-20260426-00908,922,Dior,Gris,Gris,240086,top,"Verify brand/name, resolve variant or duplicate, and approve/reject before catalogue promotion."
Medium,SUP-20260426-00910,924,Dior,Hypnotic Poison,,240384,top,"Verify brand/name, resolve variant or duplicate, and approve/reject before catalogue promotion."
High,SUP-20260426-00918,933,Dior,Homme Intense,,240031,duplicate_supplier_code; intense,"Verify brand/name, resolve variant or duplicate, and approve/reject before catalogue promotion."
Medium,SUP-20260426-00922,937,Dior,Rouge Trafalgar,,240543,top,"Verify brand/name, resolve variant or duplicate, and approve/reject before catalogue promotion."
Medium,SUP-20260426-00931,946,Dior,Dior Homme Sport 2021,,240250,top,"Verify brand/name, resolve variant or duplicate, and approve/reject before catalogue promotion."
Medium,SUP-20260426-00937,952,Diptique,Tam Dao,Memorise Of Asia,160854,lz_clone_name,"Verify brand/name, resolve variant or duplicate, and approve/reject before catalogue promotion."
Medium,SUP-20260426-00939,954,Diptique,Volutes Eau De Parfum,Roman Heritage,233425,lz_clone_name,"Verify brand/name, resolve variant or duplicate, and approve/reject before catalogue promotion."
Medium,SUP-20260426-00940,955,Diptyque,Fluer De Peau EDP,,240401,top,"Verify brand/name, resolve variant or duplicate, and approve/reject before catalogue promotion."
Medium,SUP-20260426-00943,958,Dsquared,Wood For Her,Pink Maple Leaf,503568,lz_clone_name,"Verify brand/name, resolve variant or duplicate, and approve/reject before catalogue promotion."
Medium,SUP-20260426-00944,959,Dsquared,Wood For Him,Brown Maple Leaf,233631,lz_clone_name,"Verify brand/name, resolve variant or duplicate, and approve/reject before catalogue promotion."
Medium,SUP-20260426-00947,962,Dunhill,Icon Absolute,,240838,absolute_or_absolu,"Verify brand/name, resolve variant or duplicate, and approve/reject before catalogue promotion."
Medium,SUP-20260426-00948,963,Dunhill,Desire For Men,Greed,354414-B,lz_clone_name,"Verify brand/name, resolve variant or duplicate, and approve/reject before catalogue promotion."
Medium,SUP-20260426-00949,964,Dunhill,Dunhill Desire Blue,,240806,top,"Verify brand/name, resolve variant or duplicate, and approve/reject before catalogue promotion."
Medium,SUP-20260426-00951,966,Dunhill,Dunhill Fresh,,240807,top,"Verify brand/name, resolve variant or duplicate, and approve/reject before catalogue promotion."
Medium,SUP-20260426-00954,969,Dynasty Of,Mister,Grimaldi,503439,lz_clone_name,"Verify brand/name, resolve variant or duplicate, and approve/reject before catalogue promotion."
Medium,SUP-20260426-00966,981,Elie Saab,Nuit Noor,Beirut Muse,232958,lz_clone_name,"Verify brand/name, resolve variant or duplicate, and approve/reject before catalogue promotion."
Medium,SUP-20260426-00971,986,Escada,Taj Sunset,Gloaming Crown,340188,lz_clone_name,"Verify brand/name, resolve variant or duplicate, and approve/reject before catalogue promotion."
Medium,SUP-20260426-00972,987,Escada,Moon Sparkle,Twinkling Moon,337081,lz_clone_name,"Verify brand/name, resolve variant or duplicate, and approve/reject before catalogue promotion."
Medium,SUP-20260426-00973,988,Escada,Moon Woman,Twinkling Moon,693256,lz_clone_name,"Verify brand/name, resolve variant or duplicate, and approve/reject before catalogue promotion."
Medium,SUP-20260426-00988,1004,Escentric,Molecule 01 + Mandarin,Mono Uno Agrumato,680231,lz_clone_name,"Verify brand/name, resolve variant or duplicate, and approve/reject before catalogue promotion."
Medium,SUP-20260426-00989,1005,Escentric,Molecule 01 + Iris LZ,Mono Uno Aromatico,580215,lz_clone_name,"Verify brand/name, resolve variant or duplicate, and approve/reject before catalogue promotion."
Medium,SUP-20260426-00990,1006,Escentric,Molecule 01 + Patchoul LZ,Mono Uno Legnoso,580214,lz_clone_name,"Verify brand/name, resolve variant or duplicate, and approve/reject before catalogue promotion."
Medium,SUP-20260426-00994,1010,Escentric Molecules,Molecule 05 LZ,Edgu Fresh,233357-T,lz_clone_name; top,"Verify brand/name, resolve variant or duplicate, and approve/reject before catalogue promotion."
Medium,SUP-20260426-00995,1011,Escentric Molecules,Escentric 01 / Luzi,Sensa One,351801,lz_clone_name,"Verify brand/name, resolve variant or duplicate, and approve/reject before catalogue promotion."
Medium,SUP-20260426-00996,1012,Escentric Molecules,Escentric 02,Sensa Two,260737,lz_clone_name,"Verify brand/name, resolve variant or duplicate, and approve/reject before catalogue promotion."
Medium,SUP-20260426-00997,1013,Escentric Molecules,Escentric 03/ Luzi,Sensa Three,338839,lz_clone_name,"Verify brand/name, resolve variant or duplicate, and approve/reject before catalogue promotion."
Medium,SUP-20260426-00998,1014,Escentric Molecules,Escentric 04/ Luzi,Edgy Sandal,461249,lz_clone_name,"Verify brand/name, resolve variant or duplicate, and approve/reject before catalogue promotion."
Medium,SUP-20260426-00999,1015,Escentric Molecules,Molecule 01 / Luzi,Mono One,350599-A,lz_clone_name,"Verify brand/name, resolve variant or duplicate, and approve/reject before catalogue promotion."
Medium,SUP-20260426-01000,1016,Escentric Molecules,Molecule 02,,240002,top,"Verify brand/name, resolve variant or duplicate, and approve/reject before catalogue promotion."
High,SUP-20260426-01001,1017,Escentric Molecules,Molecule 02,,240070,duplicate_supplier_code; exact_duplicate_row; super,"Verify brand/name, resolve variant or duplicate, and approve/reject before catalogue promotion."
Medium,SUP-20260426-01002,1018,Escentric Molecules,Molecule 03/ Luzi,Mono Three,338812-A,lz_clone_name,"Verify brand/name, resolve variant or duplicate, and approve/reject before catalogue promotion."
Medium,SUP-20260426-01003,1019,Escentric Molecules,Molecule 05 / Luzi,Mono Five,233356,lz_clone_name,"Verify brand/name, resolve variant or duplicate, and approve/reject before catalogue promotion."
Medium,SUP-20260426-01004,1020,Escentric Molecules,Renegades/geza Schoen,Backslider,260794-A,lz_clone_name,"Verify brand/name, resolve variant or duplicate, and approve/reject before catalogue promotion."
Medium,SUP-20260426-01008,1024,Escentric Molecules,Molecules 02 / Tr,,3000268,top,"Verify brand/name, resolve variant or duplicate, and approve/reject before catalogue promotion."
High,SUP-20260426-01009,1025,Escentric Molecules,Molecule 02,,240070,duplicate_supplier_code; exact_duplicate_row; super,"Verify brand/name, resolve variant or duplicate, and approve/reject before catalogue promotion."
Medium,SUP-20260426-01010,1026,Escentric Molecules,Molecules 02 Dark / Tr,,3000269,top,"Verify brand/name, resolve variant or duplicate, and approve/reject before catalogue promotion."
Medium,SUP-20260426-01012,1028,Singles Notes,Amber Gris,,250312,possible_raw_material_or_single_note,"Verify brand/name, resolve variant or duplicate, and approve/reject before catalogue promotion."
Medium,SUP-20260426-01013,1029,Singles Notes,Incenso,,250313,possible_raw_material_or_single_note,"Verify brand/name, resolve variant or duplicate, and approve/reject before catalogue promotion."
Medium,SUP-20260426-01014,1030,Singles Notes,Kiwi,,250314,possible_raw_material_or_single_note,"Verify brand/name, resolve variant or duplicate, and approve/reject before catalogue promotion."
Medium,SUP-20260426-01015,1031,Singles Notes,Green Apple 2,,250244,possible_raw_material_or_single_note,"Verify brand/name, resolve variant or duplicate, and approve/reject before catalogue promotion."
Medium,SUP-20260426-01016,1032,Singles Notes,Tea Tree,,250245,possible_raw_material_or_single_note,"Verify brand/name, resolve variant or duplicate, and approve/reject before catalogue promotion."
Medium,SUP-20260426-01017,1033,Singles Notes,Majoram,,250246,possible_raw_material_or_single_note,"Verify brand/name, resolve variant or duplicate, and approve/reject before catalogue promotion."
Medium,SUP-20260426-01018,1034,Singles Notes,Sage,,250174,possible_raw_material_or_single_note,"Verify brand/name, resolve variant or duplicate, and approve/reject before catalogue promotion."
Medium,SUP-20260426-01019,1035,Singles Notes,Pink Pepper,,250158,possible_raw_material_or_single_note,"Verify brand/name, resolve variant or duplicate, and approve/reject before catalogue promotion."
Medium,SUP-20260426-01020,1036,Singles Notes,Aldehydic,,250159,possible_raw_material_or_single_note,"Verify brand/name, resolve variant or duplicate, and approve/reject before catalogue promotion."
Medium,SUP-20260426-01021,1037,Singles Notes,Ice Cream,,250160,possible_raw_material_or_single_note,"Verify brand/name, resolve variant or duplicate, and approve/reject before catalogue promotion."
Medium,SUP-20260426-01022,1038,Singles Notes,Apple,,250108,possible_raw_material_or_single_note,"Verify brand/name, resolve variant or duplicate, and approve/reject before catalogue promotion."
Medium,SUP-20260426-01023,1039,Singles Notes,Tonka Bean,,250109,possible_raw_material_or_single_note,"Verify brand/name, resolve variant or duplicate, and approve/reject before catalogue promotion."
Medium,SUP-20260426-01024,1040,Singles Notes,Myrrh,,250110,possible_raw_material_or_single_note,"Verify brand/name, resolve variant or duplicate, and approve/reject before catalogue promotion."
Medium,SUP-20260426-01025,1041,Singles Notes,Peach,,250111,possible_raw_material_or_single_note,"Verify brand/name, resolve variant or duplicate, and approve/reject before catalogue promotion."
Medium,SUP-20260426-01026,1042,Singles Notes,Apricot,,250112,possible_raw_material_or_single_note,"Verify brand/name, resolve variant or duplicate, and approve/reject before catalogue promotion."
Medium,SUP-20260426-01027,1043,Singles Notes,Ginger,,250113,possible_raw_material_or_single_note,"Verify brand/name, resolve variant or duplicate, and approve/reject before catalogue promotion."
High,SUP-20260426-01028,1044,Singles Notes,Caramel,,240066,duplicate_supplier_code; possible_raw_material_or_single_note,"Verify brand/name, resolve variant or duplicate, and approve/reject before catalogue promotion."
Medium,SUP-20260426-01029,1045,Singles Notes,Black Cofee,,240061,possible_raw_material_or_single_note,"Verify brand/name, resolve variant or duplicate, and approve/reject before catalogue promotion."
High,SUP-20260426-01030,1046,Singles Notes,Laundry,,240036,duplicate_supplier_code; possible_raw_material_or_single_note,"Verify brand/name, resolve variant or duplicate, and approve/reject before catalogue promotion."
High,SUP-20260426-01031,1047,Singles Notes,Fresh Fig,,240037,duplicate_supplier_code; possible_raw_material_or_single_note,"Verify brand/name, resolve variant or duplicate, and approve/reject before catalogue promotion."
Medium,SUP-20260426-01032,1048,Singles Notes,Green Tea,,240524,possible_raw_material_or_single_note,"Verify brand/name, resolve variant or duplicate, and approve/reject before catalogue promotion."
Medium,SUP-20260426-01033,1049,Singles Notes,Mango Oil,,240864,possible_raw_material_or_single_note,"Verify brand/name, resolve variant or duplicate, and approve/reject before catalogue promotion."
Medium,SUP-20260426-01034,1050,Singles Notes,Turkish Rose,,240884,possible_raw_material_or_single_note,"Verify brand/name, resolve variant or duplicate, and approve/reject before catalogue promotion."
Medium,SUP-20260426-01035,1051,Singles Notes,Swiss Ward,,240885,possible_raw_material_or_single_note,"Verify brand/name, resolve variant or duplicate, and approve/reject before catalogue promotion."
Medium,SUP-20260426-01036,1052,Singles Notes,Bukhoor Oil,,240882,possible_raw_material_or_single_note,"Verify brand/name, resolve variant or duplicate, and approve/reject before catalogue promotion."
Medium,SUP-20260426-01037,1053,Singles Notes,Ahmedliza,,240851,possible_raw_material_or_single_note,"Verify brand/name, resolve variant or duplicate, and approve/reject before catalogue promotion."
Medium,SUP-20260426-01038,1054,Singles Notes,Caeser,,240852,possible_raw_material_or_single_note,"Verify brand/name, resolve variant or duplicate, and approve/reject before catalogue promotion."
Medium,SUP-20260426-01039,1055,Singles Notes,Maghribhi,,240853,possible_raw_material_or_single_note,"Verify brand/name, resolve variant or duplicate, and approve/reject before catalogue promotion."
Medium,SUP-20260426-01040,1056,Singles Notes,Marasil,,240854,possible_raw_material_or_single_note,"Verify brand/name, resolve variant or duplicate, and approve/reject before catalogue promotion."
Medium,SUP-20260426-01041,1057,Singles Notes,Noora,,240855,possible_raw_material_or_single_note,"Verify brand/name, resolve variant or duplicate, and approve/reject before catalogue promotion."
Medium,SUP-20260426-01042,1058,Singles Notes,Oyuny,,240856,possible_raw_material_or_single_note,"Verify brand/name, resolve variant or duplicate, and approve/reject before catalogue promotion."
Medium,SUP-20260426-01043,1059,Singles Notes,Bakhoor,,240850,possible_raw_material_or_single_note,"Verify brand/name, resolve variant or duplicate, and approve/reject before catalogue promotion."
Medium,SUP-20260426-01044,1060,Singles Notes,Wood,,240789,possible_raw_material_or_single_note,"Verify brand/name, resolve variant or duplicate, and approve/reject before catalogue promotion."
Medium,SUP-20260426-01045,1061,Singles Notes,Vanilla,,240771,possible_raw_material_or_single_note,"Verify brand/name, resolve variant or duplicate, and approve/reject before catalogue promotion."
Medium,SUP-20260426-01046,1062,Singles Notes,White Rose,,240772,possible_raw_material_or_single_note,"Verify brand/name, resolve variant or duplicate, and approve/reject before catalogue promotion."
Medium,SUP-20260426-01047,1063,Singles Notes,Red Rose,,240773,possible_raw_material_or_single_note,"Verify brand/name, resolve variant or duplicate, and approve/reject before catalogue promotion."
Medium,SUP-20260426-01048,1064,Singles Notes,Dove,,240774,possible_raw_material_or_single_note,"Verify brand/name, resolve variant or duplicate, and approve/reject before catalogue promotion."
Medium,SUP-20260426-01049,1065,Singles Notes,Sandal Wood,,240775,possible_raw_material_or_single_note,"Verify brand/name, resolve variant or duplicate, and approve/reject before catalogue promotion."
Medium,SUP-20260426-01050,1066,Singles Notes,Amber,,240776,possible_raw_material_or_single_note,"Verify brand/name, resolve variant or duplicate, and approve/reject before catalogue promotion."
Medium,SUP-20260426-01051,1067,Singles Notes,Tobacco,,240777,possible_raw_material_or_single_note,"Verify brand/name, resolve variant or duplicate, and approve/reject before catalogue promotion."
Medium,SUP-20260426-01052,1068,Singles Notes,Jhonsons,,240778,possible_raw_material_or_single_note,"Verify brand/name, resolve variant or duplicate, and approve/reject before catalogue promotion."
Medium,SUP-20260426-01053,1069,Singles Notes,Patchouli Oil,,240779,possible_raw_material_or_single_note; top,"Verify brand/name, resolve variant or duplicate, and approve/reject before catalogue promotion."
Medium,SUP-20260426-01054,1070,Singles Notes,Vetiver,,240782,possible_raw_material_or_single_note; top,"Verify brand/name, resolve variant or duplicate, and approve/reject before catalogue promotion."
Medium,SUP-20260426-01055,1071,Singles Notes,Chocolate,,240783,possible_raw_material_or_single_note; top,"Verify brand/name, resolve variant or duplicate, and approve/reject before catalogue promotion."
Medium,SUP-20260426-01056,1072,Singles Notes,Chocolate,,240849,possible_raw_material_or_single_note,"Verify brand/name, resolve variant or duplicate, and approve/reject before catalogue promotion."
Medium,SUP-20260426-01057,1073,Singles Notes,Mandarin,,240784,possible_raw_material_or_single_note,"Verify brand/name, resolve variant or duplicate, and approve/reject before catalogue promotion."
Medium,SUP-20260426-01058,1074,Singles Notes,Saffron,,240785,possible_raw_material_or_single_note,"Verify brand/name, resolve variant or duplicate, and approve/reject before catalogue promotion."
Medium,SUP-20260426-01059,1075,Singles Notes,Sandal Rose,,240787,possible_raw_material_or_single_note,"Verify brand/name, resolve variant or duplicate, and approve/reject before catalogue promotion."
Medium,SUP-20260426-01060,1076,Singles Notes,Ylan Ylang,,240788,possible_raw_material_or_single_note,"Verify brand/name, resolve variant or duplicate, and approve/reject before catalogue promotion."
Medium,SUP-20260426-01061,1077,Singles Notes,Honey,,240480,possible_raw_material_or_single_note,"Verify brand/name, resolve variant or duplicate, and approve/reject before catalogue promotion."
Medium,SUP-20260426-01062,1078,Singles Notes,Tuscano Leather,,240481,possible_raw_material_or_single_note,"Verify brand/name, resolve variant or duplicate, and approve/reject before catalogue promotion."
Medium,SUP-20260426-01063,1079,Singles Notes,Black OUD,,240482,possible_raw_material_or_single_note,"Verify brand/name, resolve variant or duplicate, and approve/reject before catalogue promotion."
Medium,SUP-20260426-01064,1080,Singles Notes,Lily Of The Valley,,240370,possible_raw_material_or_single_note,"Verify brand/name, resolve variant or duplicate, and approve/reject before catalogue promotion."
Medium,SUP-20260426-01065,1081,Singles Notes,Franckinsence,,240369,possible_raw_material_or_single_note,"Verify brand/name, resolve variant or duplicate, and approve/reject before catalogue promotion."
Medium,SUP-20260426-01066,1082,Singles Notes,Rosemary,,240459,possible_raw_material_or_single_note; top,"Verify brand/name, resolve variant or duplicate, and approve/reject before catalogue promotion."
Medium,SUP-20260426-01067,1083,Singles Notes,Eukalyptus,,240458,possible_raw_material_or_single_note,"Verify brand/name, resolve variant or duplicate, and approve/reject before catalogue promotion."
Medium,SUP-20260426-01068,1084,Singles Notes,Lavender Oil,,240454,possible_raw_material_or_single_note,"Verify brand/name, resolve variant or duplicate, and approve/reject before catalogue promotion."
Medium,SUP-20260426-01069,1086,Singles Notes,Bergamot,,240456,possible_raw_material_or_single_note,"Verify brand/name, resolve variant or duplicate, and approve/reject before catalogue promotion."
Medium,SUP-20260426-01070,1087,Singles Notes,Leather,,240366,possible_raw_material_or_single_note,"Verify brand/name, resolve variant or duplicate, and approve/reject before catalogue promotion."
Medium,SUP-20260426-01071,1088,Singles Notes,Star Anise Oil,,3000272,possible_raw_material_or_single_note,"Verify brand/name, resolve variant or duplicate, and approve/reject before catalogue promotion."
Medium,SUP-20260426-01072,1089,Singles Notes,Chamomile Oil,,240883,possible_raw_material_or_single_note; top,"Verify brand/name, resolve variant or duplicate, and approve/reject before catalogue promotion."
Medium,SUP-20260426-01073,1090,Singles Notes,Orange Oil,,240364,possible_raw_material_or_single_note; top,"Verify brand/name, resolve variant or duplicate, and approve/reject before catalogue promotion."
Medium,SUP-20260426-01074,1091,Singles Notes,Grapefruit Oil,,240365,possible_raw_material_or_single_note; top,"Verify brand/name, resolve variant or duplicate, and approve/reject before catalogue promotion."
Medium,SUP-20260426-01075,1092,Singles Notes,Cinnamon Oil,,240367,possible_raw_material_or_single_note,"Verify brand/name, resolve variant or duplicate, and approve/reject before catalogue promotion."
Medium,SUP-20260426-01076,1093,Singles Notes,Clove Oil,,240368,possible_raw_material_or_single_note,"Verify brand/name, resolve variant or duplicate, and approve/reject before catalogue promotion."
Medium,SUP-20260426-01077,1094,Singles Notes,Clary Sage,,3000274,possible_raw_material_or_single_note,"Verify brand/name, resolve variant or duplicate, and approve/reject before catalogue promotion."
Medium,SUP-20260426-01078,1095,Singles Notes,Pepper Mint Oil,,240453,possible_raw_material_or_single_note,"Verify brand/name, resolve variant or duplicate, and approve/reject before catalogue promotion."
Medium,SUP-20260426-01079,1096,Singles Notes,Neroli,,240455,possible_raw_material_or_single_note; top,"Verify brand/name, resolve variant or duplicate, and approve/reject before catalogue promotion."
Medium,SUP-20260426-01080,1097,Singles Notes,Patchouly & Vetiver,,240457,possible_raw_material_or_single_note; top,"Verify brand/name, resolve variant or duplicate, and approve/reject before catalogue promotion."
Medium,SUP-20260426-01081,1098,Singles Notes,Vetiver Oil,,3000275,possible_raw_material_or_single_note,"Verify brand/name, resolve variant or duplicate, and approve/reject before catalogue promotion."
Medium,SUP-20260426-01090,1107,Ex Nihilo,Amber Sky,Balsamic Heaven,503555,lz_clone_name,"Verify brand/name, resolve variant or duplicate, and approve/reject before catalogue promotion."
Medium,SUP-20260426-01091,1108,Ex Nihilo,Citizen X,Thriller,339452,lz_clone_name,"Verify brand/name, resolve variant or duplicate, and approve/reject before catalogue promotion."
Medium,SUP-20260426-01092,1109,Ex Nihilo,Fleur Narcotique,Fleur Narcotique,240096,top,"Verify brand/name, resolve variant or duplicate, and approve/reject before catalogue promotion."
Medium,SUP-20260426-01093,1110,Ex Nihilo,Fleur Narcotique,Alasko,502536,lz_clone_name,"Verify brand/name, resolve variant or duplicate, and approve/reject before catalogue promotion."
Medium,SUP-20260426-01094,1111,Ex Nihilo,Fleur Narcotique,Alasko,502536-T,lz_clone_name,"Verify brand/name, resolve variant or duplicate, and approve/reject before catalogue promotion."
Medium,SUP-20260426-01095,1112,Ex Nihilo,French Affair,Napoleon,503471,lz_clone_name,"Verify brand/name, resolve variant or duplicate, and approve/reject before catalogue promotion."
Medium,SUP-20260426-01096,1113,Ex Nihilo,Love Shot,Cupid Arrow,461200-A,lz_clone_name,"Verify brand/name, resolve variant or duplicate, and approve/reject before catalogue promotion."
Medium,SUP-20260426-01097,1114,Ex Nihilo,Sublime Essence OUD,Gentle Wood,339467,lz_clone_name,"Verify brand/name, resolve variant or duplicate, and approve/reject before catalogue promotion."
Medium,SUP-20260426-01098,1115,Ex Nihilo,Sweet Morphine,Dulcet Desire,339198,lz_clone_name,"Verify brand/name, resolve variant or duplicate, and approve/reject before catalogue promotion."
Medium,SUP-20260426-01099,1116,Ex Nihilo,Venenum Kiss,Lordi,503527,lz_clone_name,"Verify brand/name, resolve variant or duplicate, and approve/reject before catalogue promotion."
Medium,SUP-20260426-01100,1117,Ex Nihilo,Vetiver Moloko,Silky Way,233998,lz_clone_name,"Verify brand/name, resolve variant or duplicate, and approve/reject before catalogue promotion."
Medium,SUP-20260426-01101,1118,Ex Nihilo,Fleur Narcotique Love,Alasko In Red,503779,lz_clone_name,"Verify brand/name, resolve variant or duplicate, and approve/reject before catalogue promotion."
Medium,SUP-20260426-01102,1119,Ex Nihilo,Fleur Narcotique Blossom,Alasko Of Calabria,503892,lz_clone_name,"Verify brand/name, resolve variant or duplicate, and approve/reject before catalogue promotion."
Medium,SUP-20260426-01103,1120,Ex Nihilo,Emerald Royals,Beryll,503994-T,lz_clone_name,"Verify brand/name, resolve variant or duplicate, and approve/reject before catalogue promotion."
Medium,SUP-20260426-01104,1121,Ex Nihilo,Fleur Narcotique Extrait De,Alasko Of Lorraine,504017-T,lz_clone_name,"Verify brand/name, resolve variant or duplicate, and approve/reject before catalogue promotion."
Medium,SUP-20260426-01105,1122,Ex Nihilo,Venenum Kiss,Lordi,503527-T,lz_clone_name; top,"Verify brand/name, resolve variant or duplicate, and approve/reject before catalogue promotion."
Medium,SUP-20260426-01106,1123,Ex Nihilo,Idle Hour,Time For Myself,504059-T,lz_clone_name,"Verify brand/name, resolve variant or duplicate, and approve/reject before catalogue promotion."
Medium,SUP-20260426-01107,1124,Ex Nihilo,Santal Calling,Bios Lacte,580279,lz_clone_name,"Verify brand/name, resolve variant or duplicate, and approve/reject before catalogue promotion."
Medium,SUP-20260426-01122,1139,Febrej,Brut,Blaine,237906-A,lz_clone_name,"Verify brand/name, resolve variant or duplicate, and approve/reject before catalogue promotion."
Medium,SUP-20260426-01125,1142,Fidji,Fidji,,3000282,top,"Verify brand/name, resolve variant or duplicate, and approve/reject before catalogue promotion."
Medium,SUP-20260426-01126,1143,Glaxolide,Glaxolide,,2779,possible_raw_material_or_single_note,"Verify brand/name, resolve variant or duplicate, and approve/reject before catalogue promotion."
Medium,SUP-20260426-01127,1144,Iso E Super,Iso E,,2780,possible_raw_material_or_single_note; super,"Verify brand/name, resolve variant or duplicate, and approve/reject before catalogue promotion."
High,SUP-20260426-01128,1145,Fixative,Fixative,,2778,duplicate_supplier_code; possible_raw_material_or_single_note; top,"Verify brand/name, resolve variant or duplicate, and approve/reject before catalogue promotion."
High,SUP-20260426-01129,1146,Fixative,Fixative,,2777,duplicate_supplier_code; possible_raw_material_or_single_note,"Verify brand/name, resolve variant or duplicate, and approve/reject before catalogue promotion."
Medium,SUP-20260426-01130,1147,Floraiku,One Umbrella For Two,Parason,354015,lz_clone_name,"Verify brand/name, resolve variant or duplicate, and approve/reject before catalogue promotion."
Medium,SUP-20260426-01131,1148,Fly Emirates,Fly Emirates,Lemon Scent,462387,lz_clone_name,"Verify brand/name, resolve variant or duplicate, and approve/reject before catalogue promotion."
Medium,SUP-20260426-01140,1157,Fragrance One,Office For Men,,240519,top,"Verify brand/name, resolve variant or duplicate, and approve/reject before catalogue promotion."
Medium,SUP-20260426-01142,1160,Franck Boclet,Cocaine Luzi,Yeyo,503597,lz_clone_name,"Verify brand/name, resolve variant or duplicate, and approve/reject before catalogue promotion."
Medium,SUP-20260426-01143,1161,Franck Boclet,Sugar,Just Sweet,233780,lz_clone_name,"Verify brand/name, resolve variant or duplicate, and approve/reject before catalogue promotion."
Medium,SUP-20260426-01145,1163,Franck Olivier,Amber,Oriental Paris,260933,lz_clone_name,"Verify brand/name, resolve variant or duplicate, and approve/reject before catalogue promotion."
Medium,SUP-20260426-01146,1164,Franck Olivier,Giorgia Midnight,Party In Paris,461650,lz_clone_name,"Verify brand/name, resolve variant or duplicate, and approve/reject before catalogue promotion."
Medium,SUP-20260426-01147,1165,Franck Olivier,Giorgia Women,Day In Paris,339678,lz_clone_name,"Verify brand/name, resolve variant or duplicate, and approve/reject before catalogue promotion."
Medium,SUP-20260426-01148,1166,Franck Olivier,OUD Touch,OUD Temptation,339061,lz_clone_name,"Verify brand/name, resolve variant or duplicate, and approve/reject before catalogue promotion."
Medium,SUP-20260426-01149,1167,Franck Olivier,Sun Java Intense,Gigolo In Paris,503660,intense; lz_clone_name,"Verify brand/name, resolve variant or duplicate, and approve/reject before catalogue promotion."
Medium,SUP-20260426-01155,1173,Frederic Malle,Uncut Gem,Charismatic Jeweler,2340000-A,lz_clone_name,"Verify brand/name, resolve variant or duplicate, and approve/reject before catalogue promotion."
Medium,SUP-20260426-01156,1174,Frederic Malle,Rose Tonnerre,Strom Of Flowers,680351-A,lz_clone_name,"Verify brand/name, resolve variant or duplicate, and approve/reject before catalogue promotion."
Medium,SUP-20260426-01157,1175,Frederic Malle,Lipstick Rose,Handbag Essential,503675,lz_clone_name,"Verify brand/name, resolve variant or duplicate, and approve/reject before catalogue promotion."
Medium,SUP-20260426-01158,1176,Frederic Malle,Promise,Waead,461637,lz_clone_name,"Verify brand/name, resolve variant or duplicate, and approve/reject before catalogue promotion."
Medium,SUP-20260426-01159,1177,Frederic Malle,Promise,Waead,461637-C,lz_clone_name,"Verify brand/name, resolve variant or duplicate, and approve/reject before catalogue promotion."
Medium,SUP-20260426-01160,1178,Frederic Malle,The Moon,The Eagle Has Landed,461680-A,lz_clone_name,"Verify brand/name, resolve variant or duplicate, and approve/reject before catalogue promotion."
Medium,SUP-20260426-01161,1179,Frederic Malle,The Moon,The Eagle Has Landed,461680-B,lz_clone_name,"Verify brand/name, resolve variant or duplicate, and approve/reject before catalogue promotion."
Medium,SUP-20260426-01162,1180,Frederic Malle,The Night,Moonlight,232934-T,lz_clone_name,"Verify brand/name, resolve variant or duplicate, and approve/reject before catalogue promotion."
Medium,SUP-20260426-01163,1181,Frederic Malle,Portrait Of A Lady,Mona Lisa,502534,lz_clone_name,"Verify brand/name, resolve variant or duplicate, and approve/reject before catalogue promotion."
Medium,SUP-20260426-01167,1185,Fruit Dukhan,Fruit Dukhan,Yellow Fruit Dukhan,354180,lz_clone_name,"Verify brand/name, resolve variant or duplicate, and approve/reject before catalogue promotion."
Medium,SUP-20260426-01170,1188,Fruity,Mango/luzi,Mangos,943514-B,lz_clone_name,"Verify brand/name, resolve variant or duplicate, and approve/reject before catalogue promotion."
Medium,SUP-20260426-01180,1198,Fruity,Masmoom / Fawakie,,240780,top,"Verify brand/name, resolve variant or duplicate, and approve/reject before catalogue promotion."
Medium,SUP-20260426-01182,1200,Fruity,Pineapple,,240462,top,"Verify brand/name, resolve variant or duplicate, and approve/reject before catalogue promotion."
Medium,SUP-20260426-01192,1210,Gisada,Ambassador Men,,240768,top,"Verify brand/name, resolve variant or duplicate, and approve/reject before catalogue promotion."
Medium,SUP-20260426-01198,1216,Giardini Di,Bianco Latte,,240521,super,"Verify brand/name, resolve variant or duplicate, and approve/reject before catalogue promotion."
Medium,SUP-20260426-01201,1219,Giorgio Armani,Rose Milano Soie De Nacre,Perfect Symphony,701859-A,lz_clone_name,"Verify brand/name, resolve variant or duplicate, and approve/reject before catalogue promotion."
Medium,SUP-20260426-01202,1220,Genym,Painter,,240632,top,"Verify brand/name, resolve variant or duplicate, and approve/reject before catalogue promotion."
Medium,SUP-20260426-01210,1228,Gissah,Akoya,,240686,top,"Verify brand/name, resolve variant or duplicate, and approve/reject before catalogue promotion."
Medium,SUP-20260426-01211,1229,Gissah,Akoya,,250001,super,"Verify brand/name, resolve variant or duplicate, and approve/reject before catalogue promotion."
Medium,SUP-20260426-01220,1239,Gissah,Imperial Velley,Imperial Valley,240092,top,"Verify brand/name, resolve variant or duplicate, and approve/reject before catalogue promotion."
Medium,SUP-20260426-01221,1240,Gissah,Imperial Valley,,240981,super,"Verify brand/name, resolve variant or duplicate, and approve/reject before catalogue promotion."
Medium,SUP-20260426-01222,1241,Gissah,One & Only,,240616,top,"Verify brand/name, resolve variant or duplicate, and approve/reject before catalogue promotion."
Medium,SUP-20260426-01224,1243,Gissah,Calabria,Calab Ys,344149-A,lz_clone_name,"Verify brand/name, resolve variant or duplicate, and approve/reject before catalogue promotion."
Medium,SUP-20260426-01228,1247,Givaudan,Banafsay,Bandana,349459,lz_clone_name,"Verify brand/name, resolve variant or duplicate, and approve/reject before catalogue promotion."
Medium,SUP-20260426-01237,1256,Givenchy,Amarige,Concord,921732,lz_clone_name,"Verify brand/name, resolve variant or duplicate, and approve/reject before catalogue promotion."
Medium,SUP-20260426-01239,1258,Givenchy,L' Interdit ( 2018 ),Temptation,233637,lz_clone_name,"Verify brand/name, resolve variant or duplicate, and approve/reject before catalogue promotion."
Medium,SUP-20260426-01240,1259,Givenchy,Amarige,"Romance, Sensuality",353434,lz_clone_name,"Verify brand/name, resolve variant or duplicate, and approve/reject before catalogue promotion."
Medium,SUP-20260426-01241,1260,Givenchy,L'interdit Eau De Parfum,Strong Temptation,233443,lz_clone_name,"Verify brand/name, resolve variant or duplicate, and approve/reject before catalogue promotion."
Medium,SUP-20260426-01243,1262,Givenchy,L' Interdit EDP Rouge,Prohibited Passion,503923,lz_clone_name,"Verify brand/name, resolve variant or duplicate, and approve/reject before catalogue promotion."
Medium,SUP-20260426-01244,1263,Givenchy,Gentleman,Gentleman,240105,top,"Verify brand/name, resolve variant or duplicate, and approve/reject before catalogue promotion."
Medium,SUP-20260426-01254,1273,Golden Dust,Golden Dust,,250434,top,"Verify brand/name, resolve variant or duplicate, and approve/reject before catalogue promotion."
Medium,SUP-20260426-01255,1274,Golden Dust,Golden Dust,Golden Dust,342245,lz_clone_name,"Verify brand/name, resolve variant or duplicate, and approve/reject before catalogue promotion."
Medium,SUP-20260426-01262,1281,Gritti,Tutu,Marble Queen,462343,lz_clone_name,"Verify brand/name, resolve variant or duplicate, and approve/reject before catalogue promotion."
Medium,SUP-20260426-01267,1286,Gucci,Intense OUD,,240728,intense; top,"Verify brand/name, resolve variant or duplicate, and approve/reject before catalogue promotion."
Medium,SUP-20260426-01274,1293,Gucci,A Midnight Stroll,Hiking To The Moon,354132,lz_clone_name,"Verify brand/name, resolve variant or duplicate, and approve/reject before catalogue promotion."
Medium,SUP-20260426-01275,1294,Gucci,A Reason To Love,Shakespeare In Love,344154-T,lz_clone_name; top,"Verify brand/name, resolve variant or duplicate, and approve/reject before catalogue promotion."
Medium,SUP-20260426-01277,1296,Gucci,Gucci Rush Woman,,240420,top,"Verify brand/name, resolve variant or duplicate, and approve/reject before catalogue promotion."
Medium,SUP-20260426-01278,1297,Gucci,The Voic Of Snake,Sir Hiss,461634-C,lz_clone_name,"Verify brand/name, resolve variant or duplicate, and approve/reject before catalogue promotion."
Medium,SUP-20260426-01279,1298,Gucci,Bloom LZ,Vintage Flower,503419,lz_clone_name,"Verify brand/name, resolve variant or duplicate, and approve/reject before catalogue promotion."
Medium,SUP-20260426-01281,1300,Gucci,Bloom LZ,Vintage Flower,503419-A,lz_clone_name,"Verify brand/name, resolve variant or duplicate, and approve/reject before catalogue promotion."
Medium,SUP-20260426-01282,1301,Gucci,Flora,,240304,top,"Verify brand/name, resolve variant or duplicate, and approve/reject before catalogue promotion."
Medium,SUP-20260426-01283,1302,Gucci,Gucci Flora,Abloom,338315-B,lz_clone_name,"Verify brand/name, resolve variant or duplicate, and approve/reject before catalogue promotion."
Medium,SUP-20260426-01284,1303,Gucci,The Last Day Of Summer Eau,Promised Day,160196,lz_clone_name,"Verify brand/name, resolve variant or duplicate, and approve/reject before catalogue promotion."
Medium,SUP-20260426-01285,1304,Gucci,The Voice Of The Snake Eau De,,250215,top,"Verify brand/name, resolve variant or duplicate, and approve/reject before catalogue promotion."
Medium,SUP-20260426-01287,1306,Gucci,Bamboo,,240386,top,"Verify brand/name, resolve variant or duplicate, and approve/reject before catalogue promotion."
Medium,SUP-20260426-01290,1310,Gucci,Gucci Guilty Absolute Man,,3000314,absolute_or_absolu,"Verify brand/name, resolve variant or duplicate, and approve/reject before catalogue promotion."
Medium,SUP-20260426-01291,1311,Gucci,Gucci Guilty Absolute Woman,,3000315,absolute_or_absolu,"Verify brand/name, resolve variant or duplicate, and approve/reject before catalogue promotion."
Medium,SUP-20260426-01294,1314,Gucci,Gucci OUD,,240387,top,"Verify brand/name, resolve variant or duplicate, and approve/reject before catalogue promotion."
Medium,SUP-20260426-01304,1324,Guerlain,Absolu Allegoria Flora Bloom,,250275,absolute_or_absolu,"Verify brand/name, resolve variant or duplicate, and approve/reject before catalogue promotion."
Medium,SUP-20260426-01318,1338,Guerlain,Amber Eternel,Unlimited Gold,352803-A,lz_clone_name,"Verify brand/name, resolve variant or duplicate, and approve/reject before catalogue promotion."
Medium,SUP-20260426-01319,1339,Guerlain,Aqua Allegoria Pera Granita,Firefly,260783,lz_clone_name,"Verify brand/name, resolve variant or duplicate, and approve/reject before catalogue promotion."
Medium,SUP-20260426-01320,1340,Guerlain,Bois Mysterieux,Woody Ornament,461572,lz_clone_name,"Verify brand/name, resolve variant or duplicate, and approve/reject before catalogue promotion."
Medium,SUP-20260426-01321,1341,Guerlain,Cuir Intense,Heavy Leather,353859-A,intense; lz_clone_name,"Verify brand/name, resolve variant or duplicate, and approve/reject before catalogue promotion."
Medium,SUP-20260426-01322,1342,Guerlain,Encens Mythique,Balsamic Ornament,233687,lz_clone_name,"Verify brand/name, resolve variant or duplicate, and approve/reject before catalogue promotion."
Medium,SUP-20260426-01323,1343,Guerlain,Guerlain/shalimar Souffle,Solima,232030-B,lz_clone_name,"Verify brand/name, resolve variant or duplicate, and approve/reject before catalogue promotion."
Medium,SUP-20260426-01324,1344,Guerlain,Mon Guerlain,Once In A Lifetime,233741,lz_clone_name,"Verify brand/name, resolve variant or duplicate, and approve/reject before catalogue promotion."
Medium,SUP-20260426-01325,1345,Guerlain,Mon Guerlain EDP Intense,Once In A Lifetime Pure,339719-A,intense; lz_clone_name,"Verify brand/name, resolve variant or duplicate, and approve/reject before catalogue promotion."
Medium,SUP-20260426-01326,1346,Guerlain,Mon Guerlain Bloom Of Roses,Elegant Attitude,461914,lz_clone_name,"Verify brand/name, resolve variant or duplicate, and approve/reject before catalogue promotion."
Medium,SUP-20260426-01327,1347,Guerlain,Les +c831:c1866absolus D,Royal Wood,503763,lz_clone_name,"Verify brand/name, resolve variant or duplicate, and approve/reject before catalogue promotion."
Medium,SUP-20260426-01328,1348,Guerlain,Aqua Allegoria Flora,Full Of Flowers,503887,lz_clone_name,"Verify brand/name, resolve variant or duplicate, and approve/reject before catalogue promotion."
Medium,SUP-20260426-01332,1352,Guerlain,Samsara,,240605,top,"Verify brand/name, resolve variant or duplicate, and approve/reject before catalogue promotion."
Medium,SUP-20260426-01333,1353,Guerlain,Santal Royal,,240221,top,"Verify brand/name, resolve variant or duplicate, and approve/reject before catalogue promotion."
Medium,SUP-20260426-01343,1363,Hajar Aswad,Hajar Aswad,,240200,top,"Verify brand/name, resolve variant or duplicate, and approve/reject before catalogue promotion."
Medium,SUP-20260426-01346,1366,Haramain,Rose Taifi,Ward Al Taif,941592,lz_clone_name,"Verify brand/name, resolve variant or duplicate, and approve/reject before catalogue promotion."
Medium,SUP-20260426-01347,1367,Haramain,Hayati,My Treasure,701717,lz_clone_name,"Verify brand/name, resolve variant or duplicate, and approve/reject before catalogue promotion."
Medium,SUP-20260426-01348,1368,Haramain,Mukallat Emarath,,240723,top,"Verify brand/name, resolve variant or duplicate, and approve/reject before catalogue promotion."
Medium,SUP-20260426-01356,1376,Haramain,Attar Al Kabba,,240747,top,"Verify brand/name, resolve variant or duplicate, and approve/reject before catalogue promotion."
Medium,SUP-20260426-01359,1380,Hell Top,Hell,,3000337,top,"Verify brand/name, resolve variant or duplicate, and approve/reject before catalogue promotion."
Medium,SUP-20260426-01362,1383,Hermes,Terre De Hermes,Terre De Hermes,240103,top,"Verify brand/name, resolve variant or duplicate, and approve/reject before catalogue promotion."
Medium,SUP-20260426-01363,1384,Hermes,L' Ambre Des Merveilles,Fabulous Goldwater,233996,lz_clone_name,"Verify brand/name, resolve variant or duplicate, and approve/reject before catalogue promotion."
Medium,SUP-20260426-01364,1385,Hermes,Twilly D' Hermes,,240426,top,"Verify brand/name, resolve variant or duplicate, and approve/reject before catalogue promotion."
Medium,SUP-20260426-01365,1386,Hermes,H24,New Dimension,233464,lz_clone_name,"Verify brand/name, resolve variant or duplicate, and approve/reject before catalogue promotion."
Medium,SUP-20260426-01366,1387,Hermes,Cabriole,Somersault,462358,lz_clone_name,"Verify brand/name, resolve variant or duplicate, and approve/reject before catalogue promotion."
Medium,SUP-20260426-01369,1390,Hermes,Terre Hermes Eau Givree,,240913,top,"Verify brand/name, resolve variant or duplicate, and approve/reject before catalogue promotion."
Medium,SUP-20260426-01374,1395,Hfc,Devil's Intrigue,Meryl,354066,lz_clone_name,"Verify brand/name, resolve variant or duplicate, and approve/reject before catalogue promotion."
Medium,SUP-20260426-01375,1396,Hfc,Indian Venus,Charvi,503925-T,lz_clone_name,"Verify brand/name, resolve variant or duplicate, and approve/reject before catalogue promotion."
Medium,SUP-20260426-01376,1397,Hfc,Divine Blossom,Magic Lotus,344158-T,lz_clone_name,"Verify brand/name, resolve variant or duplicate, and approve/reject before catalogue promotion."
Medium,SUP-20260426-01377,1398,Hfc,Voodoo Chic,Lady In Blu,504042,lz_clone_name,"Verify brand/name, resolve variant or duplicate, and approve/reject before catalogue promotion."
Medium,SUP-20260426-01378,1399,Hfc,Voodoo Chic,Lady In Blu,504042-A,lz_clone_name,"Verify brand/name, resolve variant or duplicate, and approve/reject before catalogue promotion."
Medium,SUP-20260426-01382,1403,Hind Al OUD,Tahnoun,,240656,top,"Verify brand/name, resolve variant or duplicate, and approve/reject before catalogue promotion."
Medium,SUP-20260426-01383,1404,Hind Al OUD,Ahojas,Obsession Of OUD,342752,lz_clone_name,"Verify brand/name, resolve variant or duplicate, and approve/reject before catalogue promotion."
Medium,SUP-20260426-01384,1405,Hind Al OUD,Barari,Arabian Forest,339181,lz_clone_name,"Verify brand/name, resolve variant or duplicate, and approve/reject before catalogue promotion."
Medium,SUP-20260426-01385,1406,Hind Al OUD,Musk Al Emarat,Arabian Musk,260707-A,lz_clone_name,"Verify brand/name, resolve variant or duplicate, and approve/reject before catalogue promotion."
Medium,SUP-20260426-01387,1408,Hind Al OUD,Sheikh Abdullah,,240866,top,"Verify brand/name, resolve variant or duplicate, and approve/reject before catalogue promotion."
Medium,SUP-20260426-01398,1419,Hugo Boss,Bottled Absolu,,240991,absolute_or_absolu,"Verify brand/name, resolve variant or duplicate, and approve/reject before catalogue promotion."
Medium,SUP-20260426-01400,1421,Hugo Boss,Boss Bottled OUD,Woody Flask,342270-B,lz_clone_name,"Verify brand/name, resolve variant or duplicate, and approve/reject before catalogue promotion."
Medium,SUP-20260426-01401,1422,Hugo Boss,"Hugo, Hugo Boss",He Goes Classic,233830-B,lz_clone_name,"Verify brand/name, resolve variant or duplicate, and approve/reject before catalogue promotion."
Medium,SUP-20260426-01402,1423,Hugo Boss,Hugo Boss Bottled,Flask,353451-A,lz_clone_name,"Verify brand/name, resolve variant or duplicate, and approve/reject before catalogue promotion."
Medium,SUP-20260426-01403,1424,Hugo Boss,Boss Bottled Intense,Eagle Flask,352800,intense; lz_clone_name,"Verify brand/name, resolve variant or duplicate, and approve/reject before catalogue promotion."
Medium,SUP-20260426-01404,1425,Hugo Boss,Boss Bottled,Mastermind,444335,lz_clone_name,"Verify brand/name, resolve variant or duplicate, and approve/reject before catalogue promotion."
Medium,SUP-20260426-01405,1426,Hugo Boss,Boss Orange Women LZ,Amelie,508737-A,lz_clone_name,"Verify brand/name, resolve variant or duplicate, and approve/reject before catalogue promotion."
Medium,SUP-20260426-01406,1427,Hugo Boss,Bottled Unlimited,Dandy Flask,340877,lz_clone_name,"Verify brand/name, resolve variant or duplicate, and approve/reject before catalogue promotion."
Medium,SUP-20260426-01409,1430,Hugo Boss,Boss Bottled OUD Saffron,,3000353,top,"Verify brand/name, resolve variant or duplicate, and approve/reject before catalogue promotion."
Medium,SUP-20260426-01413,1434,Hugo Boss,Hugo Boss Scent Absolute,,3000357,absolute_or_absolu,"Verify brand/name, resolve variant or duplicate, and approve/reject before catalogue promotion."
Medium,SUP-20260426-01425,1447,Initio Parfums Prive,Side Effect,,240944,top,"Verify brand/name, resolve variant or duplicate, and approve/reject before catalogue promotion."
Medium,SUP-20260426-01426,1448,Initio Parfums Prive,Side Effect,,240301,top,"Verify brand/name, resolve variant or duplicate, and approve/reject before catalogue promotion."
Medium,SUP-20260426-01428,1450,Initio Parfums Prive,Musk Therapy,,240419,top,"Verify brand/name, resolve variant or duplicate, and approve/reject before catalogue promotion."
Medium,SUP-20260426-01429,1451,Initio Parfums Prive,Paragon,The Opposite Of Me,504023-T,lz_clone_name,"Verify brand/name, resolve variant or duplicate, and approve/reject before catalogue promotion."
Medium,SUP-20260426-01430,1452,Initio Parfums Prives,OUD For Greatness,,240953,top,"Verify brand/name, resolve variant or duplicate, and approve/reject before catalogue promotion."
Medium,SUP-20260426-01431,1453,Initio Parfums Prives,OUD For Greatness,Treasure Chest,461601-T,lz_clone_name; top,"Verify brand/name, resolve variant or duplicate, and approve/reject before catalogue promotion."
Medium,SUP-20260426-01432,1454,Initio Parfums Prives,Addictive Vibration,Love Control,352823,lz_clone_name,"Verify brand/name, resolve variant or duplicate, and approve/reject before catalogue promotion."
Medium,SUP-20260426-01433,1455,Initio Parfums Prives,Blessed Baraka,,240409,top,"Verify brand/name, resolve variant or duplicate, and approve/reject before catalogue promotion."
Medium,SUP-20260426-01434,1456,Initio Parfums Prives,High Frequency,Elementary Dipole,339381,lz_clone_name,"Verify brand/name, resolve variant or duplicate, and approve/reject before catalogue promotion."
Medium,SUP-20260426-01435,1457,Initio Parfums Prives,Psychedelic Love,Purpele Night,353717,lz_clone_name,"Verify brand/name, resolve variant or duplicate, and approve/reject before catalogue promotion."
Medium,SUP-20260426-01436,1458,Initio Parfums Prives,Side Effect,Black Corsair,343648,lz_clone_name,"Verify brand/name, resolve variant or duplicate, and approve/reject before catalogue promotion."
Medium,SUP-20260426-01437,1459,Initio Parfums Prives,OUD For Greatness,Treasure Chest,461601,lz_clone_name,"Verify brand/name, resolve variant or duplicate, and approve/reject before catalogue promotion."
Medium,SUP-20260426-01438,1460,Initio Parfums Prives,OUD For Happiness,Memorable Moments,462129,lz_clone_name,"Verify brand/name, resolve variant or duplicate, and approve/reject before catalogue promotion."
Medium,SUP-20260426-01440,1462,Initio Parfums Prives,Rehab,,240150,top,"Verify brand/name, resolve variant or duplicate, and approve/reject before catalogue promotion."
Medium,SUP-20260426-01441,1463,Initio Parfums Prives,Absolute Aphrodisiac,,3000365,absolute_or_absolu,"Verify brand/name, resolve variant or duplicate, and approve/reject before catalogue promotion."
Medium,SUP-20260426-01442,1464,Initio Parfums Prives,Absolute Aphrodisiac,,240222,absolute_or_absolu; top,"Verify brand/name, resolve variant or duplicate, and approve/reject before catalogue promotion."
Medium,SUP-20260426-01445,1467,Issey Miyake,L'eau D'issy Pure Nectar De,New Deep Water,233974,lz_clone_name,"Verify brand/name, resolve variant or duplicate, and approve/reject before catalogue promotion."
Medium,SUP-20260426-01446,1468,Issey Miyake,A Drop D Issey,Ultimate Blob,343907-T,lz_clone_name,"Verify brand/name, resolve variant or duplicate, and approve/reject before catalogue promotion."
Medium,SUP-20260426-01450,1472,Jaguar,Stance,Sovereign Man,503680,lz_clone_name,"Verify brand/name, resolve variant or duplicate, and approve/reject before catalogue promotion."
Medium,SUP-20260426-01460,1482,Jean Paul,Le Male Elixir Absolu,,240827,absolute_or_absolu,"Verify brand/name, resolve variant or duplicate, and approve/reject before catalogue promotion."
Medium,SUP-20260426-01463,1485,Jean Paul,Le Male Lover,,240760,super,"Verify brand/name, resolve variant or duplicate, and approve/reject before catalogue promotion."
Medium,SUP-20260426-01464,1486,Jean Paul,Le Male Lover,,240700,top,"Verify brand/name, resolve variant or duplicate, and approve/reject before catalogue promotion."
Medium,SUP-20260426-01469,1491,Jean Paul,La Belle,,240490,top,"Verify brand/name, resolve variant or duplicate, and approve/reject before catalogue promotion."
Medium,SUP-20260426-01470,1492,Jean Paul Gaultier,Scandal Pour Homme Absolu,,240478,absolute_or_absolu,"Verify brand/name, resolve variant or duplicate, and approve/reject before catalogue promotion."
Medium,SUP-20260426-01474,1496,Jean Paul,Gautiler 2,,240341,top,"Verify brand/name, resolve variant or duplicate, and approve/reject before catalogue promotion."
Medium,SUP-20260426-01475,1497,Jean Paul,So Scandal,,240672,top,"Verify brand/name, resolve variant or duplicate, and approve/reject before catalogue promotion."
Medium,SUP-20260426-01477,1500,Jean Paul,Scandal Le Parfum,Ladies Red Tights,700988-XX,lz_clone_name,"Verify brand/name, resolve variant or duplicate, and approve/reject before catalogue promotion."
Medium,SUP-20260426-01479,1502,Jean Paul,Divine,,240118,top,"Verify brand/name, resolve variant or duplicate, and approve/reject before catalogue promotion."
Medium,SUP-20260426-01480,1503,Jean Paul,Le Beau,,240164,top,"Verify brand/name, resolve variant or duplicate, and approve/reject before catalogue promotion."
Medium,SUP-20260426-01481,1504,Jean Paul,Scandal Women,,240941,top,"Verify brand/name, resolve variant or duplicate, and approve/reject before catalogue promotion."
Medium,SUP-20260426-01483,1506,Jean Paul,Scandal Gold,Velvet Tights Gold,343952-T,lz_clone_name,"Verify brand/name, resolve variant or duplicate, and approve/reject before catalogue promotion."
Medium,SUP-20260426-01485,1508,Jean Paul,La Male,Le Male Top,Z480942,top,"Verify brand/name, resolve variant or duplicate, and approve/reject before catalogue promotion."
Medium,SUP-20260426-01488,1511,Jean Paul,Ultra Male,,240940,top,"Verify brand/name, resolve variant or duplicate, and approve/reject before catalogue promotion."
Medium,SUP-20260426-01489,1512,Jil Sander,Sun Men,Orange Summer Tan,261118,lz_clone_name,"Verify brand/name, resolve variant or duplicate, and approve/reject before catalogue promotion."
Medium,SUP-20260426-01508,1531,Jo Malone,Bitter Mandarin,Mandy,234040-A,lz_clone_name,"Verify brand/name, resolve variant or duplicate, and approve/reject before catalogue promotion."
Medium,SUP-20260426-01509,1532,Jo Malone,Blackberry & Bay,Clear Spirit,233781,lz_clone_name,"Verify brand/name, resolve variant or duplicate, and approve/reject before catalogue promotion."
Medium,SUP-20260426-01510,1533,Jo Malone London,Myrrh & Tonka Cologne Intense,Bittersweet,461550-T,intense; lz_clone_name,"Verify brand/name, resolve variant or duplicate, and approve/reject before catalogue promotion."
Medium,SUP-20260426-01511,1534,Jo Malone,OUD & Bergamot,Oriental Mood,461273,lz_clone_name,"Verify brand/name, resolve variant or duplicate, and approve/reject before catalogue promotion."
Medium,SUP-20260426-01512,1535,Jo Malone,Velvet Rose & OUD,Flower Mood,503429,lz_clone_name,"Verify brand/name, resolve variant or duplicate, and approve/reject before catalogue promotion."
Medium,SUP-20260426-01513,1536,Jo Malone,Wild Bluebll Cologne,Blue Campanula,352893,lz_clone_name,"Verify brand/name, resolve variant or duplicate, and approve/reject before catalogue promotion."
Medium,SUP-20260426-01514,1537,Jo Malone,154 Cologne,Men In Leather Jacket,160180,lz_clone_name,"Verify brand/name, resolve variant or duplicate, and approve/reject before catalogue promotion."
Medium,SUP-20260426-01515,1538,Jo Malone,Geranium & Verbena,Rose Mint Elegance,154058,lz_clone_name,"Verify brand/name, resolve variant or duplicate, and approve/reject before catalogue promotion."
Medium,SUP-20260426-01516,1539,Jo Malone,Tangy Rhubarb Cologne,Zesty Tangerine,160654-XX,lz_clone_name,"Verify brand/name, resolve variant or duplicate, and approve/reject before catalogue promotion."
Medium,SUP-20260426-01517,1540,Jo Malone,Lime Basil & Mandarin,Patchouli & Oakmoss,160616,lz_clone_name,"Verify brand/name, resolve variant or duplicate, and approve/reject before catalogue promotion."
Medium,SUP-20260426-01518,1541,Jo Malone London,Elderflower Cordial Cologne,Black Elder & Dried Fruits,154468,lz_clone_name,"Verify brand/name, resolve variant or duplicate, and approve/reject before catalogue promotion."
Medium,SUP-20260426-01519,1542,Jo Malone London,English Pear & Freesia,,240343,top,"Verify brand/name, resolve variant or duplicate, and approve/reject before catalogue promotion."
Medium,SUP-20260426-01520,1543,Jo Malone London,Jasmine Sambac & Marigold,Dancing With Flowers,160811,lz_clone_name,"Verify brand/name, resolve variant or duplicate, and approve/reject before catalogue promotion."
Medium,SUP-20260426-01521,1544,Jo Malone,Rose Blush Cologne (2023),Bright Coral,580278,lz_clone_name,"Verify brand/name, resolve variant or duplicate, and approve/reject before catalogue promotion."
Medium,SUP-20260426-01522,1545,Jo Malone,Wood Sage & Sea Salt,Garden Cf Delight,160179,lz_clone_name,"Verify brand/name, resolve variant or duplicate, and approve/reject before catalogue promotion."
Medium,SUP-20260426-01524,1547,Jo Malone London,Dark Amber & Ginger Lily,,240422,top,"Verify brand/name, resolve variant or duplicate, and approve/reject before catalogue promotion."
Medium,SUP-20260426-01528,1551,Johan B,Cherry Delics,Red Sweetness,702888,lz_clone_name,"Verify brand/name, resolve variant or duplicate, and approve/reject before catalogue promotion."
Medium,SUP-20260426-01531,1554,Joop,Night Flight,Air Space,237202-B,lz_clone_name,"Verify brand/name, resolve variant or duplicate, and approve/reject before catalogue promotion."
Medium,SUP-20260426-01532,1555,Joop,Joop Homme Absolute,,250149,absolute_or_absolu,"Verify brand/name, resolve variant or duplicate, and approve/reject before catalogue promotion."
Medium,SUP-20260426-01536,1560,Juliette Has A Gun,Not A Perfume,,250453,top,"Verify brand/name, resolve variant or duplicate, and approve/reject before catalogue promotion."
Medium,SUP-20260426-01537,1561,Juliette Has A Gun,Not A Perfume,Simply Structure,461696,lz_clone_name,"Verify brand/name, resolve variant or duplicate, and approve/reject before catalogue promotion."
Medium,SUP-20260426-01538,1562,Juliette Has A Gun,Not A Perfume Superdose,Over Structure,354181-T,lz_clone_name,"Verify brand/name, resolve variant or duplicate, and approve/reject before catalogue promotion."
Medium,SUP-20260426-01541,1565,Juniper Lane,Moon Flower,Cipria,336103,lz_clone_name,"Verify brand/name, resolve variant or duplicate, and approve/reject before catalogue promotion."
Medium,SUP-20260426-01544,1568,Justin Bieber,Girl Friend,His Girlfriend,500394-A,lz_clone_name,"Verify brand/name, resolve variant or duplicate, and approve/reject before catalogue promotion."
Medium,SUP-20260426-01550,1574,Kajal,Lamar Kajal,,240610,top,"Verify brand/name, resolve variant or duplicate, and approve/reject before catalogue promotion."
Medium,SUP-20260426-01551,1575,Kajal,Dahab,,240609,top,"Verify brand/name, resolve variant or duplicate, and approve/reject before catalogue promotion."
High,SUP-20260426-01552,1576,Kajal,Dahab,,240037,duplicate_supplier_code,"Verify brand/name, resolve variant or duplicate, and approve/reject before catalogue promotion."
Medium,SUP-20260426-01553,1577,Kanoos,Kanoos,Liberty For Him,353430-B,lz_clone_name,"Verify brand/name, resolve variant or duplicate, and approve/reject before catalogue promotion."
Medium,SUP-20260426-01572,1596,Kayali,Vanilla Candy Rock Sugared,,240378,top,"Verify brand/name, resolve variant or duplicate, and approve/reject before catalogue promotion."
Medium,SUP-20260426-01579,1603,Kayali,Deja Vu White Flower 57,,240708,top,"Verify brand/name, resolve variant or duplicate, and approve/reject before catalogue promotion."
Medium,SUP-20260426-01590,1614,Kenzo,Kenzo World Intense,Boundless Sea,503511,intense; lz_clone_name,"Verify brand/name, resolve variant or duplicate, and approve/reject before catalogue promotion."
Medium,SUP-20260426-01591,1615,Kenzo,Perfume D'ete,Summer Dream,381487-A,lz_clone_name,"Verify brand/name, resolve variant or duplicate, and approve/reject before catalogue promotion."
Medium,SUP-20260426-01606,1630,Kilian,Old Fashoined,,240688,top,"Verify brand/name, resolve variant or duplicate, and approve/reject before catalogue promotion."
High,SUP-20260426-01607,1631,Kilian,Old Fashoined,,240523,duplicate_supplier_code,"Verify brand/name, resolve variant or duplicate, and approve/reject before catalogue promotion."
Medium,SUP-20260426-01609,1633,Kilian,Amber OUD,Oriental Melody,233927,lz_clone_name,"Verify brand/name, resolve variant or duplicate, and approve/reject before catalogue promotion."
Medium,SUP-20260426-01610,1634,Kilian,Back To Back,Deep Seduction,233663,lz_clone_name,"Verify brand/name, resolve variant or duplicate, and approve/reject before catalogue promotion."
Medium,SUP-20260426-01611,1635,Kilian,Bad Boys Are No Good But,Love Expression,353634,lz_clone_name,"Verify brand/name, resolve variant or duplicate, and approve/reject before catalogue promotion."
Medium,SUP-20260426-01612,1636,Kilian,Dark Lord,Blindfolded,343760,lz_clone_name,"Verify brand/name, resolve variant or duplicate, and approve/reject before catalogue promotion."
Medium,SUP-20260426-01613,1637,Kilian,Dark Lord,Blindfolded,343760-B,lz_clone_name,"Verify brand/name, resolve variant or duplicate, and approve/reject before catalogue promotion."
Medium,SUP-20260426-01614,1638,Kilian,Forbidden Games,Tribute,342767-A,lz_clone_name,"Verify brand/name, resolve variant or duplicate, and approve/reject before catalogue promotion."
Medium,SUP-20260426-01615,1639,Kilian,Gold Knight,Lancelot,461376,lz_clone_name,"Verify brand/name, resolve variant or duplicate, and approve/reject before catalogue promotion."
Medium,SUP-20260426-01616,1640,Kilian,Good Girl Gone Bad Extreme,Secret Seduction,339378,lz_clone_name,"Verify brand/name, resolve variant or duplicate, and approve/reject before catalogue promotion."
Medium,SUP-20260426-01617,1641,Kilian,Killing Me Slowly,Poisoned Love,339480,lz_clone_name,"Verify brand/name, resolve variant or duplicate, and approve/reject before catalogue promotion."
Medium,SUP-20260426-01618,1642,Kilian,Rolling In Love,Tashkent Mule,503694,lz_clone_name,"Verify brand/name, resolve variant or duplicate, and approve/reject before catalogue promotion."
Medium,SUP-20260426-01619,1644,Kilian,Vodka On The Rocks,Moscow Mule,461342,lz_clone_name,"Verify brand/name, resolve variant or duplicate, and approve/reject before catalogue promotion."
Medium,SUP-20260426-01620,1645,Kilian,Woman In Gold,Luxury Lady,461343,lz_clone_name,"Verify brand/name, resolve variant or duplicate, and approve/reject before catalogue promotion."
Medium,SUP-20260426-01621,1646,Kilian,White Heaven,Kristal,342203,lz_clone_name,"Verify brand/name, resolve variant or duplicate, and approve/reject before catalogue promotion."
Medium,SUP-20260426-01622,1647,Kilian,Bamboo Harmony,Lucky Panda,343735,lz_clone_name,"Verify brand/name, resolve variant or duplicate, and approve/reject before catalogue promotion."
Medium,SUP-20260426-01623,1648,Kilian,Kisses Don't Lie,Russian Egg,260778,lz_clone_name,"Verify brand/name, resolve variant or duplicate, and approve/reject before catalogue promotion."
Medium,SUP-20260426-01624,1649,Kilian,Black Phanthom,,240627,top,"Verify brand/name, resolve variant or duplicate, and approve/reject before catalogue promotion."
Medium,SUP-20260426-01625,1650,Kilian,Black Phantom Mimento Mori,Dark Skull,342796,lz_clone_name,"Verify brand/name, resolve variant or duplicate, and approve/reject before catalogue promotion."
Medium,SUP-20260426-01626,1651,Kilian,Intoxicated,Intoxicated Top,240402,lz_clone_name; top,"Verify brand/name, resolve variant or duplicate, and approve/reject before catalogue promotion."
Medium,SUP-20260426-01628,1653,Kilian,Roses On Ice,Saturday Night,339948-A,lz_clone_name,"Verify brand/name, resolve variant or duplicate, and approve/reject before catalogue promotion."
Medium,SUP-20260426-01629,1654,Kilian,A Kiss From A Rose,Ruzha,233490,lz_clone_name,"Verify brand/name, resolve variant or duplicate, and approve/reject before catalogue promotion."
Medium,SUP-20260426-01630,1655,Kilian,Light My Fire,Lihtar,680229,lz_clone_name,"Verify brand/name, resolve variant or duplicate, and approve/reject before catalogue promotion."
Medium,SUP-20260426-01631,1656,Kilian,Straight To Heaven OUD And,Diamond Blend,343902,lz_clone_name,"Verify brand/name, resolve variant or duplicate, and approve/reject before catalogue promotion."
Medium,SUP-20260426-01632,1657,Kilian,Peral OUD,Ama,343921,lz_clone_name,"Verify brand/name, resolve variant or duplicate, and approve/reject before catalogue promotion."
Medium,SUP-20260426-01633,1658,Kilian,Royal Leather,Glog,233521,lz_clone_name,"Verify brand/name, resolve variant or duplicate, and approve/reject before catalogue promotion."
Medium,SUP-20260426-01634,1659,Kilian,Playing With The Devil,,240428,top,"Verify brand/name, resolve variant or duplicate, and approve/reject before catalogue promotion."
Medium,SUP-20260426-01635,1660,Kilian,Musk Butterfly,Touch Of Feeling,354111,lz_clone_name,"Verify brand/name, resolve variant or duplicate, and approve/reject before catalogue promotion."
Medium,SUP-20260426-01636,1661,Kilian,Musk Butterfly,Touch Of Feeling,354111-T,lz_clone_name; top,"Verify brand/name, resolve variant or duplicate, and approve/reject before catalogue promotion."
Medium,SUP-20260426-01637,1662,Kilian,Love Don't Be Shy -rose & OUD,The Language Of Love,700989,lz_clone_name,"Verify brand/name, resolve variant or duplicate, and approve/reject before catalogue promotion."
Medium,SUP-20260426-01638,1663,Kilian,Can't Stop Loving You,Al Ways In My Mind,354275,lz_clone_name,"Verify brand/name, resolve variant or duplicate, and approve/reject before catalogue promotion."
Medium,SUP-20260426-01639,1664,Kilian,Can't Stop Loving You,Al Ways In My Mind,354275-A,lz_clone_name,"Verify brand/name, resolve variant or duplicate, and approve/reject before catalogue promotion."
Medium,SUP-20260426-01640,1665,Kilian,Blue Moon Ginger Dash,Beach Night,336349-T,lz_clone_name; top,"Verify brand/name, resolve variant or duplicate, and approve/reject before catalogue promotion."
Medium,SUP-20260426-01643,1668,Kilian,Good Girl Gone Bad,Good Girl Gone Bad,240098,top,"Verify brand/name, resolve variant or duplicate, and approve/reject before catalogue promotion."
Medium,SUP-20260426-01645,1670,Killan,L'heure Verte,World Of Wonders,702860,lz_clone_name,"Verify brand/name, resolve variant or duplicate, and approve/reject before catalogue promotion."
Medium,SUP-20260426-01646,1671,Killan,Apple Brandy On The Rocks,Night To Remember,702859-T,lz_clone_name,"Verify brand/name, resolve variant or duplicate, and approve/reject before catalogue promotion."
Medium,SUP-20260426-01647,1672,Kilian,Apple Brandy,Bowmore,342760,lz_clone_name,"Verify brand/name, resolve variant or duplicate, and approve/reject before catalogue promotion."
Medium,SUP-20260426-01648,1673,Kilian,Good Girl Gone Bad,Secret Influence,232017,lz_clone_name,"Verify brand/name, resolve variant or duplicate, and approve/reject before catalogue promotion."
Medium,SUP-20260426-01649,1674,Kilian,In The City Of Sin,Babylon,338984,lz_clone_name,"Verify brand/name, resolve variant or duplicate, and approve/reject before catalogue promotion."
Medium,SUP-20260426-01650,1675,Kilian,Love Dont Be Shy,,240868,top,"Verify brand/name, resolve variant or duplicate, and approve/reject before catalogue promotion."
Medium,SUP-20260426-01651,1676,Kilian,Love Don’t Be Shy,Velvet Love,232021,lz_clone_name,"Verify brand/name, resolve variant or duplicate, and approve/reject before catalogue promotion."
Medium,SUP-20260426-01652,1677,Kilian,White Heaven,Kristal,342203-T,lz_clone_name; top,"Verify brand/name, resolve variant or duplicate, and approve/reject before catalogue promotion."
Medium,SUP-20260426-01653,1678,Kilian,Kologne.shield Of Protection,Wrap Me In Your Arms,462286,lz_clone_name,"Verify brand/name, resolve variant or duplicate, and approve/reject before catalogue promotion."
Medium,SUP-20260426-01657,1682,Kinski,Kinski,Keen Actor,400058-T,lz_clone_name,"Verify brand/name, resolve variant or duplicate, and approve/reject before catalogue promotion."
Medium,SUP-20260426-01662,1687,Labdanum Super Abs,Labdanum Abs,,3000401,absolute_or_absolu; possible_raw_material_or_single_note; super,"Verify brand/name, resolve variant or duplicate, and approve/reject before catalogue promotion."
Medium,SUP-20260426-01668,1693,Lacoste,L.12.12.rouge,Redstone,230245-A,lz_clone_name,"Verify brand/name, resolve variant or duplicate, and approve/reject before catalogue promotion."
Medium,SUP-20260426-01669,1694,Lacoste,Lacoste Pour Femme,Ladies Volley,260894,lz_clone_name,"Verify brand/name, resolve variant or duplicate, and approve/reject before catalogue promotion."
Medium,SUP-20260426-01670,1695,Lacoste,Eau De Lacoste L.12.12 Blanc,Simplify,558483-A,lz_clone_name,"Verify brand/name, resolve variant or duplicate, and approve/reject before catalogue promotion."
Medium,SUP-20260426-01671,1696,Lacoste,White,Simplify,693257-A,lz_clone_name,"Verify brand/name, resolve variant or duplicate, and approve/reject before catalogue promotion."
High,SUP-20260426-01673,1698,Lacoste,Eau De Lacoste L12.12 Faiche,,3000403,duplicate_supplier_code,"Verify brand/name, resolve variant or duplicate, and approve/reject before catalogue promotion."
High,SUP-20260426-01674,1700,Lacoste,Lacoste Challenge,,3000403,duplicate_supplier_code,"Verify brand/name, resolve variant or duplicate, and approve/reject before catalogue promotion."
Medium,SUP-20260426-01681,1707,Lalique,Encre Noire,,240848,top,"Verify brand/name, resolve variant or duplicate, and approve/reject before catalogue promotion."
Medium,SUP-20260426-01689,1715,Lancom,Absolu Rose From The Dark,,250221,absolute_or_absolu,"Verify brand/name, resolve variant or duplicate, and approve/reject before catalogue promotion."
Medium,SUP-20260426-01691,1717,Lancom,Absolue OUD Bouquet,,240637,absolute_or_absolu,"Verify brand/name, resolve variant or duplicate, and approve/reject before catalogue promotion."
Medium,SUP-20260426-01695,1721,Lancom,La Vie Est Belle,,240492,top,"Verify brand/name, resolve variant or duplicate, and approve/reject before catalogue promotion."
Medium,SUP-20260426-01696,1722,Lancom,"La Vie Est Belle,lancom",This Is Julia,701759-C,lz_clone_name,"Verify brand/name, resolve variant or duplicate, and approve/reject before catalogue promotion."
Medium,SUP-20260426-01697,1723,Lancom,OUD Bouquet,Oriental Bunch,2302076-D,lz_clone_name,"Verify brand/name, resolve variant or duplicate, and approve/reject before catalogue promotion."
Medium,SUP-20260426-01699,1725,Lancom,Idole,,240671,top,"Verify brand/name, resolve variant or duplicate, and approve/reject before catalogue promotion."
Medium,SUP-20260426-01700,1726,Lancom,Idole Le Parfum,Idole Le Parfum,240091,top,"Verify brand/name, resolve variant or duplicate, and approve/reject before catalogue promotion."
Medium,SUP-20260426-01709,1735,Lancom,Tresor Midnight Rose,,240347,top,"Verify brand/name, resolve variant or duplicate, and approve/reject before catalogue promotion."
Medium,SUP-20260426-01712,1738,Lancome,OUD Bouquet,Oriental Bunch,232076 A,lz_clone_name,"Verify brand/name, resolve variant or duplicate, and approve/reject before catalogue promotion."
Medium,SUP-20260426-01714,1740,Lanvin,Eclat,Scandal,236025,lz_clone_name,"Verify brand/name, resolve variant or duplicate, and approve/reject before catalogue promotion."
Medium,SUP-20260426-01715,1741,Lanvin,Marry Me,Fiancee,230759,lz_clone_name,"Verify brand/name, resolve variant or duplicate, and approve/reject before catalogue promotion."
Medium,SUP-20260426-01716,1742,Lanvin,Modern Princess,Secret Girlfriend,233994-A,lz_clone_name,"Verify brand/name, resolve variant or duplicate, and approve/reject before catalogue promotion."
Medium,SUP-20260426-01717,1743,Lanvin,Eclat D Arpege,Scandalia,233299,lz_clone_name,"Verify brand/name, resolve variant or duplicate, and approve/reject before catalogue promotion."
Medium,SUP-20260426-01719,1745,L'artisan Parfumeur,Le Chant De Camargue,Savory Provence,343782,lz_clone_name,"Verify brand/name, resolve variant or duplicate, and approve/reject before catalogue promotion."
Medium,SUP-20260426-01728,1754,Lattafa,Ameer Al Oudh,,240739,top,"Verify brand/name, resolve variant or duplicate, and approve/reject before catalogue promotion."
Medium,SUP-20260426-01732,1758,Lattafa,Khamra,,240226,top,"Verify brand/name, resolve variant or duplicate, and approve/reject before catalogue promotion."
Medium,SUP-20260426-01733,1759,Lattafa,Blue OUD,Blue OUD LZ,343705-A,lz_clone_name,"Verify brand/name, resolve variant or duplicate, and approve/reject before catalogue promotion."
Medium,SUP-20260426-01737,1763,Lattafa,Yara Pink,,240159,top,"Verify brand/name, resolve variant or duplicate, and approve/reject before catalogue promotion."
Medium,SUP-20260426-01738,1764,Lattafa,Yara Pink,Yara Pink,240227,super,"Verify brand/name, resolve variant or duplicate, and approve/reject before catalogue promotion."
Medium,SUP-20260426-01741,1767,Laverne,Blue Laverne Bakhur,,240809,top,"Verify brand/name, resolve variant or duplicate, and approve/reject before catalogue promotion."
Medium,SUP-20260426-01745,1771,Le Labo,Sedrat 37,Bright Festival,503905,lz_clone_name,"Verify brand/name, resolve variant or duplicate, and approve/reject before catalogue promotion."
Medium,SUP-20260426-01746,1772,Le Labo,Sedrat 37,Bright Festival,503905-A,lz_clone_name,"Verify brand/name, resolve variant or duplicate, and approve/reject before catalogue promotion."
Medium,SUP-20260426-01747,1773,Le Labo,Tabac 28,Jack,260955,lz_clone_name,"Verify brand/name, resolve variant or duplicate, and approve/reject before catalogue promotion."
Medium,SUP-20260426-01748,1775,Le Labo,Baie 19,Green Accord,261075-A,lz_clone_name,"Verify brand/name, resolve variant or duplicate, and approve/reject before catalogue promotion."
Medium,SUP-20260426-01750,1777,Le Labo,Another 13,Leito,353973,lz_clone_name,"Verify brand/name, resolve variant or duplicate, and approve/reject before catalogue promotion."
Medium,SUP-20260426-01751,1778,Le Labo,Rose 31,,240429,top,"Verify brand/name, resolve variant or duplicate, and approve/reject before catalogue promotion."
Medium,SUP-20260426-01752,1779,Le Labo,Santal 33,,250037,top,"Verify brand/name, resolve variant or duplicate, and approve/reject before catalogue promotion."
Medium,SUP-20260426-01753,1780,Le Labo,Santal 33,Mister Sandman,339155,lz_clone_name,"Verify brand/name, resolve variant or duplicate, and approve/reject before catalogue promotion."
Medium,SUP-20260426-01754,1781,Le Labo,Santal 33,Mister Sandman,339155-T,lz_clone_name; top,"Verify brand/name, resolve variant or duplicate, and approve/reject before catalogue promotion."
Medium,SUP-20260426-01755,1782,Le Labo,Vetiver 46,Wood Accord,239272,lz_clone_name,"Verify brand/name, resolve variant or duplicate, and approve/reject before catalogue promotion."
Medium,SUP-20260426-01757,1784,Le Labo,Bergamote 22,Citrus Accord,580174-T,lz_clone_name,"Verify brand/name, resolve variant or duplicate, and approve/reject before catalogue promotion."
Medium,SUP-20260426-01758,1785,Le Labo,Bergamote 22,Citrus Accord,580174,lz_clone_name,"Verify brand/name, resolve variant or duplicate, and approve/reject before catalogue promotion."
Medium,SUP-20260426-01759,1786,Le Labo,Bergamote 22,Citrus Accord,580174-A,lz_clone_name,"Verify brand/name, resolve variant or duplicate, and approve/reject before catalogue promotion."
Medium,SUP-20260426-01760,1787,Le Labo,Gaiac 10 Tokyo,Smoky Forest,261246,lz_clone_name,"Verify brand/name, resolve variant or duplicate, and approve/reject before catalogue promotion."
Medium,SUP-20260426-01761,1788,Le Labo,Patchouli 24,Woody Chypre Accord,352337,lz_clone_name,"Verify brand/name, resolve variant or duplicate, and approve/reject before catalogue promotion."
Medium,SUP-20260426-01762,1789,Le Labo,The Noir 29,Black Tea Accord,580175,lz_clone_name,"Verify brand/name, resolve variant or duplicate, and approve/reject before catalogue promotion."
Medium,SUP-20260426-01767,1794,Lengling,Sekushi No. 7,Leathery Razzy,503811,lz_clone_name,"Verify brand/name, resolve variant or duplicate, and approve/reject before catalogue promotion."
Medium,SUP-20260426-01775,1802,Lorenzo Velloresi,Teint De Neige,Snow White,232093,lz_clone_name,"Verify brand/name, resolve variant or duplicate, and approve/reject before catalogue promotion."
Medium,SUP-20260426-01784,1811,Louis Vuitton,Sun Song -2025,,250096,top,"Verify brand/name, resolve variant or duplicate, and approve/reject before catalogue promotion."
Medium,SUP-20260426-01785,1812,Louis Vuitton,Sun Song -2025,,250128,super,"Verify brand/name, resolve variant or duplicate, and approve/reject before catalogue promotion."
Medium,SUP-20260426-01786,1813,Louis Vuitton,Elves,,250016,top,"Verify brand/name, resolve variant or duplicate, and approve/reject before catalogue promotion."
Medium,SUP-20260426-01788,1815,Louis Vuitton,Elves,,250032,super,"Verify brand/name, resolve variant or duplicate, and approve/reject before catalogue promotion."
Medium,SUP-20260426-01790,1817,Louis Vuitton,Spell On You,,240474,top,"Verify brand/name, resolve variant or duplicate, and approve/reject before catalogue promotion."
Medium,SUP-20260426-01791,1818,Louis Vuitton,Lv Lovers,,240445,top,"Verify brand/name, resolve variant or duplicate, and approve/reject before catalogue promotion."
Medium,SUP-20260426-01792,1819,Louis Vuitton,Lv Lovers,Lv Lovers,240362,super,"Verify brand/name, resolve variant or duplicate, and approve/reject before catalogue promotion."
Medium,SUP-20260426-01795,1822,Louis Vuitton,Dancing Blossom,,240349,top,"Verify brand/name, resolve variant or duplicate, and approve/reject before catalogue promotion."
Medium,SUP-20260426-01798,1825,Louis Vuitton,Contre Moi,Competitor,339187,lz_clone_name,"Verify brand/name, resolve variant or duplicate, and approve/reject before catalogue promotion."
Medium,SUP-20260426-01799,1826,Louis Vuitton,L Immensite,Never Ending Top,233336-T,lz_clone_name; top,"Verify brand/name, resolve variant or duplicate, and approve/reject before catalogue promotion."
Medium,SUP-20260426-01800,1827,Louis Vuitton,L Immensite A,Never Ending,233336-A,lz_clone_name,"Verify brand/name, resolve variant or duplicate, and approve/reject before catalogue promotion."
Medium,SUP-20260426-01802,1829,Louis Vuitton,Ombre Nomade,,240051,top,"Verify brand/name, resolve variant or duplicate, and approve/reject before catalogue promotion."
Medium,SUP-20260426-01804,1831,Louis Vuitton,Ombre Nomade,OUD Al Ibn Battuta,503554-T,lz_clone_name; top,"Verify brand/name, resolve variant or duplicate, and approve/reject before catalogue promotion."
Medium,SUP-20260426-01805,1832,Louis Vuitton,Ombre Nomade,OUD Al Ibn Battuta,503554,lz_clone_name,"Verify brand/name, resolve variant or duplicate, and approve/reject before catalogue promotion."
Medium,SUP-20260426-01806,1833,Louis Vuitton,Ombre Nomade,OUD Al Ibn Battuta,503554-A,lz_clone_name,"Verify brand/name, resolve variant or duplicate, and approve/reject before catalogue promotion."
Medium,SUP-20260426-01807,1834,Louis Vuitton,Le Jour Se Leve,Anet,233138-T,lz_clone_name; top,"Verify brand/name, resolve variant or duplicate, and approve/reject before catalogue promotion."
Medium,SUP-20260426-01808,1835,Louis Vuitton,Fleur Du Desert,,240277,top,"Verify brand/name, resolve variant or duplicate, and approve/reject before catalogue promotion."
Medium,SUP-20260426-01809,1836,Louis Vuitton,California Dream,Laguna Beach,503759,lz_clone_name,"Verify brand/name, resolve variant or duplicate, and approve/reject before catalogue promotion."
Medium,SUP-20260426-01810,1837,Louis Vuitton,Imagination,Contemporary Elegance,503876,lz_clone_name,"Verify brand/name, resolve variant or duplicate, and approve/reject before catalogue promotion."
Medium,SUP-20260426-01811,1838,Louis Vuitton,Imagination,Contemporary Elegance,503876-A,lz_clone_name,"Verify brand/name, resolve variant or duplicate, and approve/reject before catalogue promotion."
Medium,SUP-20260426-01812,1839,Louis Vuitton,City Of Stars,Shine Bright,233112-T,lz_clone_name; top,"Verify brand/name, resolve variant or duplicate, and approve/reject before catalogue promotion."
Medium,SUP-20260426-01814,1841,Louis Vuitton,City Of Stars,Shine Bright,233112,lz_clone_name,"Verify brand/name, resolve variant or duplicate, and approve/reject before catalogue promotion."
Medium,SUP-20260426-01815,1842,Louis Vuitton,Stellar Times,No Gravity,343998-T,lz_clone_name; top,"Verify brand/name, resolve variant or duplicate, and approve/reject before catalogue promotion."
Medium,SUP-20260426-01817,1844,Louis Vuitton,On The Beach,Sea Of Emotions,233485-T,lz_clone_name; top,"Verify brand/name, resolve variant or duplicate, and approve/reject before catalogue promotion."
Medium,SUP-20260426-01818,1845,Louis Vuitton,Afternoon Swim,Mora,261099-A,lz_clone_name,"Verify brand/name, resolve variant or duplicate, and approve/reject before catalogue promotion."
Medium,SUP-20260426-01819,1846,Louis Vuitton,On The Beach,Sea Of Emotions,233485,lz_clone_name,"Verify brand/name, resolve variant or duplicate, and approve/reject before catalogue promotion."
Medium,SUP-20260426-01821,1848,Louis Vuitton,Afternoon Swim,,240298,top,"Verify brand/name, resolve variant or duplicate, and approve/reject before catalogue promotion."
Medium,SUP-20260426-01822,1849,Louis Vuitton,Afternoon Swim,Mora,261099,lz_clone_name,"Verify brand/name, resolve variant or duplicate, and approve/reject before catalogue promotion."
Medium,SUP-20260426-01823,1851,Louis Vuitton,Orage,,240969,top,"Verify brand/name, resolve variant or duplicate, and approve/reject before catalogue promotion."
Medium,SUP-20260426-01824,1852,Louis Vuitton,Orage,Vacula,233496,lz_clone_name,"Verify brand/name, resolve variant or duplicate, and approve/reject before catalogue promotion."
Medium,SUP-20260426-01825,1853,Louis Vuitton,Etoile Filante,Resplended Star,343888-T,lz_clone_name,"Verify brand/name, resolve variant or duplicate, and approve/reject before catalogue promotion."
Medium,SUP-20260426-01826,1854,Louis Vuitton,Matiere Noire,Matiere Noire Top,240377,top,"Verify brand/name, resolve variant or duplicate, and approve/reject before catalogue promotion."
Medium,SUP-20260426-01827,1855,Louis Vuitton,Matiere Noire,Carbon Varnish,400065,lz_clone_name,"Verify brand/name, resolve variant or duplicate, and approve/reject before catalogue promotion."
Medium,SUP-20260426-01830,1858,Louis Vuitton,Myriad,,240612,top,"Verify brand/name, resolve variant or duplicate, and approve/reject before catalogue promotion."
Medium,SUP-20260426-01833,1861,Louis Vuitton,Coeur Battant,,240467,top,"Verify brand/name, resolve variant or duplicate, and approve/reject before catalogue promotion."
Medium,SUP-20260426-01836,1864,Louis Vuitton,Symphony,Symphony,240013,top,"Verify brand/name, resolve variant or duplicate, and approve/reject before catalogue promotion."
Medium,SUP-20260426-01837,1865,Louis Vuitton,I'immensite,L Immensite,240077,top,"Verify brand/name, resolve variant or duplicate, and approve/reject before catalogue promotion."
Medium,SUP-20260426-01838,1866,Louis Vuitton,Les Sables Roses,,240617,top,"Verify brand/name, resolve variant or duplicate, and approve/reject before catalogue promotion."
Medium,SUP-20260426-01840,1868,Louis Vuitton,Nouveau Monde,,240473,top,"Verify brand/name, resolve variant or duplicate, and approve/reject before catalogue promotion."
Medium,SUP-20260426-01841,1869,Louis Vuitton,Imagination,,250219,top,"Verify brand/name, resolve variant or duplicate, and approve/reject before catalogue promotion."
Medium,SUP-20260426-01842,1870,Louis Vuitton,Imagination,Imagination,240075,top,"Verify brand/name, resolve variant or duplicate, and approve/reject before catalogue promotion."
Medium,SUP-20260426-01844,1872,Louis Vuitton,Nuit De Feu,,240663,top,"Verify brand/name, resolve variant or duplicate, and approve/reject before catalogue promotion."
Medium,SUP-20260426-01845,1873,Louis Vuitton,Apogee,,240594,top,"Verify brand/name, resolve variant or duplicate, and approve/reject before catalogue promotion."
Medium,SUP-20260426-01852,1880,Louis Vutton,Orage,Vacula,233496-B,lz_clone_name,"Verify brand/name, resolve variant or duplicate, and approve/reject before catalogue promotion."
Medium,SUP-20260426-01853,1881,Luban,Luban,Frankincense Base,343630,lz_clone_name,"Verify brand/name, resolve variant or duplicate, and approve/reject before catalogue promotion."
Medium,SUP-20260426-01867,1895,Mind Games,Blockade,,240675,top,"Verify brand/name, resolve variant or duplicate, and approve/reject before catalogue promotion."
Medium,SUP-20260426-01878,1906,Maison Crivelli,Hibiscus Mahajad,,240230,super,"Verify brand/name, resolve variant or duplicate, and approve/reject before catalogue promotion."
Medium,SUP-20260426-01879,1907,Maison Crivelli,Hibiscus Mahajad,Hibiscus Mahajad,240087,top,"Verify brand/name, resolve variant or duplicate, and approve/reject before catalogue promotion."
Medium,SUP-20260426-01880,1908,Maison Crivelli,OUD Maracuja,,3343358,top,"Verify brand/name, resolve variant or duplicate, and approve/reject before catalogue promotion."
Medium,SUP-20260426-01884,1912,Maison Francis Kurkdjian,Masculine Pluriel EDT 2014,,250069,top,"Verify brand/name, resolve variant or duplicate, and approve/reject before catalogue promotion."
Medium,SUP-20260426-01890,1918,Maison Francis Kurkdjian,OUD Satin Mood Ext De,Cosy Wood,353819-T,lz_clone_name,"Verify brand/name, resolve variant or duplicate, and approve/reject before catalogue promotion."
Medium,SUP-20260426-01891,1919,Maison F.kurkdija,OUD Satin Mood Ext De,Cosy Wood,353819,lz_clone_name,"Verify brand/name, resolve variant or duplicate, and approve/reject before catalogue promotion."
Medium,SUP-20260426-01892,1920,Maison Francis Kurkdjian,OUD Satin Mood,,240279,top,"Verify brand/name, resolve variant or duplicate, and approve/reject before catalogue promotion."
Medium,SUP-20260426-01893,1921,Maison Francis Kurkdjian,OUD Satin Mood,,240538,super,"Verify brand/name, resolve variant or duplicate, and approve/reject before catalogue promotion."
Medium,SUP-20260426-01895,1923,Maison Francis Kurkdjian,Gentle Fludity Gold,,240035,top,"Verify brand/name, resolve variant or duplicate, and approve/reject before catalogue promotion."
High,SUP-20260426-01896,1924,Maison Francis Kurkdjian,Gentle Fludity Gold,,240066,duplicate_supplier_code,"Verify brand/name, resolve variant or duplicate, and approve/reject before catalogue promotion."
Medium,SUP-20260426-01899,1927,Maison F. Kurkdjia,Baccarat Rouge 540,,240062,top,"Verify brand/name, resolve variant or duplicate, and approve/reject before catalogue promotion."
Medium,SUP-20260426-01900,1928,Maison F. Kurkdjia,Baccarat Rouge 540,,240537,top,"Verify brand/name, resolve variant or duplicate, and approve/reject before catalogue promotion."
Medium,SUP-20260426-01901,1929,Maison Francis Kurkdjian,Baccarat Rouge 540,Sweet Escape,233206-T,lz_clone_name,"Verify brand/name, resolve variant or duplicate, and approve/reject before catalogue promotion."
Medium,SUP-20260426-01902,1930,Maison Francis Kurkdjian,Baccarat Rouge 541,Sweet Escape,233206-A,lz_clone_name,"Verify brand/name, resolve variant or duplicate, and approve/reject before catalogue promotion."
Medium,SUP-20260426-01903,1931,Maison Francis Kurkdjian,Baccarat Rouge 540,Sweet Escape,233206,lz_clone_name,"Verify brand/name, resolve variant or duplicate, and approve/reject before catalogue promotion."
Medium,SUP-20260426-01904,1932,Maison F. Kurkdija.,Baccarat R. 540 Ext De Parfum,Sweetest Escape,233930-T,lz_clone_name; top,"Verify brand/name, resolve variant or duplicate, and approve/reject before catalogue promotion."
Medium,SUP-20260426-01905,1933,Maison F. Kurkdija.,Baccarat R. 540 Ext De Parfum,Sweetest Escape,233930-A,lz_clone_name,"Verify brand/name, resolve variant or duplicate, and approve/reject before catalogue promotion."
Medium,SUP-20260426-01906,1934,Maison F. Kurkdjia.,Baccarat R. 540 Ext De Parfum,Sweetest Escape,233930,lz_clone_name,"Verify brand/name, resolve variant or duplicate, and approve/reject before catalogue promotion."
Medium,SUP-20260426-01907,1935,Maison Francis Kurkdjian,Aqua Celestia,Floral Water,342795,lz_clone_name,"Verify brand/name, resolve variant or duplicate, and approve/reject before catalogue promotion."
Medium,SUP-20260426-01908,1937,Maison Francis Kurkdjian,OUD,Mossy Wood,339491,lz_clone_name,"Verify brand/name, resolve variant or duplicate, and approve/reject before catalogue promotion."
Medium,SUP-20260426-01909,1938,Maison Francis Kurkdjian,Petit Matin,French Sunrise,339355,lz_clone_name,"Verify brand/name, resolve variant or duplicate, and approve/reject before catalogue promotion."
Medium,SUP-20260426-01910,1939,Maison F. Kurkdjia,Aqua Vitae Cologne Forte,Citrus Water,339996,lz_clone_name,"Verify brand/name, resolve variant or duplicate, and approve/reject before catalogue promotion."
Medium,SUP-20260426-01911,1940,Maison Francis Kurkdjian,Aqua Celestia Forte,Floral Water Noir,343906-T,lz_clone_name,"Verify brand/name, resolve variant or duplicate, and approve/reject before catalogue promotion."
Medium,SUP-20260426-01912,1941,Maison Francis Kurkdjian,Aqua Universals Cologne,Elixir Of Life,233503,lz_clone_name,"Verify brand/name, resolve variant or duplicate, and approve/reject before catalogue promotion."
Medium,SUP-20260426-01913,1942,Maison Francis Kurkdjian,Aqua Media Forte,Calming Time,462490-T,lz_clone_name,"Verify brand/name, resolve variant or duplicate, and approve/reject before catalogue promotion."
Medium,SUP-20260426-01914,1943,Maison F. Kurkdjia,A La Rose Pour Homme,,240403,top,"Verify brand/name, resolve variant or duplicate, and approve/reject before catalogue promotion."
Medium,SUP-20260426-01916,1945,Maison Francis Kurkdjian,724,,240407,top,"Verify brand/name, resolve variant or duplicate, and approve/reject before catalogue promotion."
Medium,SUP-20260426-01926,1955,Maison Martin,Lazy Sunday Morning,Cozy Cuddles,154519,lz_clone_name,"Verify brand/name, resolve variant or duplicate, and approve/reject before catalogue promotion."
Medium,SUP-20260426-01928,1957,Makkah Top,Makkah,,3000448,top,"Verify brand/name, resolve variant or duplicate, and approve/reject before catalogue promotion."
Medium,SUP-20260426-01937,1966,Mancera,Tonka Cola,Sweet Cannella,336336,lz_clone_name,"Verify brand/name, resolve variant or duplicate, and approve/reject before catalogue promotion."
Medium,SUP-20260426-01939,1968,Mancera,Roses Vanille LZ,Rose In Gold,231673-T,lz_clone_name; top,"Verify brand/name, resolve variant or duplicate, and approve/reject before catalogue promotion."
Medium,SUP-20260426-01940,1969,Mancera,Coco Vanille,Paradise In Gold,680191,lz_clone_name,"Verify brand/name, resolve variant or duplicate, and approve/reject before catalogue promotion."
Medium,SUP-20260426-01941,1970,Mancera,Coco Vanille,Paradise In Gold,680191 A,lz_clone_name,"Verify brand/name, resolve variant or duplicate, and approve/reject before catalogue promotion."
Medium,SUP-20260426-01942,1971,Mancera,Black Vanilla,Floral Touch,700901,lz_clone_name,"Verify brand/name, resolve variant or duplicate, and approve/reject before catalogue promotion."
Medium,SUP-20260426-01943,1972,Mancera,Aoud Orchid,Precious Gift,462182,lz_clone_name,"Verify brand/name, resolve variant or duplicate, and approve/reject before catalogue promotion."
Medium,SUP-20260426-01949,1978,Mancera,Rose Vanilla,,3000452,top,"Verify brand/name, resolve variant or duplicate, and approve/reject before catalogue promotion."
Medium,SUP-20260426-01952,1981,Marc Jacobs,Perfect Absolute,,250285,absolute_or_absolu,"Verify brand/name, resolve variant or duplicate, and approve/reject before catalogue promotion."
Medium,SUP-20260426-01956,1985,Marc Antoine,Aldebaran,,240976,top,"Verify brand/name, resolve variant or duplicate, and approve/reject before catalogue promotion."
Medium,SUP-20260426-01960,1989,M.a.b,Ganymede,Ganymede,240074,top,"Verify brand/name, resolve variant or duplicate, and approve/reject before catalogue promotion."
Medium,SUP-20260426-01961,1990,Marc Antoine,Ganymede,Kazbek,503934-T,lz_clone_name; top,"Verify brand/name, resolve variant or duplicate, and approve/reject before catalogue promotion."
Medium,SUP-20260426-01962,1991,Marc Antoine,Ganymede,Kazbek,503934 A,lz_clone_name,"Verify brand/name, resolve variant or duplicate, and approve/reject before catalogue promotion."
Medium,SUP-20260426-01963,1992,Marc-antoine,Ganymede,Kazbek,503934,lz_clone_name,"Verify brand/name, resolve variant or duplicate, and approve/reject before catalogue promotion."
Medium,SUP-20260426-01965,1994,Marc-antoine,B683,Dream World,354207-T,lz_clone_name,"Verify brand/name, resolve variant or duplicate, and approve/reject before catalogue promotion."
Medium,SUP-20260426-01966,1995,Marc-antoine,B683,Dream World,354207-B,lz_clone_name,"Verify brand/name, resolve variant or duplicate, and approve/reject before catalogue promotion."
Medium,SUP-20260426-01967,1996,Marc-antoine,Ganymade Extrait,Kazbek Ultra,680406,lz_clone_name,"Verify brand/name, resolve variant or duplicate, and approve/reject before catalogue promotion."
Medium,SUP-20260426-01968,1997,Maryam,Maryam,Maryam,349447,lz_clone_name,"Verify brand/name, resolve variant or duplicate, and approve/reject before catalogue promotion."
Medium,SUP-20260426-01969,1998,Maryam,Maryam,,3000455,top,"Verify brand/name, resolve variant or duplicate, and approve/reject before catalogue promotion."
Medium,SUP-20260426-01974,2003,Matiere Premiere,Falcon Leather,,240674,top,"Verify brand/name, resolve variant or duplicate, and approve/reject before catalogue promotion."
Medium,SUP-20260426-01976,2005,Matiere Premiere,Vanilla Powder,,250097,top,"Verify brand/name, resolve variant or duplicate, and approve/reject before catalogue promotion."
Medium,SUP-20260426-01986,2016,Memo,African Leather,Maasai Nomad,339052,lz_clone_name,"Verify brand/name, resolve variant or duplicate, and approve/reject before catalogue promotion."
Medium,SUP-20260426-01987,2017,Memo,Eau De Memo,Golden Sparrows,260810,lz_clone_name,"Verify brand/name, resolve variant or duplicate, and approve/reject before catalogue promotion."
Medium,SUP-20260426-01988,2018,Memo,Irish OUD,Dublin Nomad Ood,353126,lz_clone_name,"Verify brand/name, resolve variant or duplicate, and approve/reject before catalogue promotion."
Medium,SUP-20260426-01989,2019,Memo,Moroccan Leather,Fez Nomad,353804,lz_clone_name,"Verify brand/name, resolve variant or duplicate, and approve/reject before catalogue promotion."
Medium,SUP-20260426-01990,2020,Memo,Russian Leather,Siberian Nomad,502577-A,lz_clone_name,"Verify brand/name, resolve variant or duplicate, and approve/reject before catalogue promotion."
Medium,SUP-20260426-01991,2021,Memo,Marfa,Behind Blue Eyes,502545,lz_clone_name,"Verify brand/name, resolve variant or duplicate, and approve/reject before catalogue promotion."
Medium,SUP-20260426-01992,2022,Memo,French Leather,Grasse Nomad,701764-T,lz_clone_name,"Verify brand/name, resolve variant or duplicate, and approve/reject before catalogue promotion."
Medium,SUP-20260426-01993,2023,Memo,Irish Leather LZ,Dublin Nomad,351852,lz_clone_name,"Verify brand/name, resolve variant or duplicate, and approve/reject before catalogue promotion."
Medium,SUP-20260426-01994,2024,Memo,Sicilian Leather,Palermo Nomad,462040,lz_clone_name,"Verify brand/name, resolve variant or duplicate, and approve/reject before catalogue promotion."
Medium,SUP-20260426-01995,2025,Memo,Iberian Leather,Madrid Nomad,462230,lz_clone_name,"Verify brand/name, resolve variant or duplicate, and approve/reject before catalogue promotion."
Medium,SUP-20260426-01996,2026,Memo,Ocean Leather,Wild Sea,461907,lz_clone_name,"Verify brand/name, resolve variant or duplicate, and approve/reject before catalogue promotion."
Medium,SUP-20260426-01997,2027,Memo,Mallorcan Almond OUD,Balearic Wings,343917-T,lz_clone_name,"Verify brand/name, resolve variant or duplicate, and approve/reject before catalogue promotion."
Medium,SUP-20260426-01998,2028,Memo,Corfu Memo,Rashing Rocks,343913,lz_clone_name,"Verify brand/name, resolve variant or duplicate, and approve/reject before catalogue promotion."
Medium,SUP-20260426-02001,2031,Memo,Irish OUD,,3000461,top,"Verify brand/name, resolve variant or duplicate, and approve/reject before catalogue promotion."
Medium,SUP-20260426-02006,2036,Memo.,Tamarindo,White Beach,353748,lz_clone_name,"Verify brand/name, resolve variant or duplicate, and approve/reject before catalogue promotion."
Medium,SUP-20260426-02011,2041,Molton Brown,Tabacco Absolute,Smoky Heaven,343827,absolute_or_absolu; lz_clone_name,"Verify brand/name, resolve variant or duplicate, and approve/reject before catalogue promotion."
Medium,SUP-20260426-02012,2042,Mona Di Orio,Bohea Boheme,Golden Tea,339421,lz_clone_name,"Verify brand/name, resolve variant or duplicate, and approve/reject before catalogue promotion."
Medium,SUP-20260426-02013,2043,Mono Di Orio,Dojima,Luxurt Gold Drops,343847,lz_clone_name,"Verify brand/name, resolve variant or duplicate, and approve/reject before catalogue promotion."
Medium,SUP-20260426-02016,2046,Mont Blanc,Signature,Snowcrystal,343835,lz_clone_name,"Verify brand/name, resolve variant or duplicate, and approve/reject before catalogue promotion."
Medium,SUP-20260426-02019,2049,Mont Blanc,Montblanc Explorer,,240636,top,"Verify brand/name, resolve variant or duplicate, and approve/reject before catalogue promotion."
Medium,SUP-20260426-02031,2061,Montale,Roses Musk,Roses Musk,240592,top,"Verify brand/name, resolve variant or duplicate, and approve/reject before catalogue promotion."
Medium,SUP-20260426-02032,2062,Montale,Sweet Vanilla,Golden Hero,503594,lz_clone_name,"Verify brand/name, resolve variant or duplicate, and approve/reject before catalogue promotion."
Medium,SUP-20260426-02033,2063,Montale,Rendez- Vous A Paris,Tower Of Love,701830,lz_clone_name,"Verify brand/name, resolve variant or duplicate, and approve/reject before catalogue promotion."
Medium,SUP-20260426-02034,2064,Montale,Aoud Forest,Water Wood,232475,lz_clone_name,"Verify brand/name, resolve variant or duplicate, and approve/reject before catalogue promotion."
Medium,SUP-20260426-02035,2065,Montale,Black Aoud Aoud,,240717,top,"Verify brand/name, resolve variant or duplicate, and approve/reject before catalogue promotion."
Medium,SUP-20260426-02036,2066,Montale,Black Aoud,OUD Mystery,650079-B,lz_clone_name,"Verify brand/name, resolve variant or duplicate, and approve/reject before catalogue promotion."
Medium,SUP-20260426-02037,2067,Montale,Dark Purple,Farida,343775,lz_clone_name,"Verify brand/name, resolve variant or duplicate, and approve/reject before catalogue promotion."
Medium,SUP-20260426-02038,2068,Montale,Kabul Aoud,Babur,339321-B,lz_clone_name,"Verify brand/name, resolve variant or duplicate, and approve/reject before catalogue promotion."
Medium,SUP-20260426-02039,2069,Montale,Mukhallat,Vanilla Jamil,339410,lz_clone_name,"Verify brand/name, resolve variant or duplicate, and approve/reject before catalogue promotion."
Medium,SUP-20260426-02040,2070,Montale,Musk Rose,Enchanted Rose,338329,lz_clone_name,"Verify brand/name, resolve variant or duplicate, and approve/reject before catalogue promotion."
Medium,SUP-20260426-02041,2071,Montale,So Amber,Oriental Sun,461196,lz_clone_name,"Verify brand/name, resolve variant or duplicate, and approve/reject before catalogue promotion."
Medium,SUP-20260426-02042,2072,Montale,Spicy Aoud,Oriental Wood,343625-B,lz_clone_name,"Verify brand/name, resolve variant or duplicate, and approve/reject before catalogue promotion."
Medium,SUP-20260426-02043,2073,Montale,Starry Nights,Zorka,343731,lz_clone_name,"Verify brand/name, resolve variant or duplicate, and approve/reject before catalogue promotion."
Medium,SUP-20260426-02044,2074,Montale,Tropical Wood,Singapure,502575,lz_clone_name,"Verify brand/name, resolve variant or duplicate, and approve/reject before catalogue promotion."
Medium,SUP-20260426-02045,2075,Montale,Intense Café,,240470,intense; top,"Verify brand/name, resolve variant or duplicate, and approve/reject before catalogue promotion."
Medium,SUP-20260426-02046,2076,Montale,Wild Pears,Pyrus Sauvage,338798,lz_clone_name,"Verify brand/name, resolve variant or duplicate, and approve/reject before catalogue promotion."
Medium,SUP-20260426-02047,2077,Montale,Chocolate Greedy,Sweet Wolverine,502557,lz_clone_name,"Verify brand/name, resolve variant or duplicate, and approve/reject before catalogue promotion."
Medium,SUP-20260426-02048,2078,Montale,Arabians Tonka,Middle Eastern Dream,336258,lz_clone_name,"Verify brand/name, resolve variant or duplicate, and approve/reject before catalogue promotion."
Medium,SUP-20260426-02056,2087,Montana,Montana Parfum De Peau,Claudine,883052-B,lz_clone_name,"Verify brand/name, resolve variant or duplicate, and approve/reject before catalogue promotion."
Medium,SUP-20260426-02059,2090,Moschino,Funny,Hilarious,347616,lz_clone_name,"Verify brand/name, resolve variant or duplicate, and approve/reject before catalogue promotion."
Medium,SUP-20260426-02060,2091,Moschino,Toy 2 Bubble Gum,Pink Candies,680251,lz_clone_name,"Verify brand/name, resolve variant or duplicate, and approve/reject before catalogue promotion."
Medium,SUP-20260426-02061,2092,Moschino,Moschino Toy Boy,Rose For Men,233168,lz_clone_name,"Verify brand/name, resolve variant or duplicate, and approve/reject before catalogue promotion."
Medium,SUP-20260426-02062,2093,Moschino,Toy 2,Yellow Candies,701800-T,lz_clone_name,"Verify brand/name, resolve variant or duplicate, and approve/reject before catalogue promotion."
Medium,SUP-20260426-02076,2107,Mukhallat,Ibrahim,Toosie Slide,580092,lz_clone_name,"Verify brand/name, resolve variant or duplicate, and approve/reject before catalogue promotion."
Medium,SUP-20260426-02077,2108,Mukhallat,Mukhallat Kuwait,Mukhallat Kuwait,3000487,lz_clone_name,"Verify brand/name, resolve variant or duplicate, and approve/reject before catalogue promotion."
Medium,SUP-20260426-02078,2109,Mukhallat,Mukhallat,Toosie Slide,580092-B,lz_clone_name,"Verify brand/name, resolve variant or duplicate, and approve/reject before catalogue promotion."
Medium,SUP-20260426-02080,2111,Musk,Al Tahra White,,240718,possible_raw_material_or_single_note,"Verify brand/name, resolve variant or duplicate, and approve/reject before catalogue promotion."
Medium,SUP-20260426-02082,2113,Musk,Misk With Strawberry,,250176,possible_raw_material_or_single_note,"Verify brand/name, resolve variant or duplicate, and approve/reject before catalogue promotion."
Medium,SUP-20260426-02083,2114,Musk,Misk With Chocolate,,250190,possible_raw_material_or_single_note,"Verify brand/name, resolve variant or duplicate, and approve/reject before catalogue promotion."
Medium,SUP-20260426-02084,2115,Musk,Misk With Chocopista,,250191,possible_raw_material_or_single_note,"Verify brand/name, resolve variant or duplicate, and approve/reject before catalogue promotion."
Medium,SUP-20260426-02085,2116,Musk,Misk With Marshmallow,,250192,possible_raw_material_or_single_note,"Verify brand/name, resolve variant or duplicate, and approve/reject before catalogue promotion."
Medium,SUP-20260426-02086,2117,Musk,Misk With Hudson Valley,,240737,possible_raw_material_or_single_note,"Verify brand/name, resolve variant or duplicate, and approve/reject before catalogue promotion."
Medium,SUP-20260426-02087,2118,Musk,Misk With Gissah Imperial Valley,,240736,possible_raw_material_or_single_note,"Verify brand/name, resolve variant or duplicate, and approve/reject before catalogue promotion."
Medium,SUP-20260426-02088,2119,Musk,Misk With Pink Sugar,,240679,possible_raw_material_or_single_note,"Verify brand/name, resolve variant or duplicate, and approve/reject before catalogue promotion."
Medium,SUP-20260426-02089,2120,Musk,Misk With Good Girl,,240680,possible_raw_material_or_single_note,"Verify brand/name, resolve variant or duplicate, and approve/reject before catalogue promotion."
Medium,SUP-20260426-02090,2121,Musk,Misk With Erba Pura,,240681,possible_raw_material_or_single_note,"Verify brand/name, resolve variant or duplicate, and approve/reject before catalogue promotion."
Medium,SUP-20260426-02091,2122,Musk,Misk With Blueberry Navy,,240682,possible_raw_material_or_single_note,"Verify brand/name, resolve variant or duplicate, and approve/reject before catalogue promotion."
Medium,SUP-20260426-02092,2123,Musk,Misk With Bluberry,,240683,possible_raw_material_or_single_note,"Verify brand/name, resolve variant or duplicate, and approve/reject before catalogue promotion."
Medium,SUP-20260426-02093,2124,Musk,Misk With Pineapple,,240684,possible_raw_material_or_single_note,"Verify brand/name, resolve variant or duplicate, and approve/reject before catalogue promotion."
Medium,SUP-20260426-02094,2125,Musk,Safi,,240252,possible_raw_material_or_single_note,"Verify brand/name, resolve variant or duplicate, and approve/reject before catalogue promotion."
Medium,SUP-20260426-02095,2126,Musk,Rumman,Musk Al Roman Ys,354068,lz_clone_name; possible_raw_material_or_single_note,"Verify brand/name, resolve variant or duplicate, and approve/reject before catalogue promotion."
Medium,SUP-20260426-02096,2127,Musk,Mukhallat Musk,Mukhallat Musk,285044,lz_clone_name; possible_raw_material_or_single_note,"Verify brand/name, resolve variant or duplicate, and approve/reject before catalogue promotion."
Medium,SUP-20260426-02097,2128,Musk,Shaik Al Shyukh,White Musk Az,339296,lz_clone_name; possible_raw_material_or_single_note,"Verify brand/name, resolve variant or duplicate, and approve/reject before catalogue promotion."
Medium,SUP-20260426-02098,2129,Musk,Misk With Pomegranate,,240685,possible_raw_material_or_single_note,"Verify brand/name, resolve variant or duplicate, and approve/reject before catalogue promotion."
Medium,SUP-20260426-02099,2130,Musk,Misk With Peach,Misk Al Khukh,353685,lz_clone_name; possible_raw_material_or_single_note,"Verify brand/name, resolve variant or duplicate, and approve/reject before catalogue promotion."
Medium,SUP-20260426-02100,2131,Musk,Misk With Rose,Misk Al Ward,353981,lz_clone_name; possible_raw_material_or_single_note,"Verify brand/name, resolve variant or duplicate, and approve/reject before catalogue promotion."
Medium,SUP-20260426-02101,2132,Musk,Misk With Orange,Misk Al Burtuqal,353931,lz_clone_name; possible_raw_material_or_single_note,"Verify brand/name, resolve variant or duplicate, and approve/reject before catalogue promotion."
Medium,SUP-20260426-02102,2133,Musk,Misk With Lavendor,Misk Al Khuzama,352319-A,lz_clone_name; possible_raw_material_or_single_note,"Verify brand/name, resolve variant or duplicate, and approve/reject before catalogue promotion."
Medium,SUP-20260426-02103,2134,Musk,Misk Powder,Misk Powder,354040,lz_clone_name; possible_raw_material_or_single_note,"Verify brand/name, resolve variant or duplicate, and approve/reject before catalogue promotion."
Medium,SUP-20260426-02104,2135,Musk,Misk With Apple,Misk Al Tafaha,353916,lz_clone_name; possible_raw_material_or_single_note,"Verify brand/name, resolve variant or duplicate, and approve/reject before catalogue promotion."
Medium,SUP-20260426-02105,2136,Musk,Misk With OUD,Misk Al OUD,354045,lz_clone_name; possible_raw_material_or_single_note,"Verify brand/name, resolve variant or duplicate, and approve/reject before catalogue promotion."
Medium,SUP-20260426-02106,2137,Musk,Misk With Mulberry,Misk Al Toot,353914,lz_clone_name; possible_raw_material_or_single_note,"Verify brand/name, resolve variant or duplicate, and approve/reject before catalogue promotion."
Medium,SUP-20260426-02107,2138,Musk,Misk With Kamuthraa,Misk Al Kamuthraa,353944,lz_clone_name; possible_raw_material_or_single_note,"Verify brand/name, resolve variant or duplicate, and approve/reject before catalogue promotion."
Medium,SUP-20260426-02108,2139,Musk,Misk With Cherry,Misk Al Karz,353943,lz_clone_name; possible_raw_material_or_single_note,"Verify brand/name, resolve variant or duplicate, and approve/reject before catalogue promotion."
Medium,SUP-20260426-02109,2140,Musk,Misk With Vanilana,Misk Al Vanilana,353982,lz_clone_name; possible_raw_material_or_single_note,"Verify brand/name, resolve variant or duplicate, and approve/reject before catalogue promotion."
Medium,SUP-20260426-02110,2141,Musk,Misk Al Barghmut,Misk Al Barghmut,353115,lz_clone_name; possible_raw_material_or_single_note,"Verify brand/name, resolve variant or duplicate, and approve/reject before catalogue promotion."
Medium,SUP-20260426-02111,2142,Musk,Misk Al Luban,Misk Al Luban,350531,lz_clone_name; possible_raw_material_or_single_note,"Verify brand/name, resolve variant or duplicate, and approve/reject before catalogue promotion."
Medium,SUP-20260426-02112,2143,Musk,Musk Tahara,,3000490,possible_raw_material_or_single_note,"Verify brand/name, resolve variant or duplicate, and approve/reject before catalogue promotion."
Medium,SUP-20260426-02113,2144,Musk,Musk Tahara,,3000491,possible_raw_material_or_single_note,"Verify brand/name, resolve variant or duplicate, and approve/reject before catalogue promotion."
Medium,SUP-20260426-02115,2147,Musk Al,Musk Al Shoyoukh Luzi,Musk Al Shoyoukh,260659-T,lz_clone_name,"Verify brand/name, resolve variant or duplicate, and approve/reject before catalogue promotion."
Medium,SUP-20260426-02118,2150,Musk Al Tahara,Misk Al Tahara,Misk Al Tahara,351820-F,lz_clone_name,"Verify brand/name, resolve variant or duplicate, and approve/reject before catalogue promotion."
Medium,SUP-20260426-02119,2151,Musk Al Tahara,Misk Al Tahara,Misk Al Tahara,351820-L,lz_clone_name,"Verify brand/name, resolve variant or duplicate, and approve/reject before catalogue promotion."
Medium,SUP-20260426-02122,2154,Musk,White Musk,,240173,possible_raw_material_or_single_note,"Verify brand/name, resolve variant or duplicate, and approve/reject before catalogue promotion."
Medium,SUP-20260426-02124,2156,Nabeel,Nasaem LZ,Essential Bakhoor,232975-A,lz_clone_name,"Verify brand/name, resolve variant or duplicate, and approve/reject before catalogue promotion."
Medium,SUP-20260426-02125,2157,Nabeel,Bakhoor Touch Me,,3000497,top,"Verify brand/name, resolve variant or duplicate, and approve/reject before catalogue promotion."
Medium,SUP-20260426-02130,2162,Nagarmotha,Nagarmotha,,3000503,top,"Verify brand/name, resolve variant or duplicate, and approve/reject before catalogue promotion."
Medium,SUP-20260426-02139,2171,Narciso,Fleur Musc For Her,Twilight Flower,461300-B,lz_clone_name,"Verify brand/name, resolve variant or duplicate, and approve/reject before catalogue promotion."
Medium,SUP-20260426-02140,2172,Narciso,All Of Me,Resume For Her,354351,lz_clone_name,"Verify brand/name, resolve variant or duplicate, and approve/reject before catalogue promotion."
Medium,SUP-20260426-02147,2179,Narciso,Poudree,,240651,top,"Verify brand/name, resolve variant or duplicate, and approve/reject before catalogue promotion."
Medium,SUP-20260426-02148,2180,Narciso,Pure Musc For Her,,240423,top,"Verify brand/name, resolve variant or duplicate, and approve/reject before catalogue promotion."
Medium,SUP-20260426-02151,2183,Nasomatto,Baraonda,,240746,top,"Verify brand/name, resolve variant or duplicate, and approve/reject before catalogue promotion."
Medium,SUP-20260426-02153,2185,Nasomatto,Black Afgano,,250315,top,"Verify brand/name, resolve variant or duplicate, and approve/reject before catalogue promotion."
Medium,SUP-20260426-02154,2186,Nasomatto,Black Afgano,,250316,super,"Verify brand/name, resolve variant or duplicate, and approve/reject before catalogue promotion."
Medium,SUP-20260426-02156,2188,Nasomatto,Black Afgano,Black Ebony,359607,lz_clone_name,"Verify brand/name, resolve variant or duplicate, and approve/reject before catalogue promotion."
Medium,SUP-20260426-02157,2189,Nasomatto,Black Afgano,Black Ebony,359607-A,lz_clone_name,"Verify brand/name, resolve variant or duplicate, and approve/reject before catalogue promotion."
Medium,SUP-20260426-02158,2190,Nasomatto,Black Afgano,Black Ebony,359607-B,lz_clone_name,"Verify brand/name, resolve variant or duplicate, and approve/reject before catalogue promotion."
Medium,SUP-20260426-02159,2191,Nasomatto,Black Afgano,Black Ebony,359607-T,lz_clone_name; top,"Verify brand/name, resolve variant or duplicate, and approve/reject before catalogue promotion."
Medium,SUP-20260426-02160,2192,Nasomatto,China White,Ming Dynasty,461187,lz_clone_name,"Verify brand/name, resolve variant or duplicate, and approve/reject before catalogue promotion."
Medium,SUP-20260426-02161,2193,Nasomatto,Narcotic Venus Woman,Delphinus,339277,lz_clone_name,"Verify brand/name, resolve variant or duplicate, and approve/reject before catalogue promotion."
Medium,SUP-20260426-02162,2194,Nasomatto,Nudiflorum,Skin Touch,339406,lz_clone_name,"Verify brand/name, resolve variant or duplicate, and approve/reject before catalogue promotion."
Medium,SUP-20260426-02163,2195,Nasomatto,Fantomas,Louidenes,503818,lz_clone_name,"Verify brand/name, resolve variant or duplicate, and approve/reject before catalogue promotion."
Medium,SUP-20260426-02164,2196,Nasomatto,Sadonaso,Fight Back,344230,lz_clone_name,"Verify brand/name, resolve variant or duplicate, and approve/reject before catalogue promotion."
Medium,SUP-20260426-02165,2197,Nasomatto,Sadonaso,Fight Back,344230-A,lz_clone_name,"Verify brand/name, resolve variant or duplicate, and approve/reject before catalogue promotion."
Medium,SUP-20260426-02166,2198,Nasomatto,Nudiflorum,Nudiflorum,240107,top,"Verify brand/name, resolve variant or duplicate, and approve/reject before catalogue promotion."
Medium,SUP-20260426-02168,2200,Nasomatto,Sadonaso,,3000512,top,"Verify brand/name, resolve variant or duplicate, and approve/reject before catalogue promotion."
Medium,SUP-20260426-02169,2201,Nicolai,Patchouli Intense,Alquittara,339332-T,intense; lz_clone_name; top,"Verify brand/name, resolve variant or duplicate, and approve/reject before catalogue promotion."
Medium,SUP-20260426-02170,2202,Nina Ricci,Nina,,240325,top,"Verify brand/name, resolve variant or duplicate, and approve/reject before catalogue promotion."
Medium,SUP-20260426-02184,2217,Nishane,Fan Your Flames,,240303,top,"Verify brand/name, resolve variant or duplicate, and approve/reject before catalogue promotion."
Medium,SUP-20260426-02185,2218,Nishane,Hacivat,Spirit Of Art,461860-A,lz_clone_name,"Verify brand/name, resolve variant or duplicate, and approve/reject before catalogue promotion."
Medium,SUP-20260426-02196,2229,Nishane,Nishane Hacivat Extrait De Parfum,,3000523,top,"Verify brand/name, resolve variant or duplicate, and approve/reject before catalogue promotion."
Medium,SUP-20260426-02203,2236,Ormaie,Marque-page,Unioue Wander,261138-T,lz_clone_name,"Verify brand/name, resolve variant or duplicate, and approve/reject before catalogue promotion."
Medium,SUP-20260426-02209,2242,Ormonde Jayne,Montabaco,Tobacco Brown Suede,260728-T,lz_clone_name; top,"Verify brand/name, resolve variant or duplicate, and approve/reject before catalogue promotion."
Medium,SUP-20260426-02210,2243,Ormonde Jayne,Montabaco,Tobacco Brown Suede,260728,lz_clone_name,"Verify brand/name, resolve variant or duplicate, and approve/reject before catalogue promotion."
Medium,SUP-20260426-02211,2244,Ormonde Jayne,Montabaco,Tobacco Brown Suede,260728-A,lz_clone_name,"Verify brand/name, resolve variant or duplicate, and approve/reject before catalogue promotion."
Medium,SUP-20260426-02212,2245,Ormonde Jayne,2 Nawab Of Oudh Intensivo,I Represent You,233510-T,lz_clone_name,"Verify brand/name, resolve variant or duplicate, and approve/reject before catalogue promotion."
Medium,SUP-20260426-02213,2246,Ormonde Jayne,Oudh Flor Parfum (ha,Sights In London,336318-T,lz_clone_name,"Verify brand/name, resolve variant or duplicate, and approve/reject before catalogue promotion."
Medium,SUP-20260426-02216,2249,Orto Parisi,Megamare,Might,503782-A,lz_clone_name,"Verify brand/name, resolve variant or duplicate, and approve/reject before catalogue promotion."
Medium,SUP-20260426-02217,2250,Orto Parisi,Terroni,Red Ebony,343773-A,lz_clone_name,"Verify brand/name, resolve variant or duplicate, and approve/reject before catalogue promotion."
Medium,SUP-20260426-02218,2251,Orto Parisi,Cuoium,Fierce Leather,503930-T,lz_clone_name; top,"Verify brand/name, resolve variant or duplicate, and approve/reject before catalogue promotion."
Medium,SUP-20260426-02219,2252,Orto Parisi,Cuoium,Fierce Leather,503930,lz_clone_name,"Verify brand/name, resolve variant or duplicate, and approve/reject before catalogue promotion."
Medium,SUP-20260426-02221,2254,Orto Parisi,Megamare,,3000526,top,"Verify brand/name, resolve variant or duplicate, and approve/reject before catalogue promotion."
Medium,SUP-20260426-02222,2255,Orto Parisi,Bergamask,Bergamask,240081,top,"Verify brand/name, resolve variant or duplicate, and approve/reject before catalogue promotion."
Medium,SUP-20260426-02226,2259,Orto Parisi,Viride,,240385,top,"Verify brand/name, resolve variant or duplicate, and approve/reject before catalogue promotion."
Medium,SUP-20260426-02227,2260,OUD,OUD Shams,OUD Assam,343973,lz_clone_name; possible_raw_material_or_single_note,"Verify brand/name, resolve variant or duplicate, and approve/reject before catalogue promotion."
Medium,SUP-20260426-02228,2261,OUD,Dahnal OUD Asami,,3000530,possible_raw_material_or_single_note,"Verify brand/name, resolve variant or duplicate, and approve/reject before catalogue promotion."
Medium,SUP-20260426-02229,2262,OUD,Dahnal OUD Bormi,,3000531,possible_raw_material_or_single_note,"Verify brand/name, resolve variant or duplicate, and approve/reject before catalogue promotion."
Medium,SUP-20260426-02230,2263,OUD,Dahnal OUD Combodi,,3000532,possible_raw_material_or_single_note,"Verify brand/name, resolve variant or duplicate, and approve/reject before catalogue promotion."
Medium,SUP-20260426-02231,2264,OUD,Dahnal OUD Supar,,3000533,possible_raw_material_or_single_note,"Verify brand/name, resolve variant or duplicate, and approve/reject before catalogue promotion."
Medium,SUP-20260426-02232,2265,OUD,OUD Saudi,,3000534,possible_raw_material_or_single_note,"Verify brand/name, resolve variant or duplicate, and approve/reject before catalogue promotion."
Medium,SUP-20260426-02233,2266,OUD,Dahnal OUD Kalakasi,,3000535,possible_raw_material_or_single_note,"Verify brand/name, resolve variant or duplicate, and approve/reject before catalogue promotion."
Medium,SUP-20260426-02237,2270,OUD Balla Top,OUD Balla,,3000539,top,"Verify brand/name, resolve variant or duplicate, and approve/reject before catalogue promotion."
Medium,SUP-20260426-02242,2275,Oudh Boya Nt,Oudh Boya Nt Abs,,3000545,absolute_or_absolu,"Verify brand/name, resolve variant or duplicate, and approve/reject before catalogue promotion."
Medium,SUP-20260426-02245,2279,Paco Rabanne,Invictus Victory Absolu 2025,,250201,absolute_or_absolu,"Verify brand/name, resolve variant or duplicate, and approve/reject before catalogue promotion."
Medium,SUP-20260426-02247,2281,Paco Rabanne,Invictus Victory Absolu,,250044,absolute_or_absolu,"Verify brand/name, resolve variant or duplicate, and approve/reject before catalogue promotion."
Medium,SUP-20260426-02248,2282,Paco Rabanne,Olympea Absolu,,250038,absolute_or_absolu,"Verify brand/name, resolve variant or duplicate, and approve/reject before catalogue promotion."
Medium,SUP-20260426-02255,2289,Paco Rabanne,Black Xs,Cryptic,606822-C,lz_clone_name,"Verify brand/name, resolve variant or duplicate, and approve/reject before catalogue promotion."
Medium,SUP-20260426-02256,2290,Paco Rabanne,Ebony Abundance/excess,Ebony Abundance,340170-B,lz_clone_name,"Verify brand/name, resolve variant or duplicate, and approve/reject before catalogue promotion."
Medium,SUP-20260426-02257,2291,Paco Rabanne,Ebony Abundance/excess,Ebony Abundance,340170-C,lz_clone_name,"Verify brand/name, resolve variant or duplicate, and approve/reject before catalogue promotion."
Medium,SUP-20260426-02260,2294,Paco Rabanne,Invictus LZ,Big Hit,230790-AH,lz_clone_name,"Verify brand/name, resolve variant or duplicate, and approve/reject before catalogue promotion."
Medium,SUP-20260426-02261,2295,Paco Rabanne,Olympea Blossom,Donna Magnifica,233459-A,lz_clone_name,"Verify brand/name, resolve variant or duplicate, and approve/reject before catalogue promotion."
Medium,SUP-20260426-02262,2296,Paco Rabanne,Olympea Flor,Flore Magnifico,354299-A,lz_clone_name,"Verify brand/name, resolve variant or duplicate, and approve/reject before catalogue promotion."
Medium,SUP-20260426-02263,2297,Paco Rabanne,Lady Million,,240421,top,"Verify brand/name, resolve variant or duplicate, and approve/reject before catalogue promotion."
Medium,SUP-20260426-02264,2298,Paco Rabanne,Lady Million,Dollar Baby,650103-A,lz_clone_name,"Verify brand/name, resolve variant or duplicate, and approve/reject before catalogue promotion."
Medium,SUP-20260426-02265,2299,Paco Rabanne,Lady Million,Dollar Baby,650103-T,lz_clone_name; top,"Verify brand/name, resolve variant or duplicate, and approve/reject before catalogue promotion."
Medium,SUP-20260426-02266,2300,Paco Rabanne,1 Million Elixir,Castle Street,354120,lz_clone_name,"Verify brand/name, resolve variant or duplicate, and approve/reject before catalogue promotion."
Medium,SUP-20260426-02268,2302,Paco Rabanne,Invictus Platinum,The Biggest Hit,336174-T,lz_clone_name,"Verify brand/name, resolve variant or duplicate, and approve/reject before catalogue promotion."
Medium,SUP-20260426-02269,2303,Paco Rabanne,Fame,Sophisticated Lady,462298,lz_clone_name,"Verify brand/name, resolve variant or duplicate, and approve/reject before catalogue promotion."
Medium,SUP-20260426-02270,2304,Paco Rabanne,1 Million Lucky,,240443,top,"Verify brand/name, resolve variant or duplicate, and approve/reject before catalogue promotion."
Medium,SUP-20260426-02273,2307,Paco Rabanne,Phantom Parfume,,240634,top,"Verify brand/name, resolve variant or duplicate, and approve/reject before catalogue promotion."
Medium,SUP-20260426-02284,2318,Paco Rabanne,Olympea,,240584,top,"Verify brand/name, resolve variant or duplicate, and approve/reject before catalogue promotion."
Medium,SUP-20260426-02292,2326,Paco Rabanne,Invictus Victory,,240390,top,"Verify brand/name, resolve variant or duplicate, and approve/reject before catalogue promotion."
Medium,SUP-20260426-02300,2334,Parfums De Marly,Castley,,250098,top,"Verify brand/name, resolve variant or duplicate, and approve/reject before catalogue promotion."
Medium,SUP-20260426-02301,2335,Parfums De Marly,Castley,,250132,super,"Verify brand/name, resolve variant or duplicate, and approve/reject before catalogue promotion."
Medium,SUP-20260426-02305,2339,Parfums De Marly,Casilli,,240414,top,"Verify brand/name, resolve variant or duplicate, and approve/reject before catalogue promotion."
Medium,SUP-20260426-02306,2340,Parfums De Marly,Herod,,240412,top,"Verify brand/name, resolve variant or duplicate, and approve/reject before catalogue promotion."
Medium,SUP-20260426-02307,2341,Parfums De Marly,Percival,,240361,top,"Verify brand/name, resolve variant or duplicate, and approve/reject before catalogue promotion."
Medium,SUP-20260426-02309,2343,Parfums De Marly,Althair,,240633,top,"Verify brand/name, resolve variant or duplicate, and approve/reject before catalogue promotion."
High,SUP-20260426-02310,2344,Parfums De Marly,Althair,,240041,duplicate_supplier_code,"Verify brand/name, resolve variant or duplicate, and approve/reject before catalogue promotion."
Medium,SUP-20260426-02312,2346,Parfums De Marly,Pegasus,Pegasus,240073,top,"Verify brand/name, resolve variant or duplicate, and approve/reject before catalogue promotion."
Medium,SUP-20260426-02313,2347,Parfumes De,Haltane,,240595,top,"Verify brand/name, resolve variant or duplicate, and approve/reject before catalogue promotion."
Medium,SUP-20260426-02314,2348,Parfumes De,Haltane,Wingardium Leviosa,234078,lz_clone_name,"Verify brand/name, resolve variant or duplicate, and approve/reject before catalogue promotion."
Medium,SUP-20260426-02315,2349,Parfumes De,Layton Exclusif,,240264,top,"Verify brand/name, resolve variant or duplicate, and approve/reject before catalogue promotion."
Medium,SUP-20260426-02316,2350,Parfumes De,Delina Exclusif,,3000564,top,"Verify brand/name, resolve variant or duplicate, and approve/reject before catalogue promotion."
Medium,SUP-20260426-02318,2352,Parfumes De,Sedley,,240302,top,"Verify brand/name, resolve variant or duplicate, and approve/reject before catalogue promotion."
Medium,SUP-20260426-02319,2354,Parfumes De,Sedley,Samota,503864,lz_clone_name,"Verify brand/name, resolve variant or duplicate, and approve/reject before catalogue promotion."
Medium,SUP-20260426-02320,2355,Parfums De,Shagya,Spadar,261092-T,lz_clone_name,"Verify brand/name, resolve variant or duplicate, and approve/reject before catalogue promotion."
Medium,SUP-20260426-02321,2356,Parfums De,Sedbury,Kvetka,680247-XX,lz_clone_name,"Verify brand/name, resolve variant or duplicate, and approve/reject before catalogue promotion."
Medium,SUP-20260426-02322,2357,Parfums De,Darcy,Royal Equestrian Ys,694434,lz_clone_name,"Verify brand/name, resolve variant or duplicate, and approve/reject before catalogue promotion."
Medium,SUP-20260426-02323,2358,Parfums De,Sfand,Ranak,233560,lz_clone_name,"Verify brand/name, resolve variant or duplicate, and approve/reject before catalogue promotion."
Medium,SUP-20260426-02324,2359,Parfums De,Oajan,Aden,233522,lz_clone_name,"Verify brand/name, resolve variant or duplicate, and approve/reject before catalogue promotion."
Medium,SUP-20260426-02325,2360,Parfums De,Nisean,Voka Ys,694430,lz_clone_name,"Verify brand/name, resolve variant or duplicate, and approve/reject before catalogue promotion."
Medium,SUP-20260426-02326,2361,Parfums De,Meliora,Zenith,353760,lz_clone_name,"Verify brand/name, resolve variant or duplicate, and approve/reject before catalogue promotion."
Medium,SUP-20260426-02327,2362,Parfums De,Galloway,Royal Ascot Ys,694431,lz_clone_name,"Verify brand/name, resolve variant or duplicate, and approve/reject before catalogue promotion."
Medium,SUP-20260426-02328,2363,Parfums De,Valaya,Spirit Of Feminacy,336329,lz_clone_name,"Verify brand/name, resolve variant or duplicate, and approve/reject before catalogue promotion."
Medium,SUP-20260426-02329,2364,Parfums De,Valaya,,240573,top,"Verify brand/name, resolve variant or duplicate, and approve/reject before catalogue promotion."
Medium,SUP-20260426-02330,2365,Parfums De,Greenly,,240175,top,"Verify brand/name, resolve variant or duplicate, and approve/reject before catalogue promotion."
Medium,SUP-20260426-02331,2366,Parfums De,Greenly,Mara,354056-T,lz_clone_name,"Verify brand/name, resolve variant or duplicate, and approve/reject before catalogue promotion."
Medium,SUP-20260426-02332,2367,Parfums De,Ispazon,Vodar,233500,lz_clone_name,"Verify brand/name, resolve variant or duplicate, and approve/reject before catalogue promotion."
Medium,SUP-20260426-02333,2368,Parfums De,Oriana,Criseide,503894,lz_clone_name,"Verify brand/name, resolve variant or duplicate, and approve/reject before catalogue promotion."
Medium,SUP-20260426-02336,2371,Parfums De,Kalan,,240916,top,"Verify brand/name, resolve variant or duplicate, and approve/reject before catalogue promotion."
Medium,SUP-20260426-02337,2372,Perfumes De,Delina,,240171,top,"Verify brand/name, resolve variant or duplicate, and approve/reject before catalogue promotion."
Medium,SUP-20260426-02338,2373,Perfums De Marly,Layton,,240411,top,"Verify brand/name, resolve variant or duplicate, and approve/reject before catalogue promotion."
Medium,SUP-20260426-02339,2374,Paris Hilton,Hotel,Hotel,346720-A,lz_clone_name,"Verify brand/name, resolve variant or duplicate, and approve/reject before catalogue promotion."
Medium,SUP-20260426-02340,2375,Paris Hilton,Paris Hilton,,240770,top,"Verify brand/name, resolve variant or duplicate, and approve/reject before catalogue promotion."
Medium,SUP-20260426-02342,2377,Patchouli,Patchouli Pure,,3000568,top,"Verify brand/name, resolve variant or duplicate, and approve/reject before catalogue promotion."
Medium,SUP-20260426-02353,2388,Penhaligon's,The Blazing Mr Sam,Blue Bull,339913-A,lz_clone_name,"Verify brand/name, resolve variant or duplicate, and approve/reject before catalogue promotion."
Medium,SUP-20260426-02354,2389,Penhaligon's,The Blazing Mr Sam,Blue Bull,339913-B,lz_clone_name,"Verify brand/name, resolve variant or duplicate, and approve/reject before catalogue promotion."
Medium,SUP-20260426-02355,2390,Penhaligon's,Clandestine Clara 2017,Peacocks Eye,233253,lz_clone_name,"Verify brand/name, resolve variant or duplicate, and approve/reject before catalogue promotion."
Medium,SUP-20260426-02356,2391,Penhaligon's,Halfeti,Turkish Village,461624,lz_clone_name,"Verify brand/name, resolve variant or duplicate, and approve/reject before catalogue promotion."
Medium,SUP-20260426-02357,2392,Penhaligon's,The Tragedy Of Lord George,,240604,top,"Verify brand/name, resolve variant or duplicate, and approve/reject before catalogue promotion."
Medium,SUP-20260426-02359,2394,Penhaligon's,Legacy Of Petra,Treasure In The Rock,462342,lz_clone_name,"Verify brand/name, resolve variant or duplicate, and approve/reject before catalogue promotion."
Medium,SUP-20260426-02364,2399,Penhaligon's,Halfeti Leather,,3000572,top,"Verify brand/name, resolve variant or duplicate, and approve/reject before catalogue promotion."
Medium,SUP-20260426-02365,2400,Philipp Plein,The Skull,Jet Setter,233476-T,lz_clone_name,"Verify brand/name, resolve variant or duplicate, and approve/reject before catalogue promotion."
Medium,SUP-20260426-02367,2402,Powdery,Baby Shop,Baby Shop,232064-N,lz_clone_name,"Verify brand/name, resolve variant or duplicate, and approve/reject before catalogue promotion."
Medium,SUP-20260426-02368,2403,Powdery,Kiddy,Kiddy,338905-A,lz_clone_name,"Verify brand/name, resolve variant or duplicate, and approve/reject before catalogue promotion."
Medium,SUP-20260426-02369,2404,Powdery,Babelion,Bebelion,359984,lz_clone_name,"Verify brand/name, resolve variant or duplicate, and approve/reject before catalogue promotion."
Medium,SUP-20260426-02376,2411,Prada,Prada Candy,Miss Lolipop,230210,lz_clone_name,"Verify brand/name, resolve variant or duplicate, and approve/reject before catalogue promotion."
Medium,SUP-20260426-02377,2412,Prada,L Homme,,240440,top,"Verify brand/name, resolve variant or duplicate, and approve/reject before catalogue promotion."
Medium,SUP-20260426-02378,2413,Prada,Luna Rossa Black,,240352,top,"Verify brand/name, resolve variant or duplicate, and approve/reject before catalogue promotion."
Medium,SUP-20260426-02381,2416,Prada,Paradoxe,,240034,top,"Verify brand/name, resolve variant or duplicate, and approve/reject before catalogue promotion."
High,SUP-20260426-02386,2421,Reef Perfumes,Reef 6,,240523,duplicate_supplier_code,"Verify brand/name, resolve variant or duplicate, and approve/reject before catalogue promotion."
Medium,SUP-20260426-02395,2430,Ralph Lauren,Polo Supreme OUD,Ritzy Jersey,501985-A,lz_clone_name,"Verify brand/name, resolve variant or duplicate, and approve/reject before catalogue promotion."
Medium,SUP-20260426-02404,2440,Ramon Monegal,Flamenco,Spanish Dance,343771,lz_clone_name,"Verify brand/name, resolve variant or duplicate, and approve/reject before catalogue promotion."
Medium,SUP-20260426-02411,2447,Rasasi,Bakhoor Jebal Ali,,3000586,top,"Verify brand/name, resolve variant or duplicate, and approve/reject before catalogue promotion."
Medium,SUP-20260426-02439,2475,Rituals,Nuit D'azar,Oriental Dawn,343706,lz_clone_name,"Verify brand/name, resolve variant or duplicate, and approve/reject before catalogue promotion."
Medium,SUP-20260426-02440,2476,Rituals,Poeme D' Azar,Oriental Love Lette,503580,lz_clone_name,"Verify brand/name, resolve variant or duplicate, and approve/reject before catalogue promotion."
Medium,SUP-20260426-02443,2479,Roberto Cavalli,Acqua W,Turquoise Crown,701038,lz_clone_name,"Verify brand/name, resolve variant or duplicate, and approve/reject before catalogue promotion."
Medium,SUP-20260426-02444,2480,Roberto Cavalli,Divine OUD,Golden Jaguar,400086,lz_clone_name,"Verify brand/name, resolve variant or duplicate, and approve/reject before catalogue promotion."
Medium,SUP-20260426-02445,2481,Roberto Cavalli,Just Cavalli W,New Filly,500914,lz_clone_name,"Verify brand/name, resolve variant or duplicate, and approve/reject before catalogue promotion."
Medium,SUP-20260426-02446,2482,Roberto Cavalli,Supreme Sandal,Black Jaguar,461341,lz_clone_name,"Verify brand/name, resolve variant or duplicate, and approve/reject before catalogue promotion."
Medium,SUP-20260426-02447,2483,Roberto Cavalli,Tiger OUD W,Agar Crown,500979,lz_clone_name,"Verify brand/name, resolve variant or duplicate, and approve/reject before catalogue promotion."
Medium,SUP-20260426-02448,2484,Roberto Cavalli,Uomo La Notte,Seductive Freshness,233655,lz_clone_name,"Verify brand/name, resolve variant or duplicate, and approve/reject before catalogue promotion."
Medium,SUP-20260426-02449,2485,Roberto Cavalli,Uomo M,Reptile,260782,lz_clone_name,"Verify brand/name, resolve variant or duplicate, and approve/reject before catalogue promotion."
Medium,SUP-20260426-02457,2494,Rochas,Man,Tazza Doro,234233-A,lz_clone_name,"Verify brand/name, resolve variant or duplicate, and approve/reject before catalogue promotion."
Medium,SUP-20260426-02458,2495,Rochas,Girl,Pure Jeunesse,354253-A,lz_clone_name,"Verify brand/name, resolve variant or duplicate, and approve/reject before catalogue promotion."
Medium,SUP-20260426-02464,2501,Roja,Lost In Paris,,250251,super,"Verify brand/name, resolve variant or duplicate, and approve/reject before catalogue promotion."
Medium,SUP-20260426-02465,2502,Roja,Lost In Paris,,240910,top,"Verify brand/name, resolve variant or duplicate, and approve/reject before catalogue promotion."
Medium,SUP-20260426-02471,2508,Roja,Manhattan EDP,Empire State,462400,lz_clone_name,"Verify brand/name, resolve variant or duplicate, and approve/reject before catalogue promotion."
Medium,SUP-20260426-02472,2509,Roja,Ahlam,Oriental Starlet,503627-B,lz_clone_name,"Verify brand/name, resolve variant or duplicate, and approve/reject before catalogue promotion."
Medium,SUP-20260426-02473,2510,Roja,51 Eau De Parfume Pour,Burlington,343744-B,lz_clone_name,"Verify brand/name, resolve variant or duplicate, and approve/reject before catalogue promotion."
Medium,SUP-20260426-02474,2511,Roja,Danger Pour Homme,High Voltage,694432,lz_clone_name,"Verify brand/name, resolve variant or duplicate, and approve/reject before catalogue promotion."
Medium,SUP-20260426-02475,2512,Roja,Oligarch Roja,Courchevel,233956-A,lz_clone_name,"Verify brand/name, resolve variant or duplicate, and approve/reject before catalogue promotion."
Medium,SUP-20260426-02476,2513,Roja,51 Pour Femme,Burlington,343744,lz_clone_name,"Verify brand/name, resolve variant or duplicate, and approve/reject before catalogue promotion."
Medium,SUP-20260426-02477,2514,Roja,Madison Pour Femme,Absolute Beauty,343745,absolute_or_absolu; lz_clone_name,"Verify brand/name, resolve variant or duplicate, and approve/reject before catalogue promotion."
Medium,SUP-20260426-02478,2515,Roja,Danger Pour Homme,High Voltage,232069-T,lz_clone_name,"Verify brand/name, resolve variant or duplicate, and approve/reject before catalogue promotion."
Medium,SUP-20260426-02479,2516,Roja,Elixir Pour Femme Essence De,Invisible Goddess,233684,lz_clone_name,"Verify brand/name, resolve variant or duplicate, and approve/reject before catalogue promotion."
Medium,SUP-20260426-02480,2517,Roja,Elysium Pour Homme Parfum,Sentinel,353736,lz_clone_name,"Verify brand/name, resolve variant or duplicate, and approve/reject before catalogue promotion."
Medium,SUP-20260426-02481,2518,Roja,Scandal Pour Homme,Dark Dave,232480,lz_clone_name,"Verify brand/name, resolve variant or duplicate, and approve/reject before catalogue promotion."
Medium,SUP-20260426-02482,2519,Roja,Elysium Pour Homme Parfum,,240063,top,"Verify brand/name, resolve variant or duplicate, and approve/reject before catalogue promotion."
Medium,SUP-20260426-02483,2520,Roja,Oligarch Roja,Courchevel,233956-T,lz_clone_name,"Verify brand/name, resolve variant or duplicate, and approve/reject before catalogue promotion."
Medium,SUP-20260426-02491,2528,Roja Dove,Turandot,Kingdom Of Gold,343991,lz_clone_name,"Verify brand/name, resolve variant or duplicate, and approve/reject before catalogue promotion."
Medium,SUP-20260426-02493,2530,Roja Dove,Enigma Pour Femme,Secret,343746-T,lz_clone_name; top,"Verify brand/name, resolve variant or duplicate, and approve/reject before catalogue promotion."
Medium,SUP-20260426-02494,2531,Roja Dove,Apex,,240735,top,"Verify brand/name, resolve variant or duplicate, and approve/reject before catalogue promotion."
Medium,SUP-20260426-02495,2532,Roja Dove,Elysium Pour Femme,,240450,top,"Verify brand/name, resolve variant or duplicate, and approve/reject before catalogue promotion."
Medium,SUP-20260426-02521,2558,Salvatore,Amo Ferragamo,Dolce Tesoro,400121,lz_clone_name,"Verify brand/name, resolve variant or duplicate, and approve/reject before catalogue promotion."
Medium,SUP-20260426-02522,2559,Salvatore,Ferragamo,Italiano,343836-T,lz_clone_name,"Verify brand/name, resolve variant or duplicate, and approve/reject before catalogue promotion."
Medium,SUP-20260426-02525,2563,Sandaliya,Sandaliya,,240758,top,"Verify brand/name, resolve variant or duplicate, and approve/reject before catalogue promotion."
Medium,SUP-20260426-02526,2564,Santa Eulaila,Crocus,Ibiza Vibes,352874,lz_clone_name,"Verify brand/name, resolve variant or duplicate, and approve/reject before catalogue promotion."
Medium,SUP-20260426-02531,2569,Serge Lutens,Chergui,,240697,top,"Verify brand/name, resolve variant or duplicate, and approve/reject before catalogue promotion."
Medium,SUP-20260426-02532,2570,Shaik,Chic Shaik No.70,Sultan Of Vogue,357564,lz_clone_name,"Verify brand/name, resolve variant or duplicate, and approve/reject before catalogue promotion."
Medium,SUP-20260426-02533,2571,Shaik,Shaik Classic Gold Edition,Gold Sheikh,338794,lz_clone_name,"Verify brand/name, resolve variant or duplicate, and approve/reject before catalogue promotion."
Medium,SUP-20260426-02534,2572,Shaik,Shaik No 30,Sultan Of Style,461369,lz_clone_name,"Verify brand/name, resolve variant or duplicate, and approve/reject before catalogue promotion."
Medium,SUP-20260426-02535,2573,Shaik,"Shaik No,77 Men",Opulent Sheik,230780-A,lz_clone_name,"Verify brand/name, resolve variant or duplicate, and approve/reject before catalogue promotion."
Medium,SUP-20260426-02536,2574,Shaik,"Shaik No,77 Men",Sultan Of Riches,230780,lz_clone_name,"Verify brand/name, resolve variant or duplicate, and approve/reject before catalogue promotion."
Medium,SUP-20260426-02537,2575,Shaik,Shaik Opulent No 33,Sultan Of Bliss,508799,lz_clone_name,"Verify brand/name, resolve variant or duplicate, and approve/reject before catalogue promotion."
Medium,SUP-20260426-02538,2576,Shaik,Sheikh 77 England,,3000640,top,"Verify brand/name, resolve variant or duplicate, and approve/reject before catalogue promotion."
Medium,SUP-20260426-02541,2579,Sheikh Al Shuyukh Top,Sheikh Al Shuyukh,,3000643,top,"Verify brand/name, resolve variant or duplicate, and approve/reject before catalogue promotion."
Medium,SUP-20260426-02543,2581,Sheikha,Q8,Sheikha,336164,lz_clone_name,"Verify brand/name, resolve variant or duplicate, and approve/reject before catalogue promotion."
Medium,SUP-20260426-02545,2583,Shekh Rashid,Shekh Rashid,Shekh Rashid,343901-T,lz_clone_name,"Verify brand/name, resolve variant or duplicate, and approve/reject before catalogue promotion."
Medium,SUP-20260426-02546,2584,Shiseido,Zen,Meditation,237919,lz_clone_name,"Verify brand/name, resolve variant or duplicate, and approve/reject before catalogue promotion."
Medium,SUP-20260426-02554,2592,Sospiro,Accento,Deep Singh,501962-D,lz_clone_name,"Verify brand/name, resolve variant or duplicate, and approve/reject before catalogue promotion."
Medium,SUP-20260426-02555,2593,Sospiro,Accento,Deep Sigh,501962-E,lz_clone_name,"Verify brand/name, resolve variant or duplicate, and approve/reject before catalogue promotion."
Medium,SUP-20260426-02556,2594,Sospiro,Erba Pura Magicia,Turquoise Aura,261249-T,lz_clone_name; top,"Verify brand/name, resolve variant or duplicate, and approve/reject before catalogue promotion."
Medium,SUP-20260426-02557,2595,Sospiro,Ensemble,Collective,343636,lz_clone_name,"Verify brand/name, resolve variant or duplicate, and approve/reject before catalogue promotion."
Medium,SUP-20260426-02558,2596,Sospiro,Erba Pura,,240299,top,"Verify brand/name, resolve variant or duplicate, and approve/reject before catalogue promotion."
Medium,SUP-20260426-02559,2597,Sospiro,Erba Pura,Purple Aura,232080-K,lz_clone_name,"Verify brand/name, resolve variant or duplicate, and approve/reject before catalogue promotion."
Medium,SUP-20260426-02560,2598,Sospiro,Erba Pura,Purple Aura,232080-A,lz_clone_name,"Verify brand/name, resolve variant or duplicate, and approve/reject before catalogue promotion."
Medium,SUP-20260426-02561,2599,Sospiro,Erba Pura,Purple Aura,232080,lz_clone_name,"Verify brand/name, resolve variant or duplicate, and approve/reject before catalogue promotion."
Medium,SUP-20260426-02562,2600,Sospiro,Erba Pura,Purple Aura,232080-T,lz_clone_name,"Verify brand/name, resolve variant or duplicate, and approve/reject before catalogue promotion."
Medium,SUP-20260426-02563,2601,Sospiro,Laylati,Soslay,338929-T,lz_clone_name,"Verify brand/name, resolve variant or duplicate, and approve/reject before catalogue promotion."
Medium,SUP-20260426-02564,2602,Sospiro,Opera,Flower Ballad,338931-T,lz_clone_name,"Verify brand/name, resolve variant or duplicate, and approve/reject before catalogue promotion."
Medium,SUP-20260426-02565,2603,Sospiro,Ouverture,Overtime,342722,lz_clone_name,"Verify brand/name, resolve variant or duplicate, and approve/reject before catalogue promotion."
Medium,SUP-20260426-02566,2604,Sospiro,Accento,Deep Sigh,501962-F,lz_clone_name,"Verify brand/name, resolve variant or duplicate, and approve/reject before catalogue promotion."
Medium,SUP-20260426-02570,2608,Stephane Hum Lucas,The Queen & The Viper,,250300,top,"Verify brand/name, resolve variant or duplicate, and approve/reject before catalogue promotion."
Medium,SUP-20260426-02571,2609,Stephane Hum Lucas,The Queen & The Viper,,250305,super,"Verify brand/name, resolve variant or duplicate, and approve/reject before catalogue promotion."
Medium,SUP-20260426-02579,2617,Stephane Hum Lucas,Mortal Skin,Golden Dawn,461525,lz_clone_name,"Verify brand/name, resolve variant or duplicate, and approve/reject before catalogue promotion."
Medium,SUP-20260426-02581,2619,Stephane Hum Lucas,Soleil De Jeddah,Smoky Dusk,461523,lz_clone_name,"Verify brand/name, resolve variant or duplicate, and approve/reject before catalogue promotion."
Medium,SUP-20260426-02588,2626,Swiss Arabian,Mukhallat Arais Luzi,Mukhallat Arais,340813,lz_clone_name,"Verify brand/name, resolve variant or duplicate, and approve/reject before catalogue promotion."
Medium,SUP-20260426-02589,2628,Swiss Arabian,Noora Luzi,Nubia,500924,lz_clone_name,"Verify brand/name, resolve variant or duplicate, and approve/reject before catalogue promotion."
High,SUP-20260426-02594,2633,Swiss Arabian,Jannatul Firdous,,240041,duplicate_supplier_code,"Verify brand/name, resolve variant or duplicate, and approve/reject before catalogue promotion."
Medium,SUP-20260426-02601,2640,Swiss Arabian,Rakkan,,3000664,top,"Verify brand/name, resolve variant or duplicate, and approve/reject before catalogue promotion."
Medium,SUP-20260426-02606,2645,The Sprit Of Dubai,Meydan,,240738,top,"Verify brand/name, resolve variant or duplicate, and approve/reject before catalogue promotion."
Medium,SUP-20260426-02607,2646,The Sprit Of Dubai,Meydan,,240476,top,"Verify brand/name, resolve variant or duplicate, and approve/reject before catalogue promotion."
Medium,SUP-20260426-02609,2648,Tauer Perfumes,2 L Air Du Desert Marocain,,240767,top,"Verify brand/name, resolve variant or duplicate, and approve/reject before catalogue promotion."
Medium,SUP-20260426-02614,2653,Thameen,Royal Saphire,Noble Jewel,233794,lz_clone_name; top,"Verify brand/name, resolve variant or duplicate, and approve/reject before catalogue promotion."
Medium,SUP-20260426-02615,2654,Thameen,Insignia,Long Island Dream,262337,lz_clone_name,"Verify brand/name, resolve variant or duplicate, and approve/reject before catalogue promotion."
Medium,SUP-20260426-02616,2655,Thameen,Carved OUD,Marvelous Oudh,461362,lz_clone_name,"Verify brand/name, resolve variant or duplicate, and approve/reject before catalogue promotion."
Medium,SUP-20260426-02617,2656,Thameen,Regent Leather,Behind The Sun,339393,lz_clone_name,"Verify brand/name, resolve variant or duplicate, and approve/reject before catalogue promotion."
Medium,SUP-20260426-02618,2657,Thameen,Riviere,Blue Stream,339460,lz_clone_name,"Verify brand/name, resolve variant or duplicate, and approve/reject before catalogue promotion."
Medium,SUP-20260426-02619,2658,Thameen,Riviere,Blue Stream,339460-A,lz_clone_name,"Verify brand/name, resolve variant or duplicate, and approve/reject before catalogue promotion."
Medium,SUP-20260426-02620,2659,Thameen,Blue Heart,Love In London,344110-T,lz_clone_name,"Verify brand/name, resolve variant or duplicate, and approve/reject before catalogue promotion."
Medium,SUP-20260426-02621,2660,Thameen,Royal Saphire,Noble Jewel,233794-B,lz_clone_name,"Verify brand/name, resolve variant or duplicate, and approve/reject before catalogue promotion."
Medium,SUP-20260426-02622,2661,Thameen,The Rose,Floral Orient,354159-T,lz_clone_name; top,"Verify brand/name, resolve variant or duplicate, and approve/reject before catalogue promotion."
Medium,SUP-20260426-02623,2662,The Beautiful M.,Boudicca Wode,Blue Rebel,260830,lz_clone_name,"Verify brand/name, resolve variant or duplicate, and approve/reject before catalogue promotion."
Medium,SUP-20260426-02624,2663,The Beautiful M.,Vol 1 /intelligence & Fantasy,Perfect Essence One,232025-T,lz_clone_name,"Verify brand/name, resolve variant or duplicate, and approve/reject before catalogue promotion."
Medium,SUP-20260426-02625,2664,The Beautiful M.,Volume 2/ The Beautiful Mind,Ballroom,232072-T,lz_clone_name,"Verify brand/name, resolve variant or duplicate, and approve/reject before catalogue promotion."
Medium,SUP-20260426-02626,2665,The Body Shop,Black Musk,Pink Panther,233617-B,lz_clone_name,"Verify brand/name, resolve variant or duplicate, and approve/reject before catalogue promotion."
Medium,SUP-20260426-02629,2668,The House Of OUD,Empathy,Raspberry OUD,343714,lz_clone_name,"Verify brand/name, resolve variant or duplicate, and approve/reject before catalogue promotion."
Medium,SUP-20260426-02630,2669,The House Of OUD,Empathy,Raspberry OUD,343714-B,lz_clone_name,"Verify brand/name, resolve variant or duplicate, and approve/reject before catalogue promotion."
Medium,SUP-20260426-02632,2671,The Merchant Of,Imperial Emerald,Mythic Eye,461676,lz_clone_name,"Verify brand/name, resolve variant or duplicate, and approve/reject before catalogue promotion."
Medium,SUP-20260426-02639,2678,Thierry Mugler,Allien Women,Allien Woman,693261,lz_clone_name,"Verify brand/name, resolve variant or duplicate, and approve/reject before catalogue promotion."
Medium,SUP-20260426-02647,2686,Thomas Kosmala,Desire Du Coeur,Forever In My Heart,504053,lz_clone_name,"Verify brand/name, resolve variant or duplicate, and approve/reject before catalogue promotion."
Medium,SUP-20260426-02648,2687,Thomas Kosmala,Desire Du Coeur,Forever In My Heart,504053-A,lz_clone_name,"Verify brand/name, resolve variant or duplicate, and approve/reject before catalogue promotion."
Medium,SUP-20260426-02649,2688,Thomas Kosmala,No.09 Bukhoor,Scented Wood Chips,343855,lz_clone_name,"Verify brand/name, resolve variant or duplicate, and approve/reject before catalogue promotion."
Medium,SUP-20260426-02650,2689,Thomas Kosmala,No.09 Bukhoor,Scented Wood Chips,343855-A,lz_clone_name,"Verify brand/name, resolve variant or duplicate, and approve/reject before catalogue promotion."
Medium,SUP-20260426-02651,2690,Thomas Kosmala,"No 4 Apres L"" Amour",Ambro Escape,233441-T,lz_clone_name,"Verify brand/name, resolve variant or duplicate, and approve/reject before catalogue promotion."
Medium,SUP-20260426-02653,2693,Thomas Kosmala,No. 9 Bukhoor,Scented Wood Chips,343855-T,lz_clone_name; top,"Verify brand/name, resolve variant or duplicate, and approve/reject before catalogue promotion."
Medium,SUP-20260426-02654,2694,Thomas Kosmala,A Never Ending Love,The One And Only,462322 -T,lz_clone_name,"Verify brand/name, resolve variant or duplicate, and approve/reject before catalogue promotion."
Medium,SUP-20260426-02655,2695,Thomas Kosmala,A Never Ending Love,The One And Only,462322,lz_clone_name,"Verify brand/name, resolve variant or duplicate, and approve/reject before catalogue promotion."
Medium,SUP-20260426-02658,2698,Tiffany & Co,Tiffant EDP,Rich Cat,343632,lz_clone_name,"Verify brand/name, resolve variant or duplicate, and approve/reject before catalogue promotion."
Medium,SUP-20260426-02661,2701,Tiziana Terenzi,Osola,,250134,top,"Verify brand/name, resolve variant or duplicate, and approve/reject before catalogue promotion."
Medium,SUP-20260426-02662,2702,Tiziana Terenzi,Osola,,250216,super,"Verify brand/name, resolve variant or duplicate, and approve/reject before catalogue promotion."
Medium,SUP-20260426-02665,2705,Tiziana Terenzi,Halley,Epic Star,233181-T,lz_clone_name; top,"Verify brand/name, resolve variant or duplicate, and approve/reject before catalogue promotion."
Medium,SUP-20260426-02666,2706,Tiziana Terenzi,Afrodite,Monumental Beauty,339671,lz_clone_name,"Verify brand/name, resolve variant or duplicate, and approve/reject before catalogue promotion."
Medium,SUP-20260426-02667,2707,Tiziana Terenzi,Afrodite,Monumental Beauty,339671-B,lz_clone_name,"Verify brand/name, resolve variant or duplicate, and approve/reject before catalogue promotion."
Medium,SUP-20260426-02668,2708,Tiziana Terenzi,Andromeda,Persea,233622,lz_clone_name,"Verify brand/name, resolve variant or duplicate, and approve/reject before catalogue promotion."
Medium,SUP-20260426-02669,2709,Tiziana Terenzi,Casanova,Venice,343639,lz_clone_name,"Verify brand/name, resolve variant or duplicate, and approve/reject before catalogue promotion."
Medium,SUP-20260426-02670,2710,Tiziana Terenzi,Cassiopea,Stargate,343644-D,lz_clone_name,"Verify brand/name, resolve variant or duplicate, and approve/reject before catalogue promotion."
Medium,SUP-20260426-02671,2711,Tiziana Terenzi,Draco,Oriental Journey,233784,lz_clone_name,"Verify brand/name, resolve variant or duplicate, and approve/reject before catalogue promotion."
Medium,SUP-20260426-02672,2712,Tiziana Terenzi,Draco,Oriental Journey,233784-C,lz_clone_name,"Verify brand/name, resolve variant or duplicate, and approve/reject before catalogue promotion."
Medium,SUP-20260426-02674,2714,Tiziana Terenzi,Kirke,Villa Fogliano,233285,lz_clone_name,"Verify brand/name, resolve variant or duplicate, and approve/reject before catalogue promotion."
Medium,SUP-20260426-02675,2715,Tiziana Terenzi,Kirke,Villa Fogliano,233285-T,lz_clone_name,"Verify brand/name, resolve variant or duplicate, and approve/reject before catalogue promotion."
Medium,SUP-20260426-02676,2716,Tiziana Terenzi,Kirke,Vill Fogliano,233285-E,lz_clone_name,"Verify brand/name, resolve variant or duplicate, and approve/reject before catalogue promotion."
Medium,SUP-20260426-02677,2717,Tiziana Terenzi,Orion,Zodiac,503470,lz_clone_name,"Verify brand/name, resolve variant or duplicate, and approve/reject before catalogue promotion."
Medium,SUP-20260426-02678,2718,Tiziana Terenzi,Porpora,Moonraker,339346,lz_clone_name,"Verify brand/name, resolve variant or duplicate, and approve/reject before catalogue promotion."
Medium,SUP-20260426-02679,2719,Tiziana Terenzi,Cubia,Nyah,701203,lz_clone_name,"Verify brand/name, resolve variant or duplicate, and approve/reject before catalogue promotion."
Medium,SUP-20260426-02680,2720,Tiziana Terenzi,Andromeda,Persea,233622-T,lz_clone_name; top,"Verify brand/name, resolve variant or duplicate, and approve/reject before catalogue promotion."
Medium,SUP-20260426-02681,2721,Tiziana Terenzi,Mirach,Bright Star,503735,lz_clone_name,"Verify brand/name, resolve variant or duplicate, and approve/reject before catalogue promotion."
Medium,SUP-20260426-02683,2723,Tiziana Terenzi,Gumin,Wood Carving,261020,lz_clone_name,"Verify brand/name, resolve variant or duplicate, and approve/reject before catalogue promotion."
Medium,SUP-20260426-02684,2724,Tiziana Terenzi,Nero Oudh,Pearl White,503919-T,lz_clone_name,"Verify brand/name, resolve variant or duplicate, and approve/reject before catalogue promotion."
Medium,SUP-20260426-02685,2725,Tiziana Terenzi,Nero Oudh,Pearl White,503919,lz_clone_name,"Verify brand/name, resolve variant or duplicate, and approve/reject before catalogue promotion."
Medium,SUP-20260426-02686,2726,Tiziana Terenzi,Delox,Meltemi,354199-T,lz_clone_name,"Verify brand/name, resolve variant or duplicate, and approve/reject before catalogue promotion."
Medium,SUP-20260426-02687,2727,Tiziana Terenzi,Vittoriale 2022,Golden Trirumph,504054-T,lz_clone_name,"Verify brand/name, resolve variant or duplicate, and approve/reject before catalogue promotion."
Medium,SUP-20260426-02688,2728,Tiziana Terenzi,Vittoriale 2022,Golden Trirumph,504054,lz_clone_name,"Verify brand/name, resolve variant or duplicate, and approve/reject before catalogue promotion."
Medium,SUP-20260426-02699,2739,Tomford,Noir De Noir,,240630,top,"Verify brand/name, resolve variant or duplicate, and approve/reject before catalogue promotion."
Medium,SUP-20260426-02705,2745,Tom Ford,Amber Absolute,,240433,absolute_or_absolu,"Verify brand/name, resolve variant or duplicate, and approve/reject before catalogue promotion."
Medium,SUP-20260426-02707,2747,Tom Ford,Soleil De Feu,,240424,top,"Verify brand/name, resolve variant or duplicate, and approve/reject before catalogue promotion."
Medium,SUP-20260426-02709,2749,Tom Ford,Musk Pure,Musk & Musk,239255-B,lz_clone_name,"Verify brand/name, resolve variant or duplicate, and approve/reject before catalogue promotion."
Medium,SUP-20260426-02710,2750,Tom Ford,Jasmine Musk,Yas Musk,359088-A,lz_clone_name,"Verify brand/name, resolve variant or duplicate, and approve/reject before catalogue promotion."
Medium,SUP-20260426-02711,2751,Tom Ford,Noir Extreme Parfum,Golden Darkness,680300,lz_clone_name,"Verify brand/name, resolve variant or duplicate, and approve/reject before catalogue promotion."
Medium,SUP-20260426-02712,2752,Tom Ford,Electric Cherry,Charging Kiss,261234-T,lz_clone_name,"Verify brand/name, resolve variant or duplicate, and approve/reject before catalogue promotion."
Medium,SUP-20260426-02714,2754,Tom Ford,Vanilla Sex,Vanilla Sex,240115,top,"Verify brand/name, resolve variant or duplicate, and approve/reject before catalogue promotion."
Medium,SUP-20260426-02715,2755,Tom Ford,Ombre Leather,,240134,top,"Verify brand/name, resolve variant or duplicate, and approve/reject before catalogue promotion."
Medium,SUP-20260426-02716,2756,Tomford,Black Orchid,Black Orchid,240619,top,"Verify brand/name, resolve variant or duplicate, and approve/reject before catalogue promotion."
Medium,SUP-20260426-02717,2757,Tomford,Black Orchid,Royal Flower,607403,lz_clone_name,"Verify brand/name, resolve variant or duplicate, and approve/reject before catalogue promotion."
Medium,SUP-20260426-02718,2758,Tomford,Lost Cherry,Red Kiss,343713 T,lz_clone_name; top,"Verify brand/name, resolve variant or duplicate, and approve/reject before catalogue promotion."
Medium,SUP-20260426-02720,2760,Tomford,Lost Cherry,Red Kiss,343713,lz_clone_name,"Verify brand/name, resolve variant or duplicate, and approve/reject before catalogue promotion."
Medium,SUP-20260426-02721,2761,Tomford,Noir Extreme,,240427,top,"Verify brand/name, resolve variant or duplicate, and approve/reject before catalogue promotion."
Medium,SUP-20260426-02722,2762,Tomford,Ombre Leather 2018,Heavy Rocker,233642,lz_clone_name,"Verify brand/name, resolve variant or duplicate, and approve/reject before catalogue promotion."
Medium,SUP-20260426-02723,2763,Tomford,Soleil Blanc,,240406,top,"Verify brand/name, resolve variant or duplicate, and approve/reject before catalogue promotion."
Medium,SUP-20260426-02724,2764,Tomford,Soleil Blanc,Alya,342762,lz_clone_name,"Verify brand/name, resolve variant or duplicate, and approve/reject before catalogue promotion."
Medium,SUP-20260426-02725,2765,Tomford,Tuscan Leather,,250102,top,"Verify brand/name, resolve variant or duplicate, and approve/reject before catalogue promotion."
Medium,SUP-20260426-02726,2766,Tomford,Vanille Fatale,Intense Gold,339373-C,intense; lz_clone_name,"Verify brand/name, resolve variant or duplicate, and approve/reject before catalogue promotion."
Medium,SUP-20260426-02727,2767,Tomford,Vanille Fatale,Intense Gold,339373,intense; lz_clone_name,"Verify brand/name, resolve variant or duplicate, and approve/reject before catalogue promotion."
Medium,SUP-20260426-02728,2768,Tomford,Venetian Bergamot,Sweet Heaven,461524-BB,lz_clone_name,"Verify brand/name, resolve variant or duplicate, and approve/reject before catalogue promotion."
Medium,SUP-20260426-02729,2770,Tomford,Venetian Bergamot,Sweet Heaven,461524,lz_clone_name,"Verify brand/name, resolve variant or duplicate, and approve/reject before catalogue promotion."
Medium,SUP-20260426-02731,2772,Tomford,OUD Wood,Rich Woods,358107-T,lz_clone_name,"Verify brand/name, resolve variant or duplicate, and approve/reject before catalogue promotion."
Medium,SUP-20260426-02732,2773,Tomford,Black Orchid Parfum,Royal Flower Int,353930-T,lz_clone_name,"Verify brand/name, resolve variant or duplicate, and approve/reject before catalogue promotion."
Medium,SUP-20260426-02733,2774,Tomford,Rose Prick,,240606,top,"Verify brand/name, resolve variant or duplicate, and approve/reject before catalogue promotion."
Medium,SUP-20260426-02734,2775,Tomford,Rose Prick,Sleeping Beauty,233328,lz_clone_name,"Verify brand/name, resolve variant or duplicate, and approve/reject before catalogue promotion."
Medium,SUP-20260426-02735,2776,Tomford,F Fabulous,Designers Favorite,503463,lz_clone_name,"Verify brand/name, resolve variant or duplicate, and approve/reject before catalogue promotion."
Medium,SUP-20260426-02737,2778,Tomford,Tubereuse Nue,Heian Myth,503827,lz_clone_name,"Verify brand/name, resolve variant or duplicate, and approve/reject before catalogue promotion."
Medium,SUP-20260426-02738,2779,Tomford,Beau De Jour,Shiny Sunny Day,503822,lz_clone_name,"Verify brand/name, resolve variant or duplicate, and approve/reject before catalogue promotion."
Medium,SUP-20260426-02739,2780,Tomford,Soleil Brulant,Golden Light,261089,lz_clone_name,"Verify brand/name, resolve variant or duplicate, and approve/reject before catalogue promotion."
Medium,SUP-20260426-02740,2781,Tomford,Lavender Extreme,Stunning Purple,339974,lz_clone_name,"Verify brand/name, resolve variant or duplicate, and approve/reject before catalogue promotion."
Medium,SUP-20260426-02741,2782,Tomford,Costa Azzurra,Refreshing Sea,233442,lz_clone_name,"Verify brand/name, resolve variant or duplicate, and approve/reject before catalogue promotion."
Medium,SUP-20260426-02742,2783,Tomford,Ebene Fume,,240602,top,"Verify brand/name, resolve variant or duplicate, and approve/reject before catalogue promotion."
Medium,SUP-20260426-02743,2784,Tomford,Ombre Leather Parfum,Hard Rocker,233536,lz_clone_name,"Verify brand/name, resolve variant or duplicate, and approve/reject before catalogue promotion."
Medium,SUP-20260426-02744,2785,Tomford,Rose D'amalfi,Italian Dreams,680265-T,lz_clone_name,"Verify brand/name, resolve variant or duplicate, and approve/reject before catalogue promotion."
Medium,SUP-20260426-02745,2786,Tomford,Rose De Chine,Blossm Dynasty,580235-TT,lz_clone_name,"Verify brand/name, resolve variant or duplicate, and approve/reject before catalogue promotion."
Medium,SUP-20260426-02746,2787,Tomford,Rose De Russie,,240425,top,"Verify brand/name, resolve variant or duplicate, and approve/reject before catalogue promotion."
Medium,SUP-20260426-02747,2788,Tomford,Metallique,Silver Lining,233764-A,lz_clone_name,"Verify brand/name, resolve variant or duplicate, and approve/reject before catalogue promotion."
Medium,SUP-20260426-02748,2789,Tomford,Tobacco OUD,Legendary Wood,462229,lz_clone_name,"Verify brand/name, resolve variant or duplicate, and approve/reject before catalogue promotion."
Medium,SUP-20260426-02749,2790,Tomford,Italian Cypress,Robust Impression,239233-T,lz_clone_name; top,"Verify brand/name, resolve variant or duplicate, and approve/reject before catalogue promotion."
Medium,SUP-20260426-02750,2791,Tomford,Cherry Smoke,Burning Kiss,462395-T,lz_clone_name,"Verify brand/name, resolve variant or duplicate, and approve/reject before catalogue promotion."
Medium,SUP-20260426-02751,2792,Tomford,Tobacco Vanilla,Tobacco Vanilla,240101,top,"Verify brand/name, resolve variant or duplicate, and approve/reject before catalogue promotion."
Medium,SUP-20260426-02752,2793,Tomford,Black Orchid,,3000682,top,"Verify brand/name, resolve variant or duplicate, and approve/reject before catalogue promotion."
Medium,SUP-20260426-02756,2797,Tomford,OUD Minerale,,240662,top,"Verify brand/name, resolve variant or duplicate, and approve/reject before catalogue promotion."
Medium,SUP-20260426-02760,2801,Tomford,Tomford Noir,,240417,top,"Verify brand/name, resolve variant or duplicate, and approve/reject before catalogue promotion."
Medium,SUP-20260426-02762,2803,Tomford,Velvet Orchid,,240404,top,"Verify brand/name, resolve variant or duplicate, and approve/reject before catalogue promotion."
Medium,SUP-20260426-02766,2807,Tomford,Café Rose,,240586,top,"Verify brand/name, resolve variant or duplicate, and approve/reject before catalogue promotion."
Medium,SUP-20260426-02767,2808,Tomford,Santal Blush,,240665,top,"Verify brand/name, resolve variant or duplicate, and approve/reject before catalogue promotion."
Medium,SUP-20260426-02768,2809,Tomford.,Bitter Peach,Warm Euphoria,339882,lz_clone_name,"Verify brand/name, resolve variant or duplicate, and approve/reject before catalogue promotion."
Medium,SUP-20260426-02772,2813,Trussardi,I Vicoli Via Flori Chiari,Evening Stroll,336308,lz_clone_name,"Verify brand/name, resolve variant or duplicate, and approve/reject before catalogue promotion."
Medium,SUP-20260426-02773,2814,Trussardi,Aperitivo Milanese Porta,Happy Hour,234008,lz_clone_name,"Verify brand/name, resolve variant or duplicate, and approve/reject before catalogue promotion."
Medium,SUP-20260426-02775,2816,Uniquere Luxury,Crush On Me,Mi Amor,504073-A,lz_clone_name,"Verify brand/name, resolve variant or duplicate, and approve/reject before catalogue promotion."
Medium,SUP-20260426-02801,2843,Van Cleef & Arpels,Collection Extraordinaire,Sweetest Taste,503686,lz_clone_name,"Verify brand/name, resolve variant or duplicate, and approve/reject before catalogue promotion."
Medium,SUP-20260426-02802,2844,Van Cleef &,Moonlight Patchouli,Woodstock Nights,233778,lz_clone_name,"Verify brand/name, resolve variant or duplicate, and approve/reject before catalogue promotion."
Medium,SUP-20260426-02803,2845,Van Cleef &,Rose Rouge,Sweet Surprise,343776,lz_clone_name,"Verify brand/name, resolve variant or duplicate, and approve/reject before catalogue promotion."
Medium,SUP-20260426-02804,2846,Van Cleef &,Rose Rouge,Sweet Surprise,B43776-B,lz_clone_name,"Verify brand/name, resolve variant or duplicate, and approve/reject before catalogue promotion."
Medium,SUP-20260426-02805,2847,Van Cleef &,Santal Blanc,Dreamy,233788,lz_clone_name,"Verify brand/name, resolve variant or duplicate, and approve/reject before catalogue promotion."
Medium,SUP-20260426-02806,2848,Van Cleef &,Reve De Cashmere,Oriental Velvet,233433,lz_clone_name,"Verify brand/name, resolve variant or duplicate, and approve/reject before catalogue promotion."
Medium,SUP-20260426-02814,2856,Versace,Versace Man Eau Fraîche,Bracing Contro,337040,lz_clone_name,"Verify brand/name, resolve variant or duplicate, and approve/reject before catalogue promotion."
Medium,SUP-20260426-02815,2857,Versace,Bright Crystal,,250448,top,"Verify brand/name, resolve variant or duplicate, and approve/reject before catalogue promotion."
Medium,SUP-20260426-02816,2858,Versace,Bright Crystal LZ,Enticing,237231,lz_clone_name,"Verify brand/name, resolve variant or duplicate, and approve/reject before catalogue promotion."
Medium,SUP-20260426-02818,2860,Versace,Eros LZ,Cupido,230775-T,lz_clone_name,"Verify brand/name, resolve variant or duplicate, and approve/reject before catalogue promotion."
Medium,SUP-20260426-02819,2861,Versace,Versace Eros Ea De Parfum,Grande Amor,233451,lz_clone_name,"Verify brand/name, resolve variant or duplicate, and approve/reject before catalogue promotion."
Medium,SUP-20260426-02820,2862,Versace,Versense,Versanse,693263,lz_clone_name,"Verify brand/name, resolve variant or duplicate, and approve/reject before catalogue promotion."
Medium,SUP-20260426-02823,2865,Versace,Dylan Blue Pour Homme,,240635,top,"Verify brand/name, resolve variant or duplicate, and approve/reject before catalogue promotion."
Medium,SUP-20260426-02825,2867,Versace,Eros,,240391,top,"Verify brand/name, resolve variant or duplicate, and approve/reject before catalogue promotion."
Medium,SUP-20260426-02833,2875,Vertus,Sole Patchouli,Enhanced Woody Experi,284600,lz_clone_name,"Verify brand/name, resolve variant or duplicate, and approve/reject before catalogue promotion."
Medium,SUP-20260426-02834,2876,Vertus,Narcosis,Vicrom,503809-T,lz_clone_name,"Verify brand/name, resolve variant or duplicate, and approve/reject before catalogue promotion."
Medium,SUP-20260426-02839,2881,Victor & Rolf,Spicebomb Extream,,240416,top,"Verify brand/name, resolve variant or duplicate, and approve/reject before catalogue promotion."
Medium,SUP-20260426-02840,2882,Victor & Rolf,Spicebomb,Spicebomb,240356,top,"Verify brand/name, resolve variant or duplicate, and approve/reject before catalogue promotion."
Medium,SUP-20260426-02849,2891,Victoria Secret,Eau So Sexy Eau De Parfum,Gorgeous Heart,339696,lz_clone_name,"Verify brand/name, resolve variant or duplicate, and approve/reject before catalogue promotion."
Medium,SUP-20260426-02850,2892,Victoria Secret,Love Me More,Suger Heaven Ys,694433,lz_clone_name,"Verify brand/name, resolve variant or duplicate, and approve/reject before catalogue promotion."
Medium,SUP-20260426-02851,2893,Victoria Secret,Hardcore Rose,Gorgeous Power,339704,lz_clone_name,"Verify brand/name, resolve variant or duplicate, and approve/reject before catalogue promotion."
Medium,SUP-20260426-02852,2894,Victoria Secret,Just A Kiss,Gorgeous Lips,233747,lz_clone_name,"Verify brand/name, resolve variant or duplicate, and approve/reject before catalogue promotion."
Medium,SUP-20260426-02853,2895,Victoria Secret,Bombshell,Gorgeous Explosion,338510,lz_clone_name,"Verify brand/name, resolve variant or duplicate, and approve/reject before catalogue promotion."
Medium,SUP-20260426-02854,2896,Victoria Secret,Scandalous,Gorgeous Gossip,501970,lz_clone_name,"Verify brand/name, resolve variant or duplicate, and approve/reject before catalogue promotion."
Medium,SUP-20260426-02855,2897,Victoria Secret,Bombshell Gold,Gorgeous Shine,503813,lz_clone_name,"Verify brand/name, resolve variant or duplicate, and approve/reject before catalogue promotion."
Medium,SUP-20260426-02856,2898,Victoria Secret,Angel Gold,Princess In Heaven,503843,lz_clone_name,"Verify brand/name, resolve variant or duplicate, and approve/reject before catalogue promotion."
Medium,SUP-20260426-02857,2899,Victoria Secret,Victoria's Secret Bombshell OUD,Gorgeous Scent,233505,lz_clone_name,"Verify brand/name, resolve variant or duplicate, and approve/reject before catalogue promotion."
Medium,SUP-20260426-02858,2900,Victoria Secret,Bombshell Magic,Amazing Explosion,580269,lz_clone_name,"Verify brand/name, resolve variant or duplicate, and approve/reject before catalogue promotion."
Medium,SUP-20260426-02859,2901,Victoria Secret,Bombshell,,240097,top,"Verify brand/name, resolve variant or duplicate, and approve/reject before catalogue promotion."
Medium,SUP-20260426-02861,2903,Victoria Secret,Eau So Sexy,,240611,top,"Verify brand/name, resolve variant or duplicate, and approve/reject before catalogue promotion."
Medium,SUP-20260426-02874,2917,Victoria's Secret,Vary Sexy Oasis,My Sensual Moments,462359,lz_clone_name,"Verify brand/name, resolve variant or duplicate, and approve/reject before catalogue promotion."
Medium,SUP-20260426-02876,2919,Vilhelm,Mango Skin,Miklab,339958,lz_clone_name,"Verify brand/name, resolve variant or duplicate, and approve/reject before catalogue promotion."
Medium,SUP-20260426-02877,2920,Vilhelm,Dear Polly,,240914,top,"Verify brand/name, resolve variant or duplicate, and approve/reject before catalogue promotion."
Medium,SUP-20260426-02880,2923,White Amber,White Ambery,White Ambery,340834,lz_clone_name,"Verify brand/name, resolve variant or duplicate, and approve/reject before catalogue promotion."
Medium,SUP-20260426-02881,2924,White Amber,White Amber,,3000719,top,"Verify brand/name, resolve variant or duplicate, and approve/reject before catalogue promotion."
Medium,SUP-20260426-02884,2927,White OUD,White OUD,,240466,top,"Verify brand/name, resolve variant or duplicate, and approve/reject before catalogue promotion."
Medium,SUP-20260426-02897,2940,Xerjoff,Coro,,250256,super,"Verify brand/name, resolve variant or duplicate, and approve/reject before catalogue promotion."
Medium,SUP-20260426-02898,2941,Xerjoff,Coro,,250205,top,"Verify brand/name, resolve variant or duplicate, and approve/reject before catalogue promotion."
Medium,SUP-20260426-02907,2950,Xerjoff,Richwood,,240408,top,"Verify brand/name, resolve variant or duplicate, and approve/reject before catalogue promotion."
Medium,SUP-20260426-02913,2956,Xerjoff,Alexandria Orientale,Baba Zayed,693241 T,lz_clone_name,"Verify brand/name, resolve variant or duplicate, and approve/reject before catalogue promotion."
Medium,SUP-20260426-02914,2957,Xerjoff,Wardasina,Little Rose,232449,lz_clone_name,"Verify brand/name, resolve variant or duplicate, and approve/reject before catalogue promotion."
Medium,SUP-20260426-02915,2958,Xerjoff,Dolce Amalfi,Kalamut,339976,lz_clone_name,"Verify brand/name, resolve variant or duplicate, and approve/reject before catalogue promotion."
Medium,SUP-20260426-02916,2959,Xerjoff,Groove Xcape,Blue Lightning,680366,lz_clone_name,"Verify brand/name, resolve variant or duplicate, and approve/reject before catalogue promotion."
Medium,SUP-20260426-02917,2960,Xerjoff,Torino 21,,240214,top,"Verify brand/name, resolve variant or duplicate, and approve/reject before catalogue promotion."
Medium,SUP-20260426-02918,2961,Xerjoff,Torino 22,,250188,top,"Verify brand/name, resolve variant or duplicate, and approve/reject before catalogue promotion."
Medium,SUP-20260426-02919,2962,Xerjoff,Torino 23,,240273,top,"Verify brand/name, resolve variant or duplicate, and approve/reject before catalogue promotion."
Medium,SUP-20260426-02920,2963,Xerjoff,Starlight,Twinkle Twinkle,353632 T,lz_clone_name,"Verify brand/name, resolve variant or duplicate, and approve/reject before catalogue promotion."
Medium,SUP-20260426-02921,2964,Xerjoff,40 Noeuds,Yachi Party,233146 T,lz_clone_name,"Verify brand/name, resolve variant or duplicate, and approve/reject before catalogue promotion."
Medium,SUP-20260426-02922,2965,Xerjoff,Alexandria II,,240442,top,"Verify brand/name, resolve variant or duplicate, and approve/reject before catalogue promotion."
Medium,SUP-20260426-02923,2966,Xerjoff,Alexandria II,Top Of Gold,342784,lz_clone_name; top,"Verify brand/name, resolve variant or duplicate, and approve/reject before catalogue promotion."
Medium,SUP-20260426-02924,2967,Xerjoff,Alexandria Orientale,Baba Zayed,339595,lz_clone_name,"Verify brand/name, resolve variant or duplicate, and approve/reject before catalogue promotion."
Medium,SUP-20260426-02925,2968,Xerjoff,Amber Gold,Luxury Jewel,503623,lz_clone_name,"Verify brand/name, resolve variant or duplicate, and approve/reject before catalogue promotion."
Medium,SUP-20260426-02926,2969,Xerjoff,Amber Star,Glorious Sky,233790,lz_clone_name,"Verify brand/name, resolve variant or duplicate, and approve/reject before catalogue promotion."
Medium,SUP-20260426-02927,2970,Xerjoff,Erba Gold,Empire Of Sun,503769-T,lz_clone_name,"Verify brand/name, resolve variant or duplicate, and approve/reject before catalogue promotion."
Medium,SUP-20260426-02928,2971,Xerjoff,Gran Ballo,Dance Event,503433,lz_clone_name,"Verify brand/name, resolve variant or duplicate, and approve/reject before catalogue promotion."
Medium,SUP-20260426-02929,2972,Xerjoff,Mefisto,House Of Evil,338925-T,lz_clone_name,"Verify brand/name, resolve variant or duplicate, and approve/reject before catalogue promotion."
High,SUP-20260426-02930,2973,Xerjoff,Mefisto,House Of Evil,338925,duplicate_supplier_code; exact_duplicate_row; lz_clone_name,"Verify brand/name, resolve variant or duplicate, and approve/reject before catalogue promotion."
Medium,SUP-20260426-02931,2974,Xerjoff,More Than Words,Act,232485,lz_clone_name,"Verify brand/name, resolve variant or duplicate, and approve/reject before catalogue promotion."
Medium,SUP-20260426-02932,2975,Xerjoff,Rose Gold,Luxury Flower,339618,lz_clone_name,"Verify brand/name, resolve variant or duplicate, and approve/reject before catalogue promotion."
Medium,SUP-20260426-02933,2976,Xerjoff,Uden,Everlasting Sun,339170,lz_clone_name,"Verify brand/name, resolve variant or duplicate, and approve/reject before catalogue promotion."
High,SUP-20260426-02934,2977,Xerjoff,Mefisto,House Of Evil,338925,duplicate_supplier_code; exact_duplicate_row; lz_clone_name,"Verify brand/name, resolve variant or duplicate, and approve/reject before catalogue promotion."
Medium,SUP-20260426-02935,2979,Xerjoff,Mefisto Gentiluomo,Blakit,503861,lz_clone_name,"Verify brand/name, resolve variant or duplicate, and approve/reject before catalogue promotion."
Medium,SUP-20260426-02936,2980,Xerjoff,Corallo,Sadok,503862,lz_clone_name,"Verify brand/name, resolve variant or duplicate, and approve/reject before catalogue promotion."
Medium,SUP-20260426-02937,2981,Xerjoff,Xj 1861 Naxos,Aromatic Island,503642,lz_clone_name,"Verify brand/name, resolve variant or duplicate, and approve/reject before catalogue promotion."
Medium,SUP-20260426-02938,2982,Xerjoff,Xj 1861 Naxos,Aromatic Island,503642-E,lz_clone_name,"Verify brand/name, resolve variant or duplicate, and approve/reject before catalogue promotion."
Medium,SUP-20260426-02943,2987,Yamen,Tib El,Tib El Yameen,461963,lz_clone_name,"Verify brand/name, resolve variant or duplicate, and approve/reject before catalogue promotion."
Medium,SUP-20260426-02948,2992,Yves Saint Laurent,Blouse Impertinent Rose,,250410,top,"Verify brand/name, resolve variant or duplicate, and approve/reject before catalogue promotion."
Medium,SUP-20260426-02953,2997,Yves Saint Laurent,Myself L' Absolu,,250106,absolute_or_absolu,"Verify brand/name, resolve variant or duplicate, and approve/reject before catalogue promotion."
Medium,SUP-20260426-02964,3008,Yves Saint Laurent,Libre,Independent Wo,680049,lz_clone_name,"Verify brand/name, resolve variant or duplicate, and approve/reject before catalogue promotion."
Medium,SUP-20260426-02965,3009,Yves Saint Laurent,Libre,Libre,240099,top,"Verify brand/name, resolve variant or duplicate, and approve/reject before catalogue promotion."
Medium,SUP-20260426-02967,3011,Yves Saint Laurent,Y Eau De Parfum (2018),,240194,top,"Verify brand/name, resolve variant or duplicate, and approve/reject before catalogue promotion."
Medium,SUP-20260426-02968,3012,Yves Saint Laurent,Y (2017),Slingshot,233906-A,lz_clone_name,"Verify brand/name, resolve variant or duplicate, and approve/reject before catalogue promotion."
Medium,SUP-20260426-02969,3013,Yves Saint Laurent,Y (2017),Y (2017),240100,top,"Verify brand/name, resolve variant or duplicate, and approve/reject before catalogue promotion."
Medium,SUP-20260426-02970,3014,Yves Saint Laurent,Y Intense,,240620,intense; top,"Verify brand/name, resolve variant or duplicate, and approve/reject before catalogue promotion."
Medium,SUP-20260426-02971,3015,Yves Saint Laurent,Baby Cat,,240322,top,"Verify brand/name, resolve variant or duplicate, and approve/reject before catalogue promotion."
Medium,SUP-20260426-02974,3018,Yves Saint Laurent,Black Opium,Dark Opus,338826,lz_clone_name,"Verify brand/name, resolve variant or duplicate, and approve/reject before catalogue promotion."
Medium,SUP-20260426-02975,3019,Yves Saint Laurent,Caban,Sensual Aroma,381455-BT,lz_clone_name,"Verify brand/name, resolve variant or duplicate, and approve/reject before catalogue promotion."
Medium,SUP-20260426-02976,3020,Yves Saint Laurent,Cinema,,240925,top,"Verify brand/name, resolve variant or duplicate, and approve/reject before catalogue promotion."
Medium,SUP-20260426-02977,3021,Yves Saint Laurent,Exquisite Embroidery,Best Choice,343666-B,lz_clone_name,"Verify brand/name, resolve variant or duplicate, and approve/reject before catalogue promotion."
Medium,SUP-20260426-02978,3022,Yves Saint Laurent,Exquisite Musk,Special Blend,233759,lz_clone_name,"Verify brand/name, resolve variant or duplicate, and approve/reject before catalogue promotion."
Medium,SUP-20260426-02979,3023,Yves Saint Laurent,Mon Paris,,250451,top,"Verify brand/name, resolve variant or duplicate, and approve/reject before catalogue promotion."
Medium,SUP-20260426-02980,3024,Yves Saint Laurent,Mon Paris,Big City Life,232927-A,lz_clone_name,"Verify brand/name, resolve variant or duplicate, and approve/reject before catalogue promotion."
Medium,SUP-20260426-02981,3025,Yves Saint Laurent,Black Opium Extreme,Dark Storm,336038,lz_clone_name,"Verify brand/name, resolve variant or duplicate, and approve/reject before catalogue promotion."
Medium,SUP-20260426-02982,3026,Yves Saint Laurent,Black Opium Illicit Green,Into The Dark,336105-XX,lz_clone_name,"Verify brand/name, resolve variant or duplicate, and approve/reject before catalogue promotion."
Medium,SUP-20260426-02983,3027,Yves Saint Laurent,Supreme Bouquet,Enigmatic,340836-F,lz_clone_name,"Verify brand/name, resolve variant or duplicate, and approve/reject before catalogue promotion."
Medium,SUP-20260426-02984,3028,Yves Saint Laurent,Supreme Bouquet,Enigmatic,340836-D,lz_clone_name,"Verify brand/name, resolve variant or duplicate, and approve/reject before catalogue promotion."
Medium,SUP-20260426-02985,3029,Yves Saint Laurent,Black Opium Baby Cat,Catwoman,336011,lz_clone_name,"Verify brand/name, resolve variant or duplicate, and approve/reject before catalogue promotion."
Medium,SUP-20260426-02986,3030,Yves Saint Laurent,Wild Leather,Royal Suede,343899-T,lz_clone_name,"Verify brand/name, resolve variant or duplicate, and approve/reject before catalogue promotion."
Medium,SUP-20260426-02988,3032,Yves Saint Laurent,Myself,,240375,top,"Verify brand/name, resolve variant or duplicate, and approve/reject before catalogue promotion."
Medium,SUP-20260426-02989,3033,Yves Saint Laurent,Libre L Absolu Platine,,240119,absolute_or_absolu,"Verify brand/name, resolve variant or duplicate, and approve/reject before catalogue promotion."
Medium,SUP-20260426-02997,3041,Yves Saint Laurent,Libre Intense,,240623,intense; top,"Verify brand/name, resolve variant or duplicate, and approve/reject before catalogue promotion."
Medium,SUP-20260426-02998,3042,Yves Saint Laurent,Y Le Parfum,,240405,top,"Verify brand/name, resolve variant or duplicate, and approve/reject before catalogue promotion."
Medium,SUP-20260426-02999,3043,Yves Saint Laurent,Tuxedo,,240263,top,"Verify brand/name, resolve variant or duplicate, and approve/reject before catalogue promotion."
Medium,SUP-20260426-03001,3045,Zadig & Voltaire,Just Rock For Him,Thunder Spice,461377,lz_clone_name,"Verify brand/name, resolve variant or duplicate, and approve/reject before catalogue promotion."
Medium,SUP-20260426-03002,3046,Zadig & Voltaire,This Is Us,Insieme,233479,lz_clone_name,"Verify brand/name, resolve variant or duplicate, and approve/reject before catalogue promotion."
Medium,SUP-20260426-03003,3047,Zafran,Attar Zafran,,3000737,possible_raw_material_or_single_note,"Verify brand/name, resolve variant or duplicate, and approve/reject before catalogue promotion."
Medium,SUP-20260426-03004,3048,Zafran,Zafran,,3000738,possible_raw_material_or_single_note; super,"Verify brand/name, resolve variant or duplicate, and approve/reject before catalogue promotion."
Medium,SUP-20260426-03005,3049,Zafran,Whtie Zafran,,3000739,possible_raw_material_or_single_note,"Verify brand/name, resolve variant or duplicate, and approve/reject before catalogue promotion."
Medium,SUP-20260426-03008,3052,Zara,Cozy Serenade,Relaxed Music,354053,lz_clone_name,"Verify brand/name, resolve variant or duplicate, and approve/reject before catalogue promotion."
Medium,SUP-20260426-03009,3053,Zarko Perfume,Molecule No.08,Fresh Autumn,339479,lz_clone_name,"Verify brand/name, resolve variant or duplicate, and approve/reject before catalogue promotion."
Medium,SUP-20260426-03010,3055,Zarko Perfume,Pink Molecule 090.09,Pink Molecule 090.09,240104,top,"Verify brand/name, resolve variant or duplicate, and approve/reject before catalogue promotion."
Medium,SUP-20260426-03011,3056,Zarko Perfume,Pink Molecule 090.09,Sparkling Rose,339642,lz_clone_name,"Verify brand/name, resolve variant or duplicate, and approve/reject before catalogue promotion."
Medium,SUP-20260426-03012,3057,Zarko Perfume,Molecule C-19 The Beach,Coconut Purity,234050,lz_clone_name,"Verify brand/name, resolve variant or duplicate, and approve/reject before catalogue promotion."
Medium,SUP-20260426-03013,3058,Zarko Perfume,Purple Molecule 070.07,Turuk Heart,503693,lz_clone_name,"Verify brand/name, resolve variant or duplicate, and approve/reject before catalogue promotion."
Medium,SUP-20260426-03014,3059,Zarko Perfume,Quantum Molecule,Znich,702885,lz_clone_name,"Verify brand/name, resolve variant or duplicate, and approve/reject before catalogue promotion."
Medium,SUP-20260426-03015,3060,Zarko Perfume,The Muse,Pipe Dream,261267,lz_clone_name,"Verify brand/name, resolve variant or duplicate, and approve/reject before catalogue promotion."
Medium,SUP-20260426-03018,3063,Zielinski & Rozen,Vanilla Blend,Vanilla Life,700902,lz_clone_name,"Verify brand/name, resolve variant or duplicate, and approve/reject before catalogue promotion."
Medium,SUP-20260426-03019,3064,Zielinski & Rozen,"Black Pepper & Amber,neroli",Gunpowder,343968,lz_clone_name,"Verify brand/name, resolve variant or duplicate, and approve/reject before catalogue promotion."
Medium,SUP-20260426-03020,3065,Zielinski & Rozen,"Orange & Jasmine, Vanilla",Orangerie,462340,lz_clone_name,"Verify brand/name, resolve variant or duplicate, and approve/reject before catalogue promotion."
Medium,SUP-20260426-03021,3066,Zielinski & Rozen,Fiction,Destination,344142-T,lz_clone_name,"Verify brand/name, resolve variant or duplicate, and approve/reject before catalogue promotion."
Medium,SUP-20260426-03022,3067,Zielinski & Rozen,Vetiver & Lemon.bergamot,Festival Of Freshness,354182,lz_clone_name,"Verify brand/name, resolve variant or duplicate, and approve/reject before catalogue promotion."
